{
    "balanced_accuracy": 0.9435229370899956,
    "accuracy": 0.9577439245556765,
    "log_loss": 0.1169860946652336,
    "roc_auc": 0.9435229370899956,
    "f1": 0.9705696602248326,
    "precision": 0.9643574297188755,
    "recall": 0.9768624459699975,
    "inference_time": 0.658144474029541,
    "training_time": 415.6724113102617,
    "dataset": "nomao",
    "model": "transformer/cls",
    "fold": "F3",
    "architecture_name": "A28",
    "fs_method": "random_2",
    "fs_percent": 0.7,
    "fs_n_features": 82
}