{
    "valid_loss": {
        "balanced_accuracy": 0.8,
        "accuracy": 0.9930555555555556,
        "log_loss": 0.0539941228964306
    }
}