{
    "balanced_accuracy": 0.8283203785062521,
    "accuracy": 0.8336594911937377,
    "log_loss": 1.1010333932429053,
    "roc_auc": 0.8283203785062521,
    "f1": 0.8054919908466819,
    "precision": 0.9025641025641026,
    "recall": 0.7272727272727273,
    "inference_time": 0.012285709381103516,
    "training_time": 0,
    "dataset": "kr-vs-kp",
    "model": "mlp/simple",
    "fold": "F3",
    "architecture_name": "A0",
    "fs_method": "random_5",
    "fs_percent": 0.7,
    "fs_n_features": 25
}