{
    "balanced_accuracy": 0.9720079583715948,
    "accuracy": 0.970703125,
    "log_loss": 0.08954417314995039,
    "roc_auc": 0.9720079583715948,
    "f1": 0.9698189134808853,
    "precision": 0.9450980392156862,
    "recall": 0.9958677685950413,
    "training_time": 0.07728147506713867,
    "inference_time": 0.0010495185852050781
}