{
    "balanced_accuracy": 0.8217790440012662,
    "accuracy": 0.8238993710691824,
    "log_loss": 0.41200671948561585,
    "roc_auc": 0.8217790440012661,
    "f1": 0.8438661710037175,
    "precision": 0.7694915254237288,
    "recall": 0.934156378600823,
    "training_time": 0.08773517608642578,
    "inference_time": 0.0008265972137451172,
    "dataset": "jasmine",
    "model": "xgboost",
    "fold": "F4",
    "architecture_name": "A1",
    "fs_method": "random_2",
    "fs_percent": 0.7,
    "fs_n_features": 100
}