{
    "balanced_accuracy": 0.7806026936026935,
    "accuracy": 0.8620601407549584,
    "log_loss": 0.29728032092857537,
    "roc_auc": 0.7806026936026936,
    "f1": 0.9117261709793646,
    "precision": 0.8875956632653061,
    "recall": 0.9372053872053872,
    "training_time": 0.24876642227172852,
    "inference_time": 0.003883838653564453,
    "dataset": "adult",
    "model": "xgboost",
    "fold": "F2",
    "architecture_name": "A0",
    "fs_method": "f_classif",
    "fs_percent": 0.9,
    "fs_n_features": 12
}