{
    "balanced_accuracy": 0.5619536971415072,
    "accuracy": 0.5736677115987461
}