{
    "valid_loss": {
        "balanced_accuracy": 0.33493240746909525,
        "accuracy": 0.6186594889680794,
        "log_loss": 1.0968624611058986
    }
}