{
    "balanced_accuracy": 0.8089309167323352,
    "accuracy": 0.8117154811715481,
    "log_loss": 0.4123056240085878,
    "roc_auc": 0.8089309167323351,
    "f1": 0.8404255319148937,
    "precision": 0.7383177570093458,
    "recall": 0.9753086419753086,
    "training_time": 4.636795997619629,
    "inference_time": 0.011279582977294922,
    "dataset": "jasmine",
    "model": "mlp/full",
    "fold": "F1",
    "architecture_name": "A0",
    "fs_method": "f_classif",
    "fs_percent": 0.7,
    "fs_n_features": 100
}