{
    "balanced_accuracy": 0.8065230715348919,
    "accuracy": 0.8096234309623431,
    "log_loss": 0.42234090077853265,
    "roc_auc": 0.8065230715348919,
    "f1": 0.8411867364746946,
    "precision": 0.7303030303030303,
    "recall": 0.9917695473251029,
    "inference_time": 0.0124664306640625,
    "training_time": 0,
    "dataset": "jasmine",
    "model": "mlp/simple",
    "fold": "F1",
    "architecture_name": "A0",
    "fs_method": "random_2",
    "fs_percent": 0.8,
    "fs_n_features": 115
}