{
    "balanced_accuracy": 0.7996201329534662,
    "accuracy": 0.8029350104821803,
    "log_loss": 0.4420360928937743,
    "roc_auc": 0.7996201329534662,
    "f1": 0.8345070422535211,
    "precision": 0.7292307692307692,
    "recall": 0.9753086419753086,
    "inference_time": 0.18119382858276367,
    "training_time": 153.07431543284446,
    "dataset": "jasmine",
    "model": "transformer/cls",
    "fold": "F2",
    "architecture_name": "A15",
    "fs_method": "none",
    "fs_percent": 1.0,
    "fs_n_features": 144
}