{
    "balanced_accuracy": 0.7999737325978461,
    "accuracy": 0.801255230125523,
    "log_loss": 0.41837312070850363,
    "roc_auc": 0.799973732597846,
    "f1": 0.817658349328215,
    "precision": 0.7661870503597122,
    "recall": 0.8765432098765432,
    "inference_time": 0.06944417953491211,
    "training_time": 47.56159996986389
}