{
    "balanced_accuracy": 0.7831625952193328,
    "accuracy": 0.7845188284518828,
    "log_loss": 0.4538297677675264,
    "roc_auc": 0.7831625952193328,
    "f1": 0.8030592734225621,
    "precision": 0.75,
    "recall": 0.8641975308641975,
    "inference_time": 0.011514663696289062,
    "training_time": 0,
    "dataset": "jasmine",
    "model": "mlp/simple_nd_nnw",
    "fold": "F0",
    "architecture_name": "A1",
    "fs_method": "random_3",
    "fs_percent": 0.5,
    "fs_n_features": 72
}