{
    "balanced_accuracy": 0.6643976644883592,
    "accuracy": 0.5587786259541985
}