{
    "balanced_accuracy": 0.7261625961860154,
    "accuracy": 0.7363636363636363,
    "log_loss": 0.6687529723929888,
    "roc_auc": 0.7261625961860154,
    "f1": 0.6813186813186813,
    "precision": 0.7380952380952381,
    "recall": 0.6326530612244898,
    "inference_time": 0.010139942169189453,
    "training_time": 5.888102025401837,
    "dataset": "australian",
    "model": "transformer/cls",
    "fold": "F2",
    "architecture_name": "A16",
    "fs_method": "linear_model",
    "fs_percent": 0.4,
    "fs_n_features": 5
}