{
    "balanced_accuracy": 0.7776240153289333,
    "accuracy": 0.7898550724637681,
    "log_loss": 0.49212044305049185,
    "roc_auc": 0.7776240153289333,
    "f1": 0.7387387387387387,
    "precision": 0.82,
    "recall": 0.6721311475409836,
    "training_time": 0.014797687530517578,
    "inference_time": 0.00057220458984375,
    "dataset": "australian",
    "model": "xgboost",
    "architecture_name": "A0",
    "fs_method": "linear_model",
    "fs_percent": 0.6,
    "fs_n_features": 8
}