{
    "balanced_accuracy": 0.7968502690724912,
    "accuracy": 0.7987421383647799,
    "log_loss": 0.4520704684800654,
    "roc_auc": 0.7968502690724912,
    "f1": 0.8195488721804511,
    "precision": 0.754325259515571,
    "recall": 0.897119341563786,
    "training_time": 0.09070563316345215,
    "inference_time": 0.0007965564727783203,
    "dataset": "jasmine",
    "model": "xgboost",
    "fold": "F3",
    "architecture_name": "A2",
    "fs_method": "linear_model",
    "fs_percent": 0.7,
    "fs_n_features": 100
}