{
    "valid_loss": {
        "balanced_accuracy": 0.9512682736739488,
        "accuracy": 0.9633659775117882,
        "log_loss": 0.09703576514056644,
        "roc_auc": 0.9512682736739488,
        "f1": 0.9744497849734379,
        "precision": 0.9693004529441369,
        "recall": 0.9796541200406917
    }
}