{
    "valid_loss": {
        "balanced_accuracy": 0.9332819026087342,
        "accuracy": 0.9528472977874501,
        "log_loss": 0.1188685698491441,
        "roc_auc": 0.9332819026087343,
        "f1": 0.9673448882190404,
        "precision": 0.9558203028046661,
        "recall": 0.9791507754894483
    }
}