{
    "balanced_accuracy": 0.7534972924187726,
    "accuracy": 0.7487437185929648,
    "log_loss": 1.0288957136027388,
    "roc_auc": 0.7534972924187726,
    "f1": 0.7516556291390728,
    "precision": 0.6941896024464832,
    "recall": 0.8194945848375451,
    "inference_time": 0.014809846878051758,
    "training_time": 0,
    "dataset": "jasmine",
    "model": "mlp/simple",
    "architecture_name": "A0",
    "fs_method": "random_3",
    "fs_percent": 0.4,
    "fs_n_features": 57
}