{
    "balanced_accuracy": 0.5902329966329967,
    "accuracy": 0.799872040946897,
    "log_loss": 0.4378369003267878,
    "roc_auc": 0.5902329966329967,
    "f1": 0.8829691709069141,
    "precision": 0.7947198275862069,
    "recall": 0.9932659932659933,
    "inference_time": 0.18155121803283691,
    "training_time": 0,
    "dataset": "adult",
    "model": "mlp/simple_nd_nn",
    "fold": "F1",
    "architecture_name": "A1",
    "fs_method": "f_classif",
    "fs_percent": 0.4,
    "fs_n_features": 5
}