{
    "balanced_accuracy": 0.4990735021618283,
    "accuracy": 0.8840262582056893
}