{
    "balanced_accuracy": 0.8607809847198642,
    "accuracy": 0.8695652173913043
}