{
    "balanced_accuracy": 0.546643771043771,
    "accuracy": 0.7696737044145874,
    "log_loss": 0.6553357278273475,
    "roc_auc": 0.546643771043771,
    "f1": 0.865551239916343,
    "precision": 0.7779269602577873,
    "recall": 0.9754208754208754,
    "inference_time": 0.510490894317627,
    "training_time": 245.9041155406407
}