{
    "balanced_accuracy": 0.998422712933754,
    "accuracy": 0.9984375,
    "log_loss": 0.004597882489492901,
    "roc_auc": 0.998422712933754,
    "f1": 0.9984202211690363,
    "precision": 1.0,
    "recall": 0.9968454258675079,
    "training_time": 7.848595857620239,
    "inference_time": 0.013075590133666992,
    "dataset": "kr-vs-kp",
    "model": "mlp/full",
    "architecture_name": "A0",
    "fs_method": "decision_tree",
    "fs_percent": 0.9,
    "fs_n_features": 32
}