{
    "balanced_accuracy": 0.8027013301902677,
    "accuracy": 0.8781673918607628,
    "log_loss": 0.2614679562233379,
    "roc_auc": 0.8027013301902677,
    "f1": 0.922031122031122,
    "precision": 0.8976239834157231,
    "recall": 0.9478026603805354,
    "training_time": 0.35672616958618164,
    "inference_time": 0.006140232086181641
}