{
    "balanced_accuracy": 0.9486602893584619,
    "accuracy": 0.948780487804878,
    "log_loss": 0.14070715351135687,
    "roc_auc": 0.9486602893584618,
    "f1": 0.9502369668246445,
    "precision": 0.9282407407407407,
    "recall": 0.9733009708737864,
    "training_time": 0.15723681449890137,
    "inference_time": 0.0010561943054199219,
    "dataset": "sylvine",
    "model": "xgboost",
    "fold": "F1",
    "architecture_name": "A3",
    "fs_method": "random_5",
    "fs_percent": 0.8,
    "fs_n_features": 16
}