{
    "balanced_accuracy": 0.5185223509933774,
    "accuracy": 0.7060301507537688
}