{
    "balanced_accuracy": 0.9598696947576071,
    "accuracy": 0.9686310063463281,
    "log_loss": 0.087998107615713,
    "roc_auc": 0.9598696947576072,
    "f1": 0.9780596068484464,
    "precision": 0.9757085020242915,
    "recall": 0.9804220696669209,
    "training_time": 1.286942720413208,
    "inference_time": 0.008341789245605469,
    "dataset": "nomao",
    "model": "xgboost",
    "fold": "F0",
    "architecture_name": "A3",
    "fs_method": "random_5",
    "fs_percent": 0.7,
    "fs_n_features": 82
}