{
    "balanced_accuracy": 0.3669669543694115,
    "accuracy": 0.5946564885496183
}