{
    "balanced_accuracy": 0.9389050500002974,
    "accuracy": 0.9390243902439024,
    "log_loss": 0.16373066619917098,
    "roc_auc": 0.9389050500002973,
    "f1": 0.9419953596287703,
    "precision": 0.9002217294900222,
    "recall": 0.9878345498783455,
    "inference_time": 0.07650566101074219,
    "training_time": 38.193847362811745,
    "dataset": "sylvine",
    "model": "transformer/cls",
    "fold": "F3",
    "architecture_name": "A13",
    "fs_method": "none",
    "fs_percent": 1.0,
    "fs_n_features": 20
}