{
    "balanced_accuracy": 0.6573305494752203,
    "accuracy": 0.7892244689019708,
    "log_loss": 0.5366295890019531,
    "roc_auc": 0.6573305494752204,
    "f1": 0.8678912328547365,
    "precision": 0.8287377450980392,
    "recall": 0.9109277656171073,
    "inference_time": 0.5200135707855225,
    "training_time": 250.26539334006935,
    "dataset": "adult",
    "model": "transformer/cls",
    "fold": "F4",
    "architecture_name": "A0",
    "fs_method": "linear_model",
    "fs_percent": 0.4,
    "fs_n_features": 5
}