{
  "dropout": 0.15259542468997633,
  "embedding_size": 128,
  "n_head": 16,
  "n_hid": 512,
  "n_layers": 2,
  "numerical_passthrough": false,
  "optimizer__lr": 0.08553487853254861
}