{
    "balanced_accuracy": 0.5720744124373879,
    "accuracy": 0.7038167938931298
}