{
    "valid_loss": {
        "balanced_accuracy": 0.5684212151526641,
        "accuracy": 0.7903935097429676,
        "log_loss": 0.6465256220758749
    }
}