{
    "balanced_accuracy": 0.8568082970893276,
    "accuracy": 0.8545454545454545,
    "log_loss": 0.42837195519504245,
    "roc_auc": 0.8568082970893275,
    "f1": 0.8431372549019608,
    "precision": 0.8113207547169812,
    "recall": 0.8775510204081632,
    "inference_time": 0.0032036304473876953,
    "training_time": 0,
    "dataset": "australian",
    "model": "mlp/simple_nd_nnw",
    "fold": "F4",
    "architecture_name": "A1",
    "fs_method": "none",
    "fs_percent": 1.0,
    "fs_n_features": 14
}