{
    "balanced_accuracy": 0.5293677105676717,
    "accuracy": 0.6967418546365914
}