{
    "balanced_accuracy": 0.791790838428216,
    "accuracy": 0.7886497064579256,
    "log_loss": 0.73546015274416,
    "roc_auc": 0.791790838428216,
    "f1": 0.7923076923076923,
    "precision": 0.7410071942446043,
    "recall": 0.8512396694214877,
    "inference_time": 0.0119781494140625,
    "training_time": 0,
    "dataset": "kr-vs-kp",
    "model": "mlp/simple_nd",
    "fold": "F4",
    "architecture_name": "A0",
    "fs_method": "random_3",
    "fs_percent": 0.5,
    "fs_n_features": 18
}