{
    "balanced_accuracy": 0.95109937178755,
    "accuracy": 0.9512195121951219,
    "log_loss": 0.14342434858313574,
    "roc_auc": 0.95109937178755,
    "f1": 0.95260663507109,
    "precision": 0.9305555555555556,
    "recall": 0.9757281553398058,
    "training_time": 0.13806390762329102,
    "inference_time": 0.0009801387786865234,
    "dataset": "sylvine",
    "model": "xgboost",
    "fold": "F1",
    "architecture_name": "A1",
    "fs_method": "random_5",
    "fs_percent": 0.8,
    "fs_n_features": 16
}