{
    "valid_loss": {
        "balanced_accuracy": 0.8941737985516788,
        "accuracy": 0.9009009009009009,
        "log_loss": 0.27619700107442086,
        "roc_auc": 0.8941737985516788,
        "f1": 0.8817204301075269,
        "precision": 0.9318181818181818,
        "recall": 0.8367346938775511
    }
}