{
    "balanced_accuracy": 0.6664567267811607,
    "accuracy": 0.649706457925636,
    "log_loss": 1.0744354988864278,
    "roc_auc": 0.6664567267811607,
    "f1": 0.7267175572519083,
    "precision": 0.576271186440678,
    "recall": 0.9834710743801653,
    "inference_time": 0.009912490844726562,
    "training_time": 0,
    "dataset": "kr-vs-kp",
    "model": "mlp/simple_nd_nnw",
    "fold": "F3",
    "architecture_name": "A0",
    "fs_method": "random_5",
    "fs_percent": 0.5,
    "fs_n_features": 18
}