{
    "balanced_accuracy": 0.8690915805022157,
    "accuracy": 0.9800285306704708
}