{
    "balanced_accuracy": 0.5250196794046086,
    "accuracy": 0.5238095238095238,
    "log_loss": 1.4546536911802985,
    "roc_auc": 0.5250196794046085,
    "f1": 0.2909090909090909,
    "precision": 0.5755395683453237,
    "recall": 0.19464720194647203,
    "inference_time": 0.018235206604003906,
    "training_time": 0,
    "dataset": "sylvine",
    "model": "mlp/simple_nd",
    "fold": "F4",
    "architecture_name": "A0",
    "fs_method": "random_1",
    "fs_percent": 0.4,
    "fs_n_features": 8
}