{
  "dropout": 0.35366420852365077,
  "embedding_size": 1024,
  "n_head": 16,
  "n_hid": 1024,
  "n_layers": 3,
  "numerical_passthrough": false,
  "optimizer__lr": 0.00245793040519692
}