{
    "balanced_accuracy": 0.7393162393162394,
    "accuracy": 0.740041928721174,
    "log_loss": 0.5418704421693735,
    "roc_auc": 0.7393162393162391,
    "f1": 0.7529880478087649,
    "precision": 0.7297297297297297,
    "recall": 0.7777777777777778,
    "inference_time": 0.08250021934509277,
    "training_time": 65.96638478903935
}