{
    "valid_loss": {
        "balanced_accuracy": 0.3333720633693584,
        "accuracy": 0.6199340334382227,
        "log_loss": 1.0989150368081524
    }
}