{
    "balanced_accuracy": 0.5968858056911938,
    "accuracy": 0.7999744049142564,
    "log_loss": 0.45842533699860977,
    "roc_auc": 0.5968858056911938,
    "f1": 0.8824016251598826,
    "precision": 0.7976060935799782,
    "recall": 0.9873716113823876,
    "inference_time": 0.1935725212097168,
    "training_time": 0,
    "dataset": "adult",
    "model": "mlp/simple_nd_nn",
    "fold": "F3",
    "architecture_name": "A1",
    "fs_method": "random_2",
    "fs_percent": 0.4,
    "fs_n_features": 5
}