{
    "balanced_accuracy": 0.7466242424242424,
    "accuracy": 0.8445297504798465,
    "log_loss": 0.33157875622535216,
    "roc_auc": 0.7466242424242424,
    "f1": 0.9013878743608473,
    "precision": 0.8702397743300423,
    "recall": 0.9348484848484848,
    "inference_time": 0.14584827423095703,
    "training_time": 0,
    "dataset": "adult",
    "model": "mlp/simple_nnw",
    "fold": "F1",
    "architecture_name": "A0",
    "fs_method": "f_classif",
    "fs_percent": 0.8,
    "fs_n_features": 11
}