{
    "balanced_accuracy": 0.574028805173174,
    "accuracy": 0.7207527975584944
}