{
    "balanced_accuracy": 0.804523916967509,
    "accuracy": 0.7956448911222781,
    "log_loss": 0.44419627228302005,
    "roc_auc": 0.804523916967509,
    "f1": 0.8081761006289309,
    "precision": 0.7158774373259053,
    "recall": 0.927797833935018,
    "inference_time": 0.08309412002563477,
    "training_time": 0,
    "dataset": "jasmine",
    "model": "transformer/cls",
    "architecture_name": "A24",
    "fs_method": "random_1",
    "fs_percent": 0.8,
    "fs_n_features": 115
}