{
    "balanced_accuracy": 0.6077127659574468,
    "accuracy": 0.7014925373134329
}