{
    "valid_loss": {
        "balanced_accuracy": 0.332387423659067,
        "accuracy": 0.6156266585791189,
        "log_loss": 1.1073446897018147
    }
}