{
    "balanced_accuracy": 0.9382616146230007,
    "accuracy": 0.937560975609756,
    "log_loss": 0.3412853985820713,
    "roc_auc": 0.9382616146230007,
    "f1": 0.939622641509434,
    "precision": 0.8972972972972973,
    "recall": 0.9861386138613861,
    "inference_time": 0.01997542381286621,
    "training_time": 0,
    "dataset": "sylvine",
    "model": "mlp/simple",
    "architecture_name": "A0",
    "fs_method": "linear_model",
    "fs_percent": 0.8,
    "fs_n_features": 16
}