{
    "balanced_accuracy": 0.9357140685797665,
    "accuracy": 0.935672514619883
}