{
    "balanced_accuracy": 0.943283004258614,
    "accuracy": 0.9379310344827586
}