{
  "dropout": 0.2185849671397101,
  "embedding_size": 1024,
  "n_head": 32,
  "n_hid": 32,
  "n_layers": 4,
  "numerical_passthrough": false,
  "optimizer__lr": 0.07249178676887892
}