{
    "balanced_accuracy": 0.8110952833175056,
    "accuracy": 0.8134171907756813,
    "log_loss": 0.40615722718767466,
    "roc_auc": 0.8110952833175055,
    "f1": 0.8360957642725598,
    "precision": 0.7566666666666667,
    "recall": 0.934156378600823,
    "training_time": 0.09474301338195801,
    "inference_time": 0.0009038448333740234,
    "dataset": "jasmine",
    "model": "xgboost",
    "fold": "F2",
    "architecture_name": "A1",
    "fs_method": "f_classif",
    "fs_percent": 0.8,
    "fs_n_features": 115
}