{
    "balanced_accuracy": 0.37265689865689866,
    "accuracy": 0.592964824120603
}