{
    "balanced_accuracy": 0.927850751951266,
    "accuracy": 0.9280487804878049,
    "log_loss": 0.20198969079196397,
    "roc_auc": 0.9278507519512659,
    "f1": 0.9311551925320887,
    "precision": 0.8966292134831461,
    "recall": 0.9684466019417476,
    "inference_time": 0.018764257431030273,
    "training_time": 0,
    "dataset": "sylvine",
    "model": "mlp/simple",
    "fold": "F0",
    "architecture_name": "A0",
    "fs_method": "random_2",
    "fs_percent": 0.7,
    "fs_n_features": 14
}