{
    "valid_loss": {
        "balanced_accuracy": 0.9612121212121212,
        "accuracy": 0.9722222222222222,
        "log_loss": 0.05778636971388418
    }
}