{
    "balanced_accuracy": 0.8127572016460904,
    "accuracy": 0.8155136268343816,
    "log_loss": 0.40829765299315535,
    "roc_auc": 0.8127572016460906,
    "f1": 0.8411552346570397,
    "precision": 0.7491961414790996,
    "recall": 0.9588477366255144,
    "training_time": 0.0654594898223877,
    "inference_time": 0.0007195472717285156,
    "dataset": "jasmine",
    "model": "xgboost",
    "fold": "F2",
    "architecture_name": "A0",
    "fs_method": "linear_model",
    "fs_percent": 0.9,
    "fs_n_features": 129
}