{
    "valid_loss": {
        "balanced_accuracy": 0.33269546843441944,
        "accuracy": 0.6168397907347032,
        "log_loss": 1.1137070105296303
    }
}