{
    "balanced_accuracy": 0.8469600630291731,
    "accuracy": 0.8623503808487486,
    "log_loss": 0.3986923837695699,
    "roc_auc": 0.8469600630291731,
    "f1": 0.9014925373134328,
    "precision": 0.9207317073170732,
    "recall": 0.8830409356725146,
    "inference_time": 0.17180538177490234,
    "training_time": 0,
    "dataset": "nomao",
    "model": "mlp/simple_nd",
    "fold": "F3",
    "architecture_name": "A1",
    "fs_method": "decision_tree",
    "fs_percent": 0.5,
    "fs_n_features": 59
}