{
    "balanced_accuracy": 0.37318840579710144,
    "accuracy": 0.4943820224719101
}