{
    "balanced_accuracy": 0.7016594516594516,
    "accuracy": 0.7552083333333334
}