{
    "balanced_accuracy": 0.8014009281148762,
    "accuracy": 0.803347280334728,
    "log_loss": 0.43902158399049773,
    "roc_auc": 0.8014009281148761,
    "f1": 0.825925925925926,
    "precision": 0.7508417508417509,
    "recall": 0.9176954732510288,
    "inference_time": 0.059989213943481445,
    "training_time": 47.56159996986389
}