{
    "balanced_accuracy": 0.4010810706554959,
    "accuracy": 0.6994932804582508
}