{
    "balanced_accuracy": 0.9510430427970138,
    "accuracy": 0.9510763209393346,
    "log_loss": 0.25405632444645654,
    "roc_auc": 0.9510430427970138,
    "f1": 0.9484536082474226,
    "precision": 0.9465020576131687,
    "recall": 0.9504132231404959,
    "inference_time": 0.0605928897857666,
    "training_time": 42.58640403747558,
    "dataset": "kr-vs-kp",
    "model": "transformer/cls",
    "fold": "F4",
    "architecture_name": "A2",
    "fs_method": "f_classif",
    "fs_percent": 0.5,
    "fs_n_features": 18
}