{
    "balanced_accuracy": 0.9316712175563209,
    "accuracy": 0.9317073170731708,
    "log_loss": 0.19531503305781167,
    "roc_auc": 0.9316712175563209,
    "f1": 0.9328537170263789,
    "precision": 0.9196217494089834,
    "recall": 0.9464720194647201,
    "inference_time": 0.10217785835266113,
    "training_time": 48.70678048663669
}