{
    "balanced_accuracy": 0.7696767676767677,
    "accuracy": 0.8385156749840051,
    "log_loss": 0.34422597560992,
    "roc_auc": 0.7696767676767677,
    "f1": 0.8946401736516948,
    "precision": 0.8873799271281881,
    "recall": 0.902020202020202,
    "training_time": 85.93242645263672,
    "inference_time": 0.15549397468566895,
    "dataset": "adult",
    "model": "mlp/full",
    "fold": "F0",
    "architecture_name": "A0",
    "fs_method": "decision_tree",
    "fs_percent": 0.8,
    "fs_n_features": 11
}