{
    "balanced_accuracy": 0.40235904273863554,
    "accuracy": 0.5209526680735604
}