{
    "balanced_accuracy": 0.7234520768115759,
    "accuracy": 0.8267813267813268
}