{
    "valid_loss": {
        "balanced_accuracy": 0.9221902068239729,
        "accuracy": 0.9461468721668178,
        "log_loss": 0.13002478710076823,
        "roc_auc": 0.9221902068239729,
        "f1": 0.9628424871762793,
        "precision": 0.9477832512315271,
        "recall": 0.9783879989829647
    }
}