{
    "balanced_accuracy": 0.5032467532467533,
    "accuracy": 0.6510416666666666
}