{
    "balanced_accuracy": 0.5631049167634533,
    "accuracy": 0.5724137931034483
}