{
    "valid_loss": {
        "balanced_accuracy": 0.6026356394222472,
        "accuracy": 0.6810289389067524,
        "log_loss": 0.9363233873718145
    }
}