{
  "dropout": 0.1420867252577933,
  "embedding_size": 256,
  "n_head": 4,
  "n_hid": 64,
  "n_layers": 1,
  "numerical_passthrough": false,
  "optimizer__lr": 1.4441251723919093e-05
}