{
    "balanced_accuracy": 0.5024271844660194,
    "accuracy": 0.5,
    "log_loss": 0.9715328744930893,
    "roc_auc": 0.5024271844660194,
    "f1": 0.00966183574879227,
    "precision": 1.0,
    "recall": 0.0048543689320388345,
    "inference_time": 0.016555309295654297,
    "training_time": 0,
    "dataset": "sylvine",
    "model": "mlp/simple_nd_nn",
    "fold": "F0",
    "architecture_name": "A0",
    "fs_method": "random_1",
    "fs_percent": 0.5,
    "fs_n_features": 10
}