{
    "valid_loss": {
        "balanced_accuracy": 0.9414456858258178,
        "accuracy": 0.9582879941965905,
        "log_loss": 0.10521637480561223,
        "roc_auc": 0.9414456858258177,
        "f1": 0.9710546186760635,
        "precision": 0.9613755295290306,
        "recall": 0.9809305873379099
    }
}