{
    "balanced_accuracy": 0.7965337132003798,
    "accuracy": 0.7987421383647799,
    "log_loss": 0.44424226376085924,
    "roc_auc": 0.79653371320038,
    "f1": 0.8222222222222222,
    "precision": 0.7474747474747475,
    "recall": 0.9135802469135802,
    "training_time": 0.07138609886169434,
    "inference_time": 0.0007762908935546875,
    "dataset": "jasmine",
    "model": "xgboost",
    "fold": "F2",
    "architecture_name": "A1",
    "fs_method": "linear_model",
    "fs_percent": 0.5,
    "fs_n_features": 72
}