{
    "balanced_accuracy": 0.875602537956695,
    "accuracy": 0.9207471889735219,
    "log_loss": 0.19593074022261184,
    "roc_auc": 0.875602537956695,
    "f1": 0.9464263822483756,
    "precision": 0.9138257575757576,
    "recall": 0.9814391050088991,
    "inference_time": 0.16915369033813477,
    "training_time": 0,
    "dataset": "nomao",
    "model": "mlp/simple_nd",
    "fold": "F2",
    "architecture_name": "A1",
    "fs_method": "random_3",
    "fs_percent": 0.7,
    "fs_n_features": 82
}