{
    "valid_loss": {
        "balanced_accuracy": 0.7643333333333333,
        "accuracy": 0.8262316058861164,
        "log_loss": 0.3641649689353705,
        "roc_auc": 0.7643333333333333,
        "f1": 0.8854201822477219,
        "precision": 0.8875169147496617,
        "recall": 0.8833333333333333
    }
}