{
    "balanced_accuracy": 0.8984529295589203,
    "accuracy": 0.9009009009009009,
    "log_loss": 0.28429787495857783,
    "roc_auc": 0.8984529295589203,
    "f1": 0.8865979381443299,
    "precision": 0.8958333333333334,
    "recall": 0.8775510204081632,
    "training_time": 0.05920696258544922,
    "inference_time": 0.0007059574127197266,
    "dataset": "australian",
    "model": "xgboost",
    "fold": "F1",
    "architecture_name": "A2",
    "fs_method": "random_2",
    "fs_percent": 0.9,
    "fs_n_features": 12
}