{
  "dropout": 0.030559312775320813,
  "embedding_size": 128,
  "n_head": 32,
  "n_hid": 512,
  "n_layers": 1,
  "numerical_passthrough": false,
  "optimizer__lr": 0.0007127738038833349
}