{
    "valid_loss": {
        "balanced_accuracy": 0.5609256490585979,
        "accuracy": 0.655482902776289,
        "log_loss": 0.9921749406065535
    }
}