{
    "balanced_accuracy": 0.7223151555704249,
    "accuracy": 0.7454545454545455,
    "log_loss": 0.5157433240140633,
    "roc_auc": 0.7223151555704249,
    "f1": 0.6410256410256411,
    "precision": 0.8620689655172413,
    "recall": 0.5102040816326531,
    "training_time": 1.7475948333740234,
    "inference_time": 0.003804445266723633,
    "dataset": "australian",
    "model": "mlp/full",
    "fold": "F4",
    "architecture_name": "A1",
    "fs_method": "f_classif",
    "fs_percent": 0.4,
    "fs_n_features": 5
}