{
    "balanced_accuracy": 0.5892545552404627,
    "accuracy": 0.661293088664037
}