{
    "valid_loss": {
        "balanced_accuracy": 0.7968654233429646,
        "accuracy": 0.799163179916318,
        "log_loss": 0.4026805299726531,
        "roc_auc": 0.7968654233429646,
        "f1": 0.8254545454545454,
        "precision": 0.739413680781759,
        "recall": 0.934156378600823
    }
}