{
    "valid_loss": {
        "balanced_accuracy": 0.8155240346729709,
        "accuracy": 0.8179916317991632,
        "log_loss": 0.3946144092677141,
        "roc_auc": 0.8155240346729707,
        "f1": 0.8432432432432433,
        "precision": 0.75,
        "recall": 0.9629629629629629
    }
}