{
    "balanced_accuracy": 0.7891905723905724,
    "accuracy": 0.8701215611004478,
    "log_loss": 0.29094802691780886,
    "roc_auc": 0.7891905723905723,
    "f1": 0.9170683879401912,
    "precision": 0.8909350690585808,
    "recall": 0.9447811447811448,
    "training_time": 0.35468602180480957,
    "inference_time": 0.0070476531982421875,
    "dataset": "adult",
    "model": "xgboost",
    "fold": "F2",
    "architecture_name": "A2",
    "fs_method": "random_1",
    "fs_percent": 0.7,
    "fs_n_features": 9
}