{
    "balanced_accuracy": 0.4356610060603656,
    "accuracy": 0.5843881856540084
}