{
    "balanced_accuracy": 0.7700429491768075,
    "accuracy": 0.7979274611398963
}