{
    "balanced_accuracy": 0.5913429821763894,
    "accuracy": 0.8001638001638002
}