{
    "balanced_accuracy": 0.877128167946822,
    "accuracy": 0.9231104018569564,
    "log_loss": 0.25916198315956623,
    "roc_auc": 0.8771281679468221,
    "f1": 0.9483732709916228,
    "precision": 0.9169335091354304,
    "recall": 0.9820455920919912,
    "inference_time": 0.8319797515869141,
    "training_time": 0,
    "dataset": "nomao",
    "model": "transformer/cls",
    "architecture_name": "A28",
    "fs_method": "random_5",
    "fs_percent": 0.7,
    "fs_n_features": 82
}