{
    "balanced_accuracy": 0.9269256089532587,
    "accuracy": 0.9279279279279279,
    "log_loss": 0.2754995435431991,
    "roc_auc": 0.9269256089532587,
    "f1": 0.9183673469387755,
    "precision": 0.9183673469387755,
    "recall": 0.9183673469387755,
    "inference_time": 0.017174720764160156,
    "training_time": 4.312376567295619,
    "dataset": "australian",
    "model": "transformer/cls",
    "fold": "F1",
    "architecture_name": "A14",
    "fs_method": "none",
    "fs_percent": 1.0,
    "fs_n_features": 14
}