{
    "balanced_accuracy": 0.8482286634460547,
    "accuracy": 0.8455284552845529
}