{
    "balanced_accuracy": 0.5676328502415459,
    "accuracy": 0.6097560975609756
}