{
    "balanced_accuracy": 0.7784065934065934,
    "accuracy": 0.7808417997097242
}