{
    "balanced_accuracy": 0.9565714015704903,
    "accuracy": 0.9650045330915684,
    "log_loss": 0.09170304925127493,
    "roc_auc": 0.9565714015704903,
    "f1": 0.9754858376730599,
    "precision": 0.9746192893401016,
    "recall": 0.9763539282990084,
    "training_time": 0.9608910083770752,
    "inference_time": 0.0060575008392333984,
    "dataset": "nomao",
    "model": "xgboost",
    "fold": "F0",
    "architecture_name": "A3",
    "fs_method": "random_4",
    "fs_percent": 0.5,
    "fs_n_features": 59
}