{
    "balanced_accuracy": 0.8656197712567504,
    "accuracy": 0.9053318824809575,
    "log_loss": 0.2381702298151152,
    "roc_auc": 0.8656197712567504,
    "f1": 0.935251798561151,
    "precision": 0.9128329297820823,
    "recall": 0.9587995930824008,
    "inference_time": 0.17078280448913574,
    "training_time": 0,
    "dataset": "nomao",
    "model": "mlp/simple_nd",
    "fold": "F4",
    "architecture_name": "A1",
    "fs_method": "random_5",
    "fs_percent": 0.4,
    "fs_n_features": 47
}