{
    "valid_loss": {
        "balanced_accuracy": 0.9369404315452714,
        "accuracy": 0.9532100108813928,
        "log_loss": 0.11036796864440315,
        "roc_auc": 0.9369404315452714,
        "f1": 0.9674571140262361,
        "precision": 0.9599499374217773,
        "recall": 0.9750826341215357
    }
}