{
    "balanced_accuracy": 0.7424838940586972,
    "accuracy": 0.7616580310880829
}