{
    "balanced_accuracy": 0.8936787250370317,
    "accuracy": 0.8939024390243903,
    "log_loss": 0.29027218108711456,
    "roc_auc": 0.8936787250370317,
    "f1": 0.903010033444816,
    "precision": 0.8333333333333334,
    "recall": 0.9854014598540146,
    "inference_time": 0.019376516342163086,
    "training_time": 0,
    "dataset": "sylvine",
    "model": "mlp/simple_nd",
    "fold": "F3",
    "architecture_name": "A0",
    "fs_method": "random_1",
    "fs_percent": 0.5,
    "fs_n_features": 10
}