{
    "balanced_accuracy": 0.9608116745739519,
    "accuracy": 0.9686253173739572,
    "log_loss": 0.08023609912804387,
    "roc_auc": 0.9608116745739519,
    "f1": 0.9780261653753334,
    "precision": 0.9769094138543517,
    "recall": 0.9791454730417091,
    "training_time": 1.4246373176574707,
    "inference_time": 0.008411407470703125,
    "dataset": "nomao",
    "model": "xgboost",
    "fold": "F4",
    "architecture_name": "A3",
    "fs_method": "random_4",
    "fs_percent": 0.8,
    "fs_n_features": 94
}