{
    "balanced_accuracy": 0.9291369966507832,
    "accuracy": 0.9292682926829269,
    "log_loss": 0.1812283710260254,
    "roc_auc": 0.9291369966507833,
    "f1": 0.9330254041570438,
    "precision": 0.8879120879120879,
    "recall": 0.9829683698296837,
    "training_time": 0.09825778007507324,
    "inference_time": 0.0012352466583251953
}