{
    "balanced_accuracy": 0.9102231447846394,
    "accuracy": 0.9037037037037037
}