{
    "balanced_accuracy": 0.40187416739912224,
    "accuracy": 0.5080745341614907
}