{
    "balanced_accuracy": 0.9578635288334512,
    "accuracy": 0.9569471624266145,
    "log_loss": 0.14032366667216928,
    "roc_auc": 0.957863528833451,
    "f1": 0.9554655870445344,
    "precision": 0.9365079365079365,
    "recall": 0.9752066115702479,
    "inference_time": 0.0542294979095459,
    "training_time": 37.870342731475844,
    "dataset": "kr-vs-kp",
    "model": "transformer/cls",
    "fold": "F4",
    "architecture_name": "A30",
    "fs_method": "f_classif",
    "fs_percent": 0.7,
    "fs_n_features": 25
}