{
    "balanced_accuracy": 0.8462295081967213,
    "accuracy": 0.8468468468468469,
    "log_loss": 0.3554745204408224,
    "roc_auc": 0.8462295081967213,
    "f1": 0.8316831683168316,
    "precision": 0.8235294117647058,
    "recall": 0.84,
    "inference_time": 0.002660989761352539,
    "training_time": 0,
    "dataset": "australian",
    "model": "mlp/simple_nnw",
    "fold": "F0",
    "architecture_name": "A0",
    "fs_method": "f_classif",
    "fs_percent": 0.9,
    "fs_n_features": 12
}