{
    "valid_loss": {
        "balanced_accuracy": 0.7663178451178452,
        "accuracy": 0.8481126039667306,
        "log_loss": 0.3214090455910095,
        "roc_auc": 0.7663178451178452,
        "f1": 0.9023768402006744,
        "precision": 0.8821353915420486,
        "recall": 0.9235690235690236
    }
}