{
    "valid_loss": {
        "balanced_accuracy": 0.5749553578021529,
        "accuracy": 0.6588058741558581,
        "log_loss": 0.9939568748066033
    }
}