{
    "valid_loss": {
        "balanced_accuracy": 0.5601657033626334,
        "accuracy": 0.7777314428690576,
        "log_loss": 0.6790192239586723
    }
}