{
    "balanced_accuracy": 0.14876472605416374,
    "accuracy": 0.3872762457668118
}