{
    "balanced_accuracy": 0.1333658404870468,
    "accuracy": 0.3414412228557564
}