{
    "balanced_accuracy": 0.3485049083504599,
    "accuracy": 0.4484472049689441
}