{
    "valid_loss": {
        "balanced_accuracy": 0.9340269722009054,
        "accuracy": 0.9341463414634147,
        "log_loss": 0.17517137136677038,
        "roc_auc": 0.9340269722009055,
        "f1": 0.9373549883990719,
        "precision": 0.8957871396895787,
        "recall": 0.9829683698296837
    }
}