{
    "balanced_accuracy": 0.9547758423757853,
    "accuracy": 0.9548780487804878,
    "log_loss": 0.14832834364891997,
    "roc_auc": 0.9547758423757853,
    "f1": 0.9560047562425684,
    "precision": 0.9370629370629371,
    "recall": 0.9757281553398058,
    "training_time": 0.11119627952575684,
    "inference_time": 0.0009150505065917969,
    "dataset": "sylvine",
    "model": "xgboost",
    "fold": "F0",
    "architecture_name": "A2",
    "fs_method": "decision_tree",
    "fs_percent": 0.5,
    "fs_n_features": 10
}