{
    "valid_loss": {
        "balanced_accuracy": 0.7735042735042734,
        "accuracy": 0.7756813417190775,
        "log_loss": 0.44486201303917905,
        "roc_auc": 0.7735042735042734,
        "f1": 0.8014842300556586,
        "precision": 0.7297297297297297,
        "recall": 0.8888888888888888
    }
}