{
    "balanced_accuracy": 0.4183400444494826,
    "accuracy": 0.6215538847117794
}