{
    "balanced_accuracy": 0.3800815390204881,
    "accuracy": 0.4956521739130435
}