{
    "balanced_accuracy": 0.48026315789473684,
    "accuracy": 0.6148148148148148
}