{
    "balanced_accuracy": 0.7314856126449294,
    "accuracy": 0.7317073170731707,
    "log_loss": 0.517000473959006,
    "roc_auc": 0.7314856126449295,
    "f1": 0.7544642857142857,
    "precision": 0.6969072164948453,
    "recall": 0.8223844282238443,
    "training_time": 0.10698103904724121,
    "inference_time": 0.0009586811065673828,
    "dataset": "sylvine",
    "model": "xgboost",
    "fold": "F2",
    "architecture_name": "A0",
    "fs_method": "random_5",
    "fs_percent": 0.6,
    "fs_n_features": 12
}