{
    "balanced_accuracy": 0.14104748484281207,
    "accuracy": 0.3951837923086255
}