{
    "balanced_accuracy": 0.611954459203036,
    "accuracy": 0.759493670886076
}