{
    "balanced_accuracy": 0.9462638088269413,
    "accuracy": 0.9463414634146341,
    "log_loss": 0.1535850346465171,
    "roc_auc": 0.9462638088269413,
    "f1": 0.9481132075471698,
    "precision": 0.919908466819222,
    "recall": 0.9781021897810219,
    "training_time": 0.2338542938232422,
    "inference_time": 0.0012106895446777344
}