{
    "balanced_accuracy": 0.5439103823909259,
    "accuracy": 0.8933260393873085
}