{
    "valid_loss": {
        "balanced_accuracy": 0.8033357804344166,
        "accuracy": 0.866649603276171,
        "log_loss": 0.2926520992589383,
        "roc_auc": 0.8033357804344166,
        "f1": 0.9133832086450541,
        "precision": 0.9019865375143654,
        "recall": 0.9250715608688331
    }
}