{
  "dropout": 0.10110839752084563,
  "embedding_size": 1024,
  "n_head": 8,
  "n_hid": 32,
  "n_layers": 3,
  "optimizer__lr": 0.04357081693666849
}