{
    "balanced_accuracy": 0.9583256810529537,
    "accuracy": 0.958984375,
    "log_loss": 0.08923328845764171,
    "roc_auc": 0.9583256810529537,
    "f1": 0.9561586638830898,
    "precision": 0.9662447257383966,
    "recall": 0.9462809917355371,
    "inference_time": 0.012108325958251953,
    "training_time": 0,
    "dataset": "kr-vs-kp",
    "model": "mlp/simple_nnw",
    "fold": "F0",
    "architecture_name": "A1",
    "fs_method": "decision_tree",
    "fs_percent": 0.6,
    "fs_n_features": 21
}