{
  "dropout": 0.41680688696439383,
  "embedding_size": 32,
  "n_head": 32,
  "n_hid": 32,
  "n_layers": 2,
  "optimizer__lr": 0.011540353073214476
}