{
    "balanced_accuracy": 0.6465373034459685,
    "accuracy": 0.6636363636363637,
    "log_loss": 0.6234641220185441,
    "roc_auc": 0.6465373034459685,
    "f1": 0.5647058823529412,
    "precision": 0.6666666666666666,
    "recall": 0.4897959183673469,
    "training_time": 0.018706321716308594,
    "inference_time": 0.0004975795745849609,
    "dataset": "australian",
    "model": "xgboost",
    "fold": "F4",
    "architecture_name": "A0",
    "fs_method": "random_4",
    "fs_percent": 0.8,
    "fs_n_features": 11
}