{
    "balanced_accuracy": 0.8135283675838055,
    "accuracy": 0.8872180451127819
}