{
    "valid_loss": {
        "balanced_accuracy": 0.7755618866729979,
        "accuracy": 0.7777777777777778,
        "log_loss": 0.4390013657866885,
        "roc_auc": 0.7755618866729979,
        "f1": 0.8037037037037037,
        "precision": 0.7306397306397306,
        "recall": 0.8930041152263375
    }
}