{
    "balanced_accuracy": 0.5963421074197905,
    "accuracy": 0.8024564994882293
}