{
    "balanced_accuracy": 0.6853462696554031,
    "accuracy": 0.7,
    "log_loss": 0.5131922712761534,
    "roc_auc": 0.6853462696554031,
    "f1": 0.6206896551724138,
    "precision": 0.7105263157894737,
    "recall": 0.5510204081632653,
    "inference_time": 0.003475189208984375,
    "training_time": 0,
    "dataset": "australian",
    "model": "mlp/simple_nd_nnw",
    "fold": "F3",
    "architecture_name": "A1",
    "fs_method": "f_classif",
    "fs_percent": 0.6,
    "fs_n_features": 8
}