{
    "balanced_accuracy": 0.786483064260842,
    "accuracy": 0.790356394129979,
    "log_loss": 0.43827123453787,
    "roc_auc": 0.7864830642608419,
    "f1": 0.8281786941580757,
    "precision": 0.7109144542772862,
    "recall": 0.9917695473251029,
    "inference_time": 0.06296300888061523,
    "training_time": 24.70421028137207,
    "dataset": "jasmine",
    "model": "transformer/cls",
    "fold": "F2",
    "architecture_name": "A16",
    "fs_method": "none",
    "fs_percent": 1.0,
    "fs_n_features": 144
}