{
    "balanced_accuracy": 0.5108851894770479,
    "accuracy": 0.5969816498027782
}