{
    "balanced_accuracy": 0.8339119481397278,
    "accuracy": 0.8356164383561644,
    "log_loss": 0.3072060998389727,
    "roc_auc": 0.8339119481397278,
    "f1": 0.8220338983050848,
    "precision": 0.8434782608695652,
    "recall": 0.8016528925619835,
    "training_time": 0.0654451847076416,
    "inference_time": 0.0007791519165039062,
    "dataset": "kr-vs-kp",
    "model": "xgboost",
    "fold": "F1",
    "architecture_name": "A3",
    "fs_method": "random_2",
    "fs_percent": 0.8,
    "fs_n_features": 28
}