{
    "balanced_accuracy": 0.7288698955365622,
    "accuracy": 0.7337526205450734,
    "log_loss": 0.5276492241153498,
    "roc_auc": 0.7288698955365622,
    "f1": 0.7907742998352554,
    "precision": 0.6593406593406593,
    "recall": 0.9876543209876543,
    "inference_time": 0.0581052303314209,
    "training_time": 52.552779298079635
}