{
    "balanced_accuracy": 0.8993418505613627,
    "accuracy": 0.896551724137931
}