{
    "balanced_accuracy": 0.7066489491990398,
    "accuracy": 0.7477110885045778
}