{
    "balanced_accuracy": 0.5978513356562136,
    "accuracy": 0.6137931034482759
}