{
    "balanced_accuracy": 0.3637508914374529,
    "accuracy": 0.4857142857142857
}