{
    "balanced_accuracy": 0.9588334681821844,
    "accuracy": 0.9671744649981865,
    "log_loss": 0.08825584525507714,
    "roc_auc": 0.9588334681821845,
    "f1": 0.9770217087723753,
    "precision": 0.9756592292089249,
    "recall": 0.9783879989829647,
    "training_time": 0.9601237773895264,
    "inference_time": 0.007378578186035156,
    "dataset": "nomao",
    "model": "xgboost",
    "fold": "F2",
    "architecture_name": "A3",
    "fs_method": "linear_model",
    "fs_percent": 0.4,
    "fs_n_features": 47
}