{
    "balanced_accuracy": 0.39942028985507244,
    "accuracy": 0.7111111111111111
}