{
    "balanced_accuracy": 0.6128205128205129,
    "accuracy": 0.6231884057971014
}