{
    "balanced_accuracy": 0.858032786885246,
    "accuracy": 0.8558558558558559,
    "log_loss": 0.35801540922990416,
    "roc_auc": 0.8580327868852459,
    "f1": 0.8461538461538461,
    "precision": 0.8148148148148148,
    "recall": 0.88,
    "inference_time": 0.003605365753173828,
    "training_time": 0,
    "dataset": "australian",
    "model": "mlp/simple_nd_nn",
    "fold": "F0",
    "architecture_name": "A0",
    "fs_method": "decision_tree",
    "fs_percent": 0.9,
    "fs_n_features": 12
}