{
    "balanced_accuracy": 0.37855330851350927,
    "accuracy": 0.484472049689441
}