{
    "balanced_accuracy": 0.7779777777777778,
    "accuracy": 0.8616762635956494,
    "log_loss": 0.2981141056310539,
    "roc_auc": 0.7779777777777779,
    "f1": 0.911646914589293,
    "precision": 0.8859412231930103,
    "recall": 0.9388888888888889,
    "training_time": 0.2625291347503662,
    "inference_time": 0.004033088684082031
}