{
    "balanced_accuracy": 0.4274765950076896,
    "accuracy": 0.5136476426799007
}