{
    "balanced_accuracy": 0.7319588635719936,
    "accuracy": 0.73125,
    "log_loss": 1.331238663740563,
    "roc_auc": 0.7319588635719937,
    "f1": 0.7485380116959064,
    "precision": 0.6975476839237057,
    "recall": 0.807570977917981,
    "inference_time": 0.01635599136352539,
    "training_time": 0,
    "dataset": "kr-vs-kp",
    "model": "mlp/simple",
    "architecture_name": "A0",
    "fs_method": "random_1",
    "fs_percent": 0.7,
    "fs_n_features": 25
}