{
    "balanced_accuracy": 0.959661377407438,
    "accuracy": 0.9686253173739572,
    "log_loss": 0.08516424398666894,
    "roc_auc": 0.9596613774074378,
    "f1": 0.9780651705337898,
    "precision": 0.9754678806272129,
    "recall": 0.9806763285024155,
    "training_time": 0.8561160564422607,
    "inference_time": 0.008388042449951172,
    "dataset": "nomao",
    "model": "xgboost",
    "fold": "F2",
    "architecture_name": "A1",
    "fs_method": "random_1",
    "fs_percent": 0.5,
    "fs_n_features": 59
}