{
    "valid_loss": {
        "balanced_accuracy": 0.7752134680134679,
        "accuracy": 0.8588611644273833,
        "log_loss": 0.3017731816968727,
        "roc_auc": 0.775213468013468,
        "f1": 0.9097602879816739,
        "precision": 0.8849275823651122,
        "recall": 0.936026936026936
    }
}