{
    "balanced_accuracy": 0.6328502415458938,
    "accuracy": 0.6422764227642277
}