{
    "valid_loss": {
        "balanced_accuracy": 0.7746759611606893,
        "accuracy": 0.853596109546967,
        "log_loss": 0.32295198782532136,
        "roc_auc": 0.7746759611606892,
        "f1": 0.9058281198551202,
        "precision": 0.8861330326944757,
        "recall": 0.9264185889880451
    }
}