{
    "balanced_accuracy": 0.6178146794064334,
    "accuracy": 0.6262230919765166,
    "log_loss": 2.850555449749367,
    "roc_auc": 0.6178146794064333,
    "f1": 0.5375302663438256,
    "precision": 0.6491228070175439,
    "recall": 0.45867768595041325,
    "inference_time": 0.05935359001159668,
    "training_time": 42.58640403747558,
    "dataset": "kr-vs-kp",
    "model": "transformer/cls",
    "fold": "F4",
    "architecture_name": "A2",
    "fs_method": "random_1",
    "fs_percent": 0.6,
    "fs_n_features": 21
}