{
    "balanced_accuracy": 0.52734375,
    "accuracy": 0.52734375
}