{
    "balanced_accuracy": 0.8602699144173799,
    "accuracy": 0.8558558558558559,
    "log_loss": 0.34400334523917436,
    "roc_auc": 0.8602699144173799,
    "f1": 0.8461538461538461,
    "precision": 0.8,
    "recall": 0.8979591836734694,
    "training_time": 1.3454115390777588,
    "inference_time": 0.003068208694458008,
    "dataset": "australian",
    "model": "mlp/full",
    "fold": "F1",
    "architecture_name": "A0",
    "fs_method": "decision_tree",
    "fs_percent": 0.7,
    "fs_n_features": 9
}