{
    "balanced_accuracy": 0.828203412512546,
    "accuracy": 0.8272727272727273,
    "log_loss": 0.42270160937805307,
    "roc_auc": 0.828203412512546,
    "f1": 0.8118811881188119,
    "precision": 0.7884615384615384,
    "recall": 0.8367346938775511,
    "training_time": 0.027919769287109375,
    "inference_time": 0.0005524158477783203,
    "dataset": "australian",
    "model": "xgboost",
    "fold": "F3",
    "architecture_name": "A0",
    "fs_method": "random_5",
    "fs_percent": 0.5,
    "fs_n_features": 7
}