{
    "balanced_accuracy": 0.5621746706106284,
    "accuracy": 0.6499849261380766
}