{
    "balanced_accuracy": 0.8052459016393443,
    "accuracy": 0.8018018018018018,
    "log_loss": 0.36576261837795304,
    "roc_auc": 0.8052459016393442,
    "f1": 0.7924528301886793,
    "precision": 0.75,
    "recall": 0.84,
    "inference_time": 0.00292205810546875,
    "training_time": 0,
    "dataset": "australian",
    "model": "mlp/simple_nd_nn",
    "fold": "F0",
    "architecture_name": "A0",
    "fs_method": "random_3",
    "fs_percent": 0.7,
    "fs_n_features": 9
}