{
    "balanced_accuracy": 0.7966128521684077,
    "accuracy": 0.7987421383647799,
    "log_loss": 0.43879142522922726,
    "roc_auc": 0.7966128521684077,
    "f1": 0.8215613382899628,
    "precision": 0.7491525423728813,
    "recall": 0.9094650205761317,
    "training_time": 0.06670117378234863,
    "inference_time": 0.0008375644683837891
}