{
    "balanced_accuracy": 0.8892910368320204,
    "accuracy": 0.8840579710144928,
    "log_loss": 0.33588579812966673,
    "roc_auc": 0.8892910368320204,
    "f1": 0.8769230769230769,
    "precision": 0.8260869565217391,
    "recall": 0.9344262295081968,
    "inference_time": 0.003264188766479492,
    "training_time": 0,
    "dataset": "australian",
    "model": "mlp/simple_nd_nn",
    "architecture_name": "A0",
    "fs_method": "random_4",
    "fs_percent": 0.7,
    "fs_n_features": 9
}