{
    "balanced_accuracy": 0.8185425685425685,
    "accuracy": 0.828125
}