{
    "balanced_accuracy": 0.9958677685950413,
    "accuracy": 0.9960861056751468,
    "log_loss": 0.00798757193663122,
    "roc_auc": 0.9958677685950413,
    "f1": 0.995850622406639,
    "precision": 1.0,
    "recall": 0.9917355371900827,
    "inference_time": 0.04565572738647461,
    "training_time": 46.48421194026995
}