{
    "balanced_accuracy": 0.11335439073188763,
    "accuracy": 0.3019083969465649
}