{
    "balanced_accuracy": 0.7947598074194369,
    "accuracy": 0.8402248821182444,
    "log_loss": 0.39660206982196117,
    "roc_auc": 0.7947598074194369,
    "f1": 0.8894743444988081,
    "precision": 0.8779098563645369,
    "recall": 0.901347571828121,
    "inference_time": 0.10447382926940918,
    "training_time": 0,
    "dataset": "nomao",
    "model": "mlp/simple_nd_nnw",
    "fold": "F3",
    "architecture_name": "A0",
    "fs_method": "random_3",
    "fs_percent": 0.5,
    "fs_n_features": 59
}