{
    "balanced_accuracy": 0.9590924452364128,
    "accuracy": 0.9608610567514677,
    "log_loss": 0.2022991914974106,
    "roc_auc": 0.9590924452364127,
    "f1": 0.9572649572649573,
    "precision": 0.9911504424778761,
    "recall": 0.9256198347107438,
    "inference_time": 0.0644993782043457,
    "training_time": 44.06292521953585
}