{
    "balanced_accuracy": 0.7925400577882847,
    "accuracy": 0.7949790794979079,
    "log_loss": 0.44521235984742147,
    "roc_auc": 0.7925400577882848,
    "f1": 0.8231046931407943,
    "precision": 0.7331189710610932,
    "recall": 0.9382716049382716,
    "inference_time": 0.010094642639160156,
    "training_time": 0,
    "dataset": "jasmine",
    "model": "mlp/simple_nd_nn",
    "fold": "F1",
    "architecture_name": "A0",
    "fs_method": "random_3",
    "fs_percent": 0.9,
    "fs_n_features": 129
}