{
    "balanced_accuracy": 0.6799083269671504,
    "accuracy": 0.8357289527720739
}