{
    "balanced_accuracy": 0.5833333333333334,
    "accuracy": 0.8201438848920863
}