{
    "balanced_accuracy": 0.3591592079418166,
    "accuracy": 0.5914786967418546
}