{
    "valid_loss": {
        "balanced_accuracy": 0.33773257439555604,
        "accuracy": 0.6141481537645007,
        "log_loss": 1.1088964254675457
    }
}