{
    "valid_loss": {
        "balanced_accuracy": 0.93551219654883,
        "accuracy": 0.9514052583862194,
        "log_loss": 0.12789691224711053,
        "roc_auc": 0.93551219654883,
        "f1": 0.9661616161616161,
        "precision": 0.9596187609731628,
        "recall": 0.9727943046020849
    }
}