{
    "balanced_accuracy": 0.8730344596855135,
    "accuracy": 0.8636363636363636,
    "log_loss": 0.31945514675088105,
    "roc_auc": 0.8730344596855135,
    "f1": 0.8623853211009175,
    "precision": 0.7833333333333333,
    "recall": 0.9591836734693877,
    "training_time": 0.053723812103271484,
    "inference_time": 0.0006814002990722656,
    "dataset": "australian",
    "model": "xgboost",
    "fold": "F3",
    "architecture_name": "A3",
    "fs_method": "none",
    "fs_percent": 1.0,
    "fs_n_features": 14
}