{
    "balanced_accuracy": 0.35189303713690345,
    "accuracy": 0.583206106870229
}