{
    "balanced_accuracy": 0.789895805971456,
    "accuracy": 0.7907949790794979,
    "log_loss": 0.4793135550809607,
    "roc_auc": 0.7898958059714561,
    "f1": 0.803921568627451,
    "precision": 0.7677902621722846,
    "recall": 0.8436213991769548,
    "inference_time": 0.011574983596801758,
    "training_time": 0,
    "dataset": "jasmine",
    "model": "mlp/simple_nd_nnw",
    "fold": "F0",
    "architecture_name": "A1",
    "fs_method": "random_5",
    "fs_percent": 0.5,
    "fs_n_features": 72
}