{
    "balanced_accuracy": 0.9611957140510633,
    "accuracy": 0.9691749773345422,
    "log_loss": 0.08048662809763268,
    "roc_auc": 0.9611957140510633,
    "f1": 0.9784209190149784,
    "precision": 0.9769328263624841,
    "recall": 0.9799135519959319,
    "training_time": 1.0994572639465332,
    "inference_time": 0.006815195083618164,
    "dataset": "nomao",
    "model": "xgboost",
    "fold": "F0",
    "architecture_name": "A1",
    "fs_method": "random_2",
    "fs_percent": 0.9,
    "fs_n_features": 106
}