{
    "balanced_accuracy": 0.5168340898982346,
    "accuracy": 0.7218045112781954
}