{
    "balanced_accuracy": 0.693767452113849,
    "accuracy": 0.7812817904374364
}