{
    "balanced_accuracy": 0.3966722408026756,
    "accuracy": 0.656641604010025
}