{
    "balanced_accuracy": 0.5758857981019311,
    "accuracy": 0.7837837837837838
}