{
    "balanced_accuracy": 0.568876298152323,
    "accuracy": 0.6525467329789059
}