{
    "balanced_accuracy": 0.7526115859449193,
    "accuracy": 0.7547169811320755,
    "log_loss": 0.5008676760202609,
    "roc_auc": 0.7526115859449192,
    "f1": 0.7821229050279329,
    "precision": 0.7142857142857143,
    "recall": 0.8641975308641975,
    "inference_time": 0.009705543518066406,
    "training_time": 0,
    "dataset": "jasmine",
    "model": "mlp/simple_nd_nn",
    "fold": "F3",
    "architecture_name": "A0",
    "fs_method": "linear_model",
    "fs_percent": 0.5,
    "fs_n_features": 72
}