{
    "balanced_accuracy": 0.9465706839276551,
    "accuracy": 0.9577439245556765,
    "log_loss": 0.11077523360022055,
    "roc_auc": 0.9465706839276551,
    "f1": 0.9704427248509451,
    "precision": 0.9681093394077449,
    "recall": 0.9727873855544252,
    "training_time": 1.3007545471191406,
    "inference_time": 0.01042795181274414,
    "dataset": "nomao",
    "model": "xgboost",
    "fold": "F4",
    "architecture_name": "A2",
    "fs_method": "random_5",
    "fs_percent": 0.5,
    "fs_n_features": 59
}