{
  "dropout": 0.25431260682344137,
  "embedding_size": 512,
  "n_head": 2,
  "n_hid": 512,
  "n_layers": 3,
  "numerical_passthrough": false,
  "optimizer__lr": 0.0006443127916140181
}