{
    "valid_loss": {
        "balanced_accuracy": 0.5963231071436694,
        "accuracy": 0.6597706077821845,
        "log_loss": 0.9948239707699548
    }
}