{
    "valid_loss": {
        "balanced_accuracy": 0.6191129959210461,
        "accuracy": 0.695069667738478,
        "log_loss": 0.8825356420484787
    }
}