{
    "valid_loss": {
        "balanced_accuracy": 0.9375713877784123,
        "accuracy": 0.9378048780487804,
        "log_loss": 0.19513102440128516,
        "roc_auc": 0.9375713877784123,
        "f1": 0.9409038238702202,
        "precision": 0.9002217294900222,
        "recall": 0.9854368932038835
    }
}