{
    "balanced_accuracy": 0.7773820829376386,
    "accuracy": 0.7777777777777778,
    "log_loss": 0.4438355917546002,
    "roc_auc": 0.7773820829376386,
    "f1": 0.7854251012145749,
    "precision": 0.7729083665338645,
    "recall": 0.7983539094650206,
    "inference_time": 0.011781692504882812,
    "training_time": 0,
    "dataset": "jasmine",
    "model": "mlp/simple_nd_nnw",
    "fold": "F4",
    "architecture_name": "A1",
    "fs_method": "random_5",
    "fs_percent": 0.9,
    "fs_n_features": 129
}