{
    "balanced_accuracy": 0.8514492753623188,
    "accuracy": 0.8536585365853658
}