{
    "balanced_accuracy": 0.8763989466754444,
    "accuracy": 0.8738738738738738,
    "log_loss": 0.3386117082857066,
    "roc_auc": 0.8763989466754445,
    "f1": 0.8627450980392157,
    "precision": 0.8301886792452831,
    "recall": 0.8979591836734694,
    "training_time": 0.03032827377319336,
    "inference_time": 0.0005469322204589844,
    "dataset": "australian",
    "model": "xgboost",
    "fold": "F1",
    "architecture_name": "A3",
    "fs_method": "decision_tree",
    "fs_percent": 0.6,
    "fs_n_features": 8
}