{
    "balanced_accuracy": 0.7962350056912705,
    "accuracy": 0.799163179916318,
    "log_loss": 0.4165699210005895,
    "roc_auc": 0.7962350056912706,
    "f1": 0.8309859154929577,
    "precision": 0.7261538461538461,
    "recall": 0.9711934156378601,
    "training_time": 3.720137596130371,
    "inference_time": 0.010198831558227539,
    "dataset": "jasmine",
    "model": "mlp/full",
    "fold": "F1",
    "architecture_name": "A0",
    "fs_method": "f_classif",
    "fs_percent": 0.5,
    "fs_n_features": 72
}