{
    "valid_loss": {
        "balanced_accuracy": 0.6234129340308894,
        "accuracy": 0.684639296816379,
        "log_loss": 0.8951930871217813
    }
}