{
    "balanced_accuracy": 0.8898324447829398,
    "accuracy": 0.8897560975609756,
    "log_loss": 0.5497973716521836,
    "roc_auc": 0.8898324447829398,
    "f1": 0.8888888888888888,
    "precision": 0.8828125,
    "recall": 0.8950495049504951,
    "inference_time": 0.02239990234375,
    "training_time": 0,
    "dataset": "sylvine",
    "model": "mlp/simple_nd",
    "architecture_name": "A0",
    "fs_method": "random_1",
    "fs_percent": 0.5,
    "fs_n_features": 10
}