{
    "balanced_accuracy": 0.14287223049547554,
    "accuracy": 0.4252699259978163
}