{
    "balanced_accuracy": 0.7303106022338216,
    "accuracy": 0.8341438443818787,
    "log_loss": 0.3525612334633273,
    "roc_auc": 0.7303106022338216,
    "f1": 0.8949927078269324,
    "precision": 0.8625644229267531,
    "recall": 0.9299545378009766,
    "training_time": 0.19873523712158203,
    "inference_time": 0.004381895065307617,
    "dataset": "adult",
    "model": "xgboost",
    "fold": "F3",
    "architecture_name": "A1",
    "fs_method": "random_4",
    "fs_percent": 0.6,
    "fs_n_features": 8
}