{
    "balanced_accuracy": 0.632931142483989,
    "accuracy": 0.6854741896758704
}