{
    "balanced_accuracy": 0.511520737327189,
    "accuracy": 0.15028901734104047
}