{
    "balanced_accuracy": 0.5140337418634451,
    "accuracy": 0.5937888198757764
}