{
    "balanced_accuracy": 0.9940090325355617,
    "accuracy": 0.9941291585127201,
    "log_loss": 0.011845233482965588,
    "roc_auc": 0.9940090325355617,
    "f1": 0.9937888198757764,
    "precision": 0.995850622406639,
    "recall": 0.9917355371900827,
    "inference_time": 0.06410026550292969,
    "training_time": 37.870342731475844,
    "dataset": "kr-vs-kp",
    "model": "transformer/cls",
    "fold": "F4",
    "architecture_name": "A30",
    "fs_method": "none",
    "fs_percent": 1.0,
    "fs_n_features": 36
}