{
    "valid_loss": {
        "balanced_accuracy": 0.7946677173627528,
        "accuracy": 0.797071129707113,
        "log_loss": 0.4022412422841551,
        "roc_auc": 0.7946677173627528,
        "f1": 0.8245931283905967,
        "precision": 0.7354838709677419,
        "recall": 0.9382716049382716
    }
}