{
    "balanced_accuracy": 0.860655737704918,
    "accuracy": 0.8454545454545455,
    "log_loss": 0.32525611290942946,
    "roc_auc": 0.860655737704918,
    "f1": 0.8521739130434782,
    "precision": 0.7424242424242424,
    "recall": 1.0,
    "inference_time": 0.011348962783813477,
    "training_time": 3.509061813354492,
    "dataset": "australian",
    "model": "transformer/cls",
    "fold": "F3",
    "architecture_name": "A5",
    "fs_method": "none",
    "fs_percent": 1.0,
    "fs_n_features": 14
}