{
    "balanced_accuracy": 0.8875878220140515,
    "accuracy": 0.8840579710144928,
    "log_loss": 0.3194142990905018,
    "roc_auc": 0.8875878220140516,
    "f1": 0.875,
    "precision": 0.835820895522388,
    "recall": 0.9180327868852459,
    "inference_time": 0.0032095909118652344,
    "training_time": 0,
    "dataset": "australian",
    "model": "mlp/simple_nnw",
    "architecture_name": "A0",
    "fs_method": "random_2",
    "fs_percent": 0.8,
    "fs_n_features": 11
}