{
    "balanced_accuracy": 0.8087472914683785,
    "accuracy": 0.8649138712601995,
    "log_loss": 0.3575359987882893,
    "roc_auc": 0.8087472914683785,
    "f1": 0.9085103770109296,
    "precision": 0.8786223277909738,
    "recall": 0.9405034324942791,
    "inference_time": 0.10402965545654297,
    "training_time": 0,
    "dataset": "nomao",
    "model": "mlp/simple_nd_nnw",
    "fold": "F1",
    "architecture_name": "A0",
    "fs_method": "random_5",
    "fs_percent": 0.8,
    "fs_n_features": 94
}