{
    "balanced_accuracy": 0.9397306397306397,
    "accuracy": 0.94140625,
    "log_loss": 0.12726689137074662,
    "roc_auc": 0.9397306397306397,
    "f1": 0.9361702127659575,
    "precision": 0.9649122807017544,
    "recall": 0.9090909090909091,
    "training_time": 0.07094573974609375,
    "inference_time": 0.0008385181427001953,
    "dataset": "kr-vs-kp",
    "model": "xgboost",
    "fold": "F0",
    "architecture_name": "A3",
    "fs_method": "random_1",
    "fs_percent": 0.5,
    "fs_n_features": 18
}