{
    "balanced_accuracy": 0.5241935483870968,
    "accuracy": 0.9147398843930635
}