{
    "balanced_accuracy": 0.5228740581270183,
    "accuracy": 0.273955773955774
}