{
    "valid_loss": {
        "balanced_accuracy": 0.7958074074074074,
        "accuracy": 0.8577095329494562,
        "log_loss": 0.3050364368075246,
        "roc_auc": 0.7958074074074075,
        "f1": 0.9071786310517529,
        "precision": 0.8996688741721854,
        "recall": 0.9148148148148149
    }
}