{
    "balanced_accuracy": 0.5449876182753058,
    "accuracy": 0.6211180124223602
}