{
    "balanced_accuracy": 0.8984529295589203,
    "accuracy": 0.9009009009009009,
    "log_loss": 0.26150791193867756,
    "roc_auc": 0.8984529295589203,
    "f1": 0.8865979381443299,
    "precision": 0.8958333333333334,
    "recall": 0.8775510204081632,
    "training_time": 0.04610180854797363,
    "inference_time": 0.0006246566772460938,
    "dataset": "australian",
    "model": "xgboost",
    "fold": "F1",
    "architecture_name": "A1",
    "fs_method": "random_3",
    "fs_percent": 0.9,
    "fs_n_features": 12
}