{
    "balanced_accuracy": 0.750402576489533,
    "accuracy": 0.7560975609756098
}