{
    "balanced_accuracy": 0.8464369354299097,
    "accuracy": 0.8363636363636363,
    "log_loss": 0.3420508530280392,
    "roc_auc": 0.8464369354299097,
    "f1": 0.8363636363636363,
    "precision": 0.7540983606557377,
    "recall": 0.9387755102040817,
    "training_time": 3.8631930351257324,
    "inference_time": 0.003826141357421875,
    "dataset": "australian",
    "model": "mlp/full_nnw",
    "fold": "F3",
    "architecture_name": "A1",
    "fs_method": "none",
    "fs_percent": 1.0,
    "fs_n_features": 14
}