{
    "balanced_accuracy": 0.9084140893164148,
    "accuracy": 0.9085365853658537,
    "log_loss": 0.2616171186281343,
    "roc_auc": 0.9084140893164148,
    "f1": 0.9130938586326767,
    "precision": 0.8716814159292036,
    "recall": 0.9586374695863747,
    "inference_time": 0.016518115997314453,
    "training_time": 0,
    "dataset": "sylvine",
    "model": "mlp/simple_nd_nn",
    "fold": "F3",
    "architecture_name": "A0",
    "fs_method": "random_3",
    "fs_percent": 0.5,
    "fs_n_features": 10
}