{
    "balanced_accuracy": 0.7418300653594772,
    "accuracy": 0.753125
}