{
    "balanced_accuracy": 0.4818185276132697,
    "accuracy": 0.6691729323308271
}