{
    "balanced_accuracy": 0.5421052631578948,
    "accuracy": 0.6814814814814815
}