{
    "balanced_accuracy": 0.3406663230998341,
    "accuracy": 0.5732824427480916
}