{
    "balanced_accuracy": 0.9425804302303445,
    "accuracy": 0.9426829268292682,
    "log_loss": 0.16898558662288612,
    "roc_auc": 0.9425804302303445,
    "f1": 0.9441141498216409,
    "precision": 0.9254079254079254,
    "recall": 0.9635922330097088,
    "training_time": 0.12735867500305176,
    "inference_time": 0.0010170936584472656,
    "dataset": "sylvine",
    "model": "xgboost",
    "fold": "F1",
    "architecture_name": "A2",
    "fs_method": "random_2",
    "fs_percent": 0.4,
    "fs_n_features": 8
}