{
    "balanced_accuracy": 0.8832385413181666,
    "accuracy": 0.8727272727272727,
    "log_loss": 0.3296358825498309,
    "roc_auc": 0.8832385413181666,
    "f1": 0.8727272727272727,
    "precision": 0.7868852459016393,
    "recall": 0.9795918367346939,
    "training_time": 0.0650777816772461,
    "inference_time": 0.0007624626159667969,
    "dataset": "australian",
    "model": "xgboost",
    "fold": "F3",
    "architecture_name": "A3",
    "fs_method": "random_2",
    "fs_percent": 0.8,
    "fs_n_features": 11
}