{
    "balanced_accuracy": 0.44917399267399266,
    "accuracy": 0.6507537688442211
}