{
    "balanced_accuracy": 0.8098360655737705,
    "accuracy": 0.8108108108108109,
    "log_loss": 0.36846265913548637,
    "roc_auc": 0.8098360655737705,
    "f1": 0.7920792079207921,
    "precision": 0.7843137254901961,
    "recall": 0.8,
    "training_time": 0.03184151649475098,
    "inference_time": 0.0005533695220947266,
    "dataset": "australian",
    "model": "xgboost",
    "fold": "F0",
    "architecture_name": "A2",
    "fs_method": "random_2",
    "fs_percent": 0.9,
    "fs_n_features": 12
}