{
    "balanced_accuracy": 0.9450472638147758,
    "accuracy": 0.9451219512195121,
    "log_loss": 0.16804954855985296,
    "roc_auc": 0.9450472638147759,
    "f1": 0.9468713105076741,
    "precision": 0.9197247706422018,
    "recall": 0.975669099756691,
    "inference_time": 0.10080766677856445,
    "training_time": 84.02206921577454
}