{
    "balanced_accuracy": 0.663190698966519,
    "accuracy": 0.5694748358862144
}