{
    "balanced_accuracy": 0.9062770562770563,
    "accuracy": 0.9486652977412731
}