{
    "valid_loss": {
        "balanced_accuracy": 0.9406079807701889,
        "accuracy": 0.9602901178603808,
        "log_loss": 0.11077391751994536,
        "roc_auc": 0.9406079807701889,
        "f1": 0.9725598295952889,
        "precision": 0.9587450592885376,
        "recall": 0.9867785405542843
    }
}