{
    "balanced_accuracy": 0.3460833081223688,
    "accuracy": 0.5893129770992367
}