{
    "balanced_accuracy": 0.9120756221036413,
    "accuracy": 0.9121951219512195,
    "log_loss": 0.24329759161348438,
    "roc_auc": 0.9120756221036413,
    "f1": 0.9164733178654292,
    "precision": 0.8758314855875832,
    "recall": 0.9610705596107056,
    "inference_time": 0.015984058380126953,
    "training_time": 0,
    "dataset": "sylvine",
    "model": "mlp/simple_nd_nn",
    "fold": "F3",
    "architecture_name": "A0",
    "fs_method": "random_2",
    "fs_percent": 0.6,
    "fs_n_features": 12
}