{
  "dropout": 0.3321799791542387,
  "embedding_size": 512,
  "n_head": 2,
  "n_hid": 256,
  "n_layers": 2,
  "optimizer__lr": 0.011624269266826283
}