{
    "balanced_accuracy": 0.6604643049989235,
    "accuracy": 0.532964782964783
}