{
    "balanced_accuracy": 0.5309947768281101,
    "accuracy": 0.1761487964989059
}