{
    "balanced_accuracy": 0.5625450409596973,
    "accuracy": 0.4010178117048346
}