{
    "balanced_accuracy": 0.4164679111688949,
    "accuracy": 0.5284895990352728
}