{
    "balanced_accuracy": 0.5592105263157894,
    "accuracy": 0.6444444444444445
}