{
    "balanced_accuracy": 0.5925157184189591,
    "accuracy": 0.40417690417690416
}