{
    "balanced_accuracy": 0.34007251425249246,
    "accuracy": 0.4663852879107627
}