{
    "balanced_accuracy": 0.650521609538003,
    "accuracy": 0.6594202898550725,
    "log_loss": 0.6156053454728667,
    "roc_auc": 0.650521609538003,
    "f1": 0.5982905982905983,
    "precision": 0.625,
    "recall": 0.5737704918032787,
    "inference_time": 0.0041904449462890625,
    "training_time": 0,
    "dataset": "australian",
    "model": "mlp/simple_nnw",
    "architecture_name": "A0",
    "fs_method": "f_classif",
    "fs_percent": 0.7,
    "fs_n_features": 9
}