{
    "balanced_accuracy": 0.6737873267104451,
    "accuracy": 0.823393908369593,
    "log_loss": 0.3597914918110774,
    "roc_auc": 0.6737873267104451,
    "f1": 0.8921875,
    "precision": 0.8322401982218336,
    "recall": 0.9614413200875568,
    "inference_time": 0.17335247993469238,
    "training_time": 0,
    "dataset": "adult",
    "model": "mlp/simple",
    "fold": "F4",
    "architecture_name": "A0",
    "fs_method": "random_3",
    "fs_percent": 0.5,
    "fs_n_features": 7
}