{
    "balanced_accuracy": 0.5963301387872623,
    "accuracy": 0.5963414634146341,
    "log_loss": 0.6622591392420102,
    "roc_auc": 0.5963301387872623,
    "f1": 0.5987878787878788,
    "precision": 0.5966183574879227,
    "recall": 0.6009732360097324,
    "training_time": 0.15119600296020508,
    "inference_time": 0.0007500648498535156,
    "dataset": "sylvine",
    "model": "xgboost",
    "fold": "F3",
    "architecture_name": "A2",
    "fs_method": "random_4",
    "fs_percent": 0.5,
    "fs_n_features": 10
}