{
    "balanced_accuracy": 0.8033184484721128,
    "accuracy": 0.805439330543933,
    "log_loss": 0.3959950662592998,
    "roc_auc": 0.8033184484721128,
    "f1": 0.8293577981651377,
    "precision": 0.7483443708609272,
    "recall": 0.9300411522633745,
    "training_time": 0.06377196311950684,
    "inference_time": 0.0008301734924316406,
    "dataset": "jasmine",
    "model": "xgboost",
    "fold": "F1",
    "architecture_name": "A0",
    "fs_method": "linear_model",
    "fs_percent": 0.6,
    "fs_n_features": 86
}