{
    "balanced_accuracy": 0.833989501312336,
    "accuracy": 0.8341968911917098
}