{
    "valid_loss": {
        "balanced_accuracy": 0.7608117191446371,
        "accuracy": 0.8369593038136678,
        "log_loss": 0.3526882080867262,
        "roc_auc": 0.7608117191446372,
        "f1": 0.8942738589211618,
        "precision": 0.8816887579774177,
        "recall": 0.9072234382892743
    }
}