{
    "balanced_accuracy": 0.7841357156700631,
    "accuracy": 0.7638526254714244
}