{
    "balanced_accuracy": 0.5199309263704502,
    "accuracy": 0.33621566632756866
}