{
    "balanced_accuracy": 0.9411632028121896,
    "accuracy": 0.9530286543344215,
    "log_loss": 0.13217795911340532,
    "roc_auc": 0.9411632028121896,
    "f1": 0.9671361502347418,
    "precision": 0.9652988855116514,
    "recall": 0.968980422069667,
    "training_time": 1.1778903007507324,
    "inference_time": 0.00944828987121582,
    "dataset": "nomao",
    "model": "xgboost",
    "fold": "F2",
    "architecture_name": "A3",
    "fs_method": "f_classif",
    "fs_percent": 0.5,
    "fs_n_features": 59
}