{
    "balanced_accuracy": 0.832383665716999,
    "accuracy": 0.8343815513626834,
    "log_loss": 0.3980382099039988,
    "roc_auc": 0.8323836657169991,
    "f1": 0.8523364485981308,
    "precision": 0.7808219178082192,
    "recall": 0.9382716049382716,
    "training_time": 0.08744335174560547,
    "inference_time": 0.0007860660552978516,
    "dataset": "jasmine",
    "model": "xgboost",
    "fold": "F4",
    "architecture_name": "A0",
    "fs_method": "f_classif",
    "fs_percent": 0.7,
    "fs_n_features": 100
}