{
    "valid_loss": {
        "balanced_accuracy": 0.3320236015796509,
        "accuracy": 0.6167873526178109,
        "log_loss": 1.1082082604450592
    }
}