{
    "balanced_accuracy": 0.40168772146649606,
    "accuracy": 0.6091603053435114
}