{
    "balanced_accuracy": 0.5449399646150526,
    "accuracy": 0.5962732919254659
}