{
    "balanced_accuracy": 0.7893512304250558,
    "accuracy": 0.7892976588628763
}