{
    "balanced_accuracy": 0.9381578947368421,
    "accuracy": 0.9333333333333333
}