{
    "balanced_accuracy": 0.8316393442622951,
    "accuracy": 0.8288288288288288,
    "log_loss": 0.36268565317915835,
    "roc_auc": 0.831639344262295,
    "f1": 0.819047619047619,
    "precision": 0.7818181818181819,
    "recall": 0.86,
    "training_time": 0.9127905368804932,
    "inference_time": 0.002698659896850586,
    "dataset": "australian",
    "model": "mlp/full_nd_nnw",
    "fold": "F0",
    "architecture_name": "A0",
    "fs_method": "none",
    "fs_percent": 1.0,
    "fs_n_features": 14
}