{
    "balanced_accuracy": 0.778764324556822,
    "accuracy": 0.7788649706457925,
    "log_loss": 0.38612004099425873,
    "roc_auc": 0.7787643245568221,
    "f1": 0.7689161554192229,
    "precision": 0.7611336032388664,
    "recall": 0.7768595041322314,
    "training_time": 0.05887913703918457,
    "inference_time": 0.0007529258728027344,
    "dataset": "kr-vs-kp",
    "model": "xgboost",
    "fold": "F4",
    "architecture_name": "A0",
    "fs_method": "random_2",
    "fs_percent": 0.6,
    "fs_n_features": 21
}