{
    "balanced_accuracy": 0.953809912751611,
    "accuracy": 0.9664551223934723,
    "log_loss": 0.08764851631081547,
    "roc_auc": 0.9538099127516111,
    "f1": 0.976644363085469,
    "precision": 0.9699097291875627,
    "recall": 0.9834731756928553,
    "training_time": 1.302499771118164,
    "inference_time": 0.0074994564056396484
}