{
    "balanced_accuracy": 0.639763779527559,
    "accuracy": 0.6839378238341969
}