{
    "balanced_accuracy": 0.7944575781455214,
    "accuracy": 0.797071129707113,
    "log_loss": 0.4430972538375623,
    "roc_auc": 0.7944575781455214,
    "f1": 0.8264758497316637,
    "precision": 0.7310126582278481,
    "recall": 0.9506172839506173,
    "inference_time": 0.014049768447875977,
    "training_time": 0,
    "dataset": "jasmine",
    "model": "mlp/simple",
    "fold": "F1",
    "architecture_name": "A1",
    "fs_method": "f_classif",
    "fs_percent": 0.5,
    "fs_n_features": 72
}