{
    "balanced_accuracy": 0.9199902723735409,
    "accuracy": 0.9200779727095516
}