{
    "valid_loss": {
        "balanced_accuracy": 0.33169686015787264,
        "accuracy": 0.6142239745242247,
        "log_loss": 1.1084572682718754
    }
}