{
    "balanced_accuracy": 0.9400404322312867,
    "accuracy": 0.9401709401709402,
    "log_loss": 0.17537062863634562,
    "roc_auc": 0.9400404322312866,
    "f1": 0.9424206815511164,
    "precision": 0.9113636363636364,
    "recall": 0.975669099756691,
    "inference_time": 0.07076835632324219,
    "training_time": 50.187145028003435
}