{
    "balanced_accuracy": 0.5452762945181991,
    "accuracy": 0.6403865717192269
}