{
    "balanced_accuracy": 0.6833389093342255,
    "accuracy": 0.7,
    "log_loss": 0.5734825944053283,
    "roc_auc": 0.6833389093342256,
    "f1": 0.611764705882353,
    "precision": 0.7222222222222222,
    "recall": 0.5306122448979592,
    "inference_time": 0.003256559371948242,
    "training_time": 0,
    "dataset": "australian",
    "model": "mlp/simple_nd",
    "fold": "F2",
    "architecture_name": "A0",
    "fs_method": "f_classif",
    "fs_percent": 0.4,
    "fs_n_features": 5
}