{
    "valid_loss": {
        "balanced_accuracy": 0.5275508810366171,
        "accuracy": 0.7594495204155135,
        "log_loss": 0.7207369810106116
    }
}