{
    "balanced_accuracy": 0.848778855804617,
    "accuracy": 0.8545454545454545,
    "log_loss": 0.32186504594784554,
    "roc_auc": 0.848778855804617,
    "f1": 0.8297872340425532,
    "precision": 0.8666666666666667,
    "recall": 0.7959183673469388,
    "inference_time": 0.009287357330322266,
    "training_time": 3.034087300300598,
    "dataset": "australian",
    "model": "transformer/cls",
    "fold": "F2",
    "architecture_name": "A8",
    "fs_method": "none",
    "fs_percent": 1.0,
    "fs_n_features": 14
}