{
    "balanced_accuracy": 0.8128295761849152,
    "accuracy": 0.8728921124206709,
    "log_loss": 0.30433823924480524,
    "roc_auc": 0.8128295761849154,
    "f1": 0.9145434597098623,
    "precision": 0.8784543325526932,
    "recall": 0.9537248919399949,
    "inference_time": 0.16141319274902344,
    "training_time": 0,
    "dataset": "nomao",
    "model": "mlp/simple_nd",
    "fold": "F1",
    "architecture_name": "A1",
    "fs_method": "random_3",
    "fs_percent": 0.6,
    "fs_n_features": 70
}