{
    "balanced_accuracy": 0.9252097606208194,
    "accuracy": 0.9461371055495104,
    "log_loss": 0.1342753578797679,
    "roc_auc": 0.9252097606208195,
    "f1": 0.9626837542404825,
    "precision": 0.9513285324062578,
    "recall": 0.9743133265513734,
    "inference_time": 0.12726402282714844,
    "training_time": 0,
    "dataset": "nomao",
    "model": "mlp/simple_nnw",
    "fold": "F4",
    "architecture_name": "A1",
    "fs_method": "none",
    "fs_percent": 1.0,
    "fs_n_features": 118
}