{
    "valid_loss": {
        "balanced_accuracy": 0.809195948084837,
        "accuracy": 0.8113207547169812,
        "log_loss": 0.41742619825897903,
        "roc_auc": 0.809195948084837,
        "f1": 0.8327137546468402,
        "precision": 0.7593220338983051,
        "recall": 0.9218106995884774
    }
}