{
    "balanced_accuracy": 0.7387912087912087,
    "accuracy": 0.7402031930333817
}