{
    "balanced_accuracy": 0.9716967311580119,
    "accuracy": 0.971875,
    "log_loss": 0.27395898828629217,
    "roc_auc": 0.9716967311580119,
    "f1": 0.9710610932475884,
    "precision": 0.9901639344262295,
    "recall": 0.9526813880126183,
    "inference_time": 0.01410675048828125,
    "training_time": 0,
    "dataset": "kr-vs-kp",
    "model": "mlp/simple_nd",
    "architecture_name": "A0",
    "fs_method": "random_4",
    "fs_percent": 0.7,
    "fs_n_features": 25
}