{
    "valid_loss": {
        "balanced_accuracy": 0.5627558323966361,
        "accuracy": 0.7874365001137311,
        "log_loss": 0.6546951547839104
    }
}