{
    "balanced_accuracy": 0.9849227318811637,
    "accuracy": 0.9843444227005871,
    "log_loss": 0.037902406482964536,
    "roc_auc": 0.9849227318811639,
    "f1": 0.9836734693877551,
    "precision": 0.9717741935483871,
    "recall": 0.9958677685950413,
    "inference_time": 0.012864112854003906,
    "training_time": 0,
    "dataset": "kr-vs-kp",
    "model": "mlp/simple",
    "fold": "F3",
    "architecture_name": "A0",
    "fs_method": "random_2",
    "fs_percent": 0.9,
    "fs_n_features": 32
}