{
    "valid_loss": {
        "balanced_accuracy": 0.7723171889838556,
        "accuracy": 0.7756813417190775,
        "log_loss": 0.4658556893968685,
        "roc_auc": 0.7723171889838556,
        "f1": 0.81195079086116,
        "precision": 0.7085889570552147,
        "recall": 0.9506172839506173
    }
}