{
    "balanced_accuracy": 0.7615227909345557,
    "accuracy": 0.8850102669404517
}