{
    "valid_loss": {
        "balanced_accuracy": 0.7828255892255893,
        "accuracy": 0.8499040307101727,
        "log_loss": 0.3250912917089118,
        "roc_auc": 0.7828255892255892,
        "f1": 0.9022907122032486,
        "precision": 0.892992580379225,
        "recall": 0.9117845117845118
    }
}