{
  "dropout": 0.1844857282331968,
  "embedding_size": 32,
  "n_head": 32,
  "n_hid": 64,
  "n_layers": 3,
  "numerical_passthrough": false,
  "optimizer__lr": 0.0002798157053895174
}