{
    "valid_loss": {
        "balanced_accuracy": 0.5544204743969142,
        "accuracy": 0.7775334571786026,
        "log_loss": 0.6715423454793289
    }
}