{
  "dropout": 0.30230487518070454,
  "embedding_size": 128,
  "n_head": 4,
  "n_hid": 512,
  "n_layers": 2,
  "numerical_passthrough": true,
  "optimizer__lr": 0.0508790071535547
}