{
    "balanced_accuracy": 0.7188405797101449,
    "accuracy": 0.6444444444444445
}