{
  "dropout": 0.09129680912007732,
  "embedding_size": 1024,
  "n_head": 4,
  "n_hid": 128,
  "n_layers": 3,
  "optimizer__lr": 0.001084831905106301
}