{
    "balanced_accuracy": 0.389921718822939,
    "accuracy": 0.5186104218362283
}