{
    "balanced_accuracy": 0.7510112949829262,
    "accuracy": 0.7510460251046025,
    "log_loss": 0.4773255754226106,
    "roc_auc": 0.7510112949829262,
    "f1": 0.7546391752577319,
    "precision": 0.756198347107438,
    "recall": 0.7530864197530864,
    "inference_time": 0.011449813842773438,
    "training_time": 0,
    "dataset": "jasmine",
    "model": "mlp/simple_nnw",
    "fold": "F1",
    "architecture_name": "A1",
    "fs_method": "random_2",
    "fs_percent": 0.4,
    "fs_n_features": 57
}