{
    "balanced_accuracy": 0.5233217774976363,
    "accuracy": 0.5454545454545454
}