{
    "balanced_accuracy": 0.9389923442696777,
    "accuracy": 0.9539437896645512,
    "log_loss": 0.12131229076343836,
    "roc_auc": 0.9389923442696777,
    "f1": 0.9679130874178878,
    "precision": 0.9618378106954557,
    "recall": 0.9740655987795576,
    "inference_time": 0.6427531242370605,
    "training_time": 438.9888441379252,
    "dataset": "nomao",
    "model": "transformer/cls",
    "fold": "F0",
    "architecture_name": "A24",
    "fs_method": "decision_tree",
    "fs_percent": 0.8,
    "fs_n_features": 94
}