{
    "valid_loss": {
        "balanced_accuracy": 0.7833175055397277,
        "accuracy": 0.7861635220125787,
        "log_loss": 0.4335627426887736,
        "roc_auc": 0.7833175055397277,
        "f1": 0.8165467625899281,
        "precision": 0.7252396166134185,
        "recall": 0.934156378600823
    }
}