{
  "dropout": 0.2693128633468308,
  "embedding_size": 32,
  "n_head": 32,
  "n_hid": 512,
  "n_layers": 2,
  "numerical_passthrough": true,
  "optimizer__lr": 8.86344908325439e-05
}