{
    "balanced_accuracy": 0.508120250109199,
    "accuracy": 0.6091018685955395
}