{
    "balanced_accuracy": 0.7348846158163551,
    "accuracy": 0.8422062963910929,
    "log_loss": 0.3376354042307008,
    "roc_auc": 0.7348846158163551,
    "f1": 0.9006686538306614,
    "precision": 0.8634538152610441,
    "recall": 0.941235898299377,
    "inference_time": 0.14631319046020508,
    "training_time": 0,
    "dataset": "adult",
    "model": "mlp/simple_nd_nnw",
    "fold": "F4",
    "architecture_name": "A0",
    "fs_method": "random_2",
    "fs_percent": 0.5,
    "fs_n_features": 7
}