{
    "balanced_accuracy": 0.9194046365534596,
    "accuracy": 0.9195121951219513,
    "log_loss": 0.2193643471754393,
    "roc_auc": 0.9194046365534597,
    "f1": 0.9230769230769231,
    "precision": 0.8859060402684564,
    "recall": 0.9635036496350365,
    "training_time": 18.850919246673584,
    "inference_time": 0.022037267684936523,
    "dataset": "sylvine",
    "model": "mlp/full",
    "fold": "F3",
    "architecture_name": "A1",
    "fs_method": "linear_model",
    "fs_percent": 0.7,
    "fs_n_features": 14
}