{
    "balanced_accuracy": 0.7162295081967213,
    "accuracy": 0.7297297297297297,
    "log_loss": 0.5676563443028305,
    "roc_auc": 0.7162295081967215,
    "f1": 0.6590909090909091,
    "precision": 0.7631578947368421,
    "recall": 0.58,
    "inference_time": 0.003450632095336914,
    "training_time": 0,
    "dataset": "australian",
    "model": "mlp/simple_nd",
    "fold": "F0",
    "architecture_name": "A0",
    "fs_method": "random_1",
    "fs_percent": 0.7,
    "fs_n_features": 9
}