{
    "balanced_accuracy": 0.7605764309764309,
    "accuracy": 0.8479846449136277,
    "log_loss": 0.324418283869124,
    "roc_auc": 0.7605764309764309,
    "f1": 0.9027823240589198,
    "precision": 0.878343949044586,
    "recall": 0.9286195286195286,
    "inference_time": 0.15260100364685059,
    "training_time": 0,
    "dataset": "adult",
    "model": "mlp/simple_nd_nnw",
    "fold": "F2",
    "architecture_name": "A0",
    "fs_method": "none",
    "fs_percent": 1.0,
    "fs_n_features": 14
}