{
    "balanced_accuracy": 0.9876033057851239,
    "accuracy": 0.9882583170254403,
    "log_loss": 0.03062216537374809,
    "roc_auc": 0.9876033057851239,
    "f1": 0.9874476987447699,
    "precision": 1.0,
    "recall": 0.9752066115702479,
    "training_time": 0.08658742904663086,
    "inference_time": 0.001150369644165039
}