{
    "balanced_accuracy": 0.8034068409913293,
    "accuracy": 0.8771929824561403
}