{
    "balanced_accuracy": 0.8241532130421019,
    "accuracy": 0.8259958071278826,
    "log_loss": 0.42617454382750175,
    "roc_auc": 0.8241532130421019,
    "f1": 0.8436911487758946,
    "precision": 0.7777777777777778,
    "recall": 0.9218106995884774,
    "training_time": 0.1070563793182373,
    "inference_time": 0.0010488033294677734,
    "dataset": "jasmine",
    "model": "xgboost",
    "fold": "F4",
    "architecture_name": "A1",
    "fs_method": "random_5",
    "fs_percent": 0.6,
    "fs_n_features": 86
}