{
    "valid_loss": {
        "balanced_accuracy": 0.7874916764887467,
        "accuracy": 0.8528282569746609,
        "log_loss": 0.31839279691860994,
        "roc_auc": 0.7874916764887467,
        "f1": 0.9041347115705235,
        "precision": 0.8953277199933961,
        "recall": 0.9131166863108268
    }
}