{
    "balanced_accuracy": 0.8620795107033639,
    "accuracy": 0.935251798561151
}