{
    "balanced_accuracy": 0.38386644140498444,
    "accuracy": 0.6206106870229008
}