{
    "balanced_accuracy": 0.783713200379867,
    "accuracy": 0.7861635220125787,
    "log_loss": 0.4487229730993844,
    "roc_auc": 0.783713200379867,
    "f1": 0.8131868131868132,
    "precision": 0.7326732673267327,
    "recall": 0.9135802469135802,
    "training_time": 0.1092824935913086,
    "inference_time": 0.0008797645568847656,
    "dataset": "jasmine",
    "model": "xgboost",
    "fold": "F2",
    "architecture_name": "A3",
    "fs_method": "decision_tree",
    "fs_percent": 0.6,
    "fs_n_features": 86
}