{
    "balanced_accuracy": 0.6955503512880562,
    "accuracy": 0.7090909090909091,
    "log_loss": 0.5365401029804474,
    "roc_auc": 0.6955503512880563,
    "f1": 0.6363636363636364,
    "precision": 0.717948717948718,
    "recall": 0.5714285714285714,
    "inference_time": 0.0031752586364746094,
    "training_time": 0,
    "dataset": "australian",
    "model": "mlp/simple_nd_nnw",
    "fold": "F3",
    "architecture_name": "A1",
    "fs_method": "random_5",
    "fs_percent": 0.6,
    "fs_n_features": 8
}