{
    "valid_loss": {
        "balanced_accuracy": 0.9451397525313388,
        "accuracy": 0.9602829162132753,
        "log_loss": 0.0971281691676002,
        "roc_auc": 0.9451397525313386,
        "f1": 0.9723868364645064,
        "precision": 0.9642410602650663,
        "recall": 0.9806714140386572
    }
}