{
    "balanced_accuracy": 0.3378181206595567,
    "accuracy": 0.45481049562682213
}