{
    "balanced_accuracy": 0.7114590329491473,
    "accuracy": 0.6580152671755726
}