{
    "balanced_accuracy": 0.6064701415764464,
    "accuracy": 0.465412004069176
}