{
    "valid_loss": {
        "balanced_accuracy": 0.6178174813135835,
        "accuracy": 0.6733118971061093,
        "log_loss": 0.9226806042714523
    }
}