{
    "balanced_accuracy": 0.7676479898702121,
    "accuracy": 0.7693920335429769,
    "log_loss": 0.45528690156446094,
    "roc_auc": 0.7676479898702121,
    "f1": 0.7916666666666666,
    "precision": 0.7333333333333333,
    "recall": 0.8600823045267489,
    "inference_time": 0.010010480880737305,
    "training_time": 0,
    "dataset": "jasmine",
    "model": "mlp/simple_nd_nn",
    "fold": "F2",
    "architecture_name": "A0",
    "fs_method": "random_3",
    "fs_percent": 0.9,
    "fs_n_features": 129
}