{
    "balanced_accuracy": 0.8924331638381577,
    "accuracy": 0.9120580235720761,
    "log_loss": 0.2303185600794333,
    "roc_auc": 0.8924331638381577,
    "f1": 0.9383500699122919,
    "precision": 0.9382308083375699,
    "recall": 0.9384693618103229,
    "inference_time": 0.10519647598266602,
    "training_time": 0,
    "dataset": "nomao",
    "model": "mlp/simple_nd_nnw",
    "fold": "F0",
    "architecture_name": "A0",
    "fs_method": "f_classif",
    "fs_percent": 0.8,
    "fs_n_features": 94
}