{
    "valid_loss": {
        "balanced_accuracy": 0.8259734093067426,
        "accuracy": 0.8280922431865828,
        "log_loss": 0.3934388509642082,
        "roc_auc": 0.8259734093067426,
        "f1": 0.8475836431226765,
        "precision": 0.7728813559322034,
        "recall": 0.9382716049382716
    }
}