{
    "valid_loss": {
        "balanced_accuracy": 0.5797932248967376,
        "accuracy": 0.6703108252947482,
        "log_loss": 0.959123607099611
    }
}