{
    "balanced_accuracy": 0.6602536491803295,
    "accuracy": 0.8118538233186611,
    "log_loss": 0.3827053458392613,
    "roc_auc": 0.6602536491803295,
    "f1": 0.8849668293904118,
    "precision": 0.8297148222039666,
    "recall": 0.9481024540700014,
    "inference_time": 0.18368077278137207,
    "training_time": 0,
    "dataset": "adult",
    "model": "mlp/simple_nnw",
    "architecture_name": "A0",
    "fs_method": "random_2",
    "fs_percent": 0.7,
    "fs_n_features": 9
}