{
    "balanced_accuracy": 0.3290905133513829,
    "accuracy": 0.5639097744360902
}