{
    "balanced_accuracy": 0.955826304249787,
    "accuracy": 0.9666364460562104,
    "log_loss": 0.09058790826466916,
    "roc_auc": 0.955826304249787,
    "f1": 0.9767147557580359,
    "precision": 0.9722852103804485,
    "recall": 0.9811848461734045,
    "training_time": 0.7940797805786133,
    "inference_time": 0.007932662963867188,
    "dataset": "nomao",
    "model": "xgboost",
    "fold": "F1",
    "architecture_name": "A1",
    "fs_method": "random_1",
    "fs_percent": 0.5,
    "fs_n_features": 59
}