{
    "balanced_accuracy": 0.6460511033681766,
    "accuracy": 0.6620689655172414
}