{
    "balanced_accuracy": 0.9545691534209385,
    "accuracy": 0.9669990933816863,
    "log_loss": 0.09237995419443162,
    "roc_auc": 0.9545691534209384,
    "f1": 0.977020202020202,
    "precision": 0.9704038123902684,
    "recall": 0.9837274345283499,
    "training_time": 1.9423773288726807,
    "inference_time": 0.007317543029785156
}