{
    "balanced_accuracy": 0.9941176470588236,
    "accuracy": 0.9777777777777777
}