{
    "balanced_accuracy": 0.4228932618844546,
    "accuracy": 0.5931297709923664
}