{
    "balanced_accuracy": 0.8844634628044766,
    "accuracy": 0.8828828828828829,
    "log_loss": 0.287624352452742,
    "roc_auc": 0.8844634628044766,
    "f1": 0.8712871287128713,
    "precision": 0.8461538461538461,
    "recall": 0.8979591836734694,
    "inference_time": 0.0033140182495117188,
    "training_time": 0,
    "dataset": "australian",
    "model": "mlp/simple",
    "fold": "F1",
    "architecture_name": "A0",
    "fs_method": "linear_model",
    "fs_percent": 0.9,
    "fs_n_features": 12
}