{
    "balanced_accuracy": 0.6787461773700306,
    "accuracy": 0.8561151079136691
}