{
    "balanced_accuracy": 0.7075635007823162,
    "accuracy": 0.794885745375408,
    "log_loss": 0.5902411545721739,
    "roc_auc": 0.7075635007823164,
    "f1": 0.863849765258216,
    "precision": 0.8203017832647462,
    "recall": 0.9122807017543859,
    "inference_time": 0.13289880752563477,
    "training_time": 0,
    "dataset": "nomao",
    "model": "mlp/simple_nd_nn",
    "fold": "F3",
    "architecture_name": "A1",
    "fs_method": "random_4",
    "fs_percent": 0.6,
    "fs_n_features": 70
}