{
    "balanced_accuracy": 0.7323400673400673,
    "accuracy": 0.8289187460012796,
    "log_loss": 0.36676359697590555,
    "roc_auc": 0.7323400673400673,
    "f1": 0.8907947398513436,
    "precision": 0.8651435824210694,
    "recall": 0.9180134680134681,
    "training_time": 0.39644908905029297,
    "inference_time": 0.0047724246978759766,
    "dataset": "adult",
    "model": "xgboost",
    "fold": "F0",
    "architecture_name": "A3",
    "fs_method": "random_4",
    "fs_percent": 0.7,
    "fs_n_features": 9
}