{
    "balanced_accuracy": 0.7859290914846471,
    "accuracy": 0.7882599580712788,
    "log_loss": 0.4483996730660978,
    "roc_auc": 0.7859290914846471,
    "f1": 0.8139963167587477,
    "precision": 0.7366666666666667,
    "recall": 0.9094650205761317,
    "inference_time": 0.09315776824951172,
    "training_time": 61.831421852111816,
    "dataset": "jasmine",
    "model": "transformer/cls",
    "fold": "F4",
    "architecture_name": "A18",
    "fs_method": "f_classif",
    "fs_percent": 0.7,
    "fs_n_features": 100
}