{
    "balanced_accuracy": 0.4211460453672494,
    "accuracy": 0.5721925133689839
}