{
    "valid_loss": {
        "balanced_accuracy": 0.8080669023965876,
        "accuracy": 0.8635781929869465,
        "log_loss": 0.29592571095713205,
        "roc_auc": 0.8080669023965876,
        "f1": 0.910660408984244,
        "precision": 0.9065576505923577,
        "recall": 0.9148004714598418
    }
}