{
    "balanced_accuracy": 0.4487705597078132,
    "accuracy": 0.5728067530901417
}