{
    "balanced_accuracy": 0.7760814814814815,
    "accuracy": 0.8646193218170185,
    "log_loss": 0.29609416499846675,
    "roc_auc": 0.7760814814814815,
    "f1": 0.9139837398373983,
    "precision": 0.8838050314465409,
    "recall": 0.9462962962962963,
    "training_time": 0.2185676097869873,
    "inference_time": 0.0037713050842285156,
    "dataset": "adult",
    "model": "xgboost",
    "fold": "F2",
    "architecture_name": "A0",
    "fs_method": "random_1",
    "fs_percent": 0.6,
    "fs_n_features": 8
}