{
    "balanced_accuracy": 0.4261917983375948,
    "accuracy": 0.49813664596273294
}