{
    "valid_loss": {
        "balanced_accuracy": 0.9379311913231843,
        "accuracy": 0.9553943789664551,
        "log_loss": 0.11821891716807534,
        "roc_auc": 0.9379311913231841,
        "f1": 0.9690410269317896,
        "precision": 0.9593820084724645,
        "recall": 0.9788965166539537
    }
}