{
    "balanced_accuracy": 0.7420666666666667,
    "accuracy": 0.8328854766474728,
    "log_loss": 0.35392396216610894,
    "roc_auc": 0.7420666666666667,
    "f1": 0.892915710068875,
    "precision": 0.8703644501278772,
    "recall": 0.9166666666666666,
    "training_time": 76.35781645774841,
    "inference_time": 0.1636209487915039,
    "dataset": "adult",
    "model": "mlp/full",
    "fold": "F2",
    "architecture_name": "A0",
    "fs_method": "decision_tree",
    "fs_percent": 0.6,
    "fs_n_features": 8
}