{
    "valid_loss": {
        "balanced_accuracy": 0.7890646910254251,
        "accuracy": 0.849116969541848,
        "log_loss": 0.3241118875855751,
        "roc_auc": 0.7890646910254251,
        "f1": 0.9011154910676843,
        "precision": 0.8977272727272727,
        "recall": 0.9045293820508503
    }
}