{
    "balanced_accuracy": 0.31313131313131315,
    "accuracy": 0.8378378378378378
}