{
    "balanced_accuracy": 0.6342439293598234,
    "accuracy": 0.8115577889447236
}