{
    "valid_loss": {
        "balanced_accuracy": 0.9296023872327674,
        "accuracy": 0.9532100108813928,
        "log_loss": 0.11399362445691602,
        "roc_auc": 0.9296023872327673,
        "f1": 0.9677661169415293,
        "precision": 0.9511296660117878,
        "recall": 0.9849949135300101
    }
}