{
    "balanced_accuracy": 0.9603824293886098,
    "accuracy": 0.9683737124619178,
    "log_loss": 0.0906883146130471,
    "roc_auc": 0.9603824293886097,
    "f1": 0.9780241935483871,
    "precision": 0.9774330042313117,
    "recall": 0.9786160984466411,
    "training_time": 0.6555349826812744,
    "inference_time": 0.004369497299194336,
    "dataset": "nomao",
    "model": "xgboost",
    "architecture_name": "A3",
    "fs_method": "random_2",
    "fs_percent": 0.5,
    "fs_n_features": 59
}