{
  "dropout": 0.25624615154035757,
  "embedding_size": 256,
  "n_head": 32,
  "n_hid": 1024,
  "n_layers": 1,
  "numerical_passthrough": false,
  "optimizer__lr": 0.02371593260168143
}