{
    "balanced_accuracy": 0.782952776336274,
    "accuracy": 0.8222222222222222
}