{
    "balanced_accuracy": 0.16424155189719675,
    "accuracy": 0.4068702290076336
}