{
    "balanced_accuracy": 0.8481379731379732,
    "accuracy": 0.8473837209302325
}