{
    "valid_loss": {
        "balanced_accuracy": 0.8498360655737704,
        "accuracy": 0.8468468468468469,
        "log_loss": 0.3889597701137406,
        "roc_auc": 0.8498360655737704,
        "f1": 0.8380952380952381,
        "precision": 0.8,
        "recall": 0.88
    }
}