{
    "balanced_accuracy": 0.8421052631578947,
    "accuracy": 0.8495297805642633
}