{
    "balanced_accuracy": 0.4614465003700787,
    "accuracy": 0.6491228070175439
}