{
    "balanced_accuracy": 0.5778151589062689,
    "accuracy": 0.659933675007537
}