{
    "balanced_accuracy": 0.6077538631346578,
    "accuracy": 0.7713567839195979
}