{
    "valid_loss": {
        "balanced_accuracy": 0.9593272171253823,
        "accuracy": 0.965034965034965,
        "log_loss": 0.086396057684565
    }
}