{
    "balanced_accuracy": 0.7795188350743907,
    "accuracy": 0.7819706498951782,
    "log_loss": 0.47457083332956435,
    "roc_auc": 0.7795188350743907,
    "f1": 0.8095238095238095,
    "precision": 0.7293729372937293,
    "recall": 0.9094650205761317,
    "inference_time": 0.011723756790161133,
    "training_time": 0,
    "dataset": "jasmine",
    "model": "mlp/simple_nd_nnw",
    "fold": "F3",
    "architecture_name": "A1",
    "fs_method": "linear_model",
    "fs_percent": 0.9,
    "fs_n_features": 129
}