{
    "valid_loss": {
        "balanced_accuracy": 0.3390090519937646,
        "accuracy": 0.6180005307654396,
        "log_loss": 1.1032824328096416
    }
}