{
    "valid_loss": {
        "balanced_accuracy": 0.5568062573059733,
        "accuracy": 0.775751601774273,
        "log_loss": 0.6885896630190823
    }
}