{
    "valid_loss": {
        "balanced_accuracy": 0.9342621173942938,
        "accuracy": 0.9528558476881233,
        "log_loss": 0.1220172682198667,
        "roc_auc": 0.9342621173942937,
        "f1": 0.9673038229376257,
        "precision": 0.9569544662851456,
        "recall": 0.9778794813119756
    }
}