{
    "balanced_accuracy": 0.7830009496676162,
    "accuracy": 0.7840670859538784,
    "log_loss": 0.4694849270456505,
    "roc_auc": 0.7830009496676162,
    "f1": 0.7984344422700587,
    "precision": 0.7611940298507462,
    "recall": 0.8395061728395061,
    "inference_time": 0.010434150695800781,
    "training_time": 0,
    "dataset": "jasmine",
    "model": "mlp/simple_nd_nn",
    "fold": "F4",
    "architecture_name": "A0",
    "fs_method": "random_3",
    "fs_percent": 0.7,
    "fs_n_features": 100
}