{
    "balanced_accuracy": 0.6673508417508418,
    "accuracy": 0.8144593730006398,
    "log_loss": 0.39537475717744625,
    "roc_auc": 0.6673508417508418,
    "f1": 0.8861673732140053,
    "precision": 0.8302441894674905,
    "recall": 0.9501683501683502,
    "inference_time": 0.18395209312438965,
    "training_time": 0,
    "dataset": "adult",
    "model": "mlp/simple_nd_nn",
    "fold": "F2",
    "architecture_name": "A1",
    "fs_method": "random_2",
    "fs_percent": 0.6,
    "fs_n_features": 8
}