{
    "balanced_accuracy": 0.8813984610237537,
    "accuracy": 0.8818181818181818,
    "log_loss": 0.2982818209195,
    "roc_auc": 0.8813984610237537,
    "f1": 0.8686868686868687,
    "precision": 0.86,
    "recall": 0.8775510204081632,
    "inference_time": 0.0040242671966552734,
    "training_time": 0,
    "dataset": "australian",
    "model": "mlp/simple",
    "fold": "F2",
    "architecture_name": "A1",
    "fs_method": "linear_model",
    "fs_percent": 0.9,
    "fs_n_features": 12
}