{
    "balanced_accuracy": 0.6452962962962963,
    "accuracy": 0.8172744721689059,
    "log_loss": 0.3887870077215938,
    "roc_auc": 0.6452962962962963,
    "f1": 0.8903394255874674,
    "precision": 0.8185540807681446,
    "recall": 0.975925925925926,
    "inference_time": 0.19237804412841797,
    "training_time": 0,
    "dataset": "adult",
    "model": "mlp/simple_nd_nn",
    "fold": "F0",
    "architecture_name": "A1",
    "fs_method": "linear_model",
    "fs_percent": 0.7,
    "fs_n_features": 9
}