{
    "balanced_accuracy": 0.8966353455782589,
    "accuracy": 0.899728014505893,
    "log_loss": 0.2973928962251203,
    "roc_auc": 0.8966353455782589,
    "f1": 0.9278350515463918,
    "precision": 0.953083109919571,
    "recall": 0.9038901601830663,
    "inference_time": 0.1119379997253418,
    "training_time": 0,
    "dataset": "nomao",
    "model": "mlp/simple",
    "fold": "F0",
    "architecture_name": "A0",
    "fs_method": "linear_model",
    "fs_percent": 0.4,
    "fs_n_features": 47
}