{
    "balanced_accuracy": 0.7907039711191336,
    "accuracy": 0.7805695142378559,
    "log_loss": 0.6996164232724801,
    "roc_auc": 0.7907039711191336,
    "f1": 0.7975270479134466,
    "precision": 0.6972972972972973,
    "recall": 0.9314079422382672,
    "inference_time": 0.012615203857421875,
    "training_time": 0,
    "dataset": "jasmine",
    "model": "mlp/simple",
    "architecture_name": "A0",
    "fs_method": "linear_model",
    "fs_percent": 0.6,
    "fs_n_features": 86
}