{
    "balanced_accuracy": 0.5972718861052538,
    "accuracy": 0.8007780507780508
}