{
    "balanced_accuracy": 0.45418006635244473,
    "accuracy": 0.5572634116937915
}