{
    "balanced_accuracy": 0.7187844922737306,
    "accuracy": 0.8266331658291457
}