{
    "balanced_accuracy": 0.6013111111111111,
    "accuracy": 0.7942418426103647,
    "log_loss": 0.4224415695969048,
    "roc_auc": 0.6013111111111111,
    "f1": 0.8777929776561787,
    "precision": 0.8000831255195345,
    "recall": 0.9722222222222222,
    "inference_time": 0.16840887069702148,
    "training_time": 0,
    "dataset": "adult",
    "model": "mlp/simple_nd",
    "fold": "F2",
    "architecture_name": "A0",
    "fs_method": "random_4",
    "fs_percent": 0.5,
    "fs_n_features": 7
}