{
    "balanced_accuracy": 0.6935483870967742,
    "accuracy": 0.7246376811594203
}