{
    "balanced_accuracy": 0.9516575009984947,
    "accuracy": 0.9530332681017613,
    "log_loss": 0.1423161967110009,
    "roc_auc": 0.9516575009984946,
    "f1": 0.9491525423728814,
    "precision": 0.9739130434782609,
    "recall": 0.9256198347107438,
    "inference_time": 0.012139081954956055,
    "training_time": 0,
    "dataset": "kr-vs-kp",
    "model": "mlp/simple_nnw",
    "fold": "F2",
    "architecture_name": "A1",
    "fs_method": "linear_model",
    "fs_percent": 0.6,
    "fs_n_features": 21
}