{
    "balanced_accuracy": 0.9307889643307015,
    "accuracy": 0.9334637964774951,
    "log_loss": 0.3377837522414922,
    "roc_auc": 0.9307889643307016,
    "f1": 0.9260869565217391,
    "precision": 0.9770642201834863,
    "recall": 0.8801652892561983,
    "inference_time": 0.058275461196899414,
    "training_time": 63.08602156799832,
    "dataset": "kr-vs-kp",
    "model": "transformer/cls",
    "fold": "F1",
    "architecture_name": "A2",
    "fs_method": "random_4",
    "fs_percent": 0.8,
    "fs_n_features": 28
}