{
    "balanced_accuracy": 0.818352158304877,
    "accuracy": 0.8200836820083682,
    "log_loss": 0.4013737990548024,
    "roc_auc": 0.818352158304877,
    "f1": 0.8389513108614233,
    "precision": 0.7697594501718213,
    "recall": 0.9218106995884774,
    "training_time": 0.12981390953063965,
    "inference_time": 0.0010499954223632812,
    "dataset": "jasmine",
    "model": "xgboost",
    "fold": "F0",
    "architecture_name": "A3",
    "fs_method": "random_1",
    "fs_percent": 0.8,
    "fs_n_features": 115
}