{
    "valid_loss": {
        "balanced_accuracy": 0.9392112177562173,
        "accuracy": 0.9588320638375045,
        "log_loss": 0.10303036475453696,
        "roc_auc": 0.9392112177562172,
        "f1": 0.9715360501567398,
        "precision": 0.9581993569131833,
        "recall": 0.9852492370295015
    }
}