{
    "balanced_accuracy": 0.7475970216606498,
    "accuracy": 0.7437185929648241,
    "log_loss": 0.583804057256901,
    "roc_auc": 0.7475970216606497,
    "f1": 0.7437185929648241,
    "precision": 0.69375,
    "recall": 0.8014440433212996,
    "inference_time": 0.013331413269042969,
    "training_time": 0,
    "dataset": "jasmine",
    "model": "mlp/simple_nd_nn",
    "architecture_name": "A0",
    "fs_method": "random_1",
    "fs_percent": 0.7,
    "fs_n_features": 100
}