{
    "balanced_accuracy": 0.507128977717213,
    "accuracy": 0.8959537572254336
}