{
    "valid_loss": {
        "balanced_accuracy": 0.32970501360699783,
        "accuracy": 0.6175835007771923,
        "log_loss": 1.11008202937142
    }
}