{
    "balanced_accuracy": 0.3333333333333333,
    "accuracy": 0.868421052631579
}