{
    "valid_loss": {
        "balanced_accuracy": 0.546470271306059,
        "accuracy": 0.7782621881871257,
        "log_loss": 0.699336912803578
    }
}