{
    "balanced_accuracy": 0.9509263355681221,
    "accuracy": 0.9593761334784185,
    "log_loss": 0.10012967705823342,
    "roc_auc": 0.950926335568122,
    "f1": 0.971494018834309,
    "precision": 0.9722363728986245,
    "recall": 0.9707527975584944,
    "training_time": 0.7501342296600342,
    "inference_time": 0.002843618392944336
}