{
    "balanced_accuracy": 0.5687686659486901,
    "accuracy": 0.6969465648854962
}