{
    "balanced_accuracy": 0.9302065486388731,
    "accuracy": 0.9304878048780488,
    "log_loss": 0.19637718300284687,
    "roc_auc": 0.9302065486388731,
    "f1": 0.9345579793340988,
    "precision": 0.8867102396514162,
    "recall": 0.9878640776699029,
    "inference_time": 0.01728200912475586,
    "training_time": 0,
    "dataset": "sylvine",
    "model": "mlp/simple",
    "fold": "F0",
    "architecture_name": "A0",
    "fs_method": "decision_tree",
    "fs_percent": 0.7,
    "fs_n_features": 14
}