{
    "balanced_accuracy": 0.8949468085106382,
    "accuracy": 0.9029850746268657
}