{
    "balanced_accuracy": 0.9884328243571231,
    "accuracy": 0.9882583170254403,
    "log_loss": 0.04252187524348076,
    "roc_auc": 0.9884328243571231,
    "f1": 0.9876543209876543,
    "precision": 0.9836065573770492,
    "recall": 0.9917355371900827,
    "training_time": 0.0717926025390625,
    "inference_time": 0.0008866786956787109,
    "dataset": "kr-vs-kp",
    "model": "xgboost",
    "fold": "F2",
    "architecture_name": "A0",
    "fs_method": "linear_model",
    "fs_percent": 0.8,
    "fs_n_features": 28
}