{
    "balanced_accuracy": 0.8677879497551628,
    "accuracy": 0.8695652173913043,
    "log_loss": 0.33445309432900655,
    "roc_auc": 0.8677879497551628,
    "f1": 0.8524590163934426,
    "precision": 0.8524590163934426,
    "recall": 0.8524590163934426,
    "inference_time": 0.00324249267578125,
    "training_time": 0,
    "dataset": "australian",
    "model": "mlp/simple_nnw",
    "architecture_name": "A0",
    "fs_method": "random_2",
    "fs_percent": 0.7,
    "fs_n_features": 9
}