{
    "valid_loss": {
        "balanced_accuracy": 0.33336382703884665,
        "accuracy": 0.6160815831374631,
        "log_loss": 1.106918467337032
    }
}