{
    "balanced_accuracy": 0.5245726495726496,
    "accuracy": 0.8703501094091903
}