{
    "balanced_accuracy": 0.8490981847333481,
    "accuracy": 0.8817769718948323,
    "log_loss": 0.2766519092282528,
    "roc_auc": 0.849098184733348,
    "f1": 0.9178220317620368,
    "precision": 0.9100224943764059,
    "recall": 0.9257564200355962,
    "inference_time": 0.12650346755981445,
    "training_time": 0,
    "dataset": "nomao",
    "model": "mlp/simple_nnw",
    "fold": "F1",
    "architecture_name": "A1",
    "fs_method": "f_classif",
    "fs_percent": 0.7,
    "fs_n_features": 82
}