{
    "balanced_accuracy": 0.5319396051103369,
    "accuracy": 0.5517241379310345
}