{
    "balanced_accuracy": 0.9049039958484691,
    "accuracy": 0.8962962962962963
}