{
    "valid_loss": {
        "balanced_accuracy": 0.9478947899132095,
        "accuracy": 0.9615524120420748,
        "log_loss": 0.10299355967650975,
        "roc_auc": 0.9478947899132095,
        "f1": 0.9732323232323232,
        "precision": 0.9666415851517431,
        "recall": 0.9799135519959319
    }
}