{
    "balanced_accuracy": 0.7814181703070593,
    "accuracy": 0.7840670859538784,
    "log_loss": 0.44682915199682616,
    "roc_auc": 0.7814181703070592,
    "f1": 0.8130671506352087,
    "precision": 0.7272727272727273,
    "recall": 0.9218106995884774,
    "inference_time": 0.011635780334472656,
    "training_time": 0,
    "dataset": "jasmine",
    "model": "mlp/simple",
    "fold": "F4",
    "architecture_name": "A0",
    "fs_method": "random_5",
    "fs_percent": 0.7,
    "fs_n_features": 100
}