{
    "balanced_accuracy": 0.5004509005238937,
    "accuracy": 0.5966386554621849
}