{
    "balanced_accuracy": 0.8320508531281365,
    "accuracy": 0.8181818181818182,
    "log_loss": 0.3567009993549312,
    "roc_auc": 0.8320508531281365,
    "f1": 0.8245614035087719,
    "precision": 0.7230769230769231,
    "recall": 0.9591836734693877,
    "inference_time": 0.002810955047607422,
    "training_time": 0,
    "dataset": "australian",
    "model": "mlp/simple_nnw",
    "fold": "F3",
    "architecture_name": "A0",
    "fs_method": "random_3",
    "fs_percent": 0.5,
    "fs_n_features": 7
}