{
    "valid_loss": {
        "balanced_accuracy": 0.769810101010101,
        "accuracy": 0.855918106206014,
        "log_loss": 0.30736981701356736,
        "roc_auc": 0.7698101010101012,
        "f1": 0.907991501879392,
        "precision": 0.8821848205779612,
        "recall": 0.9353535353535354
    }
}