{
    "balanced_accuracy": 0.6828190073052502,
    "accuracy": 0.8270676691729323
}