{
  "dropout": 0.068250104212075,
  "embedding_size": 64,
  "n_head": 4,
  "n_hid": 512,
  "n_layers": 3,
  "numerical_passthrough": true,
  "optimizer__lr": 8.699046964130922e-05
}