{
  "dropout": 0.14717651052594205,
  "embedding_size": 32,
  "n_head": 2,
  "n_hid": 32,
  "n_layers": 2,
  "numerical_passthrough": false,
  "optimizer__lr": 0.00026738444486350835
}