{
    "balanced_accuracy": 0.7895447811447811,
    "accuracy": 0.8620601407549584,
    "log_loss": 0.3013753051926296,
    "roc_auc": 0.7895447811447811,
    "f1": 0.9110120521710418,
    "precision": 0.8937479753806284,
    "recall": 0.928956228956229,
    "inference_time": 0.5277435779571533,
    "training_time": 280.8380440643856,
    "dataset": "adult",
    "model": "transformer/cls",
    "fold": "F1",
    "architecture_name": "A0",
    "fs_method": "none",
    "fs_percent": 1.0,
    "fs_n_features": 14
}