{
    "balanced_accuracy": 0.9882254447141233,
    "accuracy": 0.9882583170254403,
    "log_loss": 0.04260167399884675,
    "roc_auc": 0.9882254447141232,
    "f1": 0.987603305785124,
    "precision": 0.987603305785124,
    "recall": 0.987603305785124,
    "training_time": 0.05931353569030762,
    "inference_time": 0.0008413791656494141,
    "dataset": "kr-vs-kp",
    "model": "xgboost",
    "fold": "F2",
    "architecture_name": "A0",
    "fs_method": "decision_tree",
    "fs_percent": 0.7,
    "fs_n_features": 25
}