{
  "dropout": 0.1625496742317653,
  "embedding_size": 512,
  "n_head": 16,
  "n_hid": 64,
  "n_layers": 2,
  "numerical_passthrough": false,
  "optimizer__lr": 0.031984932303927946
}