{
    "balanced_accuracy": 0.8795448378781712,
    "accuracy": 0.8793604651162791
}