{
    "balanced_accuracy": 0.9500719703581129,
    "accuracy": 0.9630099728014506,
    "log_loss": 0.10060001313932528,
    "roc_auc": 0.9500719703581129,
    "f1": 0.9742294087923193,
    "precision": 0.9681144865679137,
    "recall": 0.9804220696669209,
    "training_time": 0.542961597442627,
    "inference_time": 0.008210182189941406,
    "dataset": "nomao",
    "model": "xgboost",
    "fold": "F1",
    "architecture_name": "A1",
    "fs_method": "random_1",
    "fs_percent": 0.4,
    "fs_n_features": 47
}