{
    "balanced_accuracy": 0.8228038507194935,
    "accuracy": 0.8508631945451908,
    "log_loss": 0.5912430104134879,
    "roc_auc": 0.8228038507194935,
    "f1": 0.8953156822810591,
    "precision": 0.9039687435739255,
    "recall": 0.8868267097034497,
    "inference_time": 0.17969560623168945,
    "training_time": 0,
    "dataset": "nomao",
    "model": "mlp/simple_nd",
    "architecture_name": "A1",
    "fs_method": "f_classif",
    "fs_percent": 0.6,
    "fs_n_features": 70
}