{
    "balanced_accuracy": 0.7642121212121212,
    "accuracy": 0.8482405630198336,
    "log_loss": 0.3247074357438448,
    "roc_auc": 0.7642121212121212,
    "f1": 0.9026592252133946,
    "precision": 0.8806854580397181,
    "recall": 0.9257575757575758,
    "training_time": 0.23460865020751953,
    "inference_time": 0.003661632537841797,
    "dataset": "adult",
    "model": "xgboost",
    "fold": "F2",
    "architecture_name": "A0",
    "fs_method": "decision_tree",
    "fs_percent": 0.9,
    "fs_n_features": 12
}