{
    "balanced_accuracy": 0.430848900441978,
    "accuracy": 0.5341614906832298
}