{
    "balanced_accuracy": 0.984715352238164,
    "accuracy": 0.9843444227005871,
    "log_loss": 0.05003921428043188,
    "roc_auc": 0.9847153522381641,
    "f1": 0.9836065573770492,
    "precision": 0.975609756097561,
    "recall": 0.9917355371900827,
    "training_time": 0.06600499153137207,
    "inference_time": 0.0010685920715332031,
    "dataset": "kr-vs-kp",
    "model": "xgboost",
    "fold": "F1",
    "architecture_name": "A1",
    "fs_method": "decision_tree",
    "fs_percent": 0.4,
    "fs_n_features": 14
}