{
    "balanced_accuracy": 0.7534821145932258,
    "accuracy": 0.7547169811320755,
    "log_loss": 0.4747701962016341,
    "roc_auc": 0.7534821145932257,
    "f1": 0.7728155339805826,
    "precision": 0.7316176470588235,
    "recall": 0.8189300411522634,
    "inference_time": 0.012251138687133789,
    "training_time": 0,
    "dataset": "jasmine",
    "model": "mlp/simple",
    "fold": "F4",
    "architecture_name": "A0",
    "fs_method": "random_4",
    "fs_percent": 0.5,
    "fs_n_features": 72
}