{
    "balanced_accuracy": 0.9096603787054057,
    "accuracy": 0.9097560975609756,
    "log_loss": 0.239090514947313,
    "roc_auc": 0.9096603787054057,
    "f1": 0.9133489461358314,
    "precision": 0.8803611738148984,
    "recall": 0.948905109489051,
    "inference_time": 0.018944740295410156,
    "training_time": 0,
    "dataset": "sylvine",
    "model": "mlp/simple_nd_nnw",
    "fold": "F3",
    "architecture_name": "A1",
    "fs_method": "f_classif",
    "fs_percent": 0.8,
    "fs_n_features": 16
}