{
    "balanced_accuracy": 0.8206178258443066,
    "accuracy": 0.9764621968616263
}