{
    "balanced_accuracy": 0.9505734163547898,
    "accuracy": 0.9626473254759746,
    "log_loss": 0.1029041352706453,
    "roc_auc": 0.9505734163547898,
    "f1": 0.9739438401214268,
    "precision": 0.9690410269317896,
    "recall": 0.9788965166539537,
    "training_time": 0.47274017333984375,
    "inference_time": 0.003659486770629883,
    "dataset": "nomao",
    "model": "xgboost",
    "fold": "F1",
    "architecture_name": "A0",
    "fs_method": "random_1",
    "fs_percent": 0.7,
    "fs_n_features": 82
}