{
    "balanced_accuracy": 0.9830639958216842,
    "accuracy": 0.9823874755381604,
    "log_loss": 0.06105610369591262,
    "roc_auc": 0.9830639958216844,
    "f1": 0.9816700610997964,
    "precision": 0.9678714859437751,
    "recall": 0.9958677685950413,
    "training_time": 0.07301568984985352,
    "inference_time": 0.000934600830078125
}