{
    "balanced_accuracy": 0.5575373905642023,
    "accuracy": 0.557504873294347
}