{
    "balanced_accuracy": 0.8474358974358974,
    "accuracy": 0.8405797101449275
}