{
    "balanced_accuracy": 0.8691870190699231,
    "accuracy": 0.8727272727272727,
    "log_loss": 0.30113720998693405,
    "roc_auc": 0.8691870190699231,
    "f1": 0.8541666666666666,
    "precision": 0.8723404255319149,
    "recall": 0.8367346938775511,
    "training_time": 0.03380584716796875,
    "inference_time": 0.0005702972412109375,
    "dataset": "australian",
    "model": "xgboost",
    "fold": "F2",
    "architecture_name": "A3",
    "fs_method": "random_5",
    "fs_percent": 0.6,
    "fs_n_features": 8
}