{
    "balanced_accuracy": 0.9536747905559786,
    "accuracy": 0.953170731707317,
    "log_loss": 0.15652139289013636,
    "roc_auc": 0.9536747905559786,
    "f1": 0.9541108986615678,
    "precision": 0.922365988909427,
    "recall": 0.9881188118811881
}