{
    "balanced_accuracy": 0.7773029439696106,
    "accuracy": 0.779874213836478,
    "log_loss": 0.46393661479861403,
    "roc_auc": 0.7773029439696106,
    "f1": 0.8087431693989071,
    "precision": 0.7254901960784313,
    "recall": 0.9135802469135802,
    "inference_time": 0.014287471771240234,
    "training_time": 0,
    "dataset": "jasmine",
    "model": "mlp/simple",
    "fold": "F2",
    "architecture_name": "A1",
    "fs_method": "linear_model",
    "fs_percent": 0.4,
    "fs_n_features": 57
}