{
    "balanced_accuracy": 0.46126050420168063,
    "accuracy": 0.8222222222222222
}