{
    "valid_loss": {
        "balanced_accuracy": 0.777346127946128,
        "accuracy": 0.8615483045425464,
        "log_loss": 0.3023089603343445,
        "roc_auc": 0.7773461279461279,
        "f1": 0.9116013071895425,
        "precision": 0.8855555555555555,
        "recall": 0.9392255892255892
    }
}