{
    "balanced_accuracy": 0.4487620158472235,
    "accuracy": 0.6236641221374046
}