{
    "balanced_accuracy": 0.8246650906225375,
    "accuracy": 0.8263598326359832,
    "log_loss": 0.3891441313168256,
    "roc_auc": 0.8246650906225375,
    "f1": 0.8442776735459663,
    "precision": 0.7758620689655172,
    "recall": 0.9259259259259259,
    "training_time": 0.08954763412475586,
    "inference_time": 0.0008327960968017578,
    "dataset": "jasmine",
    "model": "xgboost",
    "fold": "F0",
    "architecture_name": "A1",
    "fs_method": "random_4",
    "fs_percent": 0.9,
    "fs_n_features": 129
}