{
    "balanced_accuracy": 0.719556228956229,
    "accuracy": 0.817530390275112,
    "log_loss": 0.4073572693273505,
    "roc_auc": 0.719556228956229,
    "f1": 0.8832296102194562,
    "precision": 0.8598533163265306,
    "recall": 0.9079124579124579,
    "inference_time": 0.18103504180908203,
    "training_time": 0,
    "dataset": "adult",
    "model": "mlp/simple",
    "fold": "F1",
    "architecture_name": "A0",
    "fs_method": "random_3",
    "fs_percent": 0.5,
    "fs_n_features": 7
}