{
    "balanced_accuracy": 0.48020098395983773,
    "accuracy": 0.5391304347826087
}