{
    "valid_loss": {
        "balanced_accuracy": 0.5648030791944397,
        "accuracy": 0.7854272499810449,
        "log_loss": 0.6688764136060538
    }
}