{
    "balanced_accuracy": 0.5614751305437186,
    "accuracy": 0.6990068754774638
}