{
    "balanced_accuracy": 0.963639435927371,
    "accuracy": 0.9647749510763209,
    "log_loss": 0.0705850413825753,
    "roc_auc": 0.9636394359273709,
    "f1": 0.9620253164556962,
    "precision": 0.9827586206896551,
    "recall": 0.9421487603305785,
    "training_time": 0.07137870788574219,
    "inference_time": 0.0008823871612548828,
    "dataset": "kr-vs-kp",
    "model": "xgboost",
    "fold": "F4",
    "architecture_name": "A0",
    "fs_method": "random_4",
    "fs_percent": 0.8,
    "fs_n_features": 28
}