{
    "valid_loss": {
        "balanced_accuracy": 0.3384177983495657,
        "accuracy": 0.6188725025590477,
        "log_loss": 1.1088359739019638
    }
}