{
    "balanced_accuracy": 0.9833333333333334,
    "accuracy": 0.9928057553956835
}