{
    "valid_loss": {
        "balanced_accuracy": 0.9378815656296098,
        "accuracy": 0.9577439245556765,
        "log_loss": 0.10957597252708257,
        "roc_auc": 0.9378815656296098,
        "f1": 0.9707836990595611,
        "precision": 0.9574573336631215,
        "recall": 0.9844862665310274
    }
}