{
    "balanced_accuracy": 0.7661136218218556,
    "accuracy": 0.8533401586895316,
    "log_loss": 0.3172671314917779,
    "roc_auc": 0.7661136218218556,
    "f1": 0.9063572479163262,
    "precision": 0.8804572154310208,
    "recall": 0.9338272436437111,
    "training_time": 0.4678804874420166,
    "inference_time": 0.007088422775268555,
    "dataset": "adult",
    "model": "xgboost",
    "fold": "F4",
    "architecture_name": "A3",
    "fs_method": "linear_model",
    "fs_percent": 0.8,
    "fs_n_features": 11
}