{
    "balanced_accuracy": 0.37340048840048834,
    "accuracy": 0.5904522613065326
}