{
    "balanced_accuracy": 0.877676843165271,
    "accuracy": 0.9241259248512984,
    "log_loss": 0.2548818786672763,
    "roc_auc": 0.877676843165271,
    "f1": 0.9490997566909976,
    "precision": 0.9168860473862355,
    "recall": 0.9836594714545088,
    "inference_time": 0.18072748184204102,
    "training_time": 0,
    "dataset": "nomao",
    "model": "mlp/simple_nd",
    "architecture_name": "A1",
    "fs_method": "random_4",
    "fs_percent": 0.8,
    "fs_n_features": 94
}