{
    "balanced_accuracy": 0.6291730264960276,
    "accuracy": 0.63125
}