{
    "valid_loss": {
        "balanced_accuracy": 0.3313874992112981,
        "accuracy": 0.6188111304875274,
        "log_loss": 1.1064044998481377
    }
}