{
    "balanced_accuracy": 0.8316905615292712,
    "accuracy": 0.8992805755395683
}