{
    "balanced_accuracy": 0.76497156239545,
    "accuracy": 0.7727272727272727,
    "log_loss": 0.49916240354452546,
    "roc_auc": 0.7649715623954499,
    "f1": 0.7311827956989247,
    "precision": 0.7727272727272727,
    "recall": 0.6938775510204082,
    "inference_time": 0.004079580307006836,
    "training_time": 0,
    "dataset": "australian",
    "model": "mlp/simple",
    "fold": "F3",
    "architecture_name": "A1",
    "fs_method": "f_classif",
    "fs_percent": 0.4,
    "fs_n_features": 5
}