{
    "balanced_accuracy": 0.9527989337395277,
    "accuracy": 0.9521951219512195,
    "log_loss": 0.20908046102634564,
    "roc_auc": 0.9527989337395278,
    "f1": 0.9534662867996201,
    "precision": 0.916058394160584,
    "recall": 0.994059405940594
}