{
    "balanced_accuracy": 0.5060648784347319,
    "accuracy": 0.5048780487804878,
    "log_loss": 1.0092106474418756,
    "roc_auc": 0.5060648784347319,
    "f1": 0.037914691943127965,
    "precision": 0.7272727272727273,
    "recall": 0.019464720194647202,
    "inference_time": 0.01594829559326172,
    "training_time": 0,
    "dataset": "sylvine",
    "model": "mlp/simple_nd_nn",
    "fold": "F2",
    "architecture_name": "A0",
    "fs_method": "random_1",
    "fs_percent": 0.7,
    "fs_n_features": 14
}