{
    "balanced_accuracy": 0.8913467658939077,
    "accuracy": 0.8914634146341464,
    "log_loss": 0.2548642416261041,
    "roc_auc": 0.8913467658939077,
    "f1": 0.8966318234610917,
    "precision": 0.8577777777777778,
    "recall": 0.9391727493917275,
    "inference_time": 0.015471935272216797,
    "training_time": 0,
    "dataset": "sylvine",
    "model": "mlp/simple_nnw",
    "fold": "F2",
    "architecture_name": "A0",
    "fs_method": "f_classif",
    "fs_percent": 0.8,
    "fs_n_features": 16
}