{
    "balanced_accuracy": 0.8342830009496676,
    "accuracy": 0.8364779874213837,
    "log_loss": 0.3834188890128094,
    "roc_auc": 0.8342830009496677,
    "f1": 0.8555555555555555,
    "precision": 0.7777777777777778,
    "recall": 0.9506172839506173,
    "inference_time": 0.10741543769836426,
    "training_time": 54.63666272163392,
    "dataset": "jasmine",
    "model": "transformer/cls",
    "fold": "F4",
    "architecture_name": "A28",
    "fs_method": "none",
    "fs_percent": 1.0,
    "fs_n_features": 144
}