{
    "balanced_accuracy": 0.6855165831543785,
    "accuracy": 0.7202072538860104
}