{
    "valid_loss": {
        "balanced_accuracy": 0.6733333333333333,
        "accuracy": 0.9583333333333334,
        "log_loss": 0.13257649867431295
    }
}