{
    "balanced_accuracy": 0.10871089138134593,
    "accuracy": 0.4211344211344211
}