{
    "balanced_accuracy": 0.5551716902453224,
    "accuracy": 0.8763676148796499
}