{
    "balanced_accuracy": 0.7537216815401022,
    "accuracy": 0.8431021243921167,
    "log_loss": 0.3403966144266858,
    "roc_auc": 0.7537216815401021,
    "f1": 0.8996726677577741,
    "precision": 0.8751791116064321,
    "recall": 0.9255766964135377,
    "training_time": 111.44947743415833,
    "inference_time": 0.20734620094299316,
    "dataset": "adult",
    "model": "mlp/full",
    "fold": "F3",
    "architecture_name": "A1",
    "fs_method": "decision_tree",
    "fs_percent": 0.8,
    "fs_n_features": 11
}