{
    "balanced_accuracy": 0.7297780959198282,
    "accuracy": 0.7305699481865285
}