{
    "balanced_accuracy": 0.5278985055405955,
    "accuracy": 0.6809160305343511
}