{
    "valid_loss": {
        "balanced_accuracy": 0.8326153576744593,
        "accuracy": 0.8347280334728033,
        "log_loss": 0.3864845473270645,
        "roc_auc": 0.8326153576744594,
        "f1": 0.8550458715596331,
        "precision": 0.7715231788079471,
        "recall": 0.9588477366255144
    }
}