{
    "balanced_accuracy": 0.6061120543293719,
    "accuracy": 0.6086956521739131
}