{
    "balanced_accuracy": 0.7539499670836076,
    "accuracy": 0.7657657657657657,
    "log_loss": 0.5010032530865404,
    "roc_auc": 0.7539499670836076,
    "f1": 0.7111111111111111,
    "precision": 0.7804878048780488,
    "recall": 0.6530612244897959,
    "training_time": 2.0437095165252686,
    "inference_time": 0.0036029815673828125,
    "dataset": "australian",
    "model": "mlp/full",
    "fold": "F1",
    "architecture_name": "A1",
    "fs_method": "f_classif",
    "fs_percent": 0.4,
    "fs_n_features": 5
}