{
    "balanced_accuracy": 0.6692941201991766,
    "accuracy": 0.7732623605282014,
    "log_loss": 0.486397867227585,
    "roc_auc": 0.6692941201991767,
    "f1": 0.8537084736807344,
    "precision": 0.8410983862571577,
    "recall": 0.8667024272495641,
    "inference_time": 0.19763398170471191,
    "training_time": 0,
    "dataset": "adult",
    "model": "mlp/simple_nd",
    "architecture_name": "A0",
    "fs_method": "random_3",
    "fs_percent": 0.4,
    "fs_n_features": 5
}