{
    "valid_loss": {
        "balanced_accuracy": 0.797513430992872,
        "accuracy": 0.8547478884054261,
        "log_loss": 0.3126072842451357,
        "roc_auc": 0.797513430992872,
        "f1": 0.9047419219471254,
        "precision": 0.9019410977242303,
        "recall": 0.9075601953190773
    }
}