{
    "balanced_accuracy": 0.9655058527143691,
    "accuracy": 0.9647749510763209,
    "log_loss": 0.3056875066257393,
    "roc_auc": 0.9655058527143691,
    "f1": 0.9634146341463414,
    "precision": 0.948,
    "recall": 0.9793388429752066,
    "inference_time": 0.05404925346374512,
    "training_time": 73.7256179397756,
    "dataset": "kr-vs-kp",
    "model": "transformer/cls",
    "fold": "F3",
    "architecture_name": "A30",
    "fs_method": "f_classif",
    "fs_percent": 0.5,
    "fs_n_features": 18
}