{
    "valid_loss": {
        "balanced_accuracy": 0.7675688509021843,
        "accuracy": 0.7714884696016772,
        "log_loss": 0.44274865497305216,
        "roc_auc": 0.7675688509021842,
        "f1": 0.8130360205831904,
        "precision": 0.6970588235294117,
        "recall": 0.9753086419753086
    }
}