{
    "valid_loss": {
        "balanced_accuracy": 0.5999703360308418,
        "accuracy": 0.6740272269267874,
        "log_loss": 0.9429890369604473
    }
}