{
    "balanced_accuracy": 0.6457822922177137,
    "accuracy": 0.41684901531728663
}