{
    "balanced_accuracy": 0.7613674767273957,
    "accuracy": 0.7729941291585127,
    "log_loss": 2.304690520060288,
    "roc_auc": 0.7613674767273957,
    "f1": 0.6931216931216931,
    "precision": 0.9632352941176471,
    "recall": 0.5413223140495868,
    "inference_time": 0.05735158920288086,
    "training_time": 72.49953841005714,
    "dataset": "kr-vs-kp",
    "model": "transformer/cls",
    "fold": "F2",
    "architecture_name": "A2",
    "fs_method": "random_5",
    "fs_percent": 0.5,
    "fs_n_features": 18
}