{
    "balanced_accuracy": 0.7074365342163356,
    "accuracy": 0.8040201005025126
}