{
    "balanced_accuracy": 0.9642615748563704,
    "accuracy": 0.9647749510763209,
    "log_loss": 0.11977141909844305,
    "roc_auc": 0.9642615748563704,
    "f1": 0.9625,
    "precision": 0.9705882352941176,
    "recall": 0.9545454545454546,
    "inference_time": 0.010959148406982422,
    "training_time": 0,
    "dataset": "kr-vs-kp",
    "model": "mlp/simple",
    "fold": "F3",
    "architecture_name": "A0",
    "fs_method": "f_classif",
    "fs_percent": 0.9,
    "fs_n_features": 32
}