{
    "valid_loss": {
        "balanced_accuracy": 0.33385928496362866,
        "accuracy": 0.6149063613617408,
        "log_loss": 1.103100040578592
    }
}