{
    "balanced_accuracy": 0.8359788359788359,
    "accuracy": 0.8372093023255814
}