{
    "valid_loss": {
        "balanced_accuracy": 0.3359949410898912,
        "accuracy": 0.6177875502312533,
        "log_loss": 1.1091357604838157
    }
}