{
    "balanced_accuracy": 0.5163681284743669,
    "accuracy": 0.14332603938730853
}