{
  "dropout": 0.35117124199007643,
  "embedding_size": 128,
  "n_head": 32,
  "n_hid": 64,
  "n_layers": 3,
  "numerical_passthrough": false,
  "optimizer__lr": 0.0018909094125142624
}