{
    "balanced_accuracy": 0.6651851851851851,
    "accuracy": 0.8239283429302623,
    "log_loss": 0.3923424028994531,
    "roc_auc": 0.6651851851851851,
    "f1": 0.8933663980161191,
    "precision": 0.8276852383687536,
    "recall": 0.9703703703703703,
    "training_time": 0.21083283424377441,
    "inference_time": 0.0037794113159179688,
    "dataset": "adult",
    "model": "xgboost",
    "fold": "F0",
    "architecture_name": "A0",
    "fs_method": "linear_model",
    "fs_percent": 0.4,
    "fs_n_features": 5
}