{
    "balanced_accuracy": 0.8013611902500791,
    "accuracy": 0.8029350104821803,
    "log_loss": 0.43414087392171574,
    "roc_auc": 0.8013611902500791,
    "f1": 0.8206106870229007,
    "precision": 0.7651245551601423,
    "recall": 0.8847736625514403,
    "training_time": 0.08212780952453613,
    "inference_time": 0.0008482933044433594,
    "dataset": "jasmine",
    "model": "xgboost",
    "fold": "F3",
    "architecture_name": "A1",
    "fs_method": "decision_tree",
    "fs_percent": 0.6,
    "fs_n_features": 86
}