{
    "valid_loss": {
        "balanced_accuracy": 0.3353389968605562,
        "accuracy": 0.6192516207301816,
        "log_loss": 1.1039370991371826
    }
}