{
    "balanced_accuracy": 0.8938250096786682,
    "accuracy": 0.896551724137931
}