{
    "valid_loss": {
        "balanced_accuracy": 0.6047265008998024,
        "accuracy": 0.6682388251688284,
        "log_loss": 0.9467564960203162
    }
}