{
    "balanced_accuracy": 0.8140968391559409,
    "accuracy": 0.8158995815899581,
    "log_loss": 0.3918940937057944,
    "roc_auc": 0.8140968391559409,
    "f1": 0.835820895522388,
    "precision": 0.764505119453925,
    "recall": 0.9218106995884774,
    "training_time": 6.5534069538116455,
    "inference_time": 0.01028585433959961,
    "dataset": "jasmine",
    "model": "mlp/full",
    "fold": "F0",
    "architecture_name": "A0",
    "fs_method": "decision_tree",
    "fs_percent": 0.7,
    "fs_n_features": 100
}