{
    "balanced_accuracy": 0.8628303780528606,
    "accuracy": 0.8545454545454545,
    "log_loss": 0.3409177772916571,
    "roc_auc": 0.8628303780528606,
    "f1": 0.8518518518518519,
    "precision": 0.7796610169491526,
    "recall": 0.9387755102040817,
    "inference_time": 0.003459453582763672,
    "training_time": 0,
    "dataset": "australian",
    "model": "mlp/simple_nd",
    "fold": "F3",
    "architecture_name": "A0",
    "fs_method": "linear_model",
    "fs_percent": 0.9,
    "fs_n_features": 12
}