{
    "valid_loss": {
        "balanced_accuracy": 0.5692576049173707,
        "accuracy": 0.7839405542707661,
        "log_loss": 0.6698501885152267
    }
}