{
    "valid_loss": {
        "balanced_accuracy": 0.9140180662428905,
        "accuracy": 0.9090909090909091,
        "log_loss": 0.30598247697560244,
        "roc_auc": 0.9140180662428905,
        "f1": 0.9038461538461539,
        "precision": 0.8545454545454545,
        "recall": 0.9591836734693877
    }
}