{
    "balanced_accuracy": 0.47835314091680814,
    "accuracy": 0.5072463768115942
}