{
    "balanced_accuracy": 0.910411875190272,
    "accuracy": 0.9334421472615161,
    "log_loss": 0.1617398177359768,
    "roc_auc": 0.910411875190272,
    "f1": 0.9538538916132278,
    "precision": 0.9435323383084577,
    "recall": 0.9644037630307654,
    "inference_time": 0.1319422721862793,
    "training_time": 0,
    "dataset": "nomao",
    "model": "mlp/simple_nd_nn",
    "fold": "F3",
    "architecture_name": "A1",
    "fs_method": "random_1",
    "fs_percent": 0.9,
    "fs_n_features": 106
}