{
    "balanced_accuracy": 0.5591076670990647,
    "accuracy": 0.7669172932330827
}