{
    "balanced_accuracy": 0.5014598540145986,
    "accuracy": 0.3048346055979644
}