{
    "balanced_accuracy": 0.8285277581492518,
    "accuracy": 0.8336594911937377,
    "log_loss": 0.33037863045325955,
    "roc_auc": 0.828527758149252,
    "f1": 0.806378132118451,
    "precision": 0.8984771573604061,
    "recall": 0.731404958677686,
    "training_time": 0.0621485710144043,
    "inference_time": 0.0009083747863769531,
    "dataset": "kr-vs-kp",
    "model": "xgboost",
    "fold": "F1",
    "architecture_name": "A0",
    "fs_method": "random_4",
    "fs_percent": 0.4,
    "fs_n_features": 14
}