{
    "balanced_accuracy": 0.8429170098196017,
    "accuracy": 0.8608995284729779,
    "log_loss": 0.3662935504289698,
    "roc_auc": 0.8429170098196017,
    "f1": 0.9007633587786259,
    "precision": 0.917017913593256,
    "recall": 0.8850750063564709,
    "inference_time": 0.13038110733032227,
    "training_time": 0,
    "dataset": "nomao",
    "model": "mlp/simple_nd_nn",
    "fold": "F3",
    "architecture_name": "A1",
    "fs_method": "decision_tree",
    "fs_percent": 0.6,
    "fs_n_features": 70
}