{
    "balanced_accuracy": 0.2689569619856631,
    "accuracy": 0.3801242236024845
}