{
    "balanced_accuracy": 0.784267173156062,
    "accuracy": 0.7861635220125787,
    "log_loss": 0.46768112385773997,
    "roc_auc": 0.784267173156062,
    "f1": 0.8082706766917294,
    "precision": 0.7439446366782007,
    "recall": 0.8847736625514403,
    "inference_time": 0.011820554733276367,
    "training_time": 0,
    "dataset": "jasmine",
    "model": "mlp/simple_nd_nn",
    "fold": "F3",
    "architecture_name": "A1",
    "fs_method": "none",
    "fs_percent": 1.0,
    "fs_n_features": 144
}