{
    "balanced_accuracy": 0.7661443494776827,
    "accuracy": 0.7693920335429769,
    "log_loss": 0.4746192999165046,
    "roc_auc": 0.7661443494776828,
    "f1": 0.8056537102473498,
    "precision": 0.7058823529411765,
    "recall": 0.9382716049382716,
    "training_time": 9.131322145462036,
    "inference_time": 0.022588014602661133,
    "dataset": "jasmine",
    "model": "mlp/full",
    "fold": "F3",
    "architecture_name": "A1",
    "fs_method": "f_classif",
    "fs_percent": 0.4,
    "fs_n_features": 57
}