{
    "balanced_accuracy": 0.9981412639405205,
    "accuracy": 0.9980430528375733,
    "log_loss": 0.014611020743621094,
    "roc_auc": 0.9981412639405204,
    "f1": 0.9979381443298969,
    "precision": 0.9958847736625515,
    "recall": 1.0,
    "inference_time": 0.06125140190124512,
    "training_time": 30.117866814136505,
    "dataset": "kr-vs-kp",
    "model": "transformer/cls",
    "fold": "F3",
    "architecture_name": "A22",
    "fs_method": "none",
    "fs_percent": 1.0,
    "fs_n_features": 36
}