{
    "balanced_accuracy": 0.9470397837832276,
    "accuracy": 0.9619151251360174,
    "log_loss": 0.09714926322274683,
    "roc_auc": 0.9470397837832276,
    "f1": 0.9735249621785174,
    "precision": 0.96525,
    "recall": 0.981943031536114,
    "inference_time": 0.521822452545166,
    "training_time": 571.3662959155389,
    "dataset": "nomao",
    "model": "transformer/cls",
    "fold": "F4",
    "architecture_name": "A8",
    "fs_method": "none",
    "fs_percent": 1.0,
    "fs_n_features": 118
}