{
    "balanced_accuracy": 0.9599279557107466,
    "accuracy": 0.9679057116953762,
    "log_loss": 0.08775633224156251,
    "roc_auc": 0.9599279557107466,
    "f1": 0.9775238095238096,
    "precision": 0.9764079147640792,
    "recall": 0.9786422578184591,
    "training_time": 0.48435330390930176,
    "inference_time": 0.0037534236907958984,
    "dataset": "nomao",
    "model": "xgboost",
    "fold": "F0",
    "architecture_name": "A0",
    "fs_method": "random_2",
    "fs_percent": 0.7,
    "fs_n_features": 82
}