{
    "balanced_accuracy": 0.5866445402439622,
    "accuracy": 0.67293997965412
}