{
    "balanced_accuracy": 0.36910235175452566,
    "accuracy": 0.581453634085213
}