{
    "valid_loss": {
        "balanced_accuracy": 0.9349025082534567,
        "accuracy": 0.954842219804135,
        "log_loss": 0.11015885119065083,
        "roc_auc": 0.9349025082534567,
        "f1": 0.9687539214456017,
        "precision": 0.9561555610601932,
        "recall": 0.9816887080366226
    }
}