{
    "balanced_accuracy": 0.9113539527209078,
    "accuracy": 0.9363438520130577,
    "log_loss": 0.16229895933570707,
    "roc_auc": 0.9113539527209078,
    "f1": 0.9560095250031332,
    "precision": 0.942426488757104,
    "recall": 0.9699898270600203,
    "training_time": 230.45184230804443,
    "inference_time": 0.10663437843322754,
    "dataset": "nomao",
    "model": "mlp/full",
    "fold": "F4",
    "architecture_name": "A0",
    "fs_method": "f_classif",
    "fs_percent": 0.5,
    "fs_n_features": 59
}