{
    "balanced_accuracy": 0.65625,
    "accuracy": 0.7272727272727273
}