{
    "balanced_accuracy": 0.780534448825398,
    "accuracy": 0.7182240278583866
}