{
  "dropout": 0.0016909672967685974,
  "embedding_size": 64,
  "n_head": 1,
  "n_hid": 512,
  "n_layers": 3,
  "numerical_passthrough": false,
  "optimizer__lr": 3.74276172268892e-05
}