{
    "balanced_accuracy": 0.42458414651960846,
    "accuracy": 0.6335877862595419
}