{
    "valid_loss": {
        "balanced_accuracy": 0.3324570275658602,
        "accuracy": 0.6167115289835842,
        "log_loss": 1.1022716490021176
    }
}