{
    "balanced_accuracy": 0.3211929745434654,
    "accuracy": 0.45714285714285713
}