{
    "balanced_accuracy": 0.9514578020830133,
    "accuracy": 0.9510763209393346,
    "log_loss": 0.09141304354706807,
    "roc_auc": 0.9514578020830133,
    "f1": 0.9488752556237219,
    "precision": 0.9392712550607287,
    "recall": 0.9586776859504132,
    "training_time": 0.059757232666015625,
    "inference_time": 0.0007464885711669922,
    "dataset": "kr-vs-kp",
    "model": "xgboost",
    "fold": "F4",
    "architecture_name": "A1",
    "fs_method": "random_2",
    "fs_percent": 0.7,
    "fs_n_features": 25
}