{
    "balanced_accuracy": 0.7208196721311475,
    "accuracy": 0.7387387387387387,
    "log_loss": 0.5608937867254224,
    "roc_auc": 0.7208196721311476,
    "f1": 0.6506024096385542,
    "precision": 0.8181818181818182,
    "recall": 0.54,
    "inference_time": 0.003351926803588867,
    "training_time": 0,
    "dataset": "australian",
    "model": "mlp/simple_nd",
    "fold": "F0",
    "architecture_name": "A0",
    "fs_method": "decision_tree",
    "fs_percent": 0.4,
    "fs_n_features": 5
}