{
    "balanced_accuracy": 0.8876257443530301,
    "accuracy": 0.8878048780487805,
    "log_loss": 0.27778227018866536,
    "roc_auc": 0.8876257443530301,
    "f1": 0.8956916099773242,
    "precision": 0.8386411889596603,
    "recall": 0.9610705596107056,
    "inference_time": 0.019044160842895508,
    "training_time": 0,
    "dataset": "sylvine",
    "model": "mlp/simple",
    "fold": "F3",
    "architecture_name": "A0",
    "fs_method": "random_2",
    "fs_percent": 0.7,
    "fs_n_features": 14
}