{
    "balanced_accuracy": 0.7849932659932659,
    "accuracy": 0.8701215611004478,
    "log_loss": 0.28530028191393364,
    "roc_auc": 0.7849932659932659,
    "f1": 0.9173789173789174,
    "precision": 0.888100866824271,
    "recall": 0.9486531986531986,
    "training_time": 0.2533609867095947,
    "inference_time": 0.003036022186279297
}