{
    "valid_loss": {
        "balanced_accuracy": 0.7796771130104463,
        "accuracy": 0.7819706498951782,
        "log_loss": 0.46596058130622336,
        "roc_auc": 0.7796771130104463,
        "f1": 0.8081180811808119,
        "precision": 0.7324414715719063,
        "recall": 0.9012345679012346
    }
}