{
    "balanced_accuracy": 0.8252459016393443,
    "accuracy": 0.8198198198198198,
    "log_loss": 0.41528002505534406,
    "roc_auc": 0.8252459016393442,
    "f1": 0.8148148148148148,
    "precision": 0.7586206896551724,
    "recall": 0.88,
    "training_time": 0.02951955795288086,
    "inference_time": 0.0005497932434082031,
    "dataset": "australian",
    "model": "xgboost",
    "fold": "F0",
    "architecture_name": "A1",
    "fs_method": "random_1",
    "fs_percent": 0.5,
    "fs_n_features": 7
}