{
    "balanced_accuracy": 0.7951092117758785,
    "accuracy": 0.7966457023060797,
    "log_loss": 0.43046144228041083,
    "roc_auc": 0.7951092117758785,
    "f1": 0.8145315487571702,
    "precision": 0.7607142857142857,
    "recall": 0.8765432098765432,
    "training_time": 0.12044334411621094,
    "inference_time": 0.0008869171142578125,
    "dataset": "jasmine",
    "model": "xgboost",
    "fold": "F3",
    "architecture_name": "A3",
    "fs_method": "f_classif",
    "fs_percent": 0.9,
    "fs_n_features": 129
}