{
    "balanced_accuracy": 0.7661212121212121,
    "accuracy": 0.8483685220729367,
    "log_loss": 0.322515331170889,
    "roc_auc": 0.7661212121212122,
    "f1": 0.9025893958076449,
    "precision": 0.8819277108433735,
    "recall": 0.9242424242424242,
    "training_time": 0.24303460121154785,
    "inference_time": 0.003791332244873047,
    "dataset": "adult",
    "model": "xgboost",
    "fold": "F1",
    "architecture_name": "A0",
    "fs_method": "random_1",
    "fs_percent": 0.8,
    "fs_n_features": 11
}