{
    "balanced_accuracy": 0.5430719803575632,
    "accuracy": 0.6364184504069943
}