{
    "balanced_accuracy": 0.4298359977632362,
    "accuracy": 0.555321073258969
}