{
    "balanced_accuracy": 0.6425225828036133,
    "accuracy": 0.6636363636363637,
    "log_loss": 0.6319824128012502,
    "roc_auc": 0.6425225828036133,
    "f1": 0.5432098765432098,
    "precision": 0.6875,
    "recall": 0.4489795918367347,
    "training_time": 0.017713308334350586,
    "inference_time": 0.0005278587341308594,
    "dataset": "australian",
    "model": "xgboost",
    "fold": "F4",
    "architecture_name": "A0",
    "fs_method": "random_3",
    "fs_percent": 0.5,
    "fs_n_features": 7
}