{
    "balanced_accuracy": 0.7369946127946128,
    "accuracy": 0.8437619961612284,
    "log_loss": 0.34839057190484307,
    "roc_auc": 0.7369946127946128,
    "f1": 0.901651228352799,
    "precision": 0.8644015444015444,
    "recall": 0.9422558922558922,
    "inference_time": 0.17451906204223633,
    "training_time": 0,
    "dataset": "adult",
    "model": "mlp/simple",
    "fold": "F0",
    "architecture_name": "A0",
    "fs_method": "random_3",
    "fs_percent": 0.9,
    "fs_n_features": 12
}