{
    "balanced_accuracy": 0.7677271288382399,
    "accuracy": 0.7693920335429769,
    "log_loss": 0.4624383424038129,
    "roc_auc": 0.76772712883824,
    "f1": 0.7908745247148289,
    "precision": 0.734982332155477,
    "recall": 0.8559670781893004,
    "inference_time": 0.01441049575805664,
    "training_time": 0,
    "dataset": "jasmine",
    "model": "mlp/simple",
    "fold": "F4",
    "architecture_name": "A0",
    "fs_method": "decision_tree",
    "fs_percent": 0.5,
    "fs_n_features": 72
}