{
    "valid_loss": {
        "balanced_accuracy": 0.3303898505288719,
        "accuracy": 0.6153612859200849,
        "log_loss": 1.1104184549100922
    }
}