{
    "valid_loss": {
        "balanced_accuracy": 0.9445337003923884,
        "accuracy": 0.9581066376496191,
        "log_loss": 0.11110769448402809,
        "roc_auc": 0.9445337003923885,
        "f1": 0.9708001516875236,
        "precision": 0.9653092006033183,
        "recall": 0.9763539282990084
    }
}