{
    "balanced_accuracy": 0.9665901438628711,
    "accuracy": 0.966796875,
    "log_loss": 0.08147421386257658,
    "roc_auc": 0.9665901438628711,
    "f1": 0.9648033126293996,
    "precision": 0.966804979253112,
    "recall": 0.9628099173553719,
    "training_time": 0.06522464752197266,
    "inference_time": 0.0008885860443115234,
    "dataset": "kr-vs-kp",
    "model": "xgboost",
    "fold": "F0",
    "architecture_name": "A1",
    "fs_method": "random_4",
    "fs_percent": 0.8,
    "fs_n_features": 28
}