{
    "balanced_accuracy": 0.7253086419753086,
    "accuracy": 0.7274633123689728,
    "log_loss": 0.5482893242594488,
    "roc_auc": 0.7253086419753086,
    "f1": 0.758364312267658,
    "precision": 0.6915254237288135,
    "recall": 0.8395061728395061,
    "inference_time": 0.011554956436157227,
    "training_time": 0,
    "dataset": "jasmine",
    "model": "mlp/simple_nnw",
    "fold": "F3",
    "architecture_name": "A1",
    "fs_method": "random_2",
    "fs_percent": 0.4,
    "fs_n_features": 57
}