{
    "balanced_accuracy": 0.779317697228145,
    "accuracy": 0.8031088082901554
}