{
    "balanced_accuracy": 0.9735629358812867,
    "accuracy": 0.9726027397260274,
    "log_loss": 0.06563221962397674,
    "roc_auc": 0.9735629358812866,
    "f1": 0.97165991902834,
    "precision": 0.9523809523809523,
    "recall": 0.9917355371900827,
    "training_time": 0.08758330345153809,
    "inference_time": 0.0009608268737792969,
    "dataset": "kr-vs-kp",
    "model": "xgboost",
    "fold": "F3",
    "architecture_name": "A3",
    "fs_method": "f_classif",
    "fs_percent": 0.8,
    "fs_n_features": 28
}