{
    "balanced_accuracy": 0.8370826790469038,
    "accuracy": 0.9122807017543859
}