{
    "valid_loss": {
        "balanced_accuracy": 0.7701829039681203,
        "accuracy": 0.8589710775531098,
        "log_loss": 0.3037877722246569,
        "roc_auc": 0.7701829039681203,
        "f1": 0.910245968398762,
        "precision": 0.8815270547404953,
        "recall": 0.940899141269574
    }
}