{
    "balanced_accuracy": 0.7576959084020879,
    "accuracy": 0.8355515740977733,
    "log_loss": 0.3769466819925567,
    "roc_auc": 0.7576959084020879,
    "f1": 0.8934759180966592,
    "precision": 0.8799804049640758,
    "recall": 0.9073918168041758,
    "training_time": 114.92570924758911,
    "inference_time": 0.22547054290771484,
    "dataset": "adult",
    "model": "mlp/full",
    "fold": "F4",
    "architecture_name": "A1",
    "fs_method": "f_classif",
    "fs_percent": 0.6,
    "fs_n_features": 8
}