{
    "balanced_accuracy": 0.4350899275833305,
    "accuracy": 0.6371275783040489
}