{
    "balanced_accuracy": 0.9267158043771825,
    "accuracy": 0.926829268292683,
    "log_loss": 0.18092376328807733,
    "roc_auc": 0.9267158043771827,
    "f1": 0.9302325581395349,
    "precision": 0.89086859688196,
    "recall": 0.9732360097323601,
    "training_time": 0.15434885025024414,
    "inference_time": 0.0010118484497070312,
    "dataset": "sylvine",
    "model": "xgboost",
    "fold": "F2",
    "architecture_name": "A3",
    "fs_method": "random_2",
    "fs_percent": 0.8,
    "fs_n_features": 16
}