{
    "valid_loss": {
        "balanced_accuracy": 0.5694762652543833,
        "accuracy": 0.7910000758207597,
        "log_loss": 0.6456548300386857
    }
}