{
    "balanced_accuracy": 0.9507805325987144,
    "accuracy": 0.94921875,
    "log_loss": 0.13209478497917462,
    "roc_auc": 0.9507805325987144,
    "f1": 0.948,
    "precision": 0.9186046511627907,
    "recall": 0.9793388429752066,
    "inference_time": 0.010339498519897461,
    "training_time": 0,
    "dataset": "kr-vs-kp",
    "model": "mlp/simple_nd_nnw",
    "fold": "F0",
    "architecture_name": "A0",
    "fs_method": "random_5",
    "fs_percent": 0.8,
    "fs_n_features": 28
}