{
    "balanced_accuracy": 0.9495634526871237,
    "accuracy": 0.9622846781504987,
    "log_loss": 0.09630332971551346,
    "roc_auc": 0.9495634526871237,
    "f1": 0.9737108190091001,
    "precision": 0.9680824327720533,
    "recall": 0.9794050343249427,
    "training_time": 0.560835599899292,
    "inference_time": 0.003688335418701172,
    "dataset": "nomao",
    "model": "xgboost",
    "fold": "F1",
    "architecture_name": "A0",
    "fs_method": "linear_model",
    "fs_percent": 0.8,
    "fs_n_features": 94
}