{
    "balanced_accuracy": 0.772712883823995,
    "accuracy": 0.7756813417190775,
    "log_loss": 0.44660707177548564,
    "roc_auc": 0.772712883823995,
    "f1": 0.8085867620751341,
    "precision": 0.7151898734177216,
    "recall": 0.9300411522633745,
    "inference_time": 0.06337094306945801,
    "training_time": 41.6348729878664,
    "dataset": "jasmine",
    "model": "transformer/cls",
    "fold": "F4",
    "architecture_name": "A24",
    "fs_method": "random_4",
    "fs_percent": 0.7,
    "fs_n_features": 100
}