{
    "balanced_accuracy": 0.6763208292801557,
    "accuracy": 0.6764132553606238
}