{
    "valid_loss": {
        "balanced_accuracy": 0.3295726856426648,
        "accuracy": 0.6160815831374631,
        "log_loss": 1.1143920036374018
    }
}