{
    "balanced_accuracy": 0.8721198156682027,
    "accuracy": 0.8738738738738738,
    "log_loss": 0.2773047649417952,
    "roc_auc": 0.8721198156682027,
    "f1": 0.8571428571428571,
    "precision": 0.8571428571428571,
    "recall": 0.8571428571428571,
    "training_time": 0.03574824333190918,
    "inference_time": 0.0005934238433837891,
    "dataset": "australian",
    "model": "xgboost",
    "fold": "F1",
    "architecture_name": "A1",
    "fs_method": "random_5",
    "fs_percent": 0.7,
    "fs_n_features": 9
}