{
    "balanced_accuracy": 0.7756145254532189,
    "accuracy": 0.8614026106987458,
    "log_loss": 0.3089112622043062,
    "roc_auc": 0.775614525453219,
    "f1": 0.9116279069767442,
    "precision": 0.8844205193160228,
    "recall": 0.940562384239771,
    "training_time": 0.298311710357666,
    "inference_time": 0.005454063415527344
}