{
    "balanced_accuracy": 0.39338705738705737,
    "accuracy": 0.6005025125628141
}