{
    "balanced_accuracy": 0.8797909407665505,
    "accuracy": 0.8827586206896552
}