{
    "balanced_accuracy": 0.7949225589225589,
    "accuracy": 0.8588611644273833,
    "log_loss": 0.3027755562578908,
    "roc_auc": 0.7949225589225588,
    "f1": 0.9081369201299242,
    "precision": 0.8986319432998187,
    "recall": 0.9178451178451178,
    "inference_time": 0.6414825916290283,
    "training_time": 303.3607743790275
}