{
    "balanced_accuracy": 0.7113049360740913,
    "accuracy": 0.8378544375063978,
    "log_loss": 0.34150244942767616,
    "roc_auc": 0.7113049360740913,
    "f1": 0.8995943204868154,
    "precision": 0.8529871378771487,
    "recall": 0.9515891109025078,
    "inference_time": 0.181243896484375,
    "training_time": 0,
    "dataset": "adult",
    "model": "mlp/simple_nnw",
    "architecture_name": "A0",
    "fs_method": "f_classif",
    "fs_percent": 0.9,
    "fs_n_features": 12
}