{
    "balanced_accuracy": 0.4197457146636082,
    "accuracy": 0.5160349854227405
}