{
    "balanced_accuracy": 0.43203958865539976,
    "accuracy": 0.6516290726817042
}