{
    "balanced_accuracy": 0.9591497237166563,
    "accuracy": 0.9673558215451578,
    "log_loss": 0.08962051609973642,
    "roc_auc": 0.9591497237166563,
    "f1": 0.9771457592686643,
    "precision": 0.9759066700481867,
    "recall": 0.9783879989829647,
    "training_time": 0.38854432106018066,
    "inference_time": 0.0035622119903564453,
    "dataset": "nomao",
    "model": "xgboost",
    "fold": "F3",
    "architecture_name": "A0",
    "fs_method": "random_1",
    "fs_percent": 0.5,
    "fs_n_features": 59
}