{
    "balanced_accuracy": 0.762216835016835,
    "accuracy": 0.852975047984645,
    "log_loss": 0.31382986666029866,
    "roc_auc": 0.762216835016835,
    "f1": 0.9064103608373381,
    "precision": 0.8780179895849771,
    "recall": 0.9367003367003367,
    "training_time": 0.23189115524291992,
    "inference_time": 0.004738807678222656,
    "dataset": "adult",
    "model": "xgboost",
    "fold": "F2",
    "architecture_name": "A1",
    "fs_method": "random_5",
    "fs_percent": 0.6,
    "fs_n_features": 8
}