{
    "balanced_accuracy": 0.9168813510805782,
    "accuracy": 0.9169719169719169,
    "log_loss": 0.23572683491920252,
    "roc_auc": 0.9168813510805782,
    "f1": 0.9192399049881235,
    "precision": 0.8979118329466357,
    "recall": 0.9416058394160584,
    "inference_time": 0.015825271606445312,
    "training_time": 0,
    "dataset": "sylvine",
    "model": "mlp/simple_nd_nn",
    "fold": "F4",
    "architecture_name": "A0",
    "fs_method": "random_5",
    "fs_percent": 0.9,
    "fs_n_features": 18
}