{
    "balanced_accuracy": 0.92935266828474,
    "accuracy": 0.9295499021526419,
    "log_loss": 0.1545848570043264,
    "roc_auc": 0.92935266828474,
    "f1": 0.9256198347107438,
    "precision": 0.9256198347107438,
    "recall": 0.9256198347107438,
    "inference_time": 0.013055086135864258,
    "training_time": 0,
    "dataset": "kr-vs-kp",
    "model": "mlp/simple_nd_nn",
    "fold": "F1",
    "architecture_name": "A1",
    "fs_method": "f_classif",
    "fs_percent": 0.6,
    "fs_n_features": 21
}