{
    "balanced_accuracy": 0.5488428381864876,
    "accuracy": 0.8725382932166302
}