{
    "balanced_accuracy": 0.953029419242907,
    "accuracy": 0.9664490388103011,
    "log_loss": 0.09283618588925399,
    "roc_auc": 0.953029419242907,
    "f1": 0.9766679278597553,
    "precision": 0.968968968968969,
    "recall": 0.9844902110348335,
    "inference_time": 1.2333323955535889,
    "training_time": 1005.3998645246029,
    "dataset": "nomao",
    "model": "transformer/cls",
    "fold": "F3",
    "architecture_name": "A14",
    "fs_method": "none",
    "fs_percent": 1.0,
    "fs_n_features": 118
}