{
    "balanced_accuracy": 0.3444863292639938,
    "accuracy": 0.47301778715706966
}