{
    "balanced_accuracy": 0.920604892442414,
    "accuracy": 0.9207317073170732,
    "log_loss": 0.2191247761233771,
    "roc_auc": 0.920604892442414,
    "f1": 0.9230769230769231,
    "precision": 0.9006928406466512,
    "recall": 0.9466019417475728,
    "training_time": 0.135636568069458,
    "inference_time": 0.0010442733764648438,
    "dataset": "sylvine",
    "model": "xgboost",
    "fold": "F1",
    "architecture_name": "A3",
    "fs_method": "random_3",
    "fs_percent": 0.4,
    "fs_n_features": 8
}