{
    "balanced_accuracy": 0.7814824044451928,
    "accuracy": 0.8592270284105452,
    "log_loss": 0.30291579694396076,
    "roc_auc": 0.7814824044451928,
    "f1": 0.9095245928606679,
    "precision": 0.889049686444766,
    "recall": 0.9309648088903856,
    "training_time": 0.4553971290588379,
    "inference_time": 0.006173849105834961,
    "dataset": "adult",
    "model": "xgboost",
    "fold": "F4",
    "architecture_name": "A3",
    "fs_method": "f_classif",
    "fs_percent": 0.9,
    "fs_n_features": 12
}