{
    "balanced_accuracy": 0.8824338983966367,
    "accuracy": 0.8964454116793616,
    "log_loss": 0.28514239060159086,
    "roc_auc": 0.8824338983966367,
    "f1": 0.9265027674089329,
    "precision": 0.9379723742507167,
    "recall": 0.9153102746693794,
    "inference_time": 0.1170654296875,
    "training_time": 0,
    "dataset": "nomao",
    "model": "mlp/simple",
    "fold": "F4",
    "architecture_name": "A0",
    "fs_method": "f_classif",
    "fs_percent": 0.7,
    "fs_n_features": 82
}