{
    "balanced_accuracy": 0.43117647058823527,
    "accuracy": 0.7555555555555555
}