{
    "valid_loss": {
        "balanced_accuracy": 0.3335657668300074,
        "accuracy": 0.6179012813708393,
        "log_loss": 1.1021850800437856
    }
}