{
    "balanced_accuracy": 0.7039580815140778,
    "accuracy": 0.9037199124726477
}