{
    "valid_loss": {
        "balanced_accuracy": 0.7865703703703704,
        "accuracy": 0.8580934101087652,
        "log_loss": 0.30270384664621103,
        "roc_auc": 0.7865703703703704,
        "f1": 0.9082485314801025,
        "precision": 0.8929559134537173,
        "recall": 0.924074074074074
    }
}