{
    "balanced_accuracy": 0.49994646012171395,
    "accuracy": 0.49878048780487805,
    "log_loss": 0.9523076333942785,
    "roc_auc": 0.499946460121714,
    "f1": 0.04195804195804196,
    "precision": 0.5,
    "recall": 0.021897810218978103,
    "inference_time": 0.01772284507751465,
    "training_time": 0,
    "dataset": "sylvine",
    "model": "mlp/simple_nd_nn",
    "fold": "F3",
    "architecture_name": "A0",
    "fs_method": "random_4",
    "fs_percent": 0.5,
    "fs_n_features": 10
}