{
    "balanced_accuracy": 0.7922505050505051,
    "accuracy": 0.8708893154190659,
    "log_loss": 0.280889378277956,
    "roc_auc": 0.7922505050505051,
    "f1": 0.9174101661619055,
    "precision": 0.8927831766767564,
    "recall": 0.9434343434343434,
    "training_time": 0.24599719047546387,
    "inference_time": 0.00397491455078125,
    "dataset": "adult",
    "model": "xgboost",
    "fold": "F0",
    "architecture_name": "A0",
    "fs_method": "random_5",
    "fs_percent": 0.9,
    "fs_n_features": 12
}