{
    "balanced_accuracy": 0.706946127946128,
    "accuracy": 0.8277671145233525,
    "log_loss": 0.3938358269151017,
    "roc_auc": 0.7069461279461279,
    "f1": 0.8923544465770953,
    "precision": 0.8499390615478367,
    "recall": 0.9392255892255892,
    "inference_time": 0.5094892978668213,
    "training_time": 245.9041155406407
}