{
    "balanced_accuracy": 0.4027628488455366,
    "accuracy": 0.5506774138226719
}