{
    "balanced_accuracy": 0.9426022760397147,
    "accuracy": 0.9426829268292682,
    "log_loss": 0.15311441684270286,
    "roc_auc": 0.9426022760397146,
    "f1": 0.944640753828033,
    "precision": 0.9155251141552512,
    "recall": 0.975669099756691,
    "training_time": 0.2203671932220459,
    "inference_time": 0.0010921955108642578
}