{
    "balanced_accuracy": 0.7773502843760455,
    "accuracy": 0.7909090909090909,
    "log_loss": 0.5243287723371283,
    "roc_auc": 0.7773502843760455,
    "f1": 0.735632183908046,
    "precision": 0.8421052631578947,
    "recall": 0.6530612244897959,
    "inference_time": 0.003187894821166992,
    "training_time": 0,
    "dataset": "australian",
    "model": "mlp/simple_nd_nnw",
    "fold": "F3",
    "architecture_name": "A1",
    "fs_method": "random_2",
    "fs_percent": 0.5,
    "fs_n_features": 7
}