{
    "valid_loss": {
        "balanced_accuracy": 0.6009741971483431,
        "accuracy": 0.6746703826776718,
        "log_loss": 0.9450967918820118
    }
}