{
    "balanced_accuracy": 0.8742593811718236,
    "accuracy": 0.8738738738738738,
    "log_loss": 0.34287290428525846,
    "roc_auc": 0.8742593811718234,
    "f1": 0.86,
    "precision": 0.8431372549019608,
    "recall": 0.8775510204081632,
    "inference_time": 0.0033478736877441406,
    "training_time": 0,
    "dataset": "australian",
    "model": "mlp/simple_nd",
    "fold": "F1",
    "architecture_name": "A0",
    "fs_method": "decision_tree",
    "fs_percent": 0.7,
    "fs_n_features": 9
}