{
    "valid_loss": {
        "balanced_accuracy": 0.9297861493544044,
        "accuracy": 0.9521305530371713,
        "log_loss": 0.12461543386658847,
        "roc_auc": 0.9297861493544044,
        "f1": 0.9669586983729662,
        "precision": 0.9521814148385507,
        "recall": 0.9822018815153827
    }
}