{
    "balanced_accuracy": 0.3327663156421002,
    "accuracy": 0.46355685131195334
}