{
    "balanced_accuracy": 0.30900655193204823,
    "accuracy": 0.5217723453017571
}