{
    "valid_loss": {
        "balanced_accuracy": 0.9363267365950834,
        "accuracy": 0.9561117156329344,
        "log_loss": 0.11178493352439614,
        "roc_auc": 0.9363267365950834,
        "f1": 0.969643753135976,
        "precision": 0.9569200297103243,
        "recall": 0.9827103991863717
    }
}