{
    "valid_loss": {
        "balanced_accuracy": 0.5947474432965927,
        "accuracy": 0.672526530174724,
        "log_loss": 0.9378573386849242
    }
}