{
    "balanced_accuracy": 0.5703947368421053,
    "accuracy": 0.7111111111111111
}