{
    "balanced_accuracy": 0.8946067020511785,
    "accuracy": 0.9272760246644904,
    "log_loss": 0.17354925085010697,
    "roc_auc": 0.8946067020511785,
    "f1": 0.9501181739022266,
    "precision": 0.9298758217677137,
    "recall": 0.9712614445574771,
    "inference_time": 0.12270712852478027,
    "training_time": 0,
    "dataset": "nomao",
    "model": "mlp/simple",
    "fold": "F4",
    "architecture_name": "A0",
    "fs_method": "random_5",
    "fs_percent": 0.7,
    "fs_n_features": 82
}