{
    "balanced_accuracy": 0.9245265196240495,
    "accuracy": 0.9367088607594937
}