{
    "balanced_accuracy": 0.8950142475564995,
    "accuracy": 0.8951219512195122,
    "log_loss": 0.2542302178902659,
    "roc_auc": 0.8950142475564994,
    "f1": 0.8997668997668997,
    "precision": 0.8635346756152126,
    "recall": 0.9391727493917275,
    "inference_time": 0.01611638069152832,
    "training_time": 0,
    "dataset": "sylvine",
    "model": "mlp/simple_nnw",
    "fold": "F2",
    "architecture_name": "A0",
    "fs_method": "f_classif",
    "fs_percent": 0.7,
    "fs_n_features": 14
}