{
    "balanced_accuracy": 0.9482374333936676,
    "accuracy": 0.9617407071622847,
    "log_loss": 0.1035738850773312,
    "roc_auc": 0.9482374333936676,
    "f1": 0.9733552216188913,
    "precision": 0.9668840943301555,
    "recall": 0.9799135519959319,
    "inference_time": 0.7710697650909424,
    "training_time": 378.0595488037381,
    "dataset": "nomao",
    "model": "transformer/cls",
    "fold": "F1",
    "architecture_name": "A24",
    "fs_method": "none",
    "fs_percent": 1.0,
    "fs_n_features": 118
}