{
    "balanced_accuracy": 0.6682377995787694,
    "accuracy": 0.6528735632183909
}