{
    "balanced_accuracy": 0.7869578980690092,
    "accuracy": 0.790356394129979,
    "log_loss": 0.4558722234100642,
    "roc_auc": 0.7869578980690093,
    "f1": 0.8245614035087719,
    "precision": 0.7186544342507645,
    "recall": 0.9670781893004116,
    "inference_time": 0.009702205657958984,
    "training_time": 0,
    "dataset": "jasmine",
    "model": "mlp/simple_nd_nn",
    "fold": "F4",
    "architecture_name": "A0",
    "fs_method": "linear_model",
    "fs_percent": 0.7,
    "fs_n_features": 100
}