{
    "balanced_accuracy": 0.3586626176615308,
    "accuracy": 0.485336991939633
}