{
    "valid_loss": {
        "balanced_accuracy": 0.3358938295491045,
        "accuracy": 0.6197065625355423,
        "log_loss": 1.1031723664072726
    }
}