{
    "balanced_accuracy": 0.7059217129474741,
    "accuracy": 0.7272727272727273,
    "log_loss": 0.5299099655200121,
    "roc_auc": 0.7059217129474741,
    "f1": 0.625,
    "precision": 0.8064516129032258,
    "recall": 0.5102040816326531,
    "training_time": 1.2302656173706055,
    "inference_time": 0.0034363269805908203,
    "dataset": "australian",
    "model": "mlp/full",
    "fold": "F4",
    "architecture_name": "A0",
    "fs_method": "f_classif",
    "fs_percent": 0.6,
    "fs_n_features": 8
}