{
    "valid_loss": {
        "balanced_accuracy": 0.947444660586916,
        "accuracy": 0.947560975609756,
        "log_loss": 0.16911955365356177,
        "roc_auc": 0.9474446605869161,
        "f1": 0.9500580720092915,
        "precision": 0.9088888888888889,
        "recall": 0.9951338199513382
    }
}