{
    "valid_loss": {
        "balanced_accuracy": 0.9356165487281993,
        "accuracy": 0.9532100108813928,
        "log_loss": 0.12333479680189804,
        "roc_auc": 0.9356165487281993,
        "f1": 0.967514479979854,
        "precision": 0.958343726615116,
        "recall": 0.9768624459699975
    }
}