{
    "balanced_accuracy": 0.9791391440597254,
    "accuracy": 0.9784735812133072,
    "log_loss": 0.0709718162797647,
    "roc_auc": 0.9791391440597254,
    "f1": 0.9775967413441955,
    "precision": 0.963855421686747,
    "recall": 0.9917355371900827,
    "training_time": 0.06940627098083496,
    "inference_time": 0.0010383129119873047,
    "dataset": "kr-vs-kp",
    "model": "xgboost",
    "fold": "F4",
    "architecture_name": "A3",
    "fs_method": "linear_model",
    "fs_percent": 0.4,
    "fs_n_features": 14
}