{
    "balanced_accuracy": 0.7833175055397278,
    "accuracy": 0.7840670859538784,
    "log_loss": 0.4382180290112965,
    "roc_auc": 0.7833175055397278,
    "f1": 0.7952286282306164,
    "precision": 0.7692307692307693,
    "recall": 0.823045267489712,
    "inference_time": 0.011611223220825195,
    "training_time": 0,
    "dataset": "jasmine",
    "model": "mlp/simple_nd_nnw",
    "fold": "F4",
    "architecture_name": "A1",
    "fs_method": "linear_model",
    "fs_percent": 0.7,
    "fs_n_features": 100
}