{
    "balanced_accuracy": 0.7677271288382399,
    "accuracy": 0.7714884696016772,
    "log_loss": 0.4687005535609894,
    "roc_auc": 0.7677271288382399,
    "f1": 0.8117443868739206,
    "precision": 0.6994047619047619,
    "recall": 0.9670781893004116,
    "inference_time": 0.011406660079956055,
    "training_time": 0,
    "dataset": "jasmine",
    "model": "mlp/simple",
    "fold": "F3",
    "architecture_name": "A0",
    "fs_method": "random_1",
    "fs_percent": 0.9,
    "fs_n_features": 129
}