{
    "balanced_accuracy": 0.9764921946740128,
    "accuracy": 0.9765625,
    "log_loss": 0.0731126144873104,
    "roc_auc": 0.9764921946740127,
    "f1": 0.9752066115702479,
    "precision": 0.9752066115702479,
    "recall": 0.9752066115702479,
    "training_time": 0.07313847541809082,
    "inference_time": 0.0008749961853027344,
    "dataset": "kr-vs-kp",
    "model": "xgboost",
    "fold": "F0",
    "architecture_name": "A0",
    "fs_method": "random_4",
    "fs_percent": 0.8,
    "fs_n_features": 28
}