{
    "balanced_accuracy": 0.9226770753998477,
    "accuracy": 0.9219512195121952,
    "log_loss": 0.21940837134935684,
    "roc_auc": 0.9226770753998477,
    "f1": 0.9246704331450094,
    "precision": 0.881508078994614,
    "recall": 0.9722772277227723,
    "inference_time": 0.021266937255859375,
    "training_time": 0,
    "dataset": "sylvine",
    "model": "mlp/simple_nnw",
    "architecture_name": "A0",
    "fs_method": "linear_model",
    "fs_percent": 0.5,
    "fs_n_features": 10
}