{
    "balanced_accuracy": 0.5605553696888591,
    "accuracy": 0.5727272727272728,
    "log_loss": 0.69082055779254,
    "roc_auc": 0.5605553696888592,
    "f1": 0.4835164835164835,
    "precision": 0.5238095238095238,
    "recall": 0.4489795918367347,
    "inference_time": 0.003984928131103516,
    "training_time": 0,
    "dataset": "australian",
    "model": "mlp/simple",
    "fold": "F4",
    "architecture_name": "A1",
    "fs_method": "random_2",
    "fs_percent": 0.4,
    "fs_n_features": 5
}