{
    "balanced_accuracy": 0.7550078343420689,
    "accuracy": 0.7553816046966731,
    "log_loss": 0.5013031292891271,
    "roc_auc": 0.7550078343420689,
    "f1": 0.7433264887063655,
    "precision": 0.7387755102040816,
    "recall": 0.7479338842975206,
    "training_time": 0.045796871185302734,
    "inference_time": 0.0007255077362060547,
    "dataset": "kr-vs-kp",
    "model": "xgboost",
    "fold": "F1",
    "architecture_name": "A2",
    "fs_method": "random_3",
    "fs_percent": 0.4,
    "fs_n_features": 14
}