{
    "balanced_accuracy": 0.7648781144781145,
    "accuracy": 0.8328854766474728,
    "log_loss": 0.3598679082211264,
    "roc_auc": 0.7648781144781146,
    "f1": 0.890674702829399,
    "precision": 0.8857808857808858,
    "recall": 0.8956228956228957,
    "inference_time": 0.1462090015411377,
    "training_time": 0,
    "dataset": "adult",
    "model": "mlp/simple_nd_nnw",
    "fold": "F0",
    "architecture_name": "A0",
    "fs_method": "decision_tree",
    "fs_percent": 0.9,
    "fs_n_features": 12
}