{
    "balanced_accuracy": 0.7729503007280785,
    "accuracy": 0.7756813417190775,
    "log_loss": 0.48372206990174066,
    "roc_auc": 0.7729503007280785,
    "f1": 0.8065099457504521,
    "precision": 0.7193548387096774,
    "recall": 0.9176954732510288,
    "inference_time": 0.01054072380065918,
    "training_time": 0,
    "dataset": "jasmine",
    "model": "mlp/simple_nd_nn",
    "fold": "F3",
    "architecture_name": "A0",
    "fs_method": "none",
    "fs_percent": 1.0,
    "fs_n_features": 144
}