{
    "valid_loss": {
        "balanced_accuracy": 0.9406627058861724,
        "accuracy": 0.9590208522212149,
        "log_loss": 0.1174393906975859,
        "roc_auc": 0.9406627058861724,
        "f1": 0.9716223003515821,
        "precision": 0.9598114611758869,
        "recall": 0.9837274345283499
    }
}