{
    "balanced_accuracy": 0.5003646969497075,
    "accuracy": 0.6333078686019863
}