{
    "balanced_accuracy": 0.9898768011306032,
    "accuracy": 0.9902152641878669,
    "log_loss": 0.045120717618000405,
    "roc_auc": 0.9898768011306031,
    "f1": 0.9896049896049897,
    "precision": 0.99581589958159,
    "recall": 0.9834710743801653,
    "inference_time": 0.06137394905090332,
    "training_time": 75.07244587796073,
    "dataset": "kr-vs-kp",
    "model": "transformer/cls",
    "fold": "F3",
    "architecture_name": "A2",
    "fs_method": "random_4",
    "fs_percent": 0.8,
    "fs_n_features": 28
}