{
    "balanced_accuracy": 0.41393034984339333,
    "accuracy": 0.6190476190476191
}