{
    "valid_loss": {
        "balanced_accuracy": 0.326809856532161,
        "accuracy": 0.6166123284555312,
        "log_loss": 1.1117805334198345
    }
}