{
    "balanced_accuracy": 0.5203947368421052,
    "accuracy": 0.6814814814814815
}