{
    "balanced_accuracy": 0.7548274770496992,
    "accuracy": 0.7589098532494759,
    "log_loss": 0.47654865087461623,
    "roc_auc": 0.7548274770496993,
    "f1": 0.8040885860306644,
    "precision": 0.686046511627907,
    "recall": 0.9711934156378601,
    "training_time": 5.839622497558594,
    "inference_time": 0.010266542434692383,
    "dataset": "jasmine",
    "model": "mlp/full",
    "fold": "F3",
    "architecture_name": "A0",
    "fs_method": "f_classif",
    "fs_percent": 0.5,
    "fs_n_features": 72
}