{
    "balanced_accuracy": 0.4509796381228939,
    "accuracy": 0.5433996383363472
}