{
    "valid_loss": {
        "balanced_accuracy": 0.33412836444466754,
        "accuracy": 0.6150580028811888,
        "log_loss": 1.1052854854218066
    }
}