{
    "balanced_accuracy": 0.7592621841155235,
    "accuracy": 0.7554438860971524,
    "log_loss": 0.4873015331579205,
    "roc_auc": 0.7592621841155235,
    "f1": 0.7550335570469798,
    "precision": 0.7053291536050157,
    "recall": 0.8122743682310469,
    "inference_time": 0.014663219451904297,
    "training_time": 0,
    "dataset": "jasmine",
    "model": "mlp/simple_nd_nnw",
    "architecture_name": "A1",
    "fs_method": "random_2",
    "fs_percent": 0.6,
    "fs_n_features": 86
}