{
    "balanced_accuracy": 0.9115147134664775,
    "accuracy": 0.9136742836416395,
    "log_loss": 0.21812344872668096,
    "roc_auc": 0.9115147134664775,
    "f1": 0.9380530973451328,
    "precision": 0.9605543710021321,
    "recall": 0.9165818921668362,
    "inference_time": 0.1335282325744629,
    "training_time": 0,
    "dataset": "nomao",
    "model": "mlp/simple_nd_nn",
    "fold": "F4",
    "architecture_name": "A1",
    "fs_method": "random_1",
    "fs_percent": 0.6,
    "fs_n_features": 70
}