{
    "balanced_accuracy": 0.40627927625122534,
    "accuracy": 0.5460469902246613
}