{
  "dropout": 0.3574130345279959,
  "embedding_size": 512,
  "n_head": 4,
  "n_hid": 256,
  "n_layers": 2,
  "numerical_passthrough": false,
  "optimizer__lr": 0.002181544683591489
}