{
    "balanced_accuracy": 0.5456067452589022,
    "accuracy": 0.8889496717724289
}