{
    "balanced_accuracy": 0.9181587427042801,
    "accuracy": 0.9181286549707602
}