{
    "valid_loss": {
        "balanced_accuracy": 0.5715676308008083,
        "accuracy": 0.6596634151570372,
        "log_loss": 0.992248240348731
    }
}