{
    "balanced_accuracy": 0.349791502881546,
    "accuracy": 0.6015037593984962
}