{
    "valid_loss": {
        "balanced_accuracy": 0.7775441077441078,
        "accuracy": 0.8579654510556622,
        "log_loss": 0.3047881989598521,
        "roc_auc": 0.7775441077441078,
        "f1": 0.9088969139855548,
        "precision": 0.8867713004484304,
        "recall": 0.9321548821548822
    }
}