{
    "balanced_accuracy": 0.8711578329813754,
    "accuracy": 0.8933623503808488,
    "log_loss": 0.27872388971417533,
    "roc_auc": 0.8711578329813754,
    "f1": 0.9250955414012739,
    "precision": 0.9269849374521317,
    "recall": 0.9232138316806509,
    "inference_time": 0.13609027862548828,
    "training_time": 0,
    "dataset": "nomao",
    "model": "mlp/simple_nd_nn",
    "fold": "F2",
    "architecture_name": "A1",
    "fs_method": "decision_tree",
    "fs_percent": 0.7,
    "fs_n_features": 82
}