{
    "balanced_accuracy": 0.7432249684813461,
    "accuracy": 0.8501381922407616,
    "log_loss": 0.3263483223472649,
    "roc_auc": 0.743224968481346,
    "f1": 0.9060092449922958,
    "precision": 0.8690725458800345,
    "recall": 0.9462250234678825,
    "training_time": 0.05050230026245117,
    "inference_time": 0.0017399787902832031,
    "dataset": "adult",
    "model": "xgboost",
    "architecture_name": "A0",
    "fs_method": "f_classif",
    "fs_percent": 0.7,
    "fs_n_features": 9
}