{
    "balanced_accuracy": 0.8258942703387149,
    "accuracy": 0.8280922431865828,
    "log_loss": 0.4017113138529258,
    "roc_auc": 0.8258942703387147,
    "f1": 0.8481481481481481,
    "precision": 0.7710437710437711,
    "recall": 0.9423868312757202,
    "inference_time": 0.10141682624816895,
    "training_time": 97.83498720689252,
    "dataset": "jasmine",
    "model": "transformer/cls",
    "fold": "F4",
    "architecture_name": "A10",
    "fs_method": "none",
    "fs_percent": 1.0,
    "fs_n_features": 144
}