{
    "balanced_accuracy": 0.7899651788540678,
    "accuracy": 0.7924528301886793,
    "log_loss": 0.43053303252125463,
    "roc_auc": 0.7899651788540678,
    "f1": 0.8190127970749543,
    "precision": 0.7368421052631579,
    "recall": 0.9218106995884774,
    "training_time": 0.07961511611938477,
    "inference_time": 0.0008435249328613281
}