{
    "balanced_accuracy": 0.6521010101010101,
    "accuracy": 0.7915547024952015,
    "log_loss": 0.44503336676719396,
    "roc_auc": 0.6521010101010101,
    "f1": 0.8703128731788871,
    "precision": 0.8255550521069325,
    "recall": 0.9202020202020202,
    "training_time": 0.16184663772583008,
    "inference_time": 0.0023856163024902344,
    "dataset": "adult",
    "model": "xgboost",
    "fold": "F1",
    "architecture_name": "A1",
    "fs_method": "random_1",
    "fs_percent": 0.4,
    "fs_n_features": 5
}