{
    "balanced_accuracy": 0.44808093547696054,
    "accuracy": 0.5229813664596273
}