{
    "balanced_accuracy": 0.9628270687719491,
    "accuracy": 0.9709829524845847,
    "log_loss": 0.08664513364563939,
    "roc_auc": 0.962827068771949,
    "f1": 0.9797057331303907,
    "precision": 0.9774740572007087,
    "recall": 0.9819476226798881,
    "training_time": 1.1416194438934326,
    "inference_time": 0.006997346878051758,
    "dataset": "nomao",
    "model": "xgboost",
    "fold": "F3",
    "architecture_name": "A2",
    "fs_method": "random_4",
    "fs_percent": 0.7,
    "fs_n_features": 82
}