{
    "balanced_accuracy": 0.7809059662120447,
    "accuracy": 0.8630662912720758,
    "log_loss": 0.30098538111297374,
    "roc_auc": 0.7809059662120447,
    "f1": 0.9124529536900671,
    "precision": 0.8874741365589687,
    "recall": 0.938878599090756,
    "inference_time": 0.8181629180908203,
    "training_time": 310.6480700969696
}