{
    "valid_loss": {
        "balanced_accuracy": 0.33354675183143356,
        "accuracy": 0.6180908332701494,
        "log_loss": 1.0957312839165139
    }
}