{
    "valid_loss": {
        "balanced_accuracy": 0.33634940863594265,
        "accuracy": 0.6193797861854575,
        "log_loss": 1.0990371735674231
    }
}