{
    "valid_loss": {
        "balanced_accuracy": 0.93318328526202,
        "accuracy": 0.9515865820489574,
        "log_loss": 0.12384000712389714,
        "roc_auc": 0.93318328526202,
        "f1": 0.96640241600604,
        "precision": 0.9566517189835575,
        "recall": 0.9763539282990084
    }
}