{
    "balanced_accuracy": 0.5467722845119399,
    "accuracy": 0.7775616746852287,
    "log_loss": 0.48655085953425853,
    "roc_auc": 0.54677228451194,
    "f1": 0.8711379944256656,
    "precision": 0.7808845417818414,
    "recall": 0.9849805551830495,
    "inference_time": 0.2324962615966797,
    "training_time": 0,
    "dataset": "adult",
    "model": "mlp/simple_nd_nn",
    "architecture_name": "A1",
    "fs_method": "random_4",
    "fs_percent": 0.5,
    "fs_n_features": 7
}