{
    "valid_loss": {
        "balanced_accuracy": 0.33705429501645373,
        "accuracy": 0.6183796489365735,
        "log_loss": 1.103907526919882
    }
}