{
    "valid_loss": {
        "balanced_accuracy": 0.9437277433056833,
        "accuracy": 0.9604642727602466,
        "log_loss": 0.11158210955425557,
        "roc_auc": 0.9437277433056834,
        "f1": 0.9725786163522012,
        "precision": 0.9624097585262634,
        "recall": 0.9829646580218663
    }
}