{
    "balanced_accuracy": 0.8624094799210007,
    "accuracy": 0.8558558558558559,
    "log_loss": 0.393320378932435,
    "roc_auc": 0.8624094799210005,
    "f1": 0.8490566037735849,
    "precision": 0.7894736842105263,
    "recall": 0.9183673469387755,
    "inference_time": 0.002769947052001953,
    "training_time": 0,
    "dataset": "australian",
    "model": "mlp/simple_nd_nn",
    "fold": "F1",
    "architecture_name": "A0",
    "fs_method": "decision_tree",
    "fs_percent": 0.5,
    "fs_n_features": 7
}