{
    "balanced_accuracy": 0.5055124185568021,
    "accuracy": 0.3128179043743642
}