{
    "balanced_accuracy": 0.9164417934327669,
    "accuracy": 0.931534667827096
}