{
    "valid_loss": {
        "balanced_accuracy": 0.8030382628491375,
        "accuracy": 0.805439330543933,
        "log_loss": 0.4087314359458028,
        "roc_auc": 0.8030382628491375,
        "f1": 0.8318264014466547,
        "precision": 0.7419354838709677,
        "recall": 0.9465020576131687
    }
}