{
    "balanced_accuracy": 0.8070834427808422,
    "accuracy": 0.8096234309623431,
    "log_loss": 0.46231340423052664,
    "roc_auc": 0.8070834427808423,
    "f1": 0.8366247755834829,
    "precision": 0.7420382165605095,
    "recall": 0.9588477366255144,
    "inference_time": 0.00978541374206543,
    "training_time": 0,
    "dataset": "jasmine",
    "model": "mlp/simple_nd_nn",
    "fold": "F1",
    "architecture_name": "A0",
    "fs_method": "f_classif",
    "fs_percent": 0.7,
    "fs_n_features": 100
}