{
    "balanced_accuracy": 0.6053450960041515,
    "accuracy": 0.7185185185185186
}