{
    "balanced_accuracy": 0.7395002976697309,
    "accuracy": 0.8278227044733341,
    "log_loss": 0.36735917027770204,
    "roc_auc": 0.7395002976697309,
    "f1": 0.8894293978438075,
    "precision": 0.8723404255319149,
    "recall": 0.9072012873809843,
    "inference_time": 0.2306232452392578,
    "training_time": 0,
    "dataset": "adult",
    "model": "mlp/simple_nd_nn",
    "architecture_name": "A1",
    "fs_method": "random_3",
    "fs_percent": 0.8,
    "fs_n_features": 11
}