{
    "balanced_accuracy": 0.7513800976595386,
    "accuracy": 0.8326081392372664,
    "log_loss": 0.3685499895638193,
    "roc_auc": 0.7513800976595386,
    "f1": 0.8917935142289874,
    "precision": 0.8765652951699463,
    "recall": 0.9075601953190773,
    "inference_time": 0.17092466354370117,
    "training_time": 0,
    "dataset": "adult",
    "model": "mlp/simple",
    "fold": "F3",
    "architecture_name": "A0",
    "fs_method": "random_1",
    "fs_percent": 0.5,
    "fs_n_features": 7
}