{
    "balanced_accuracy": 0.6257614696363982,
    "accuracy": 0.625609756097561,
    "log_loss": 0.6500318843443998,
    "roc_auc": 0.6257614696363982,
    "f1": 0.6148055207026348,
    "precision": 0.6363636363636364,
    "recall": 0.5946601941747572,
    "training_time": 0.18635153770446777,
    "inference_time": 0.0009095668792724609,
    "dataset": "sylvine",
    "model": "xgboost",
    "fold": "F1",
    "architecture_name": "A2",
    "fs_method": "random_5",
    "fs_percent": 0.5,
    "fs_n_features": 10
}