{
    "balanced_accuracy": 0.9438247699272453,
    "accuracy": 0.9439024390243902,
    "log_loss": 0.13589425274974232,
    "roc_auc": 0.9438247699272453,
    "f1": 0.9457547169811321,
    "precision": 0.9176201372997712,
    "recall": 0.975669099756691,
    "training_time": 0.12376141548156738,
    "inference_time": 0.0011188983917236328
}