{
    "valid_loss": {
        "balanced_accuracy": 0.3344351131101488,
        "accuracy": 0.6215642415740986,
        "log_loss": 1.0995108664289748
    }
}