{
    "balanced_accuracy": 0.6073444815257676,
    "accuracy": 0.6073170731707317,
    "log_loss": 0.6477031829600898,
    "roc_auc": 0.6073444815257676,
    "f1": 0.603448275862069,
    "precision": 0.6109725685785536,
    "recall": 0.5961070559610706,
    "training_time": 0.1389906406402588,
    "inference_time": 0.0007431507110595703,
    "dataset": "sylvine",
    "model": "xgboost",
    "fold": "F2",
    "architecture_name": "A2",
    "fs_method": "random_1",
    "fs_percent": 0.4,
    "fs_n_features": 8
}