{
    "balanced_accuracy": 0.5474382517410862,
    "accuracy": 0.31285831285831284
}