{
    "balanced_accuracy": 0.9498354086160011,
    "accuracy": 0.9499389499389499,
    "log_loss": 0.14695606959523044,
    "roc_auc": 0.9498354086160012,
    "f1": 0.9514792899408284,
    "precision": 0.9262672811059908,
    "recall": 0.9781021897810219,
    "training_time": 0.15567660331726074,
    "inference_time": 0.0011217594146728516,
    "dataset": "sylvine",
    "model": "xgboost",
    "fold": "F4",
    "architecture_name": "A2",
    "fs_method": "random_2",
    "fs_percent": 0.5,
    "fs_n_features": 10
}