{
    "valid_loss": {
        "balanced_accuracy": 0.5486146968710732,
        "accuracy": 0.7813329289559482,
        "log_loss": 0.6693572754520469
    }
}