{
    "balanced_accuracy": 0.4559117755939604,
    "accuracy": 0.5384615384615384
}