{
    "balanced_accuracy": 0.47492029664527136,
    "accuracy": 0.6842105263157895
}