{
    "valid_loss": {
        "balanced_accuracy": 0.3339845348398312,
        "accuracy": 0.6180005307654396,
        "log_loss": 1.1040117905808817
    }
}