{
    "balanced_accuracy": 0.5117818876999868,
    "accuracy": 0.7393483709273183
}