{
    "valid_loss": {
        "balanced_accuracy": 0.9508124944818114,
        "accuracy": 0.9646354733405876,
        "log_loss": 0.1001449831220451,
        "roc_auc": 0.9508124944818114,
        "f1": 0.9754067347710934,
        "precision": 0.9677177177177178,
        "recall": 0.9832189168573608
    }
}