{
    "balanced_accuracy": 0.8160844059189213,
    "accuracy": 0.8179916317991632,
    "log_loss": 0.3917970125044594,
    "roc_auc": 0.8160844059189213,
    "f1": 0.8385899814471243,
    "precision": 0.7635135135135135,
    "recall": 0.9300411522633745,
    "training_time": 0.08656573295593262,
    "inference_time": 0.0007541179656982422
}