{
    "balanced_accuracy": 0.9352732615898964,
    "accuracy": 0.9353658536585366,
    "log_loss": 0.16213642184283758,
    "roc_auc": 0.9352732615898964,
    "f1": 0.9378663540445487,
    "precision": 0.9049773755656109,
    "recall": 0.9732360097323601,
    "inference_time": 0.06031370162963867,
    "training_time": 48.69720180829367
}