{
    "balanced_accuracy": 0.92659999414011,
    "accuracy": 0.9265625,
    "log_loss": 0.2622014364940742,
    "roc_auc": 0.92659999414011,
    "f1": 0.9262166405023547,
    "precision": 0.921875,
    "recall": 0.9305993690851735,
    "inference_time": 0.01531076431274414,
    "training_time": 0,
    "dataset": "kr-vs-kp",
    "model": "mlp/simple_nnw",
    "architecture_name": "A1",
    "fs_method": "random_4",
    "fs_percent": 0.7,
    "fs_n_features": 25
}