{
    "balanced_accuracy": 0.8114788547412661,
    "accuracy": 0.8138075313807531,
    "log_loss": 0.39770016942519865,
    "roc_auc": 0.8114788547412662,
    "f1": 0.838475499092559,
    "precision": 0.75,
    "recall": 0.9506172839506173,
    "inference_time": 0.1254134178161621,
    "training_time": 89.96994679682963,
    "dataset": "jasmine",
    "model": "transformer/cls",
    "fold": "F1",
    "architecture_name": "A11",
    "fs_method": "none",
    "fs_percent": 1.0,
    "fs_n_features": 144
}