{
    "valid_loss": {
        "balanced_accuracy": 0.3357773792274496,
        "accuracy": 0.6194032679986352,
        "log_loss": 1.102257320060985
    }
}