{
    "valid_loss": {
        "balanced_accuracy": 0.7853946127946128,
        "accuracy": 0.8496481126039668,
        "log_loss": 0.319421267934286,
        "roc_auc": 0.7853946127946128,
        "f1": 0.9018625240123611,
        "precision": 0.8949113210674623,
        "recall": 0.9089225589225589
    }
}