{
    "valid_loss": {
        "balanced_accuracy": 0.785176673963069,
        "accuracy": 0.8484770923982595,
        "log_loss": 0.327871601595406,
        "roc_auc": 0.7851766739630689,
        "f1": 0.9009702241552359,
        "precision": 0.8951304636862224,
        "recall": 0.9068866812594713
    }
}