{
    "balanced_accuracy": 0.818129512635379,
    "accuracy": 0.8073701842546064,
    "log_loss": 0.4222935785971323,
    "roc_auc": 0.8181295126353789,
    "f1": 0.8233486943164362,
    "precision": 0.7165775401069518,
    "recall": 0.9675090252707581,
    "training_time": 0.022394418716430664,
    "inference_time": 0.00066375732421875,
    "dataset": "jasmine",
    "model": "xgboost",
    "architecture_name": "A0",
    "fs_method": "decision_tree",
    "fs_percent": 0.5,
    "fs_n_features": 72
}