{
    "balanced_accuracy": 0.6737764601063012,
    "accuracy": 0.6868884540117417,
    "log_loss": 2.868586917338287,
    "roc_auc": 0.6737764601063012,
    "f1": 0.5628415300546448,
    "precision": 0.8306451612903226,
    "recall": 0.4256198347107438,
    "inference_time": 0.05993318557739258,
    "training_time": 42.58640403747558,
    "dataset": "kr-vs-kp",
    "model": "transformer/cls",
    "fold": "F4",
    "architecture_name": "A2",
    "fs_method": "random_3",
    "fs_percent": 0.7,
    "fs_n_features": 25
}