{
    "balanced_accuracy": 0.9315156719622155,
    "accuracy": 0.9316239316239316,
    "log_loss": 0.19130936687951283,
    "roc_auc": 0.9315156719622155,
    "f1": 0.933806146572104,
    "precision": 0.9080459770114943,
    "recall": 0.9610705596107056,
    "training_time": 9.71657943725586,
    "inference_time": 0.019517183303833008,
    "dataset": "sylvine",
    "model": "mlp/full",
    "fold": "F4",
    "architecture_name": "A0",
    "fs_method": "decision_tree",
    "fs_percent": 0.8,
    "fs_n_features": 16
}