{
    "balanced_accuracy": 0.7587637692551482,
    "accuracy": 0.8437915856280069,
    "log_loss": 0.33751510753232383,
    "roc_auc": 0.7587637692551481,
    "f1": 0.8999344262295081,
    "precision": 0.8805338123957398,
    "recall": 0.9202091994099504,
    "inference_time": 0.23590922355651855,
    "training_time": 0,
    "dataset": "adult",
    "model": "mlp/simple_nd_nn",
    "architecture_name": "A1",
    "fs_method": "random_4",
    "fs_percent": 0.9,
    "fs_n_features": 12
}