{
    "balanced_accuracy": 0.14353408851378915,
    "accuracy": 0.40009675858732463
}