{
    "valid_loss": {
        "balanced_accuracy": 0.9340091255748101,
        "accuracy": 0.9341463414634147,
        "log_loss": 0.19306989313773845,
        "roc_auc": 0.9340091255748101,
        "f1": 0.9377880184331797,
        "precision": 0.8905908096280087,
        "recall": 0.9902676399026764
    }
}