{
    "balanced_accuracy": 0.9629447901303185,
    "accuracy": 0.969532100108814,
    "log_loss": 0.08428471462717485,
    "roc_auc": 0.9629447901303185,
    "f1": 0.9786368260427264,
    "precision": 0.9788857796998219,
    "recall": 0.9783879989829647,
    "training_time": 0.6364028453826904,
    "inference_time": 0.0037088394165039062,
    "dataset": "nomao",
    "model": "xgboost",
    "fold": "F3",
    "architecture_name": "A0",
    "fs_method": "none",
    "fs_percent": 1.0,
    "fs_n_features": 118
}