{
    "balanced_accuracy": 0.3539842115479671,
    "accuracy": 0.4690985830569792
}