{
    "balanced_accuracy": 0.8035285876893442,
    "accuracy": 0.805439330543933,
    "log_loss": 0.4749825277341817,
    "roc_auc": 0.8035285876893441,
    "f1": 0.8274582560296846,
    "precision": 0.7533783783783784,
    "recall": 0.9176954732510288,
    "inference_time": 0.011458873748779297,
    "training_time": 0,
    "dataset": "jasmine",
    "model": "mlp/simple_nd",
    "fold": "F1",
    "architecture_name": "A0",
    "fs_method": "random_4",
    "fs_percent": 0.4,
    "fs_n_features": 57
}