{
    "balanced_accuracy": 0.44944322344322335,
    "accuracy": 0.6809045226130653
}