{
    "balanced_accuracy": 0.9303255282695603,
    "accuracy": 0.9304878048780488,
    "log_loss": 0.19022635350797557,
    "roc_auc": 0.9303255282695603,
    "f1": 0.9330199764982373,
    "precision": 0.9043280182232346,
    "recall": 0.9635922330097088,
    "training_time": 0.0993187427520752,
    "inference_time": 0.0009250640869140625,
    "dataset": "sylvine",
    "model": "xgboost",
    "fold": "F1",
    "architecture_name": "A0",
    "fs_method": "random_1",
    "fs_percent": 0.6,
    "fs_n_features": 12
}