{
    "balanced_accuracy": 0.8670123787219806,
    "accuracy": 0.8636363636363636,
    "log_loss": 0.3205770910618546,
    "roc_auc": 0.8670123787219807,
    "f1": 0.8543689320388349,
    "precision": 0.8148148148148148,
    "recall": 0.8979591836734694,
    "inference_time": 0.019604921340942383,
    "training_time": 6.814909049442834,
    "dataset": "australian",
    "model": "transformer/cls",
    "fold": "F3",
    "architecture_name": "A19",
    "fs_method": "decision_tree",
    "fs_percent": 0.8,
    "fs_n_features": 11
}