{
    "balanced_accuracy": 0.948561371288644,
    "accuracy": 0.951171875,
    "log_loss": 0.27606456392786605,
    "roc_auc": 0.948561371288644,
    "f1": 0.9457700650759219,
    "precision": 0.9954337899543378,
    "recall": 0.9008264462809917,
    "inference_time": 0.05766177177429199,
    "training_time": 76.73010635375977,
    "dataset": "kr-vs-kp",
    "model": "transformer/cls",
    "fold": "F0",
    "architecture_name": "A2",
    "fs_method": "decision_tree",
    "fs_percent": 0.5,
    "fs_n_features": 18
}