{
    "balanced_accuracy": 0.6774193548387097,
    "accuracy": 0.8561151079136691
}