{
    "balanced_accuracy": 0.5092105263157894,
    "accuracy": 0.6148148148148148
}