{
    "balanced_accuracy": 0.9687765526266957,
    "accuracy": 0.96875,
    "log_loss": 0.08085889497096191,
    "roc_auc": 0.9687765526266957,
    "f1": 0.9685534591194969,
    "precision": 0.9655172413793104,
    "recall": 0.9716088328075709,
    "training_time": 0.017889022827148438,
    "inference_time": 0.0005934238433837891,
    "dataset": "kr-vs-kp",
    "model": "xgboost",
    "architecture_name": "A1",
    "fs_method": "f_classif",
    "fs_percent": 0.5,
    "fs_n_features": 18
}