{
    "balanced_accuracy": 0.5363163180326262,
    "accuracy": 0.3570701932858596
}