{
    "valid_loss": {
        "balanced_accuracy": 0.9211113746916991,
        "accuracy": 0.9448776065276518,
        "log_loss": 0.13671974010393964,
        "roc_auc": 0.9211113746916991,
        "f1": 0.9619429143715573,
        "precision": 0.9474722564734895,
        "recall": 0.9768624459699975
    }
}