{
    "balanced_accuracy": 0.7750870528648306,
    "accuracy": 0.7756813417190775,
    "log_loss": 0.48865854477721604,
    "roc_auc": 0.7750870528648306,
    "f1": 0.7855711422845691,
    "precision": 0.765625,
    "recall": 0.8065843621399177,
    "inference_time": 0.011608123779296875,
    "training_time": 0,
    "dataset": "jasmine",
    "model": "mlp/simple_nnw",
    "fold": "F2",
    "architecture_name": "A1",
    "fs_method": "decision_tree",
    "fs_percent": 0.5,
    "fs_n_features": 72
}