{
    "balanced_accuracy": 0.3882208589085166,
    "accuracy": 0.521254145312029
}