{
    "balanced_accuracy": 0.8200066912010706,
    "accuracy": 0.8181818181818182,
    "log_loss": 0.44494659673691833,
    "roc_auc": 0.8200066912010706,
    "f1": 0.803921568627451,
    "precision": 0.7735849056603774,
    "recall": 0.8367346938775511,
    "training_time": 0.03773903846740723,
    "inference_time": 0.0005600452423095703,
    "dataset": "australian",
    "model": "xgboost",
    "fold": "F3",
    "architecture_name": "A1",
    "fs_method": "f_classif",
    "fs_percent": 0.7,
    "fs_n_features": 9
}