{
    "valid_loss": {
        "balanced_accuracy": 0.616405905857515,
        "accuracy": 0.6806731696859256,
        "log_loss": 0.9155580944999971
    }
}