{
    "valid_loss": {
        "balanced_accuracy": 0.5861481597347068,
        "accuracy": 0.6730975348338692,
        "log_loss": 0.9330413772312738
    }
}