{
    "balanced_accuracy": 0.8832385413181666,
    "accuracy": 0.8727272727272727,
    "log_loss": 0.31644249554000925,
    "roc_auc": 0.8832385413181666,
    "f1": 0.8727272727272727,
    "precision": 0.7868852459016393,
    "recall": 0.9795918367346939,
    "training_time": 0.036475181579589844,
    "inference_time": 0.0005779266357421875,
    "dataset": "australian",
    "model": "xgboost",
    "fold": "F3",
    "architecture_name": "A1",
    "fs_method": "decision_tree",
    "fs_percent": 0.8,
    "fs_n_features": 11
}