{
    "balanced_accuracy": 0.5131482834185537,
    "accuracy": 0.32162849872773536
}