{
    "balanced_accuracy": 0.9352732615898964,
    "accuracy": 0.9353658536585366,
    "log_loss": 0.16813963110592955,
    "roc_auc": 0.9352732615898964,
    "f1": 0.9378663540445487,
    "precision": 0.9049773755656109,
    "recall": 0.9732360097323601,
    "training_time": 10.312615633010864,
    "inference_time": 0.01746535301208496,
    "dataset": "sylvine",
    "model": "mlp/full",
    "fold": "F2",
    "architecture_name": "A0",
    "fs_method": "decision_tree",
    "fs_percent": 0.5,
    "fs_n_features": 10
}