{
    "balanced_accuracy": 0.9200282709143969,
    "accuracy": 0.9200779727095516
}