{
    "balanced_accuracy": 0.5825194942842001,
    "accuracy": 0.903179190751445
}