{
    "balanced_accuracy": 0.5061881188118812,
    "accuracy": 0.511219512195122,
    "log_loss": 2.1768347547218085,
    "roc_auc": 0.5061881188118811,
    "f1": 0.24661654135338346,
    "precision": 0.5125,
    "recall": 0.16237623762376238,
    "inference_time": 0.1309804916381836,
    "training_time": 0,
    "dataset": "sylvine",
    "model": "transformer/cls",
    "architecture_name": "A26",
    "fs_method": "random_4",
    "fs_percent": 0.8,
    "fs_n_features": 16
}