{
    "balanced_accuracy": 0.8032605254827477,
    "accuracy": 0.8050314465408805,
    "log_loss": 0.4207940842847972,
    "roc_auc": 0.8032605254827476,
    "f1": 0.8241965973534972,
    "precision": 0.7622377622377622,
    "recall": 0.897119341563786,
    "training_time": 0.11076545715332031,
    "inference_time": 0.0009357929229736328,
    "dataset": "jasmine",
    "model": "xgboost",
    "fold": "F4",
    "architecture_name": "A3",
    "fs_method": "random_5",
    "fs_percent": 0.5,
    "fs_n_features": 72
}