{
    "valid_loss": {
        "balanced_accuracy": 0.8055161544523246,
        "accuracy": 0.8075313807531381,
        "log_loss": 0.39263958654419634,
        "roc_auc": 0.8055161544523247,
        "f1": 0.8302583025830258,
        "precision": 0.7525083612040134,
        "recall": 0.9259259259259259
    }
}