{
    "balanced_accuracy": 0.6675872053872054,
    "accuracy": 0.8200895713371721,
    "log_loss": 0.4054153326942702,
    "roc_auc": 0.6675872053872054,
    "f1": 0.8903276131045241,
    "precision": 0.8295058139534883,
    "recall": 0.9607744107744107,
    "training_time": 0.2341451644897461,
    "inference_time": 0.00412297248840332
}