{
    "balanced_accuracy": 0.8985961768219832,
    "accuracy": 0.9496402877697842
}