{
    "balanced_accuracy": 0.6813315490130478,
    "accuracy": 0.7,
    "log_loss": 0.5714474598982514,
    "roc_auc": 0.6813315490130479,
    "f1": 0.6024096385542169,
    "precision": 0.7352941176470589,
    "recall": 0.5102040816326531,
    "inference_time": 0.0046062469482421875,
    "training_time": 0,
    "dataset": "australian",
    "model": "mlp/simple",
    "fold": "F4",
    "architecture_name": "A1",
    "fs_method": "linear_model",
    "fs_percent": 0.4,
    "fs_n_features": 5
}