{
    "valid_loss": {
        "balanced_accuracy": 0.7384088903855868,
        "accuracy": 0.8378551318146916,
        "log_loss": 0.3541697497383209,
        "roc_auc": 0.7384088903855869,
        "f1": 0.8970671866114225,
        "precision": 0.8667189952904238,
        "recall": 0.9296177807711736
    }
}