{
    "balanced_accuracy": 0.6816799287228487,
    "accuracy": 0.6810176125244618,
    "log_loss": 2.7021454099431326,
    "roc_auc": 0.6816799287228485,
    "f1": 0.6733466933867736,
    "precision": 0.6536964980544747,
    "recall": 0.6942148760330579,
    "inference_time": 0.011816024780273438,
    "training_time": 0,
    "dataset": "kr-vs-kp",
    "model": "mlp/simple",
    "fold": "F2",
    "architecture_name": "A0",
    "fs_method": "random_3",
    "fs_percent": 0.4,
    "fs_n_features": 14
}