{
    "balanced_accuracy": 0.8095059880239521,
    "accuracy": 0.8181818181818182
}