{
    "balanced_accuracy": 0.9598114338044677,
    "accuracy": 0.9693563009972801,
    "log_loss": 0.07919546509040279,
    "roc_auc": 0.9598114338044677,
    "f1": 0.9785940468651045,
    "precision": 0.9750126198889449,
    "recall": 0.9822018815153827,
    "training_time": 0.9842185974121094,
    "inference_time": 0.005822181701660156
}