{
    "balanced_accuracy": 0.9363907971947903,
    "accuracy": 0.9365079365079365,
    "log_loss": 0.15494256325825972,
    "roc_auc": 0.9363907971947903,
    "f1": 0.9386792452830188,
    "precision": 0.9107551487414187,
    "recall": 0.9683698296836983,
    "training_time": 0.09678888320922852,
    "inference_time": 0.0009248256683349609,
    "dataset": "sylvine",
    "model": "xgboost",
    "fold": "F4",
    "architecture_name": "A0",
    "fs_method": "random_2",
    "fs_percent": 0.5,
    "fs_n_features": 10
}