{
    "valid_loss": {
        "balanced_accuracy": 0.5444593725749152,
        "accuracy": 0.7794669598513857,
        "log_loss": 0.6667936571454275
    }
}