{
    "balanced_accuracy": 0.9341349879765465,
    "accuracy": 0.9526745240253853,
    "log_loss": 0.1321512081541761,
    "roc_auc": 0.9341349879765464,
    "f1": 0.9671739403848573,
    "precision": 0.9569437531110006,
    "recall": 0.9776252224764811,
    "training_time": 103.68171191215515,
    "inference_time": 0.15752792358398438,
    "dataset": "nomao",
    "model": "mlp/full",
    "fold": "F0",
    "architecture_name": "A1",
    "fs_method": "decision_tree",
    "fs_percent": 0.8,
    "fs_n_features": 94
}