{
    "balanced_accuracy": 0.41826883261665876,
    "accuracy": 0.6591478696741855
}