{
    "balanced_accuracy": 0.9631578947368421,
    "accuracy": 0.9481481481481482
}