{
    "balanced_accuracy": 0.6758028572517563,
    "accuracy": 0.7970620239390642,
    "log_loss": 0.43122952360271644,
    "roc_auc": 0.6758028572517563,
    "f1": 0.8709491408142083,
    "precision": 0.7969607429295061,
    "recall": 0.9600813628273582,
    "inference_time": 0.131911039352417,
    "training_time": 0,
    "dataset": "nomao",
    "model": "mlp/simple_nd_nn",
    "fold": "F3",
    "architecture_name": "A1",
    "fs_method": "random_5",
    "fs_percent": 0.4,
    "fs_n_features": 47
}