{
    "balanced_accuracy": 0.5289741141601663,
    "accuracy": 0.7647420147420148
}