{
    "valid_loss": {
        "balanced_accuracy": 0.7996443396755908,
        "accuracy": 0.8657537752751472,
        "log_loss": 0.2875244357773515,
        "roc_auc": 0.7996443396755908,
        "f1": 0.9129965994857759,
        "precision": 0.8996404053612291,
        "recall": 0.9267553460178481
    }
}