{
    "balanced_accuracy": 0.7932890155112378,
    "accuracy": 0.7966457023060797,
    "log_loss": 0.43546355054051145,
    "roc_auc": 0.7932890155112378,
    "f1": 0.8295254833040422,
    "precision": 0.7239263803680982,
    "recall": 0.9711934156378601,
    "training_time": 6.298092842102051,
    "inference_time": 0.010614871978759766,
    "dataset": "jasmine",
    "model": "mlp/full",
    "fold": "F4",
    "architecture_name": "A0",
    "fs_method": "linear_model",
    "fs_percent": 0.6,
    "fs_n_features": 86
}