{
    "balanced_accuracy": 0.8906748988716202,
    "accuracy": 0.8913043478260869,
    "log_loss": 0.31021041422777423,
    "roc_auc": 0.8906748988716202,
    "f1": 0.8780487804878049,
    "precision": 0.8709677419354839,
    "recall": 0.8852459016393442,
    "training_time": 0.015817642211914062,
    "inference_time": 0.0005664825439453125,
    "dataset": "australian",
    "model": "xgboost",
    "architecture_name": "A0",
    "fs_method": "random_3",
    "fs_percent": 0.9,
    "fs_n_features": 12
}