{
    "valid_loss": {
        "balanced_accuracy": 0.7952674897119342,
        "accuracy": 0.7966457023060797,
        "log_loss": 0.44820420601161104,
        "roc_auc": 0.7952674897119343,
        "f1": 0.8131021194605009,
        "precision": 0.7644927536231884,
        "recall": 0.8683127572016461
    }
}