{
    "valid_loss": {
        "balanced_accuracy": 0.9520265650659931,
        "accuracy": 0.9633726201269266,
        "log_loss": 0.10740557494249468,
        "roc_auc": 0.9520265650659931,
        "f1": 0.9744303797468354,
        "precision": 0.9702546004537433,
        "recall": 0.9786422578184591
    }
}