{
    "balanced_accuracy": 0.9633975831419155,
    "accuracy": 0.9715270221254987,
    "log_loss": 0.07811642571666162,
    "roc_auc": 0.9633975831419155,
    "f1": 0.9800887761572606,
    "precision": 0.9777327935222672,
    "recall": 0.9824561403508771,
    "training_time": 0.7029826641082764,
    "inference_time": 0.007238626480102539,
    "dataset": "nomao",
    "model": "xgboost",
    "fold": "F3",
    "architecture_name": "A1",
    "fs_method": "linear_model",
    "fs_percent": 0.4,
    "fs_n_features": 47
}