{
    "valid_loss": {
        "balanced_accuracy": 0.7501582779360557,
        "accuracy": 0.7526205450733753,
        "log_loss": 0.4763377437811689,
        "roc_auc": 0.7501582779360557,
        "f1": 0.7838827838827839,
        "precision": 0.7062706270627063,
        "recall": 0.8806584362139918
    }
}