{
    "balanced_accuracy": 0.537553232675184,
    "accuracy": 0.5310344827586206
}