{
    "valid_loss": {
        "balanced_accuracy": 0.33434654705730377,
        "accuracy": 0.6209341117597998,
        "log_loss": 1.105606438119822
    }
}