{
    "balanced_accuracy": 0.9227057964742453,
    "accuracy": 0.9445048966267682,
    "log_loss": 0.141908535887996,
    "roc_auc": 0.9227057964742453,
    "f1": 0.9615867436605574,
    "precision": 0.9496652615918671,
    "recall": 0.9738113399440631,
    "inference_time": 0.7458431720733643,
    "training_time": 415.6724113102617,
    "dataset": "nomao",
    "model": "transformer/cls",
    "fold": "F3",
    "architecture_name": "A28",
    "fs_method": "decision_tree",
    "fs_percent": 0.8,
    "fs_n_features": 94
}