{
    "balanced_accuracy": 0.870473996050033,
    "accuracy": 0.8648648648648649,
    "log_loss": 0.3550724166914631,
    "roc_auc": 0.8704739960500327,
    "f1": 0.8571428571428571,
    "precision": 0.8035714285714286,
    "recall": 0.9183673469387755,
    "inference_time": 0.004172563552856445,
    "training_time": 0,
    "dataset": "australian",
    "model": "mlp/simple",
    "fold": "F1",
    "architecture_name": "A1",
    "fs_method": "random_1",
    "fs_percent": 0.6,
    "fs_n_features": 8
}