{
    "balanced_accuracy": 0.5555555555555556,
    "accuracy": 0.9191919191919192
}