{
    "valid_loss": {
        "balanced_accuracy": 0.9436988387588046,
        "accuracy": 0.9439024390243902,
        "log_loss": 0.16495859163478288,
        "roc_auc": 0.9436988387588046,
        "f1": 0.9463869463869464,
        "precision": 0.9103139013452914,
        "recall": 0.9854368932038835
    }
}