{
    "balanced_accuracy": 0.9433730054262243,
    "accuracy": 0.9593834995466909,
    "log_loss": 0.10778881287939387,
    "roc_auc": 0.9433730054262243,
    "f1": 0.9717884130982368,
    "precision": 0.9628150736211629,
    "recall": 0.9809305873379099,
    "inference_time": 1.3640787601470947,
    "training_time": 658.8810676227915,
    "dataset": "nomao",
    "model": "transformer/cls",
    "fold": "F1",
    "architecture_name": "A26",
    "fs_method": "none",
    "fs_percent": 1.0,
    "fs_n_features": 118
}