{
    "valid_loss": {
        "balanced_accuracy": 0.8029148341471628,
        "accuracy": 0.8660097261325825,
        "log_loss": 0.2934565718263241,
        "roc_auc": 0.8029148341471628,
        "f1": 0.9129313929313929,
        "precision": 0.901906013802169,
        "recall": 0.9242296682943256
    }
}