{
    "valid_loss": {
        "balanced_accuracy": 0.8527935764469723,
        "accuracy": 0.8545454545454545,
        "log_loss": 0.42049656012063946,
        "roc_auc": 0.8527935764469723,
        "f1": 0.8367346938775511,
        "precision": 0.8367346938775511,
        "recall": 0.8367346938775511
    }
}