{
    "balanced_accuracy": 0.36755222322979897,
    "accuracy": 0.6165413533834586
}