{
    "valid_loss": {
        "balanced_accuracy": 0.3317301032718505,
        "accuracy": 0.619479091632862,
        "log_loss": 1.1065759373200783
    }
}