{
    "valid_loss": {
        "balanced_accuracy": 0.7905191516302628,
        "accuracy": 0.7924528301886793,
        "log_loss": 0.43423876383700843,
        "roc_auc": 0.7905191516302628,
        "f1": 0.8142589118198874,
        "precision": 0.7482758620689656,
        "recall": 0.8930041152263375
    }
}