{
    "balanced_accuracy": 0.9474914495214193,
    "accuracy": 0.9571998549147624,
    "log_loss": 0.11317124117335384,
    "roc_auc": 0.9474914495214192,
    "f1": 0.9700050838840875,
    "precision": 0.9697585768742059,
    "recall": 0.9702517162471396,
    "inference_time": 0.6761071681976318,
    "training_time": 419.0826721191406,
    "dataset": "nomao",
    "model": "transformer/cls",
    "fold": "F3",
    "architecture_name": "A24",
    "fs_method": "f_classif",
    "fs_percent": 0.9,
    "fs_n_features": 106
}