{
  "dropout": 0.19069663965653744,
  "embedding_size": 512,
  "n_head": 4,
  "n_hid": 256,
  "n_layers": 2,
  "optimizer__lr": 0.006002842756011881
}