{
    "balanced_accuracy": 0.527192333605301,
    "accuracy": 0.5937888198757764
}