{
    "balanced_accuracy": 0.4272827106885555,
    "accuracy": 0.5384615384615384
}