{
    "balanced_accuracy": 0.9952681388012619,
    "accuracy": 0.9953125,
    "log_loss": 0.01953781347146526,
    "roc_auc": 0.9952681388012619,
    "f1": 0.9952456418383518,
    "precision": 1.0,
    "recall": 0.9905362776025236,
    "inference_time": 0.013903141021728516,
    "training_time": 0,
    "dataset": "kr-vs-kp",
    "model": "mlp/simple_nd",
    "architecture_name": "A0",
    "fs_method": "decision_tree",
    "fs_percent": 0.9,
    "fs_n_features": 32
}