{
    "balanced_accuracy": 0.4391825373995523,
    "accuracy": 0.6172650878533231
}