{
    "valid_loss": {
        "balanced_accuracy": 0.7879075656853435,
        "accuracy": 0.790356394129979,
        "log_loss": 0.45552416173649873,
        "roc_auc": 0.7879075656853434,
        "f1": 0.8168498168498168,
        "precision": 0.735973597359736,
        "recall": 0.9176954732510288
    }
}