{
    "balanced_accuracy": 0.7977760266176341,
    "accuracy": 0.799163179916318,
    "log_loss": 0.4342145473871571,
    "roc_auc": 0.7977760266176341,
    "f1": 0.816793893129771,
    "precision": 0.7615658362989324,
    "recall": 0.8806584362139918,
    "inference_time": 0.01229715347290039,
    "training_time": 0,
    "dataset": "jasmine",
    "model": "mlp/simple_nd_nnw",
    "fold": "F0",
    "architecture_name": "A1",
    "fs_method": "random_2",
    "fs_percent": 0.9,
    "fs_n_features": 129
}