{
    "balanced_accuracy": 0.8791675867879266,
    "accuracy": 0.8961015412511333,
    "log_loss": 0.26097386541201273,
    "roc_auc": 0.8791675867879267,
    "f1": 0.9265478784771183,
    "precision": 0.9343329886246122,
    "recall": 0.9188914314772438,
    "inference_time": 0.13356828689575195,
    "training_time": 0,
    "dataset": "nomao",
    "model": "mlp/simple_nd_nn",
    "fold": "F0",
    "architecture_name": "A1",
    "fs_method": "linear_model",
    "fs_percent": 0.7,
    "fs_n_features": 82
}