{
    "valid_loss": {
        "balanced_accuracy": 0.7970340685861818,
        "accuracy": 0.8634502175582288,
        "log_loss": 0.2948980444916113,
        "roc_auc": 0.7970340685861818,
        "f1": 0.9114596299062319,
        "precision": 0.8985602094240838,
        "recall": 0.9247348038390302
    }
}