{
    "balanced_accuracy": 0.38356729024377306,
    "accuracy": 0.5564885496183206
}