{
    "balanced_accuracy": 0.504461736150771,
    "accuracy": 0.5024390243902439,
    "log_loss": 1.1481231227663549,
    "roc_auc": 0.504461736150771,
    "f1": 0.15352697095435686,
    "precision": 0.5285714285714286,
    "recall": 0.08980582524271845,
    "inference_time": 0.017058610916137695,
    "training_time": 0,
    "dataset": "sylvine",
    "model": "mlp/simple_nd",
    "fold": "F1",
    "architecture_name": "A0",
    "fs_method": "random_1",
    "fs_percent": 0.5,
    "fs_n_features": 10
}