{
    "balanced_accuracy": 0.5541986687147977,
    "accuracy": 0.903179190751445
}