{
    "valid_loss": {
        "balanced_accuracy": 0.9425328383780697,
        "accuracy": 0.9426829268292682,
        "log_loss": 0.16599886941205666,
        "roc_auc": 0.9425328383780697,
        "f1": 0.944640753828033,
        "precision": 0.9176201372997712,
        "recall": 0.9733009708737864
    }
}