{
    "balanced_accuracy": 0.0976240193209322,
    "accuracy": 0.3297846600532301
}