{
    "balanced_accuracy": 0.6806670932255711,
    "accuracy": 0.8160993089326849,
    "log_loss": 0.3922299616480345,
    "roc_auc": 0.6806670932255711,
    "f1": 0.8860879904875149,
    "precision": 0.8371779508687837,
    "recall": 0.9410675197844754,
    "training_time": 0.20469093322753906,
    "inference_time": 0.004025936126708984,
    "dataset": "adult",
    "model": "xgboost",
    "fold": "F3",
    "architecture_name": "A0",
    "fs_method": "decision_tree",
    "fs_percent": 0.4,
    "fs_n_features": 5
}