{
    "balanced_accuracy": 0.9917355371900827,
    "accuracy": 0.9921875,
    "log_loss": 0.02448733978334046,
    "roc_auc": 0.9917355371900827,
    "f1": 0.9916666666666667,
    "precision": 1.0,
    "recall": 0.9834710743801653,
    "training_time": 20.93242835998535,
    "inference_time": 0.024042367935180664,
    "dataset": "kr-vs-kp",
    "model": "mlp/full",
    "fold": "F0",
    "architecture_name": "A1",
    "fs_method": "linear_model",
    "fs_percent": 0.7,
    "fs_n_features": 25
}