{
    "valid_loss": {
        "balanced_accuracy": 0.5832688723983532,
        "accuracy": 0.6724544480171489,
        "log_loss": 0.9321290991554171
    }
}