{
    "balanced_accuracy": 0.7183222764775214,
    "accuracy": 0.838111082672127,
    "log_loss": 0.36477541117318785,
    "roc_auc": 0.7183222764775214,
    "f1": 0.8990664645336313,
    "precision": 0.8544131028207461,
    "recall": 0.9486445529550429,
    "training_time": 87.56671571731567,
    "inference_time": 0.1567072868347168,
    "dataset": "adult",
    "model": "mlp/full",
    "fold": "F3",
    "architecture_name": "A0",
    "fs_method": "f_classif",
    "fs_percent": 0.6,
    "fs_n_features": 8
}