{
    "balanced_accuracy": 0.7679645457423235,
    "accuracy": 0.7714884696016772,
    "log_loss": 0.46457770411232735,
    "roc_auc": 0.7679645457423235,
    "f1": 0.8097731239092496,
    "precision": 0.703030303030303,
    "recall": 0.9547325102880658,
    "training_time": 4.903196096420288,
    "inference_time": 0.010294198989868164,
    "dataset": "jasmine",
    "model": "mlp/full",
    "fold": "F3",
    "architecture_name": "A0",
    "fs_method": "decision_tree",
    "fs_percent": 0.7,
    "fs_n_features": 100
}