{
    "balanced_accuracy": 0.5490135209713024,
    "accuracy": 0.7738693467336684
}