{
    "valid_loss": {
        "balanced_accuracy": 0.8048656900712803,
        "accuracy": 0.867033529562324,
        "log_loss": 0.28850443828245304,
        "roc_auc": 0.8048656900712803,
        "f1": 0.9135535402279724,
        "precision": 0.9029605263157895,
        "recall": 0.9243980468092271
    }
}