{
    "valid_loss": {
        "balanced_accuracy": 0.7726111017567492,
        "accuracy": 0.8596109546966982,
        "log_loss": 0.30184947064616363,
        "roc_auc": 0.7726111017567492,
        "f1": 0.9105293206100644,
        "precision": 0.8829484340398608,
        "recall": 0.939888870180165
    }
}