{
    "balanced_accuracy": 0.7638518518518518,
    "accuracy": 0.83659628918746,
    "log_loss": 0.34208099851813745,
    "roc_auc": 0.7638518518518519,
    "f1": 0.8936984932989261,
    "precision": 0.8839123991437511,
    "recall": 0.9037037037037037,
    "training_time": 78.06586050987244,
    "inference_time": 0.1656043529510498,
    "dataset": "adult",
    "model": "mlp/full",
    "fold": "F1",
    "architecture_name": "A0",
    "fs_method": "decision_tree",
    "fs_percent": 0.9,
    "fs_n_features": 12
}