{
    "balanced_accuracy": 0.6391752577319587,
    "accuracy": 0.8245614035087719
}