{
    "balanced_accuracy": 0.8283475783475783,
    "accuracy": 0.8301886792452831,
    "log_loss": 0.4109213881369238,
    "roc_auc": 0.8283475783475784,
    "f1": 0.847457627118644,
    "precision": 0.78125,
    "recall": 0.9259259259259259,
    "training_time": 0.13214445114135742,
    "inference_time": 0.0011153221130371094,
    "dataset": "jasmine",
    "model": "xgboost",
    "fold": "F4",
    "architecture_name": "A2",
    "fs_method": "linear_model",
    "fs_percent": 0.7,
    "fs_n_features": 100
}