{
    "valid_loss": {
        "balanced_accuracy": 0.521864476098435,
        "accuracy": 0.7631269666755127,
        "log_loss": 0.7090818797206166
    }
}