{
    "balanced_accuracy": 0.8764705882352942,
    "accuracy": 0.7111111111111111
}