{
    "balanced_accuracy": 0.711803742050447,
    "accuracy": 0.7201565557729941,
    "log_loss": 2.186537712122554,
    "roc_auc": 0.711803742050447,
    "f1": 0.6520681265206812,
    "precision": 0.7928994082840237,
    "recall": 0.5537190082644629,
    "inference_time": 0.011080265045166016,
    "training_time": 0,
    "dataset": "kr-vs-kp",
    "model": "mlp/simple_nd",
    "fold": "F3",
    "architecture_name": "A0",
    "fs_method": "random_3",
    "fs_percent": 0.5,
    "fs_n_features": 18
}