{
    "balanced_accuracy": 0.8731126596980255,
    "accuracy": 0.8689655172413793
}