{
    "balanced_accuracy": 0.9792011019283746,
    "accuracy": 0.978515625,
    "log_loss": 0.10507139647763108,
    "roc_auc": 0.9792011019283746,
    "f1": 0.9775967413441955,
    "precision": 0.963855421686747,
    "recall": 0.9917355371900827,
    "inference_time": 0.01170039176940918,
    "training_time": 0,
    "dataset": "kr-vs-kp",
    "model": "mlp/simple_nd",
    "fold": "F0",
    "architecture_name": "A0",
    "fs_method": "f_classif",
    "fs_percent": 0.8,
    "fs_n_features": 28
}