{
    "balanced_accuracy": 0.8836881537335719,
    "accuracy": 0.9049691693870149,
    "log_loss": 0.28930539745440914,
    "roc_auc": 0.8836881537335718,
    "f1": 0.9333841851004322,
    "precision": 0.9331469242501271,
    "recall": 0.9336215666327569,
    "inference_time": 0.45720744132995605,
    "training_time": 419.3402897242842,
    "dataset": "nomao",
    "model": "transformer/cls",
    "fold": "F4",
    "architecture_name": "A28",
    "fs_method": "decision_tree",
    "fs_percent": 0.5,
    "fs_n_features": 59
}