{
    "balanced_accuracy": 0.8345860176568838,
    "accuracy": 0.844559585492228
}