{
    "balanced_accuracy": 0.7991291235844411,
    "accuracy": 0.9807417974322397
}