{
    "balanced_accuracy": 0.64463595657241,
    "accuracy": 0.7404580152671756
}