{
    "valid_loss": {
        "balanced_accuracy": 0.33615603731428384,
        "accuracy": 0.6184554725708004,
        "log_loss": 1.1083303357888128
    }
}