{
    "balanced_accuracy": 0.5261398248619836,
    "accuracy": 0.524390243902439,
    "log_loss": 0.976954193896248,
    "roc_auc": 0.5261398248619836,
    "f1": 0.26136363636363635,
    "precision": 0.5948275862068966,
    "recall": 0.16747572815533981,
    "inference_time": 0.018770694732666016,
    "training_time": 0,
    "dataset": "sylvine",
    "model": "mlp/simple",
    "fold": "F0",
    "architecture_name": "A0",
    "fs_method": "random_2",
    "fs_percent": 0.6,
    "fs_n_features": 12
}