{
    "balanced_accuracy": 0.9336789709609392,
    "accuracy": 0.9561117156329344,
    "log_loss": 0.1131160671077066,
    "roc_auc": 0.9336789709609392,
    "f1": 0.96975,
    "precision": 0.953774280796656,
    "recall": 0.9862700228832952,
    "training_time": 97.54353833198547,
    "inference_time": 0.12078428268432617,
    "dataset": "nomao",
    "model": "mlp/full",
    "fold": "F3",
    "architecture_name": "A0",
    "fs_method": "linear_model",
    "fs_percent": 0.8,
    "fs_n_features": 94
}