{
    "valid_loss": {
        "balanced_accuracy": 0.6041371069872891,
        "accuracy": 0.6690963661700075,
        "log_loss": 0.9446496337217537
    }
}