{
    "valid_loss": {
        "balanced_accuracy": 0.8333158217318974,
        "accuracy": 0.8347280334728033,
        "log_loss": 0.38520535447512727,
        "roc_auc": 0.8333158217318973,
        "f1": 0.8495238095238096,
        "precision": 0.7907801418439716,
        "recall": 0.9176954732510288
    }
}