{
    "balanced_accuracy": 0.502369813354235,
    "accuracy": 0.6968463886063072
}