{
    "balanced_accuracy": 0.9486840852845992,
    "accuracy": 0.948780487804878,
    "log_loss": 0.15396115967792282,
    "roc_auc": 0.9486840852845995,
    "f1": 0.95,
    "precision": 0.9322429906542056,
    "recall": 0.9684466019417476,
    "training_time": 0.12770438194274902,
    "inference_time": 0.0009472370147705078,
    "dataset": "sylvine",
    "model": "xgboost",
    "fold": "F0",
    "architecture_name": "A2",
    "fs_method": "linear_model",
    "fs_percent": 0.7,
    "fs_n_features": 14
}