{
    "balanced_accuracy": 0.7784900284900285,
    "accuracy": 0.7819706498951782,
    "log_loss": 0.4336959262024217,
    "roc_auc": 0.7784900284900285,
    "f1": 0.8181818181818182,
    "precision": 0.7112462006079028,
    "recall": 0.9629629629629629,
    "training_time": 7.691904067993164,
    "inference_time": 0.01574397087097168,
    "dataset": "jasmine",
    "model": "mlp/full",
    "fold": "F2",
    "architecture_name": "A1",
    "fs_method": "linear_model",
    "fs_percent": 0.6,
    "fs_n_features": 86
}