{
    "valid_loss": {
        "balanced_accuracy": 0.33190795992334404,
        "accuracy": 0.6187587671077075,
        "log_loss": 1.1042275216110078
    }
}