{
    "valid_loss": {
        "balanced_accuracy": 0.7920592592592592,
        "accuracy": 0.8578374920025592,
        "log_loss": 0.30296473660860546,
        "roc_auc": 0.7920592592592592,
        "f1": 0.9075937785910339,
        "precision": 0.8969258589511754,
        "recall": 0.9185185185185185
    }
}