{
    "valid_loss": {
        "balanced_accuracy": 0.943725848003435,
        "accuracy": 0.9438339438339438,
        "log_loss": 0.15545104567792783,
        "roc_auc": 0.943725848003435,
        "f1": 0.9456264775413712,
        "precision": 0.9195402298850575,
        "recall": 0.9732360097323601
    }
}