{
    "balanced_accuracy": 0.8938274469211596,
    "accuracy": 0.8939024390243903,
    "log_loss": 0.24569799308637133,
    "roc_auc": 0.8938274469211596,
    "f1": 0.89728453364817,
    "precision": 0.8715596330275229,
    "recall": 0.9245742092457421,
    "inference_time": 0.016183853149414062,
    "training_time": 0,
    "dataset": "sylvine",
    "model": "mlp/simple_nd_nn",
    "fold": "F2",
    "architecture_name": "A0",
    "fs_method": "linear_model",
    "fs_percent": 0.6,
    "fs_n_features": 12
}