{
    "balanced_accuracy": 0.7448624291663821,
    "accuracy": 0.8521303258145363
}