{
    "valid_loss": {
        "balanced_accuracy": 0.7927122186675647,
        "accuracy": 0.8574353724084975,
        "log_loss": 0.3072763796203018,
        "roc_auc": 0.7927122186675647,
        "f1": 0.9072285143237842,
        "precision": 0.8975119459548525,
        "recall": 0.9171577706684627
    }
}