{
    "balanced_accuracy": 0.6136464646464647,
    "accuracy": 0.8038387715930903,
    "log_loss": 0.43599108179579515,
    "roc_auc": 0.6136464646464647,
    "f1": 0.8835725677830941,
    "precision": 0.8048982980489829,
    "recall": 0.9792929292929293,
    "inference_time": 0.14719343185424805,
    "training_time": 0,
    "dataset": "adult",
    "model": "mlp/simple_nd_nnw",
    "fold": "F2",
    "architecture_name": "A0",
    "fs_method": "linear_model",
    "fs_percent": 0.6,
    "fs_n_features": 8
}