{
    "balanced_accuracy": 0.5015873015873016,
    "accuracy": 0.09248554913294797
}