{
    "balanced_accuracy": 0.9512953775887865,
    "accuracy": 0.9498432601880877
}