{
    "balanced_accuracy": 0.7879569807752915,
    "accuracy": 0.7962382445141066
}