{
    "balanced_accuracy": 0.7359903530062368,
    "accuracy": 0.7397260273972602,
    "log_loss": 0.5349720516060148,
    "roc_auc": 0.7359903530062367,
    "f1": 0.7076923076923077,
    "precision": 0.755868544600939,
    "recall": 0.6652892561983471,
    "training_time": 0.05943655967712402,
    "inference_time": 0.0007517337799072266,
    "dataset": "kr-vs-kp",
    "model": "xgboost",
    "fold": "F2",
    "architecture_name": "A2",
    "fs_method": "random_4",
    "fs_percent": 0.6,
    "fs_n_features": 21
}