{
    "balanced_accuracy": 0.8813984610237537,
    "accuracy": 0.8818181818181818,
    "log_loss": 0.291146294849215,
    "roc_auc": 0.8813984610237537,
    "f1": 0.8686868686868687,
    "precision": 0.86,
    "recall": 0.8775510204081632,
    "inference_time": 0.002798795700073242,
    "training_time": 0,
    "dataset": "australian",
    "model": "mlp/simple_nd_nn",
    "fold": "F2",
    "architecture_name": "A0",
    "fs_method": "random_1",
    "fs_percent": 0.9,
    "fs_n_features": 12
}