{
  "dropout": 0.007215159117417436,
  "embedding_size": 128,
  "n_head": 32,
  "n_hid": 64,
  "n_layers": 2,
  "numerical_passthrough": false,
  "optimizer__lr": 0.036536375813678176
}