{
    "balanced_accuracy": 0.4317964744971339,
    "accuracy": 0.5900763358778626
}