{
    "balanced_accuracy": 0.09652963309095078,
    "accuracy": 0.3266392451004113
}