{
    "valid_loss": {
        "balanced_accuracy": 0.9449619511467385,
        "accuracy": 0.9619151251360174,
        "log_loss": 0.09716189372375449,
        "roc_auc": 0.9449619511467385,
        "f1": 0.9735981895901433,
        "precision": 0.9627051218299354,
        "recall": 0.9847405900305188
    }
}