{
    "valid_loss": {
        "balanced_accuracy": 0.329141695639562,
        "accuracy": 0.6177117294715293,
        "log_loss": 1.104863153304172
    }
}