{
  "dropout": 0.49662812611643703,
  "embedding_size": 1024,
  "n_head": 2,
  "n_hid": 256,
  "n_layers": 4,
  "numerical_passthrough": false,
  "optimizer__lr": 0.005819301177893583
}