{
    "balanced_accuracy": 0.7878452940707095,
    "accuracy": 0.6684901531728665
}