{
    "balanced_accuracy": 0.8404449862846693,
    "accuracy": 0.9016393442622951
}