{
    "balanced_accuracy": 0.7709326599326599,
    "accuracy": 0.8570697376839411,
    "log_loss": 0.30702275448253163,
    "roc_auc": 0.7709326599326599,
    "f1": 0.9087641917830597,
    "precision": 0.8825955894018721,
    "recall": 0.9365319865319865,
    "training_time": 0.23158812522888184,
    "inference_time": 0.003533601760864258,
    "dataset": "adult",
    "model": "xgboost",
    "fold": "F2",
    "architecture_name": "A0",
    "fs_method": "f_classif",
    "fs_percent": 0.7,
    "fs_n_features": 9
}