{
    "valid_loss": {
        "balanced_accuracy": 0.8137466071272218,
        "accuracy": 0.8158995815899581,
        "log_loss": 0.40866538191237545,
        "roc_auc": 0.8137466071272218,
        "f1": 0.8388278388278388,
        "precision": 0.7557755775577558,
        "recall": 0.9423868312757202
    }
}