{
    "balanced_accuracy": 0.9577738272833553,
    "accuracy": 0.9659111514052584,
    "log_loss": 0.09389864690644041,
    "roc_auc": 0.9577738272833553,
    "f1": 0.9761178861788617,
    "precision": 0.9753744605229754,
    "recall": 0.9768624459699975,
    "training_time": 0.5868299007415771,
    "inference_time": 0.008017301559448242,
    "dataset": "nomao",
    "model": "xgboost",
    "fold": "F0",
    "architecture_name": "A1",
    "fs_method": "random_2",
    "fs_percent": 0.4,
    "fs_n_features": 47
}