{
    "balanced_accuracy": 0.36813511800553467,
    "accuracy": 0.6190476190476191
}