{
    "balanced_accuracy": 0.7523741690408356,
    "accuracy": 0.7547169811320755,
    "log_loss": 0.4554055410891895,
    "roc_auc": 0.7523741690408358,
    "f1": 0.7845303867403315,
    "precision": 0.71,
    "recall": 0.8765432098765432,
    "inference_time": 0.011234521865844727,
    "training_time": 0,
    "dataset": "jasmine",
    "model": "mlp/simple",
    "fold": "F4",
    "architecture_name": "A0",
    "fs_method": "linear_model",
    "fs_percent": 0.5,
    "fs_n_features": 72
}