{
    "balanced_accuracy": 0.7646734006734006,
    "accuracy": 0.8531030070377479,
    "log_loss": 0.3247430485591905,
    "roc_auc": 0.7646734006734006,
    "f1": 0.9063010120796605,
    "precision": 0.8795944233206591,
    "recall": 0.9346801346801347,
    "training_time": 0.4524822235107422,
    "inference_time": 0.005997657775878906,
    "dataset": "adult",
    "model": "xgboost",
    "fold": "F0",
    "architecture_name": "A3",
    "fs_method": "linear_model",
    "fs_percent": 0.8,
    "fs_n_features": 11
}