{
    "balanced_accuracy": 0.7134426229508197,
    "accuracy": 0.7207207207207207,
    "log_loss": 0.5751212649462181,
    "roc_auc": 0.7134426229508196,
    "f1": 0.6736842105263158,
    "precision": 0.7111111111111111,
    "recall": 0.64,
    "inference_time": 0.004360198974609375,
    "training_time": 0,
    "dataset": "australian",
    "model": "mlp/simple",
    "fold": "F0",
    "architecture_name": "A1",
    "fs_method": "decision_tree",
    "fs_percent": 0.4,
    "fs_n_features": 5
}