{
    "balanced_accuracy": 0.9958677685950413,
    "accuracy": 0.9960861056751468,
    "log_loss": 0.011329905593366196,
    "roc_auc": 0.9958677685950413,
    "f1": 0.995850622406639,
    "precision": 1.0,
    "recall": 0.9917355371900827,
    "inference_time": 0.07334470748901367,
    "training_time": 34.375813007354736,
    "dataset": "kr-vs-kp",
    "model": "transformer/cls",
    "fold": "F1",
    "architecture_name": "A23",
    "fs_method": "none",
    "fs_percent": 1.0,
    "fs_n_features": 36
}