{
    "balanced_accuracy": 0.501973266460974,
    "accuracy": 0.6160337552742616
}