{
    "balanced_accuracy": 0.8121092723929604,
    "accuracy": 0.8138075313807531,
    "log_loss": 0.37863387261104875,
    "roc_auc": 0.8121092723929604,
    "f1": 0.8330206378986866,
    "precision": 0.7655172413793103,
    "recall": 0.9135802469135802,
    "training_time": 0.0738837718963623,
    "inference_time": 0.0007920265197753906,
    "dataset": "jasmine",
    "model": "xgboost",
    "fold": "F0",
    "architecture_name": "A0",
    "fs_method": "f_classif",
    "fs_percent": 0.7,
    "fs_n_features": 100
}