{
    "balanced_accuracy": 0.5207611093602269,
    "accuracy": 0.5297805642633229
}