{
    "balanced_accuracy": 0.7517410572966129,
    "accuracy": 0.7526205450733753,
    "log_loss": 0.6165754160088726,
    "roc_auc": 0.7517410572966129,
    "f1": 0.766798418972332,
    "precision": 0.7376425855513308,
    "recall": 0.7983539094650206,
    "inference_time": 0.07571077346801758,
    "training_time": 52.552779298079635
}