{
    "balanced_accuracy": 0.6237850879341595,
    "accuracy": 0.7075279755849441
}