{
    "balanced_accuracy": 0.4520592356209048,
    "accuracy": 0.6516290726817042
}