{
    "balanced_accuracy": 0.993801652892562,
    "accuracy": 0.9941291585127201,
    "log_loss": 0.028141080865469716,
    "roc_auc": 0.993801652892562,
    "f1": 0.9937629937629938,
    "precision": 1.0,
    "recall": 0.987603305785124,
    "training_time": 0.10944080352783203,
    "inference_time": 0.0016231536865234375
}