{
    "balanced_accuracy": 0.5060232363071762,
    "accuracy": 0.5048780487804878,
    "log_loss": 1.0332534628264598,
    "roc_auc": 0.5060232363071762,
    "f1": 0.06880733944954129,
    "precision": 0.6,
    "recall": 0.0364963503649635,
    "inference_time": 0.01576089859008789,
    "training_time": 0,
    "dataset": "sylvine",
    "model": "mlp/simple_nnw",
    "fold": "F2",
    "architecture_name": "A0",
    "fs_method": "random_5",
    "fs_percent": 0.5,
    "fs_n_features": 10
}