{
    "balanced_accuracy": 0.5173478363360835,
    "accuracy": 0.7664448425902227,
    "log_loss": 0.4845411444035715,
    "roc_auc": 0.5173478363360835,
    "f1": 0.8663884618200454,
    "precision": 0.7664507772020726,
    "recall": 0.996295672672167,
    "inference_time": 0.1874253749847412,
    "training_time": 0,
    "dataset": "adult",
    "model": "mlp/simple_nd_nn",
    "fold": "F3",
    "architecture_name": "A1",
    "fs_method": "decision_tree",
    "fs_percent": 0.4,
    "fs_n_features": 5
}