{
    "valid_loss": {
        "balanced_accuracy": 0.8087126227760004,
        "accuracy": 0.8634502175582288,
        "log_loss": 0.29768484148317437,
        "roc_auc": 0.8087126227760004,
        "f1": 0.9105091000587101,
        "precision": 0.9070855614973262,
        "recall": 0.9139585788853343
    }
}