{
    "balanced_accuracy": 0.7865073110935995,
    "accuracy": 0.7887029288702929,
    "log_loss": 0.44458217612222983,
    "roc_auc": 0.7865073110935996,
    "f1": 0.8153564899451554,
    "precision": 0.7335526315789473,
    "recall": 0.9176954732510288,
    "inference_time": 0.011162757873535156,
    "training_time": 0,
    "dataset": "jasmine",
    "model": "mlp/simple_nd",
    "fold": "F1",
    "architecture_name": "A0",
    "fs_method": "f_classif",
    "fs_percent": 0.7,
    "fs_n_features": 100
}