{
    "balanced_accuracy": 0.5144820680051913,
    "accuracy": 0.5677018633540373
}