{
    "balanced_accuracy": 0.791699500919359,
    "accuracy": 0.7949790794979079,
    "log_loss": 0.4080799710577785,
    "roc_auc": 0.791699500919359,
    "f1": 0.8304498269896193,
    "precision": 0.7164179104477612,
    "recall": 0.9876543209876543,
    "training_time": 8.181004762649536,
    "inference_time": 0.013095378875732422,
    "dataset": "jasmine",
    "model": "mlp/full",
    "fold": "F0",
    "architecture_name": "A1",
    "fs_method": "decision_tree",
    "fs_percent": 0.9,
    "fs_n_features": 129
}