{
    "balanced_accuracy": 0.9218303826384924,
    "accuracy": 0.9219512195121952,
    "log_loss": 0.1947304040652363,
    "roc_auc": 0.9218303826384923,
    "f1": 0.9241706161137441,
    "precision": 0.9027777777777778,
    "recall": 0.9466019417475728,
    "inference_time": 0.10013556480407715,
    "training_time": 52.79298280900524,
    "dataset": "sylvine",
    "model": "transformer/cls",
    "fold": "F0",
    "architecture_name": "A26",
    "fs_method": "f_classif",
    "fs_percent": 0.4,
    "fs_n_features": 8
}