{
    "balanced_accuracy": 0.9940090325355617,
    "accuracy": 0.9941291585127201,
    "log_loss": 0.02371540834115249,
    "roc_auc": 0.9940090325355617,
    "f1": 0.9937888198757764,
    "precision": 0.995850622406639,
    "recall": 0.9917355371900827,
    "training_time": 6.54901909828186,
    "inference_time": 0.0106048583984375,
    "dataset": "kr-vs-kp",
    "model": "mlp/full",
    "fold": "F2",
    "architecture_name": "A0",
    "fs_method": "linear_model",
    "fs_percent": 0.8,
    "fs_n_features": 28
}