{
    "valid_loss": {
        "balanced_accuracy": 0.5368170996012075,
        "accuracy": 0.7771627871711274,
        "log_loss": 0.6637491797881522
    }
}