{
    "balanced_accuracy": 0.955347416832036,
    "accuracy": 0.9613710554951034,
    "log_loss": 0.0981735547951794,
    "roc_auc": 0.9553474168320358,
    "f1": 0.9728212326145209,
    "precision": 0.9761843790012804,
    "recall": 0.9694811800610377,
    "training_time": 0.34101152420043945,
    "inference_time": 0.004198789596557617,
    "dataset": "nomao",
    "model": "xgboost",
    "fold": "F4",
    "architecture_name": "A0",
    "fs_method": "random_5",
    "fs_percent": 0.4,
    "fs_n_features": 47
}