{
    "valid_loss": {
        "balanced_accuracy": 0.9401870326414792,
        "accuracy": 0.9402439024390243,
        "log_loss": 0.15724017022172168,
        "roc_auc": 0.9401870326414791,
        "f1": 0.9417360285374554,
        "precision": 0.9209302325581395,
        "recall": 0.9635036496350365
    }
}