{
    "balanced_accuracy": 0.5180749823146182,
    "accuracy": 0.7368421052631579
}