{
    "balanced_accuracy": 0.5052956925742185,
    "accuracy": 0.5109717868338558
}