{
    "balanced_accuracy": 0.5198418503501933,
    "accuracy": 0.6065722037986132
}