{
    "balanced_accuracy": 0.615424434541197,
    "accuracy": 0.677928314182816
}