{
  "dropout": 0.20629558716759758,
  "embedding_size": 128,
  "n_head": 16,
  "n_hid": 1024,
  "n_layers": 4,
  "numerical_passthrough": false,
  "optimizer__lr": 0.001922923325074525
}