{
    "balanced_accuracy": 0.7381481481481481,
    "accuracy": 0.8377479206653871,
    "log_loss": 0.3507270396742158,
    "roc_auc": 0.7381481481481481,
    "f1": 0.8970110461338532,
    "precision": 0.8666038920276209,
    "recall": 0.9296296296296296,
    "inference_time": 0.5156970024108887,
    "training_time": 243.1162618001302
}