{
    "valid_loss": {
        "balanced_accuracy": 0.927846697843528,
        "accuracy": 0.9504896626768227,
        "log_loss": 0.12859158565319598,
        "roc_auc": 0.927846697843528,
        "f1": 0.965828013518588,
        "precision": 0.9511834319526628,
        "recall": 0.9809305873379099
    }
}