{
    "balanced_accuracy": 0.8238769221086468,
    "accuracy": 0.8949659074423328,
    "log_loss": 0.2586711322334049,
    "roc_auc": 0.8238769221086468,
    "f1": 0.931047619047619,
    "precision": 0.8818329424499368,
    "recall": 0.9860802904982853,
    "inference_time": 0.13901495933532715,
    "training_time": 0,
    "dataset": "nomao",
    "model": "mlp/simple_nd_nnw",
    "architecture_name": "A0",
    "fs_method": "random_3",
    "fs_percent": 0.9,
    "fs_n_features": 106
}