{
    "balanced_accuracy": 0.712788528509243,
    "accuracy": 0.8228068379568021,
    "log_loss": 0.37741394112413723,
    "roc_auc": 0.712788528509243,
    "f1": 0.8881566194999031,
    "precision": 0.8569825436408978,
    "recall": 0.9216843234544723,
    "inference_time": 0.182875394821167,
    "training_time": 0,
    "dataset": "adult",
    "model": "mlp/simple_nnw",
    "architecture_name": "A0",
    "fs_method": "random_1",
    "fs_percent": 0.6,
    "fs_n_features": 8
}