{
    "valid_loss": {
        "balanced_accuracy": 0.8344412788857234,
        "accuracy": 0.8364779874213837,
        "log_loss": 0.3782428183788246,
        "roc_auc": 0.8344412788857233,
        "f1": 0.8544776119402985,
        "precision": 0.7815699658703071,
        "recall": 0.9423868312757202
    }
}