{
    "balanced_accuracy": 0.5828924162257496,
    "accuracy": 0.6041666666666666
}