{
    "balanced_accuracy": 0.8713022875045262,
    "accuracy": 0.8745684695051784
}