{
    "balanced_accuracy": 0.6071428571428571,
    "accuracy": 0.6927083333333334
}