{
    "balanced_accuracy": 0.45140774977696124,
    "accuracy": 0.5124069478908189
}