{
    "balanced_accuracy": 0.524404343757763,
    "accuracy": 0.6193490054249547
}