{
    "balanced_accuracy": 0.3476470588235294,
    "accuracy": 0.7333333333333333
}