{
    "balanced_accuracy": 0.813073757518202,
    "accuracy": 0.8155136268343816,
    "log_loss": 0.42618581580443526,
    "roc_auc": 0.813073757518202,
    "f1": 0.8388278388278388,
    "precision": 0.7557755775577558,
    "recall": 0.9423868312757202,
    "training_time": 0.10762763023376465,
    "inference_time": 0.0009479522705078125,
    "dataset": "jasmine",
    "model": "xgboost",
    "fold": "F2",
    "architecture_name": "A2",
    "fs_method": "f_classif",
    "fs_percent": 0.9,
    "fs_n_features": 129
}