{
    "valid_loss": {
        "balanced_accuracy": 0.3345798620403188,
        "accuracy": 0.6144368199567806,
        "log_loss": 1.1158239259811655
    }
}