{
    "balanced_accuracy": 0.2571428571428571,
    "accuracy": 0.7777777777777778
}