{
  "dropout": 0.008846934361275698,
  "embedding_size": 256,
  "n_head": 16,
  "n_hid": 128,
  "n_layers": 1,
  "numerical_passthrough": false,
  "optimizer__lr": 0.0020484032817809548
}