{
  "dropout": 0.22177230504252646,
  "embedding_size": 1024,
  "n_head": 8,
  "n_hid": 128,
  "n_layers": 2,
  "numerical_passthrough": false,
  "optimizer__lr": 0.011137875373631213
}