{
    "valid_loss": {
        "balanced_accuracy": 0.9400104702075005,
        "accuracy": 0.9402439024390243,
        "log_loss": 0.1690086341891563,
        "roc_auc": 0.9400104702075004,
        "f1": 0.9432213209733488,
        "precision": 0.9024390243902439,
        "recall": 0.9878640776699029
    }
}