{
    "balanced_accuracy": 0.7950937950937951,
    "accuracy": 0.8020833333333334
}