{
    "valid_loss": {
        "balanced_accuracy": 0.7949932659932659,
        "accuracy": 0.8575815738963531,
        "log_loss": 0.3036171970574555,
        "roc_auc": 0.7949932659932661,
        "f1": 0.9071494118628515,
        "precision": 0.899123532330081,
        "recall": 0.9153198653198653
    }
}