{
    "balanced_accuracy": 0.8130227001194743,
    "accuracy": 0.8345323741007195
}