{
    "balanced_accuracy": 0.6905791245791246,
    "accuracy": 0.8250799744081894,
    "log_loss": 0.39534081758618944,
    "roc_auc": 0.6905791245791246,
    "f1": 0.891876927944317,
    "precision": 0.8411159182455616,
    "recall": 0.9491582491582492,
    "training_time": 0.32651257514953613,
    "inference_time": 0.006906032562255859,
    "dataset": "adult",
    "model": "xgboost",
    "fold": "F1",
    "architecture_name": "A2",
    "fs_method": "linear_model",
    "fs_percent": 0.6,
    "fs_n_features": 8
}