{
    "balanced_accuracy": 0.9327884066247858,
    "accuracy": 0.9329268292682927,
    "log_loss": 0.17116074948509905,
    "roc_auc": 0.9327884066247858,
    "f1": 0.935064935064935,
    "precision": 0.9103448275862069,
    "recall": 0.9611650485436893,
    "training_time": 0.08326506614685059,
    "inference_time": 0.0008046627044677734,
    "dataset": "sylvine",
    "model": "xgboost",
    "fold": "F0",
    "architecture_name": "A0",
    "fs_method": "random_5",
    "fs_percent": 0.8,
    "fs_n_features": 16
}