{
    "balanced_accuracy": 0.727912087912088,
    "accuracy": 0.7314949201741655
}