{
    "balanced_accuracy": 0.9206167904054826,
    "accuracy": 0.9207317073170732,
    "log_loss": 0.2192129174690039,
    "roc_auc": 0.9206167904054826,
    "f1": 0.9228944246737841,
    "precision": 0.9025522041763341,
    "recall": 0.9441747572815534,
    "training_time": 0.1293942928314209,
    "inference_time": 0.0009469985961914062,
    "dataset": "sylvine",
    "model": "xgboost",
    "fold": "F1",
    "architecture_name": "A2",
    "fs_method": "random_3",
    "fs_percent": 0.4,
    "fs_n_features": 8
}