{
    "balanced_accuracy": 0.6899275839368005,
    "accuracy": 0.6846846846846847,
    "log_loss": 0.6689794320155656,
    "roc_auc": 0.6899275839368004,
    "f1": 0.6728971962616822,
    "precision": 0.6206896551724138,
    "recall": 0.7346938775510204,
    "inference_time": 0.01806044578552246,
    "training_time": 8.986960237676447,
    "dataset": "australian",
    "model": "transformer/cls",
    "fold": "F1",
    "architecture_name": "A19",
    "fs_method": "random_4",
    "fs_percent": 0.5,
    "fs_n_features": 7
}