{
    "balanced_accuracy": 0.7503010101010101,
    "accuracy": 0.8473448496481126,
    "log_loss": 0.31634645731865696,
    "roc_auc": 0.7503010101010101,
    "f1": 0.9031891584841354,
    "precision": 0.8718470938430205,
    "recall": 0.9368686868686869,
    "inference_time": 0.21426868438720703,
    "training_time": 0,
    "dataset": "adult",
    "model": "mlp/simple_nd",
    "fold": "F2",
    "architecture_name": "A0",
    "fs_method": "random_5",
    "fs_percent": 0.9,
    "fs_n_features": 12
}