{
    "balanced_accuracy": 0.7957438401526632,
    "accuracy": 0.8587151266956744,
    "log_loss": 0.3210382935778989,
    "roc_auc": 0.7957438401526632,
    "f1": 0.9079539769884942,
    "precision": 0.8992568125516103,
    "recall": 0.9168210136386598,
    "inference_time": 0.2762312889099121,
    "training_time": 0,
    "dataset": "adult",
    "model": "mlp/simple_nd",
    "fold": "F4",
    "architecture_name": "A0",
    "fs_method": "random_3",
    "fs_percent": 0.9,
    "fs_n_features": 12
}