{
    "valid_loss": {
        "balanced_accuracy": 0.9457586779698469,
        "accuracy": 0.9628219078708742,
        "log_loss": 0.09581234620855032,
        "roc_auc": 0.9457586779698469,
        "f1": 0.9742429953511748,
        "precision": 0.9629905613512171,
        "recall": 0.9857615052123061
    }
}