{
    "balanced_accuracy": 0.37084949315244436,
    "accuracy": 0.6099236641221374
}