{
    "balanced_accuracy": 0.604579797979798,
    "accuracy": 0.799488163787588,
    "log_loss": 0.42601298119065684,
    "roc_auc": 0.604579797979798,
    "f1": 0.8812968714491326,
    "precision": 0.8011293210301611,
    "recall": 0.9792929292929293,
    "inference_time": 0.14696860313415527,
    "training_time": 0,
    "dataset": "adult",
    "model": "mlp/simple_nnw",
    "fold": "F2",
    "architecture_name": "A0",
    "fs_method": "f_classif",
    "fs_percent": 0.5,
    "fs_n_features": 7
}