{
    "valid_loss": {
        "balanced_accuracy": 0.5517989612023977,
        "accuracy": 0.7786708116920044,
        "log_loss": 0.6822091667796253
    }
}