{
    "valid_loss": {
        "balanced_accuracy": 0.7779925925925926,
        "accuracy": 0.8597568777991043,
        "log_loss": 0.3030750416447881,
        "roc_auc": 0.7779925925925926,
        "f1": 0.9102080943798132,
        "precision": 0.8865304819661666,
        "recall": 0.9351851851851852
    }
}