{
    "balanced_accuracy": 0.9561251773191024,
    "accuracy": 0.9646354733405876,
    "log_loss": 0.0933773794763117,
    "roc_auc": 0.9561251773191024,
    "f1": 0.975225511370855,
    "precision": 0.9743589743589743,
    "recall": 0.9760935910478128,
    "training_time": 0.9168212413787842,
    "inference_time": 0.009156227111816406,
    "dataset": "nomao",
    "model": "xgboost",
    "fold": "F4",
    "architecture_name": "A2",
    "fs_method": "random_1",
    "fs_percent": 0.4,
    "fs_n_features": 47
}