{
    "valid_loss": {
        "balanced_accuracy": 0.9461410476599399,
        "accuracy": 0.9462759462759462,
        "log_loss": 0.15181891628857272,
        "roc_auc": 0.9461410476599399,
        "f1": 0.9483568075117371,
        "precision": 0.9160997732426304,
        "recall": 0.9829683698296837
    }
}