{
    "balanced_accuracy": 0.9137090632140137,
    "accuracy": 0.9131707317073171,
    "log_loss": 0.23226170276781477,
    "roc_auc": 0.9137090632140137,
    "f1": 0.9151572926596759,
    "precision": 0.8823529411764706,
    "recall": 0.9504950495049505,
    "inference_time": 0.02649545669555664,
    "training_time": 0,
    "dataset": "sylvine",
    "model": "mlp/simple_nd_nnw",
    "architecture_name": "A1",
    "fs_method": "random_2",
    "fs_percent": 0.5,
    "fs_n_features": 10
}