{
    "valid_loss": {
        "balanced_accuracy": 0.7723171889838556,
        "accuracy": 0.7735849056603774,
        "log_loss": 0.44067134997090035,
        "roc_auc": 0.7723171889838556,
        "f1": 0.7906976744186046,
        "precision": 0.7472527472527473,
        "recall": 0.8395061728395061
    }
}