{
    "balanced_accuracy": 0.518125960061444,
    "accuracy": 0.13583815028901733
}