{
    "balanced_accuracy": 0.9901890117050772,
    "accuracy": 0.9960572607060536
}