{
    "balanced_accuracy": 0.9979338842975207,
    "accuracy": 0.998046875,
    "log_loss": 0.0073380339550980014,
    "roc_auc": 0.9979338842975207,
    "f1": 0.9979296066252588,
    "precision": 1.0,
    "recall": 0.9958677685950413,
    "inference_time": 0.04868888854980469,
    "training_time": 34.92730412677845
}