{
    "balanced_accuracy": 0.8134426229508196,
    "accuracy": 0.8108108108108109,
    "log_loss": 0.37059684521755787,
    "roc_auc": 0.8134426229508196,
    "f1": 0.8,
    "precision": 0.7636363636363637,
    "recall": 0.84,
    "inference_time": 0.002821207046508789,
    "training_time": 0,
    "dataset": "australian",
    "model": "mlp/simple_nd_nn",
    "fold": "F0",
    "architecture_name": "A0",
    "fs_method": "linear_model",
    "fs_percent": 0.7,
    "fs_n_features": 9
}