{
    "balanced_accuracy": 0.9549678945589726,
    "accuracy": 0.9549902152641878,
    "log_loss": 0.11734918783044392,
    "roc_auc": 0.9549678945589727,
    "f1": 0.9525773195876288,
    "precision": 0.9506172839506173,
    "recall": 0.9545454545454546,
    "inference_time": 0.009932279586791992,
    "training_time": 0,
    "dataset": "kr-vs-kp",
    "model": "mlp/simple_nd_nnw",
    "fold": "F2",
    "architecture_name": "A0",
    "fs_method": "random_3",
    "fs_percent": 0.9,
    "fs_n_features": 32
}