{
    "valid_loss": {
        "balanced_accuracy": 0.7732491582491583,
        "accuracy": 0.8564299424184261,
        "log_loss": 0.30409446172649157,
        "roc_auc": 0.7732491582491582,
        "f1": 0.9080930537352556,
        "precision": 0.8843331206126356,
        "recall": 0.9331649831649832
    }
}