{
    "balanced_accuracy": 0.7921019309908199,
    "accuracy": 0.7945492662473794,
    "log_loss": 0.44903458407382657,
    "roc_auc": 0.7921019309908199,
    "f1": 0.8205128205128205,
    "precision": 0.7392739273927392,
    "recall": 0.9218106995884774,
    "training_time": 0.07401180267333984,
    "inference_time": 0.0007748603820800781,
    "dataset": "jasmine",
    "model": "xgboost",
    "fold": "F2",
    "architecture_name": "A2",
    "fs_method": "linear_model",
    "fs_percent": 0.4,
    "fs_n_features": 57
}