{
    "balanced_accuracy": 0.7816141414141413,
    "accuracy": 0.8602687140115163,
    "log_loss": 0.2955810735968366,
    "roc_auc": 0.7816141414141415,
    "f1": 0.9103006407097092,
    "precision": 0.8888354186717998,
    "recall": 0.9328282828282828,
    "training_time": 0.34253525733947754,
    "inference_time": 0.00892186164855957,
    "dataset": "adult",
    "model": "xgboost",
    "fold": "F2",
    "architecture_name": "A2",
    "fs_method": "random_3",
    "fs_percent": 0.8,
    "fs_n_features": 11
}