{
    "balanced_accuracy": 0.7618066790144244,
    "accuracy": 0.8437420015357051,
    "log_loss": 0.3391382285590864,
    "roc_auc": 0.7618066790144244,
    "f1": 0.8994316777860143,
    "precision": 0.8803611738148984,
    "recall": 0.9193466913621822,
    "training_time": 82.65255212783813,
    "inference_time": 0.15650057792663574,
    "dataset": "adult",
    "model": "mlp/full",
    "fold": "F3",
    "architecture_name": "A0",
    "fs_method": "decision_tree",
    "fs_percent": 0.9,
    "fs_n_features": 12
}