{
    "valid_loss": {
        "balanced_accuracy": 0.7660701128136049,
        "accuracy": 0.8590990529818275,
        "log_loss": 0.3044206846947363,
        "roc_auc": 0.7660701128136049,
        "f1": 0.9106693711967546,
        "precision": 0.8787973692452239,
        "recall": 0.9449402256272099
    }
}