{
    "valid_loss": {
        "balanced_accuracy": 0.9370625004218898,
        "accuracy": 0.957388939256573,
        "log_loss": 0.118563435230164,
        "roc_auc": 0.9370625004218897,
        "f1": 0.9705550682871821,
        "precision": 0.9567687747035574,
        "recall": 0.984744469870328
    }
}