{
    "balanced_accuracy": 0.5012165450121655,
    "accuracy": 0.4993894993894994,
    "log_loss": 1.014021038618137,
    "roc_auc": 0.5012165450121655,
    "f1": 0.0048543689320388345,
    "precision": 1.0,
    "recall": 0.0024330900243309003,
    "inference_time": 0.015734434127807617,
    "training_time": 0,
    "dataset": "sylvine",
    "model": "mlp/simple_nd_nn",
    "fold": "F4",
    "architecture_name": "A0",
    "fs_method": "random_4",
    "fs_percent": 0.6,
    "fs_n_features": 12
}