{
    "balanced_accuracy": 0.46821769039798944,
    "accuracy": 0.6917293233082706
}