{
    "balanced_accuracy": 0.5076804915514593,
    "accuracy": 0.13005780346820808
}