{
    "balanced_accuracy": 0.823520101297879,
    "accuracy": 0.8259958071278826,
    "log_loss": 0.40855062273697407,
    "roc_auc": 0.823520101297879,
    "f1": 0.8482632541133455,
    "precision": 0.7631578947368421,
    "recall": 0.9547325102880658,
    "training_time": 0.0945131778717041,
    "inference_time": 0.0008490085601806641,
    "dataset": "jasmine",
    "model": "xgboost",
    "fold": "F2",
    "architecture_name": "A1",
    "fs_method": "random_3",
    "fs_percent": 0.9,
    "fs_n_features": 129
}