{
    "balanced_accuracy": 0.6795736041209206,
    "accuracy": 0.9048140043763676
}