{
    "balanced_accuracy": 0.7913230014884861,
    "accuracy": 0.7928870292887029,
    "log_loss": 0.45415662398996987,
    "roc_auc": 0.7913230014884862,
    "f1": 0.8128544423440454,
    "precision": 0.7517482517482518,
    "recall": 0.8847736625514403,
    "inference_time": 0.011546611785888672,
    "training_time": 0,
    "dataset": "jasmine",
    "model": "mlp/simple_nd_nnw",
    "fold": "F1",
    "architecture_name": "A1",
    "fs_method": "random_1",
    "fs_percent": 0.6,
    "fs_n_features": 86
}