{
    "balanced_accuracy": 0.7468545454545454,
    "accuracy": 0.8304542546385156,
    "log_loss": 0.36058209801404734,
    "roc_auc": 0.7468545454545455,
    "f1": 0.8905591806392996,
    "precision": 0.8741689638397925,
    "recall": 0.9075757575757576,
    "inference_time": 0.1911754608154297,
    "training_time": 0,
    "dataset": "adult",
    "model": "mlp/simple_nd_nn",
    "fold": "F1",
    "architecture_name": "A1",
    "fs_method": "decision_tree",
    "fs_percent": 0.8,
    "fs_n_features": 11
}