{
    "balanced_accuracy": 0.6613796137875586,
    "accuracy": 0.7374045801526717
}