{
    "balanced_accuracy": 0.5387506469297628,
    "accuracy": 0.6331022007838408
}