{
    "balanced_accuracy": 0.5834121559319211,
    "accuracy": 0.5829268292682926,
    "log_loss": 1.224753786746514,
    "roc_auc": 0.5834121559319211,
    "f1": 0.48024316109422494,
    "precision": 0.6396761133603239,
    "recall": 0.3844282238442822,
    "inference_time": 0.09575676918029785,
    "training_time": 48.34494694796474,
    "dataset": "sylvine",
    "model": "transformer/cls",
    "fold": "F3",
    "architecture_name": "A26",
    "fs_method": "random_1",
    "fs_percent": 0.7,
    "fs_n_features": 14
}