{
    "balanced_accuracy": 0.7332569782269872,
    "accuracy": 0.7928653624856157
}