{
    "balanced_accuracy": 0.7260968543046358,
    "accuracy": 0.8592964824120602
}