{"sylvine": {"cls": {"n_layers": 3, "optimizer__lr": 0.0969734797928502, "n_head": 32, "n_hid": 32, "dropout": 0.3775996282196361, "numerical_passthrough": false}, "concatenate": {"n_layers": 2, "optimizer__lr": 0.0016618291743195634, "n_head": 16, "n_hid": 512, "dropout": 0.3954640046191313, "numerical_passthrough": false}, "rnn": {"n_layers": 1, "optimizer__lr": 0.09155535495773831, "n_head": 4, "n_hid": 64, "dropout": 0.09291888548255536, "numerical_passthrough": false}, "sum": {"n_layers": 4, "optimizer__lr": 0.00023079785229135094, "n_head": 16, "n_hid": 1024, "dropout": 0.4124918601243785, "numerical_passthrough": false}, "mean": {"n_layers": 1, "optimizer__lr": 0.05270575618383588, "n_head": 1, "n_hid": 128, "dropout": 0.3747781532395949, "numerical_passthrough": false}, "max": {"n_layers": 2, "optimizer__lr": 0.03685232228133513, "n_head": 4, "n_hid": 64, "dropout": 0.18276035607395877, "numerical_passthrough": false}}, "anneal": {"cls": {"n_layers": 3, "optimizer__lr": 0.0290434629445377, "n_head": 8, "n_hid": 512, "dropout": 0.18935880668490432, "numerical_passthrough": false}, "concatenate": {"n_layers": 2, "optimizer__lr": 0.004453740387866522, "n_head": 8, "n_hid": 256, "dropout": 0.26022180153193086, "numerical_passthrough": false}, "rnn": {"n_layers": 1, "optimizer__lr": 1.1929129112334213e-05, "n_head": 1, "n_hid": 64, "dropout": 0.26890850249818876, "numerical_passthrough": false}, "sum": {"n_layers": 1, "optimizer__lr": 0.0006904967969848494, "n_head": 32, "n_hid": 64, "dropout": 0.14166806347626015, "numerical_passthrough": false}, "mean": {"n_layers": 4, "optimizer__lr": 0.020470008469610557, "n_head": 4, "n_hid": 256, "dropout": 0.36009323881514854, "numerical_passthrough": false}, "max": {"n_layers": 3, "optimizer__lr": 0.08942527389476035, "n_head": 32, "n_hid": 32, "dropout": 0.2414445915504837, "numerical_passthrough": false}}, "adult": {"cls": {"n_layers": 2, "optimizer__lr": 0.02261312794365729, "n_head": 16, "n_hid": 1024, "dropout": 0.23714952193867073, "numerical_passthrough": false}, "concatenate": {"n_layers": 3, "optimizer__lr": 0.006476869642881411, "n_head": 16, "n_hid": 64, "dropout": 0.3614228002379136, "numerical_passthrough": false}, "rnn": {"n_layers": 4, "optimizer__lr": 0.0006099406709223215, "n_head": 8, "n_hid": 32, "dropout": 0.03999586030242107, "numerical_passthrough": false}, "sum": {"n_layers": 2, "optimizer__lr": 0.00255792057324106, "n_head": 16, "n_hid": 512, "dropout": 0.282740379317049, "numerical_passthrough": false}, "mean": {"n_layers": 3, "optimizer__lr": 0.007123143762274948, "n_head": 1, "n_hid": 64, "dropout": 0.15612451298879465, "numerical_passthrough": false}, "max": {"n_layers": 2, "optimizer__lr": 0.0044306298608012456, "n_head": 16, "n_hid": 128, "dropout": 0.0024925943111750904, "numerical_passthrough": false}}, "jasmine": {"cls": {"n_layers": 1, "optimizer__lr": 0.011457651576521675, "n_head": 4, "n_hid": 32, "dropout": 0.26944843811225544, "numerical_passthrough": true}, "concatenate": {"n_layers": 4, "optimizer__lr": 0.0016484543927845106, "n_head": 1, "n_hid": 128, "dropout": 0.07928350512668461, "numerical_passthrough": false}, "rnn": {"n_layers": 4, "optimizer__lr": 0.007048493394603281, "n_head": 2, "n_hid": 128, "dropout": 0.038610678123655665, "numerical_passthrough": false}, "sum": {"n_layers": 1, "optimizer__lr": 8.329813921026852e-05, "n_head": 2, "n_hid": 512, "dropout": 0.44850043809193707, "numerical_passthrough": false}, "mean": {"n_layers": 3, "optimizer__lr": 0.0368597841199312, "n_head": 2, "n_hid": 256, "dropout": 0.00926372973125597, "numerical_passthrough": true}, "max": {"n_layers": 1, "optimizer__lr": 0.02180441204315565, "n_head": 32, "n_hid": 256, "dropout": 0.0999097566854084, "numerical_passthrough": false}}, "nomao": {"cls": {"n_layers": 2, "optimizer__lr": 0.0418689753062548, "n_head": 8, "n_hid": 256, "dropout": 0.2539486711182788, "numerical_passthrough": false}, "concatenate": {"n_layers": 2, "optimizer__lr": 0.0231073622036491, "n_head": 8, "n_hid": 128, "dropout": 0.28750033147273507, "numerical_passthrough": false}, "rnn": {"n_layers": 3, "optimizer__lr": 0.013250820512992145, "n_head": 32, "n_hid": 32, "dropout": 0.3229579174139997, "numerical_passthrough": false}, "sum": {"n_layers": 3, "optimizer__lr": 0.003477172901743508, "n_head": 2, "n_hid": 64, "dropout": 0.1907098818708904, "numerical_passthrough": false}, "mean": {"n_layers": 4, "optimizer__lr": 0.007833624916910262, "n_head": 8, "n_hid": 512, "dropout": 0.015042364376607109, "numerical_passthrough": false}, "max": {"n_layers": 1, "optimizer__lr": 0.03058915828786828, "n_head": 32, "n_hid": 1024, "dropout": 0.07870057174397233, "numerical_passthrough": false}}}