{"index":{"26":34,"27":35,"0":0,"5":7,"10":12},"name":{"26":"jasmine","27":"sylvine","0":"anneal","5":"adult","10":"nomao"},"id":{"26":41143,"27":41146,"0":2,"5":1590,"10":1486},"link":{"26":"https:\/\/www.openml.org\/d\/41143","27":"https:\/\/www.openml.org\/d\/41146","0":"https:\/\/www.openml.org\/d\/2","5":"https:\/\/www.openml.org\/d\/1590","10":"https:\/\/www.openml.org\/d\/1486"},"n_features":{"26":145,"27":21,"0":39,"5":15,"10":119},"n_numerical":{"26":8,"27":20,"0":6,"5":6,"10":89},"n_categorical":{"26":137,"27":1,"0":33,"5":9,"10":30},"n_instances":{"26":2984,"27":5124,"0":898,"5":48842,"10":34465},"n_classes":{"26":2,"27":2,"0":5,"5":2,"10":2},"n_missing_values":{"26":0,"27":0,"0":22175,"5":6465,"10":0},"features_instances":{"26":0.0485924933,"27":0.0040983607,"0":0.0434298441,"5":0.0003071127,"10":0.0034527782},"percent_numerical":{"26":0.0555555556,"27":1.0,"0":0.1578947368,"5":0.4285714286,"10":0.7542372881},"percent_missing_values":{"26":0.0,"27":0.0,"0":0.6498358926,"5":0.0094546848,"10":0.0},"label":{"26":0,"27":1,"0":2,"5":3,"10":4}}