{
    "valid_loss": {
        "balanced_accuracy": 0.7904123982138167,
        "accuracy": 0.7928870292887029,
        "log_loss": 0.4202023842910153,
        "roc_auc": 0.7904123982138166,
        "f1": 0.8216216216216217,
        "precision": 0.7307692307692307,
        "recall": 0.9382716049382716
    }
}