{
    "balanced_accuracy": 0.9424313609698696,
    "accuracy": 0.9542981501632208,
    "log_loss": 0.12397105027252052,
    "roc_auc": 0.9424313609698695,
    "f1": 0.9680365296803652,
    "precision": 0.9658314350797267,
    "recall": 0.9702517162471396,
    "training_time": 0.7558190822601318,
    "inference_time": 0.01268911361694336
}