{
    "valid_loss": {
        "balanced_accuracy": 0.9487941038968182,
        "accuracy": 0.9644541167936163,
        "log_loss": 0.10769008927949252,
        "roc_auc": 0.9487941038968183,
        "f1": 0.9753397081026673,
        "precision": 0.9653798256537982,
        "recall": 0.9855072463768116
    }
}