{
    "balanced_accuracy": 0.8431977858207367,
    "accuracy": 0.8478260869565217,
    "log_loss": 0.6169164417704482,
    "roc_auc": 0.8431977858207367,
    "f1": 0.8235294117647058,
    "precision": 0.8448275862068966,
    "recall": 0.8032786885245902
}