{
    "balanced_accuracy": 0.5639821029082774,
    "accuracy": 0.5652173913043478
}