{
    "valid_loss": {
        "balanced_accuracy": 0.7737824915824916,
        "accuracy": 0.8566858605246321,
        "log_loss": 0.3038818745016541,
        "roc_auc": 0.7737824915824918,
        "f1": 0.9082418482713419,
        "precision": 0.8846153846153846,
        "recall": 0.9331649831649832
    }
}