{
    "balanced_accuracy": 0.6637437365783823,
    "accuracy": 0.6580310880829016
}