{
    "balanced_accuracy": 0.9620022955664882,
    "accuracy": 0.970076169749728,
    "log_loss": 0.08445361290151528,
    "roc_auc": 0.9620022955664882,
    "f1": 0.9790635706128664,
    "precision": 0.9772036474164134,
    "recall": 0.9809305873379099,
    "training_time": 0.8817729949951172,
    "inference_time": 0.007502079010009766,
    "dataset": "nomao",
    "model": "xgboost",
    "fold": "F3",
    "architecture_name": "A2",
    "fs_method": "decision_tree",
    "fs_percent": 0.4,
    "fs_n_features": 47
}