{
    "balanced_accuracy": 0.7897569023569024,
    "accuracy": 0.8582213691618682,
    "log_loss": 0.30536196028619483,
    "roc_auc": 0.7897569023569024,
    "f1": 0.9080803052928489,
    "precision": 0.8951586522734707,
    "recall": 0.9213804713804714,
    "inference_time": 1.012495756149292,
    "training_time": 302.6097717285156
}