{
    "balanced_accuracy": 0.5252999535445106,
    "accuracy": 0.7167919799498746
}