{
    "balanced_accuracy": 0.4683445770627919,
    "accuracy": 0.5851851851851851
}