{
    "valid_loss": {
        "balanced_accuracy": 0.8198005698005698,
        "accuracy": 0.8218029350104822,
        "log_loss": 0.40171932275656586,
        "roc_auc": 0.8198005698005699,
        "f1": 0.8411214953271028,
        "precision": 0.7705479452054794,
        "recall": 0.9259259259259259
    }
}