{
    "balanced_accuracy": 0.7792841163310962,
    "accuracy": 0.7792642140468228
}