{
    "balanced_accuracy": 0.6609233857477417,
    "accuracy": 0.6818181818181818,
    "log_loss": 0.5954988763476924,
    "roc_auc": 0.6609233857477418,
    "f1": 0.5679012345679012,
    "precision": 0.71875,
    "recall": 0.46938775510204084,
    "inference_time": 0.0031142234802246094,
    "training_time": 0,
    "dataset": "australian",
    "model": "mlp/simple",
    "fold": "F2",
    "architecture_name": "A0",
    "fs_method": "f_classif",
    "fs_percent": 0.6,
    "fs_n_features": 8
}