{
    "valid_loss": {
        "balanced_accuracy": 0.7865595959595959,
        "accuracy": 0.8500319897632758,
        "log_loss": 0.31963646318646305,
        "roc_auc": 0.7865595959595959,
        "f1": 0.9020558248370383,
        "precision": 0.8956189844009294,
        "recall": 0.9085858585858586
    }
}