{
    "balanced_accuracy": 0.7845045900601456,
    "accuracy": 0.7861635220125787,
    "log_loss": 0.44677285265141703,
    "roc_auc": 0.7845045900601455,
    "f1": 0.8060836501901141,
    "precision": 0.7491166077738516,
    "recall": 0.8724279835390947,
    "inference_time": 0.01239633560180664,
    "training_time": 0,
    "dataset": "jasmine",
    "model": "mlp/simple_nd",
    "fold": "F2",
    "architecture_name": "A0",
    "fs_method": "random_3",
    "fs_percent": 0.9,
    "fs_n_features": 129
}