{
    "balanced_accuracy": 0.8059364328867875,
    "accuracy": 0.8075313807531381,
    "log_loss": 0.4106126823442397,
    "roc_auc": 0.8059364328867875,
    "f1": 0.8264150943396227,
    "precision": 0.7630662020905923,
    "recall": 0.9012345679012346,
    "training_time": 0.08338189125061035,
    "inference_time": 0.0008301734924316406,
    "dataset": "jasmine",
    "model": "xgboost",
    "fold": "F1",
    "architecture_name": "A1",
    "fs_method": "random_2",
    "fs_percent": 0.7,
    "fs_n_features": 100
}