{
    "balanced_accuracy": 0.8919866846616439,
    "accuracy": 0.9302190628173509,
    "log_loss": 0.18146536726430862,
    "roc_auc": 0.8919866846616439,
    "f1": 0.952792226911375,
    "precision": 0.9277522935779816,
    "recall": 0.9792213032075853,
    "training_time": 88.62615203857422,
    "inference_time": 0.13883209228515625,
    "dataset": "nomao",
    "model": "mlp/full",
    "architecture_name": "A0",
    "fs_method": "f_classif",
    "fs_percent": 0.4,
    "fs_n_features": 47
}