{
    "balanced_accuracy": 0.935900656476384,
    "accuracy": 0.9530371713508613,
    "log_loss": 0.13011251625887,
    "roc_auc": 0.935900656476384,
    "f1": 0.9673680231825627,
    "precision": 0.9587912087912088,
    "recall": 0.9760996694635139,
    "training_time": 228.4223861694336,
    "inference_time": 0.16408872604370117,
    "dataset": "nomao",
    "model": "mlp/full",
    "fold": "F1",
    "architecture_name": "A1",
    "fs_method": "linear_model",
    "fs_percent": 0.5,
    "fs_n_features": 59
}