{
    "valid_loss": {
        "balanced_accuracy": 0.7687286195286196,
        "accuracy": 0.8573256557901472,
        "log_loss": 0.3036591548049257,
        "roc_auc": 0.7687286195286196,
        "f1": 0.909135359791378,
        "precision": 0.8810614436897805,
        "recall": 0.939057239057239
    }
}