{
    "balanced_accuracy": 0.7906700336700336,
    "accuracy": 0.8565579014715291,
    "log_loss": 0.3052805405162569,
    "roc_auc": 0.7906700336700336,
    "f1": 0.9067310092353773,
    "precision": 0.8963645336404014,
    "recall": 0.9173400673400673,
    "inference_time": 0.5707018375396729,
    "training_time": 153.68529510498047,
    "dataset": "adult",
    "model": "transformer/cls",
    "fold": "F1",
    "architecture_name": "A28",
    "fs_method": "none",
    "fs_percent": 1.0,
    "fs_n_features": 14
}