{
    "balanced_accuracy": 0.818001926276158,
    "accuracy": 0.8200836820083682,
    "log_loss": 0.3848116823584292,
    "roc_auc": 0.818001926276158,
    "f1": 0.8419117647058824,
    "precision": 0.760797342192691,
    "recall": 0.9423868312757202,
    "inference_time": 0.07996368408203125,
    "training_time": 50.48042964935304
}