{
    "balanced_accuracy": 0.5741610738255034,
    "accuracy": 0.702441505595117
}