{
    "balanced_accuracy": 0.7036975564479222,
    "accuracy": 0.7989764585465712
}