{
    "balanced_accuracy": 0.8937619757291888,
    "accuracy": 0.8985507246376812,
    "log_loss": 0.3003490648426951,
    "roc_auc": 0.8937619757291888,
    "f1": 0.8813559322033898,
    "precision": 0.9122807017543859,
    "recall": 0.8524590163934426,
    "training_time": 0.013004541397094727,
    "inference_time": 0.0005092620849609375,
    "dataset": "australian",
    "model": "xgboost",
    "architecture_name": "A0",
    "fs_method": "random_1",
    "fs_percent": 0.8,
    "fs_n_features": 11
}