{
    "balanced_accuracy": 0.9219374643061108,
    "accuracy": 0.9219512195121952,
    "log_loss": 0.24530644913530716,
    "roc_auc": 0.9219374643061107,
    "f1": 0.9225181598062954,
    "precision": 0.9202898550724637,
    "recall": 0.9247572815533981,
    "inference_time": 0.09985232353210449,
    "training_time": 52.79298280900524
}