{
    "balanced_accuracy": 0.9476017863049312,
    "accuracy": 0.9608340888485948,
    "log_loss": 0.11016279212798263,
    "roc_auc": 0.9476017863049313,
    "f1": 0.9727065959059894,
    "precision": 0.9668425018839487,
    "recall": 0.9786422578184591,
    "inference_time": 0.6403870582580566,
    "training_time": 445.22705527452337
}