{
    "balanced_accuracy": 0.8640552995391705,
    "accuracy": 0.8648648648648649,
    "log_loss": 0.3170318547462184,
    "roc_auc": 0.8640552995391705,
    "f1": 0.8484848484848485,
    "precision": 0.84,
    "recall": 0.8571428571428571,
    "training_time": 1.7402875423431396,
    "inference_time": 0.00440669059753418,
    "dataset": "australian",
    "model": "mlp/full",
    "fold": "F1",
    "architecture_name": "A1",
    "fs_method": "linear_model",
    "fs_percent": 0.9,
    "fs_n_features": 12
}