{
    "balanced_accuracy": 0.11059880618182047,
    "accuracy": 0.29446564885496185
}