{
    "balanced_accuracy": 0.8016811137378513,
    "accuracy": 0.803347280334728,
    "log_loss": 0.41994384083591735,
    "roc_auc": 0.8016811137378512,
    "f1": 0.8233082706766918,
    "precision": 0.7577854671280276,
    "recall": 0.9012345679012346,
    "training_time": 0.10751605033874512,
    "inference_time": 0.0010154247283935547,
    "dataset": "jasmine",
    "model": "xgboost",
    "fold": "F1",
    "architecture_name": "A2",
    "fs_method": "linear_model",
    "fs_percent": 0.8,
    "fs_n_features": 115
}