{
    "balanced_accuracy": 0.6862779592523993,
    "accuracy": 0.8318402866649603,
    "log_loss": 0.367967433940542,
    "roc_auc": 0.6862779592523993,
    "f1": 0.8972634870992964,
    "precision": 0.8375419646766895,
    "recall": 0.9661559185047988,
    "inference_time": 0.1789400577545166,
    "training_time": 0,
    "dataset": "adult",
    "model": "mlp/simple_nd_nn",
    "fold": "F3",
    "architecture_name": "A1",
    "fs_method": "linear_model",
    "fs_percent": 0.8,
    "fs_n_features": 11
}