{
    "balanced_accuracy": 0.8971684053651267,
    "accuracy": 0.8985507246376812,
    "log_loss": 0.3109073182603144,
    "roc_auc": 0.8971684053651267,
    "f1": 0.8852459016393442,
    "precision": 0.8852459016393442,
    "recall": 0.8852459016393442,
    "training_time": 0.013670682907104492,
    "inference_time": 0.0005023479461669922,
    "dataset": "australian",
    "model": "xgboost",
    "architecture_name": "A0",
    "fs_method": "decision_tree",
    "fs_percent": 0.9,
    "fs_n_features": 12
}