{
    "balanced_accuracy": 0.8541666666666666,
    "accuracy": 0.6216216216216216
}