{
    "balanced_accuracy": 0.577726574500768,
    "accuracy": 0.8930635838150289
}