{
    "balanced_accuracy": 0.9080616916034288,
    "accuracy": 0.9119373776908023,
    "log_loss": 0.21326199946628155,
    "roc_auc": 0.9080616916034288,
    "f1": 0.8997772828507795,
    "precision": 0.9758454106280193,
    "recall": 0.8347107438016529,
    "inference_time": 0.012444734573364258,
    "training_time": 0,
    "dataset": "kr-vs-kp",
    "model": "mlp/simple_nd_nn",
    "fold": "F2",
    "architecture_name": "A1",
    "fs_method": "f_classif",
    "fs_percent": 0.6,
    "fs_n_features": 21
}