{
    "balanced_accuracy": 0.5599751785880095,
    "accuracy": 0.6372834848225004
}