{
    "balanced_accuracy": 0.7456390572390572,
    "accuracy": 0.8507997440818938,
    "log_loss": 0.32923966361113793,
    "roc_auc": 0.7456390572390572,
    "f1": 0.9061644938033157,
    "precision": 0.8680234350909651,
    "recall": 0.9478114478114478,
    "training_time": 0.19206833839416504,
    "inference_time": 0.004034757614135742,
    "dataset": "adult",
    "model": "xgboost",
    "fold": "F2",
    "architecture_name": "A1",
    "fs_method": "linear_model",
    "fs_percent": 0.7,
    "fs_n_features": 9
}