{
    "balanced_accuracy": 0.8240214118434259,
    "accuracy": 0.8181818181818182,
    "log_loss": 0.4242085388183492,
    "roc_auc": 0.8240214118434258,
    "f1": 0.8113207547169812,
    "precision": 0.7543859649122807,
    "recall": 0.8775510204081632,
    "training_time": 0.033286094665527344,
    "inference_time": 0.0005538463592529297,
    "dataset": "australian",
    "model": "xgboost",
    "fold": "F3",
    "architecture_name": "A1",
    "fs_method": "linear_model",
    "fs_percent": 0.5,
    "fs_n_features": 7
}