{
    "balanced_accuracy": 0.9290378560183197,
    "accuracy": 0.9291819291819292,
    "log_loss": 0.1704422352690222,
    "roc_auc": 0.9290378560183197,
    "f1": 0.9320843091334895,
    "precision": 0.8984198645598194,
    "recall": 0.9683698296836983,
    "training_time": 11.305779457092285,
    "inference_time": 0.017337322235107422,
    "dataset": "sylvine",
    "model": "mlp/full",
    "fold": "F4",
    "architecture_name": "A0",
    "fs_method": "f_classif",
    "fs_percent": 0.5,
    "fs_n_features": 10
}