{
    "balanced_accuracy": 0.8137068692624247,
    "accuracy": 0.8155136268343816,
    "log_loss": 0.42280387261896174,
    "roc_auc": 0.8137068692624247,
    "f1": 0.8339622641509434,
    "precision": 0.7700348432055749,
    "recall": 0.9094650205761317,
    "training_time": 0.10150647163391113,
    "inference_time": 0.0008232593536376953,
    "dataset": "jasmine",
    "model": "xgboost",
    "fold": "F3",
    "architecture_name": "A0",
    "fs_method": "decision_tree",
    "fs_percent": 0.9,
    "fs_n_features": 129
}