{
    "valid_loss": {
        "balanced_accuracy": 0.9360454650799115,
        "accuracy": 0.9559383499546691,
        "log_loss": 0.11585533037219992,
        "roc_auc": 0.9360454650799115,
        "f1": 0.9695221372130942,
        "precision": 0.9566831683168316,
        "recall": 0.9827103991863717
    }
}