{
    "balanced_accuracy": 0.5677747396233371,
    "accuracy": 0.589041095890411,
    "log_loss": 1.9020823550204673,
    "roc_auc": 0.5677747396233371,
    "f1": 0.27586206896551724,
    "precision": 0.8333333333333334,
    "recall": 0.1652892561983471,
    "inference_time": 0.012143611907958984,
    "training_time": 0,
    "dataset": "kr-vs-kp",
    "model": "mlp/simple_nnw",
    "fold": "F4",
    "architecture_name": "A1",
    "fs_method": "random_1",
    "fs_percent": 0.4,
    "fs_n_features": 14
}