{
    "balanced_accuracy": 0.672769853097722,
    "accuracy": 0.6956521739130435,
    "log_loss": 2.6483231326327683,
    "roc_auc": 0.6727698530977219,
    "f1": 0.58,
    "precision": 0.7435897435897436,
    "recall": 0.47540983606557374,
    "inference_time": 0.003490447998046875,
    "training_time": 0,
    "dataset": "australian",
    "model": "mlp/simple_nd",
    "architecture_name": "A0",
    "fs_method": "linear_model",
    "fs_percent": 0.6,
    "fs_n_features": 8
}