{
    "valid_loss": {
        "balanced_accuracy": 0.6249457239199577,
        "accuracy": 0.6916068174509594,
        "log_loss": 0.9042789299871006
    }
}