{
    "balanced_accuracy": 0.9181301161241195,
    "accuracy": 0.9182926829268293,
    "log_loss": 0.21895023486533363,
    "roc_auc": 0.9181301161241195,
    "f1": 0.9212690951821386,
    "precision": 0.8929384965831435,
    "recall": 0.9514563106796117,
    "inference_time": 0.017447710037231445,
    "training_time": 0,
    "dataset": "sylvine",
    "model": "mlp/simple_nd_nn",
    "fold": "F0",
    "architecture_name": "A0",
    "fs_method": "linear_model",
    "fs_percent": 0.8,
    "fs_n_features": 16
}