{
    "balanced_accuracy": 0.7496354717404725,
    "accuracy": 0.8493729203992834,
    "log_loss": 0.3251145666531782,
    "roc_auc": 0.7496354717404727,
    "f1": 0.9047657577473905,
    "precision": 0.8708722741433021,
    "recall": 0.9414042768142785,
    "inference_time": 0.14299845695495605,
    "training_time": 0,
    "dataset": "adult",
    "model": "mlp/simple_nnw",
    "fold": "F3",
    "architecture_name": "A0",
    "fs_method": "none",
    "fs_percent": 1.0,
    "fs_n_features": 14
}