{
    "balanced_accuracy": 0.7912345265975242,
    "accuracy": 0.7818181818181819,
    "log_loss": 0.3940561047974995,
    "roc_auc": 0.7912345265975242,
    "f1": 0.7818181818181819,
    "precision": 0.7049180327868853,
    "recall": 0.8775510204081632,
    "inference_time": 0.002813577651977539,
    "training_time": 0,
    "dataset": "australian",
    "model": "mlp/simple_nnw",
    "fold": "F3",
    "architecture_name": "A0",
    "fs_method": "random_3",
    "fs_percent": 0.9,
    "fs_n_features": 12
}