{
    "balanced_accuracy": 0.6409420485241273,
    "accuracy": 0.7399491094147582
}