{
    "balanced_accuracy": 0.5888888888888889,
    "accuracy": 0.5382395382395382
}