{
    "valid_loss": {
        "balanced_accuracy": 0.7770949494949495,
        "accuracy": 0.8578374920025592,
        "log_loss": 0.30199960779033613,
        "roc_auc": 0.7770949494949495,
        "f1": 0.9088372856322311,
        "precision": 0.8865055226508725,
        "recall": 0.9323232323232323
    }
}