{
    "balanced_accuracy": 0.8152896486229819,
    "accuracy": 0.8176100628930818,
    "log_loss": 0.40053577146129615,
    "roc_auc": 0.8152896486229819,
    "f1": 0.8397790055248618,
    "precision": 0.76,
    "recall": 0.9382716049382716,
    "training_time": 0.15877127647399902,
    "inference_time": 0.001069784164428711
}