{
    "balanced_accuracy": 0.7830800886356442,
    "accuracy": 0.7861635220125787,
    "log_loss": 0.4629658527692453,
    "roc_auc": 0.7830800886356442,
    "f1": 0.8185053380782918,
    "precision": 0.7210031347962382,
    "recall": 0.9465020576131687,
    "training_time": 5.797773361206055,
    "inference_time": 0.010196208953857422,
    "dataset": "jasmine",
    "model": "mlp/full",
    "fold": "F3",
    "architecture_name": "A0",
    "fs_method": "f_classif",
    "fs_percent": 0.7,
    "fs_n_features": 100
}