{
    "valid_loss": {
        "balanced_accuracy": 0.9344439719280244,
        "accuracy": 0.9517679057116953,
        "log_loss": 0.11810644953702105,
        "roc_auc": 0.9344439719280245,
        "f1": 0.9664818548387096,
        "precision": 0.9580314763927055,
        "recall": 0.9750826341215357
    }
}