{
    "balanced_accuracy": 0.8027580772261623,
    "accuracy": 0.805439330543933,
    "log_loss": 0.39981769327328154,
    "roc_auc": 0.8027580772261622,
    "f1": 0.8342245989304813,
    "precision": 0.7358490566037735,
    "recall": 0.9629629629629629,
    "inference_time": 0.14612102508544922,
    "training_time": 71.47716760635373
}