{
    "balanced_accuracy": 0.6368653421633554,
    "accuracy": 0.7939698492462312
}