{
    "balanced_accuracy": 0.6481481481481481,
    "accuracy": 0.6458333333333334
}