{
    "balanced_accuracy": 0.961930890808133,
    "accuracy": 0.9686253173739572,
    "log_loss": 0.09375616214750095,
    "roc_auc": 0.961930890808133,
    "f1": 0.9779982195090933,
    "precision": 0.9783715012722646,
    "recall": 0.9776252224764811,
    "training_time": 0.8809163570404053,
    "inference_time": 0.008103370666503906,
    "dataset": "nomao",
    "model": "xgboost",
    "fold": "F2",
    "architecture_name": "A2",
    "fs_method": "random_5",
    "fs_percent": 0.4,
    "fs_n_features": 47
}