{
    "balanced_accuracy": 0.5132850241545893,
    "accuracy": 0.5284552845528455
}