{
    "balanced_accuracy": 0.8629976580796253,
    "accuracy": 0.8636363636363636,
    "log_loss": 0.3144346719801795,
    "roc_auc": 0.8629976580796253,
    "f1": 0.8484848484848485,
    "precision": 0.84,
    "recall": 0.8571428571428571,
    "training_time": 1.363138198852539,
    "inference_time": 0.0034592151641845703,
    "dataset": "australian",
    "model": "mlp/full",
    "fold": "F2",
    "architecture_name": "A0",
    "fs_method": "f_classif",
    "fs_percent": 0.9,
    "fs_n_features": 12
}