{
    "balanced_accuracy": 0.8405483405483405,
    "accuracy": 0.8333333333333334
}