{
    "balanced_accuracy": 0.8129946185501742,
    "accuracy": 0.8155136268343816,
    "log_loss": 0.4243419275876231,
    "roc_auc": 0.8129946185501742,
    "f1": 0.8394160583941606,
    "precision": 0.7540983606557377,
    "recall": 0.9465020576131687,
    "training_time": 0.10286664962768555,
    "inference_time": 0.0009486675262451172,
    "dataset": "jasmine",
    "model": "xgboost",
    "fold": "F2",
    "architecture_name": "A2",
    "fs_method": "random_3",
    "fs_percent": 0.7,
    "fs_n_features": 100
}