{
    "balanced_accuracy": 0.9387787989178736,
    "accuracy": 0.9390625,
    "log_loss": 0.1418546884307212,
    "roc_auc": 0.9387787989178737,
    "f1": 0.9365853658536586,
    "precision": 0.9664429530201343,
    "recall": 0.9085173501577287,
    "inference_time": 0.015163421630859375,
    "training_time": 0,
    "dataset": "kr-vs-kp",
    "model": "mlp/simple_nd_nn",
    "architecture_name": "A1",
    "fs_method": "f_classif",
    "fs_percent": 0.6,
    "fs_n_features": 21
}