{
    "valid_loss": {
        "balanced_accuracy": 0.77701875736656,
        "accuracy": 0.8590990529818275,
        "log_loss": 0.3021876889168435,
        "roc_auc": 0.7770187573665599,
        "f1": 0.9097910692339205,
        "precision": 0.8860517076284711,
        "recall": 0.93483751473312
    }
}