{
    "balanced_accuracy": 0.4870280179771457,
    "accuracy": 0.568944099378882
}