{
  "dropout": 0.0957442906321761,
  "embedding_size": 512,
  "n_head": 8,
  "n_hid": 1024,
  "n_layers": 2,
  "numerical_passthrough": false,
  "optimizer__lr": 0.02700370382918914
}