{
    "valid_loss": {
        "balanced_accuracy": 0.7884870404669697,
        "accuracy": 0.8579472741233684,
        "log_loss": 0.30537245602628843,
        "roc_auc": 0.7884870404669698,
        "f1": 0.9079754601226994,
        "precision": 0.8943328433774294,
        "recall": 0.9220407476006062
    }
}