{
    "balanced_accuracy": 0.8086945101129498,
    "accuracy": 0.8096234309623431,
    "log_loss": 0.4003026522536218,
    "roc_auc": 0.8086945101129498,
    "f1": 0.821917808219178,
    "precision": 0.7835820895522388,
    "recall": 0.8641975308641975,
    "inference_time": 0.013459444046020508,
    "training_time": 0,
    "dataset": "jasmine",
    "model": "mlp/simple",
    "fold": "F0",
    "architecture_name": "A1",
    "fs_method": "decision_tree",
    "fs_percent": 0.7,
    "fs_n_features": 100
}