{
    "valid_loss": {
        "balanced_accuracy": 0.6675,
        "accuracy": 0.965034965034965,
        "log_loss": 0.074392166650692
    }
}