{
    "valid_loss": {
        "balanced_accuracy": 0.7913872053872054,
        "accuracy": 0.853486884197057,
        "log_loss": 0.31615083474565275,
        "roc_auc": 0.7913872053872054,
        "f1": 0.9043042206435437,
        "precision": 0.8979253112033195,
        "recall": 0.9107744107744108
    }
}