{
    "balanced_accuracy": 0.6219813867897491,
    "accuracy": 0.7639087018544936
}