{
    "balanced_accuracy": 0.7736259178469385,
    "accuracy": 0.7671232876712328,
    "log_loss": 0.8225728378531599,
    "roc_auc": 0.7736259178469385,
    "f1": 0.7848101265822784,
    "precision": 0.6977491961414791,
    "recall": 0.8966942148760331,
    "inference_time": 0.012194395065307617,
    "training_time": 0,
    "dataset": "kr-vs-kp",
    "model": "mlp/simple_nnw",
    "fold": "F4",
    "architecture_name": "A1",
    "fs_method": "random_3",
    "fs_percent": 0.7,
    "fs_n_features": 25
}