{
    "balanced_accuracy": 0.9287439613526569,
    "accuracy": 0.926829268292683
}