{
    "valid_loss": {
        "balanced_accuracy": 0.7761780771173599,
        "accuracy": 0.8528282569746609,
        "log_loss": 0.3190706933265245,
        "roc_auc": 0.7761780771173599,
        "f1": 0.9051155115511551,
        "precision": 0.8873968613492962,
        "recall": 0.9235561542347196
    }
}