{
    "balanced_accuracy": 0.9270588235294117,
    "accuracy": 0.9666666666666667
}