{
    "valid_loss": {
        "balanced_accuracy": 0.9378428815486728,
        "accuracy": 0.9566557852738484,
        "log_loss": 0.10664538100218157,
        "roc_auc": 0.9378428815486727,
        "f1": 0.9699861861107623,
        "precision": 0.9583126550868486,
        "recall": 0.9819476226798881
    }
}