{
    "balanced_accuracy": 0.1603417762139336,
    "accuracy": 0.4364397444371007
}