{
    "balanced_accuracy": 0.7574624569177746,
    "accuracy": 0.9778887303851641
}