{
    "valid_loss": {
        "balanced_accuracy": 0.33556267627223096,
        "accuracy": 0.6162186753611101,
        "log_loss": 1.1043858484518014
    }
}