{
    "balanced_accuracy": 0.9102322470817121,
    "accuracy": 0.9103313840155945
}