{
    "valid_loss": {
        "balanced_accuracy": 0.9462304994990698,
        "accuracy": 0.9462759462759462,
        "log_loss": 0.15747705361287756,
        "roc_auc": 0.9462304994990697,
        "f1": 0.9471153846153846,
        "precision": 0.9358669833729216,
        "recall": 0.9586374695863747
    }
}