{
  "dropout": 0.30070395166327457,
  "embedding_size": 1024,
  "n_head": 16,
  "n_hid": 1024,
  "n_layers": 1,
  "numerical_passthrough": true,
  "optimizer__lr": 0.00035584855937805155
}