{
    "balanced_accuracy": 0.7536974789915967,
    "accuracy": 0.8444444444444444
}