{
    "balanced_accuracy": 0.9626102184398906,
    "accuracy": 0.9628180039138943,
    "log_loss": 0.10966011898010156,
    "roc_auc": 0.9626102184398906,
    "f1": 0.9606625258799172,
    "precision": 0.9626556016597511,
    "recall": 0.9586776859504132,
    "inference_time": 0.010684490203857422,
    "training_time": 0,
    "dataset": "kr-vs-kp",
    "model": "mlp/simple",
    "fold": "F3",
    "architecture_name": "A0",
    "fs_method": "f_classif",
    "fs_percent": 0.8,
    "fs_n_features": 28
}