{
    "balanced_accuracy": 0.540108033504664,
    "accuracy": 0.5390243902439025,
    "log_loss": 1.1124126259458131,
    "roc_auc": 0.540108033504664,
    "f1": 0.409375,
    "precision": 0.5745614035087719,
    "recall": 0.3179611650485437,
    "inference_time": 0.018686294555664062,
    "training_time": 0,
    "dataset": "sylvine",
    "model": "mlp/simple",
    "fold": "F1",
    "architecture_name": "A0",
    "fs_method": "random_2",
    "fs_percent": 0.6,
    "fs_n_features": 12
}