{
    "valid_loss": {
        "balanced_accuracy": 0.9365136021035223,
        "accuracy": 0.9365853658536586,
        "log_loss": 0.1726129132264696,
        "roc_auc": 0.9365136021035223,
        "f1": 0.9385342789598109,
        "precision": 0.9126436781609195,
        "recall": 0.9659367396593674
    }
}