{
    "balanced_accuracy": 0.9571428571428571,
    "accuracy": 0.9516129032258065
}