{
    "balanced_accuracy": 0.8734446397866127,
    "accuracy": 0.9078708741385564,
    "log_loss": 0.28073366824052215,
    "roc_auc": 0.8734446397866126,
    "f1": 0.9365951073389915,
    "precision": 0.9196078431372549,
    "recall": 0.9542217700915565,
    "inference_time": 0.5192782878875732,
    "training_time": 494.8993110864059
}