{
    "balanced_accuracy": 0.95594184275652,
    "accuracy": 0.9560975609756097,
    "log_loss": 0.12808152508789644,
    "roc_auc": 0.9559418427565202,
    "f1": 0.9576470588235294,
    "precision": 0.9292237442922374,
    "recall": 0.9878640776699029,
    "training_time": 0.13124966621398926,
    "inference_time": 0.0013060569763183594,
    "dataset": "sylvine",
    "model": "xgboost",
    "fold": "F1",
    "architecture_name": "A3",
    "fs_method": "f_classif",
    "fs_percent": 0.4,
    "fs_n_features": 8
}