{
  "aggregator__cell": "LSTM",
  "aggregator__dropout": 0.04967829222206875,
  "aggregator__hidden_size": 512,
  "aggregator__num_layers": 1,
  "dropout": 0.37394241209916373,
  "embedding_size": 64,
  "n_head": 8,
  "n_hid": 64,
  "n_layers": 2,
  "optimizer__lr": 0.05734916380680925
}