{
    "balanced_accuracy": 0.8337101381730321,
    "accuracy": 0.8822996010155967,
    "log_loss": 0.27316806583474046,
    "roc_auc": 0.8337101381730321,
    "f1": 0.9199062075774405,
    "precision": 0.8937649880095924,
    "recall": 0.9476226798881261,
    "inference_time": 0.14124846458435059,
    "training_time": 0,
    "dataset": "nomao",
    "model": "mlp/simple_nd_nn",
    "fold": "F3",
    "architecture_name": "A1",
    "fs_method": "random_2",
    "fs_percent": 0.8,
    "fs_n_features": 94
}