{
    "balanced_accuracy": 0.9624425444989146,
    "accuracy": 0.9698948132027566,
    "log_loss": 0.08313761370215116,
    "roc_auc": 0.9624425444989148,
    "f1": 0.9789179578359156,
    "precision": 0.9779243846739406,
    "recall": 0.9799135519959319,
    "training_time": 1.1498067378997803,
    "inference_time": 0.007936239242553711
}