{
    "balanced_accuracy": 0.9009614423386927,
    "accuracy": 0.9258386219401632,
    "log_loss": 0.1904759624462103,
    "roc_auc": 0.9009614423386927,
    "f1": 0.948585795097423,
    "precision": 0.9380905022376926,
    "recall": 0.9593185863208746,
    "inference_time": 0.16005635261535645,
    "training_time": 0,
    "dataset": "nomao",
    "model": "mlp/simple_nd",
    "fold": "F1",
    "architecture_name": "A1",
    "fs_method": "linear_model",
    "fs_percent": 0.8,
    "fs_n_features": 94
}