{
    "valid_loss": {
        "balanced_accuracy": 0.5145234299829884,
        "accuracy": 0.7623308185161315,
        "log_loss": 0.6969307202570908
    }
}