{
    "balanced_accuracy": 0.7708926875593543,
    "accuracy": 0.7735849056603774,
    "log_loss": 0.45693631150043224,
    "roc_auc": 0.7708926875593543,
    "f1": 0.8043478260869565,
    "precision": 0.7184466019417476,
    "recall": 0.9135802469135802,
    "inference_time": 0.01093912124633789,
    "training_time": 0,
    "dataset": "jasmine",
    "model": "mlp/simple_nd",
    "fold": "F4",
    "architecture_name": "A0",
    "fs_method": "linear_model",
    "fs_percent": 0.5,
    "fs_n_features": 72
}