{
    "balanced_accuracy": 0.7495164026926233,
    "accuracy": 0.8396970007165524,
    "log_loss": 0.38278763227918206,
    "roc_auc": 0.7495164026926234,
    "f1": 0.8976336776049156,
    "precision": 0.8756536156102538,
    "recall": 0.9207456081534129,
    "inference_time": 0.20270562171936035,
    "training_time": 0,
    "dataset": "adult",
    "model": "mlp/simple",
    "architecture_name": "A0",
    "fs_method": "random_2",
    "fs_percent": 0.7,
    "fs_n_features": 9
}