{
    "balanced_accuracy": 0.6240898337890565,
    "accuracy": 0.6125244618395304,
    "log_loss": 2.093014914611902,
    "roc_auc": 0.6240898337890565,
    "f1": 0.6732673267326733,
    "precision": 0.5604395604395604,
    "recall": 0.8429752066115702,
    "inference_time": 0.011937618255615234,
    "training_time": 0,
    "dataset": "kr-vs-kp",
    "model": "mlp/simple",
    "fold": "F4",
    "architecture_name": "A0",
    "fs_method": "random_5",
    "fs_percent": 0.4,
    "fs_n_features": 14
}