{
    "balanced_accuracy": 0.5474456654456654,
    "accuracy": 0.7211055276381909
}