{
    "balanced_accuracy": 0.9575990444239366,
    "accuracy": 0.9680870353581142,
    "log_loss": 0.09433424337169109,
    "roc_auc": 0.9575990444239367,
    "f1": 0.9777271576815996,
    "precision": 0.9732930209120685,
    "recall": 0.9822018815153827,
    "training_time": 1.4668078422546387,
    "inference_time": 0.008423566818237305,
    "dataset": "nomao",
    "model": "xgboost",
    "fold": "F1",
    "architecture_name": "A2",
    "fs_method": "decision_tree",
    "fs_percent": 0.8,
    "fs_n_features": 94
}