{
    "valid_loss": {
        "balanced_accuracy": 0.6050912272439056,
        "accuracy": 0.6805659770607783,
        "log_loss": 0.9115904872388894
    }
}