{
    "balanced_accuracy": 0.9565573022031939,
    "accuracy": 0.9633659775117882,
    "log_loss": 0.08828052268277481,
    "roc_auc": 0.9565573022031939,
    "f1": 0.9742675159235669,
    "precision": 0.9760081674323634,
    "recall": 0.9725330620549338,
    "training_time": 0.431133508682251,
    "inference_time": 0.0035521984100341797,
    "dataset": "nomao",
    "model": "xgboost",
    "fold": "F4",
    "architecture_name": "A0",
    "fs_method": "random_2",
    "fs_percent": 0.6,
    "fs_n_features": 70
}