{
    "balanced_accuracy": 0.6505520240883238,
    "accuracy": 0.6636363636363637,
    "log_loss": 0.5972220251066331,
    "roc_auc": 0.6505520240883238,
    "f1": 0.5842696629213483,
    "precision": 0.65,
    "recall": 0.5306122448979592,
    "inference_time": 0.004103660583496094,
    "training_time": 0,
    "dataset": "australian",
    "model": "mlp/simple",
    "fold": "F4",
    "architecture_name": "A1",
    "fs_method": "random_4",
    "fs_percent": 0.8,
    "fs_n_features": 11
}