{
    "balanced_accuracy": 0.6570847851335656,
    "accuracy": 0.6620689655172414
}