{
    "balanced_accuracy": 0.875209100033456,
    "accuracy": 0.8727272727272727,
    "log_loss": 0.3262801829495984,
    "roc_auc": 0.8752091000334561,
    "f1": 0.8627450980392157,
    "precision": 0.8301886792452831,
    "recall": 0.8979591836734694,
    "inference_time": 0.0028748512268066406,
    "training_time": 0,
    "dataset": "australian",
    "model": "mlp/simple",
    "fold": "F3",
    "architecture_name": "A0",
    "fs_method": "linear_model",
    "fs_percent": 0.9,
    "fs_n_features": 12
}