{
    "valid_loss": {
        "balanced_accuracy": 0.7858848484848485,
        "accuracy": 0.8523352527191299,
        "log_loss": 0.3178084903526179,
        "roc_auc": 0.7858848484848484,
        "f1": 0.9038974017321786,
        "precision": 0.8943638760711932,
        "recall": 0.9136363636363637
    }
}