{
    "balanced_accuracy": 0.7755303361957682,
    "accuracy": 0.8612746352700281,
    "log_loss": 0.30216550914314766,
    "roc_auc": 0.7755303361957682,
    "f1": 0.9115390892769708,
    "precision": 0.8844022169437846,
    "recall": 0.9403940057248695,
    "inference_time": 0.530630350112915,
    "training_time": 208.51099571814905
}