{
    "valid_loss": {
        "balanced_accuracy": 0.6201430745465932,
        "accuracy": 0.6886054239468324,
        "log_loss": 0.9018066435832858
    }
}