{
    "balanced_accuracy": 0.49682539682539684,
    "accuracy": 0.1370851370851371
}