{
    "balanced_accuracy": 0.6908212560386473,
    "accuracy": 0.7073170731707317
}