{
    "balanced_accuracy": 0.4960766488395281,
    "accuracy": 0.6095869761832982
}