{
    "balanced_accuracy": 0.9486245954692556,
    "accuracy": 0.948780487804878,
    "log_loss": 0.14411650147302532,
    "roc_auc": 0.9486245954692556,
    "f1": 0.9505882352941176,
    "precision": 0.9223744292237442,
    "recall": 0.9805825242718447,
    "training_time": 0.13125276565551758,
    "inference_time": 0.0009164810180664062,
    "dataset": "sylvine",
    "model": "xgboost",
    "fold": "F1",
    "architecture_name": "A1",
    "fs_method": "linear_model",
    "fs_percent": 0.9,
    "fs_n_features": 18
}