{
    "balanced_accuracy": 0.8117590403642413,
    "accuracy": 0.8138075313807531,
    "log_loss": 0.41414087049348586,
    "roc_auc": 0.8117590403642413,
    "f1": 0.8360957642725598,
    "precision": 0.7566666666666667,
    "recall": 0.934156378600823,
    "inference_time": 0.012428760528564453,
    "training_time": 0,
    "dataset": "jasmine",
    "model": "mlp/simple_nd",
    "fold": "F1",
    "architecture_name": "A0",
    "fs_method": "none",
    "fs_percent": 1.0,
    "fs_n_features": 144
}