{
    "balanced_accuracy": 0.30915366354269447,
    "accuracy": 0.42111801242236024
}