{
    "balanced_accuracy": 0.45251849974843833,
    "accuracy": 0.5279503105590062
}