{
    "balanced_accuracy": 0.9621693121693122,
    "accuracy": 0.9596774193548387
}