{
    "balanced_accuracy": 0.5435232333740184,
    "accuracy": 0.8889496717724289
}