{
    "balanced_accuracy": 0.7799292737622909,
    "accuracy": 0.8860759493670886
}