{
    "balanced_accuracy": 0.6423529411764706,
    "accuracy": 0.4888888888888889
}