{
    "valid_loss": {
        "balanced_accuracy": 0.33186805532427927,
        "accuracy": 0.6164227765562211,
        "log_loss": 1.1055014588097436
    }
}