{
    "valid_loss": {
        "balanced_accuracy": 0.9474112637755833,
        "accuracy": 0.9474969474969475,
        "log_loss": 0.15789289533037568,
        "roc_auc": 0.9474112637755833,
        "f1": 0.9488703923900119,
        "precision": 0.9279069767441861,
        "recall": 0.9708029197080292
    }
}