{
    "valid_loss": {
        "balanced_accuracy": 0.8088608703265914,
        "accuracy": 0.8117154811715481,
        "log_loss": 0.4039100938008793,
        "roc_auc": 0.8088608703265914,
        "f1": 0.8409893992932862,
        "precision": 0.7368421052631579,
        "recall": 0.9794238683127572
    }
}