{
    "balanced_accuracy": 0.7109940750493746,
    "accuracy": 0.7297297297297297,
    "log_loss": 0.5144656508928965,
    "roc_auc": 0.7109940750493745,
    "f1": 0.6428571428571429,
    "precision": 0.7714285714285715,
    "recall": 0.5510204081632653,
    "inference_time": 0.0026705265045166016,
    "training_time": 0,
    "dataset": "australian",
    "model": "mlp/simple_nnw",
    "fold": "F1",
    "architecture_name": "A0",
    "fs_method": "linear_model",
    "fs_percent": 0.5,
    "fs_n_features": 7
}