{
    "balanced_accuracy": 0.7635345047109753,
    "accuracy": 0.8767967145790554
}