{
    "balanced_accuracy": 0.5831381733021077,
    "accuracy": 0.6,
    "log_loss": 0.6480855686284079,
    "roc_auc": 0.5831381733021076,
    "f1": 0.4883720930232558,
    "precision": 0.5675675675675675,
    "recall": 0.42857142857142855,
    "inference_time": 0.004211902618408203,
    "training_time": 0,
    "dataset": "australian",
    "model": "mlp/simple_nd",
    "fold": "F4",
    "architecture_name": "A0",
    "fs_method": "random_5",
    "fs_percent": 0.5,
    "fs_n_features": 7
}