{
    "balanced_accuracy": 0.6691448555956678,
    "accuracy": 0.6700167504187605,
    "log_loss": 0.629118578116164,
    "roc_auc": 0.6691448555956678,
    "f1": 0.6488413547237076,
    "precision": 0.6408450704225352,
    "recall": 0.6570397111913358,
    "inference_time": 0.014588117599487305,
    "training_time": 0,
    "dataset": "jasmine",
    "model": "mlp/simple_nnw",
    "architecture_name": "A1",
    "fs_method": "random_1",
    "fs_percent": 0.4,
    "fs_n_features": 57
}