{
    "balanced_accuracy": 0.7497124579124579,
    "accuracy": 0.8447856685860524,
    "log_loss": 0.33703801045773263,
    "roc_auc": 0.7497124579124579,
    "f1": 0.9013099015539826,
    "precision": 0.8721461187214612,
    "recall": 0.9324915824915825,
    "training_time": 0.1882309913635254,
    "inference_time": 0.0037353038787841797,
    "dataset": "adult",
    "model": "xgboost",
    "fold": "F2",
    "architecture_name": "A1",
    "fs_method": "random_3",
    "fs_percent": 0.6,
    "fs_n_features": 8
}