{
    "balanced_accuracy": 0.7891737891737891,
    "accuracy": 0.790356394129979,
    "log_loss": 0.4813690842250588,
    "roc_auc": 0.7891737891737892,
    "f1": 0.8054474708171206,
    "precision": 0.7638376383763837,
    "recall": 0.8518518518518519,
    "inference_time": 0.011622190475463867,
    "training_time": 0,
    "dataset": "jasmine",
    "model": "mlp/simple_nnw",
    "fold": "F2",
    "architecture_name": "A1",
    "fs_method": "random_1",
    "fs_percent": 0.6,
    "fs_n_features": 86
}