{
    "valid_loss": {
        "balanced_accuracy": 0.8177917870589265,
        "accuracy": 0.8200836820083682,
        "log_loss": 0.38513885676065884,
        "roc_auc": 0.8177917870589266,
        "f1": 0.8436363636363636,
        "precision": 0.755700325732899,
        "recall": 0.9547325102880658
    }
}