{
    "balanced_accuracy": 0.3495140490908978,
    "accuracy": 0.5561497326203209
}