{
    "valid_loss": {
        "balanced_accuracy": 0.5953259317805831,
        "accuracy": 0.67502679528403,
        "log_loss": 0.9425358206514832
    }
}