{
    "balanced_accuracy": 0.9193913002094042,
    "accuracy": 0.9195121951219513,
    "log_loss": 0.21759084501922007,
    "roc_auc": 0.9193913002094041,
    "f1": 0.9218009478672986,
    "precision": 0.9004629629629629,
    "recall": 0.9441747572815534,
    "inference_time": 0.01892232894897461,
    "training_time": 0,
    "dataset": "sylvine",
    "model": "mlp/simple_nd_nnw",
    "fold": "F1",
    "architecture_name": "A1",
    "fs_method": "f_classif",
    "fs_percent": 0.9,
    "fs_n_features": 18
}