{
  "dropout": 0.25725112850148624,
  "embedding_size": 128,
  "n_head": 8,
  "n_hid": 256,
  "n_layers": 2,
  "numerical_passthrough": false,
  "optimizer__lr": 0.002069290839328257
}