{
    "balanced_accuracy": 0.7957184134489099,
    "accuracy": 0.797071129707113,
    "log_loss": 0.4517915696664701,
    "roc_auc": 0.7957184134489098,
    "f1": 0.8145315487571702,
    "precision": 0.7607142857142857,
    "recall": 0.8765432098765432,
    "inference_time": 0.01069498062133789,
    "training_time": 0,
    "dataset": "jasmine",
    "model": "mlp/simple_nd",
    "fold": "F1",
    "architecture_name": "A0",
    "fs_method": "random_2",
    "fs_percent": 0.6,
    "fs_n_features": 86
}