{
    "balanced_accuracy": 0.8072966128521684,
    "accuracy": 0.8092243186582809,
    "log_loss": 0.42922887346871985,
    "roc_auc": 0.8072966128521684,
    "f1": 0.8292682926829268,
    "precision": 0.7620689655172413,
    "recall": 0.9094650205761317,
    "training_time": 0.08720564842224121,
    "inference_time": 0.0008802413940429688,
    "dataset": "jasmine",
    "model": "xgboost",
    "fold": "F4",
    "architecture_name": "A1",
    "fs_method": "decision_tree",
    "fs_percent": 0.6,
    "fs_n_features": 86
}