{
    "valid_loss": {
        "balanced_accuracy": 0.5780613165416202,
        "accuracy": 0.6554126473740621,
        "log_loss": 1.0009239446939666
    }
}