{
    "balanced_accuracy": 0.3393130035134596,
    "accuracy": 0.45690174804098854
}