{
    "valid_loss": {
        "balanced_accuracy": 0.9498443537999142,
        "accuracy": 0.9499389499389499,
        "log_loss": 0.15308693721123448,
        "roc_auc": 0.9498443537999142,
        "f1": 0.9513641755634639,
        "precision": 0.9282407407407407,
        "recall": 0.975669099756691
    }
}