{
    "balanced_accuracy": 0.9093012185833969,
    "accuracy": 0.9082926829268293,
    "log_loss": 0.4153458663401002,
    "roc_auc": 0.9093012185833967,
    "f1": 0.9131238447319778,
    "precision": 0.8561525129982669,
    "recall": 0.9782178217821782,
    "inference_time": 0.01997232437133789,
    "training_time": 0,
    "dataset": "sylvine",
    "model": "mlp/simple",
    "architecture_name": "A0",
    "fs_method": "linear_model",
    "fs_percent": 0.6,
    "fs_n_features": 12
}