{
    "balanced_accuracy": 0.9309815033929572,
    "accuracy": 0.9519492293744334,
    "log_loss": 0.12929469158051482,
    "roc_auc": 0.930981503392957,
    "f1": 0.9667711598746082,
    "precision": 0.9537357743691242,
    "recall": 0.9801678108314263,
    "training_time": 171.7335991859436,
    "inference_time": 0.16598153114318848,
    "dataset": "nomao",
    "model": "mlp/full",
    "fold": "F1",
    "architecture_name": "A1",
    "fs_method": "linear_model",
    "fs_percent": 0.9,
    "fs_n_features": 106
}