{
    "valid_loss": {
        "balanced_accuracy": 0.7732693602693603,
        "accuracy": 0.8412028150991683,
        "log_loss": 0.3292336985563549,
        "roc_auc": 0.7732693602693603,
        "f1": 0.8964020368979047,
        "precision": 0.8890544792184136,
        "recall": 0.9038720538720538
    }
}