{
    "balanced_accuracy": 0.3188405797101449,
    "accuracy": 0.2808988764044944
}