{
    "valid_loss": {
        "balanced_accuracy": 0.7928026936026936,
        "accuracy": 0.8592450415866922,
        "log_loss": 0.30317046420195887,
        "roc_auc": 0.7928026936026937,
        "f1": 0.9086075108009305,
        "precision": 0.8969816272965879,
        "recall": 0.9205387205387205
    }
}