{
    "balanced_accuracy": 0.7877080323961183,
    "accuracy": 0.8387757191114751,
    "log_loss": 0.35288094754703797,
    "roc_auc": 0.7877080323961184,
    "f1": 0.8933577087141986,
    "precision": 0.9022155361050328,
    "recall": 0.8846721201555585,
    "inference_time": 1.084364652633667,
    "training_time": 0,
    "dataset": "adult",
    "model": "transformer/cls",
    "architecture_name": "A22",
    "fs_method": "random_5",
    "fs_percent": 0.8,
    "fs_n_features": 11
}