{
    "balanced_accuracy": 0.9628796574115486,
    "accuracy": 0.9691693870148712,
    "log_loss": 0.08427278895139045,
    "roc_auc": 0.9628796574115485,
    "f1": 0.9783715012722646,
    "precision": 0.9791189202953909,
    "recall": 0.9776252224764811,
    "training_time": 0.4529435634613037,
    "inference_time": 0.0033121109008789062,
    "dataset": "nomao",
    "model": "xgboost",
    "fold": "F3",
    "architecture_name": "A0",
    "fs_method": "linear_model",
    "fs_percent": 0.7,
    "fs_n_features": 82
}