{
    "balanced_accuracy": 0.3783897589438777,
    "accuracy": 0.5511450381679389
}