{
    "balanced_accuracy": 0.6334952910141999,
    "accuracy": 0.7929357563347837,
    "log_loss": 0.4593710232113349,
    "roc_auc": 0.6334952910141999,
    "f1": 0.8734355444305382,
    "precision": 0.8156318480642805,
    "recall": 0.9400572486950665,
    "training_time": 0.13368606567382812,
    "inference_time": 0.0022873878479003906,
    "dataset": "adult",
    "model": "xgboost",
    "fold": "F4",
    "architecture_name": "A1",
    "fs_method": "linear_model",
    "fs_percent": 0.4,
    "fs_n_features": 5
}