{
    "balanced_accuracy": 0.8141567187021732,
    "accuracy": 0.810546875,
    "log_loss": 0.39797855914909275,
    "roc_auc": 0.8141567187021733,
    "f1": 0.8145315487571702,
    "precision": 0.7580071174377224,
    "recall": 0.8801652892561983,
    "inference_time": 0.009944915771484375,
    "training_time": 0,
    "dataset": "kr-vs-kp",
    "model": "mlp/simple_nd_nnw",
    "fold": "F0",
    "architecture_name": "A0",
    "fs_method": "random_5",
    "fs_percent": 0.9,
    "fs_n_features": 32
}