{
    "valid_loss": {
        "balanced_accuracy": 0.7722380500158278,
        "accuracy": 0.7756813417190775,
        "log_loss": 0.4498783679042268,
        "roc_auc": 0.7722380500158279,
        "f1": 0.8126094570928196,
        "precision": 0.7073170731707317,
        "recall": 0.9547325102880658
    }
}