{
    "balanced_accuracy": 0.9169715465291287,
    "accuracy": 0.9170731707317074,
    "log_loss": 0.21040117289039417,
    "roc_auc": 0.9169715465291287,
    "f1": 0.9205607476635514,
    "precision": 0.8853932584269663,
    "recall": 0.9586374695863747,
    "training_time": 0.06492781639099121,
    "inference_time": 0.0007753372192382812
}