{
    "balanced_accuracy": 0.8349531564661589,
    "accuracy": 0.8368200836820083,
    "log_loss": 0.3868242597241031,
    "roc_auc": 0.8349531564661588,
    "f1": 0.8550185873605948,
    "precision": 0.7796610169491526,
    "recall": 0.9465020576131687,
    "training_time": 0.07938027381896973,
    "inference_time": 0.0008323192596435547,
    "dataset": "jasmine",
    "model": "xgboost",
    "fold": "F0",
    "architecture_name": "A1",
    "fs_method": "random_2",
    "fs_percent": 0.6,
    "fs_n_features": 86
}