{
    "balanced_accuracy": 0.7972857017774275,
    "accuracy": 0.799163179916318,
    "log_loss": 0.4453845158357824,
    "roc_auc": 0.7972857017774275,
    "f1": 0.8215613382899628,
    "precision": 0.7491525423728813,
    "recall": 0.9094650205761317,
    "inference_time": 0.011559486389160156,
    "training_time": 0,
    "dataset": "jasmine",
    "model": "mlp/simple_nd_nnw",
    "fold": "F1",
    "architecture_name": "A1",
    "fs_method": "linear_model",
    "fs_percent": 0.7,
    "fs_n_features": 100
}