{
    "balanced_accuracy": 0.8985865651688539,
    "accuracy": 0.9189483227561197,
    "log_loss": 0.20324371093707919,
    "roc_auc": 0.898586565168854,
    "f1": 0.943353187175263,
    "precision": 0.9403739262253663,
    "recall": 0.9463513857106535,
    "inference_time": 0.1280200481414795,
    "training_time": 0,
    "dataset": "nomao",
    "model": "mlp/simple_nd_nn",
    "fold": "F0",
    "architecture_name": "A1",
    "fs_method": "decision_tree",
    "fs_percent": 0.8,
    "fs_n_features": 94
}