{
    "balanced_accuracy": 0.9119525547445255,
    "accuracy": 0.9120879120879121,
    "log_loss": 0.22582732926973206,
    "roc_auc": 0.9119525547445255,
    "f1": 0.9154929577464789,
    "precision": 0.8843537414965986,
    "recall": 0.948905109489051,
    "inference_time": 0.020567655563354492,
    "training_time": 0,
    "dataset": "sylvine",
    "model": "mlp/simple",
    "fold": "F4",
    "architecture_name": "A0",
    "fs_method": "random_5",
    "fs_percent": 0.8,
    "fs_n_features": 16
}