{
    "balanced_accuracy": 0.39797754911196814,
    "accuracy": 0.5289330922242315
}