{
    "balanced_accuracy": 0.952301066057491,
    "accuracy": 0.9524390243902439,
    "log_loss": 0.14139551540795728,
    "roc_auc": 0.952301066057491,
    "f1": 0.9539551357733176,
    "precision": 0.9287356321839081,
    "recall": 0.9805825242718447,
    "training_time": 0.18426036834716797,
    "inference_time": 0.0011200904846191406
}