{
    "balanced_accuracy": 0.6813603752759382,
    "accuracy": 0.8291457286432161
}