{
    "balanced_accuracy": 0.680756228956229,
    "accuracy": 0.8162507997440819,
    "log_loss": 0.38493688240955487,
    "roc_auc": 0.680756228956229,
    "f1": 0.8861943255666508,
    "precision": 0.8372267145852051,
    "recall": 0.9412457912457912,
    "training_time": 0.20902609825134277,
    "inference_time": 0.005433797836303711,
    "dataset": "adult",
    "model": "xgboost",
    "fold": "F1",
    "architecture_name": "A1",
    "fs_method": "decision_tree",
    "fs_percent": 0.4,
    "fs_n_features": 5
}