{
    "balanced_accuracy": 0.9062355452566262,
    "accuracy": 0.9330915684496827,
    "log_loss": 0.1730601313139956,
    "roc_auc": 0.9062355452566262,
    "f1": 0.9538346052796197,
    "precision": 0.9389162561576355,
    "recall": 0.9692346809051614,
    "inference_time": 0.13676166534423828,
    "training_time": 0,
    "dataset": "nomao",
    "model": "mlp/simple_nd_nn",
    "fold": "F1",
    "architecture_name": "A1",
    "fs_method": "random_1",
    "fs_percent": 0.8,
    "fs_n_features": 94
}