{
    "balanced_accuracy": 0.948354788165535,
    "accuracy": 0.949119373776908,
    "log_loss": 0.12896562623171504,
    "roc_auc": 0.9483547881655351,
    "f1": 0.9456066945606695,
    "precision": 0.9576271186440678,
    "recall": 0.9338842975206612,
    "inference_time": 0.009876728057861328,
    "training_time": 0,
    "dataset": "kr-vs-kp",
    "model": "mlp/simple_nd_nnw",
    "fold": "F4",
    "architecture_name": "A0",
    "fs_method": "linear_model",
    "fs_percent": 0.4,
    "fs_n_features": 14
}