{
    "balanced_accuracy": 0.5039265407034328,
    "accuracy": 0.6702290076335878
}