{
    "balanced_accuracy": 0.8243961352657004,
    "accuracy": 0.8777777777777778
}