{
    "balanced_accuracy": 0.7240757478812371,
    "accuracy": 0.844637829536729,
    "log_loss": 0.33668344765002906,
    "roc_auc": 0.724075747881237,
    "f1": 0.9034054742202419,
    "precision": 0.856388595564942,
    "recall": 0.9558848290958074,
    "inference_time": 0.14888429641723633,
    "training_time": 0,
    "dataset": "adult",
    "model": "mlp/simple_nnw",
    "fold": "F3",
    "architecture_name": "A0",
    "fs_method": "random_4",
    "fs_percent": 0.9,
    "fs_n_features": 12
}