{
    "balanced_accuracy": 0.6284359272164151,
    "accuracy": 0.6275862068965518
}