{
    "balanced_accuracy": 0.7852168407723963,
    "accuracy": 0.7882599580712788,
    "log_loss": 0.4437461450798774,
    "roc_auc": 0.7852168407723963,
    "f1": 0.8199643493761141,
    "precision": 0.7232704402515723,
    "recall": 0.9465020576131687,
    "training_time": 0.05255436897277832,
    "inference_time": 0.0006968975067138672,
    "dataset": "jasmine",
    "model": "xgboost",
    "fold": "F2",
    "architecture_name": "A0",
    "fs_method": "random_4",
    "fs_percent": 0.6,
    "fs_n_features": 86
}