{
    "balanced_accuracy": 0.5080007432181345,
    "accuracy": 0.7192982456140351
}