{
    "balanced_accuracy": 0.9241385874738245,
    "accuracy": 0.9243902439024391,
    "log_loss": 0.18268810876922784,
    "roc_auc": 0.9241385874738245,
    "f1": 0.9284064665127021,
    "precision": 0.8854625550660793,
    "recall": 0.9757281553398058,
    "inference_time": 0.018314123153686523,
    "training_time": 0,
    "dataset": "sylvine",
    "model": "mlp/simple_nd",
    "fold": "F1",
    "architecture_name": "A0",
    "fs_method": "decision_tree",
    "fs_percent": 0.9,
    "fs_n_features": 18
}