{
    "balanced_accuracy": 0.9314111032597008,
    "accuracy": 0.9334637964774951,
    "log_loss": 0.16022430478160846,
    "roc_auc": 0.9314111032597008,
    "f1": 0.927038626609442,
    "precision": 0.9642857142857143,
    "recall": 0.8925619834710744,
    "inference_time": 0.012074947357177734,
    "training_time": 0,
    "dataset": "kr-vs-kp",
    "model": "mlp/simple_nnw",
    "fold": "F2",
    "architecture_name": "A1",
    "fs_method": "decision_tree",
    "fs_percent": 0.6,
    "fs_n_features": 21
}