{
    "balanced_accuracy": 0.9389288455017579,
    "accuracy": 0.9390243902439024,
    "log_loss": 0.16179106157584697,
    "roc_auc": 0.9389288455017579,
    "f1": 0.9414519906323185,
    "precision": 0.90744920993228,
    "recall": 0.9781021897810219,
    "training_time": 0.16031265258789062,
    "inference_time": 0.0011386871337890625,
    "dataset": "sylvine",
    "model": "xgboost",
    "fold": "F2",
    "architecture_name": "A1",
    "fs_method": "f_classif",
    "fs_percent": 0.8,
    "fs_n_features": 16
}