{
  "dropout": 0.35880225927530934,
  "embedding_size": 64,
  "n_head": 1,
  "n_hid": 512,
  "n_layers": 2,
  "numerical_passthrough": false,
  "optimizer__lr": 1.865974752231771e-05
}