{
    "balanced_accuracy": 0.7916329966329967,
    "accuracy": 0.8705054382597569,
    "log_loss": 0.2801384991323382,
    "roc_auc": 0.7916329966329967,
    "f1": 0.9171713864789655,
    "precision": 0.8924816820643517,
    "recall": 0.9432659932659933,
    "training_time": 0.2617778778076172,
    "inference_time": 0.00410008430480957,
    "dataset": "adult",
    "model": "xgboost",
    "fold": "F0",
    "architecture_name": "A0",
    "fs_method": "none",
    "fs_percent": 1.0,
    "fs_n_features": 14
}