{
    "balanced_accuracy": 0.8791270050205673,
    "accuracy": 0.8995466908431551,
    "log_loss": 0.2654603054285926,
    "roc_auc": 0.8791270050205673,
    "f1": 0.9293907723680856,
    "precision": 0.9317659085100946,
    "recall": 0.927027714213069,
    "inference_time": 0.12873148918151855,
    "training_time": 0,
    "dataset": "nomao",
    "model": "mlp/simple",
    "fold": "F1",
    "architecture_name": "A0",
    "fs_method": "random_3",
    "fs_percent": 0.6,
    "fs_n_features": 70
}