{
    "balanced_accuracy": 0.7926798045517796,
    "accuracy": 0.8732547597461469,
    "log_loss": 0.38672036940481636,
    "roc_auc": 0.7926798045517797,
    "f1": 0.916993231207695,
    "precision": 0.8602941176470589,
    "recall": 0.9816933638443935,
    "inference_time": 0.15621376037597656,
    "training_time": 0,
    "dataset": "nomao",
    "model": "mlp/simple_nd",
    "fold": "F0",
    "architecture_name": "A1",
    "fs_method": "random_4",
    "fs_percent": 0.7,
    "fs_n_features": 82
}