{
    "balanced_accuracy": 0.9147334147334147,
    "accuracy": 0.9156976744186046
}