{
    "valid_loss": {
        "balanced_accuracy": 0.9377063440715476,
        "accuracy": 0.954842219804135,
        "log_loss": 0.1142491032270169,
        "roc_auc": 0.9377063440715475,
        "f1": 0.9686437476388364,
        "precision": 0.9595808383233533,
        "recall": 0.9778794813119756
    }
}