{
    "balanced_accuracy": 0.778418321299639,
    "accuracy": 0.7705192629815746,
    "log_loss": 0.683266821144011,
    "roc_auc": 0.778418321299639,
    "f1": 0.7821939586645469,
    "precision": 0.6988636363636364,
    "recall": 0.8880866425992779,
    "inference_time": 0.01285862922668457,
    "training_time": 0,
    "dataset": "jasmine",
    "model": "mlp/simple",
    "architecture_name": "A0",
    "fs_method": "linear_model",
    "fs_percent": 0.5,
    "fs_n_features": 72
}