{
    "balanced_accuracy": 0.6482683982683983,
    "accuracy": 0.6614583333333334
}