{
    "balanced_accuracy": 0.7245050505050505,
    "accuracy": 0.8336532309660909,
    "log_loss": 0.3459656722195377,
    "roc_auc": 0.7245050505050504,
    "f1": 0.8951612903225806,
    "precision": 0.8591331269349846,
    "recall": 0.9343434343434344,
    "inference_time": 0.17528343200683594,
    "training_time": 0,
    "dataset": "adult",
    "model": "mlp/simple",
    "fold": "F0",
    "architecture_name": "A0",
    "fs_method": "random_2",
    "fs_percent": 0.7,
    "fs_n_features": 9
}