{
    "balanced_accuracy": 0.5556019563488876,
    "accuracy": 0.613664596273292
}