{
    "balanced_accuracy": 0.5427217411695444,
    "accuracy": 0.6707410236822001
}