{
    "valid_loss": {
        "balanced_accuracy": 0.7773551102879273,
        "accuracy": 0.8612746352700281,
        "log_loss": 0.3010206212615642,
        "roc_auc": 0.7773551102879273,
        "f1": 0.9113944744155632,
        "precision": 0.8856235107227959,
        "recall": 0.9387102205758545
    }
}