{
    "balanced_accuracy": 0.9235307545773705,
    "accuracy": 0.950517836593786
}