{
    "balanced_accuracy": 0.2735294117647059,
    "accuracy": 0.35555555555555557
}