{
    "valid_loss": {
        "balanced_accuracy": 0.5406097339682335,
        "accuracy": 0.7736750322238228,
        "log_loss": 0.6839319082417439
    }
}