{
    "balanced_accuracy": 0.8160844059189213,
    "accuracy": 0.8179916317991632,
    "log_loss": 0.3917970125044594,
    "roc_auc": 0.8160844059189213,
    "f1": 0.8385899814471243,
    "precision": 0.7635135135135135,
    "recall": 0.9300411522633745,
    "training_time": 0.08815383911132812,
    "inference_time": 0.00087738037109375,
    "dataset": "jasmine",
    "model": "xgboost",
    "fold": "F1",
    "architecture_name": "A0",
    "fs_method": "none",
    "fs_percent": 1.0,
    "fs_n_features": 144
}