{
    "balanced_accuracy": 0.5385440650565816,
    "accuracy": 0.3621566632756867
}