{
    "valid_loss": {
        "balanced_accuracy": 0.8320508531281365,
        "accuracy": 0.8181818181818182,
        "log_loss": 0.35569900642193775,
        "roc_auc": 0.8320508531281365,
        "f1": 0.8245614035087719,
        "precision": 0.7230769230769231,
        "recall": 0.9591836734693877
    }
}