{
    "balanced_accuracy": 0.17978521621353413,
    "accuracy": 0.47099236641221376
}