{
    "balanced_accuracy": 0.7752459016393443,
    "accuracy": 0.7747747747747747,
    "log_loss": 0.4375044500423075,
    "roc_auc": 0.7752459016393443,
    "f1": 0.7572815533980582,
    "precision": 0.7358490566037735,
    "recall": 0.78,
    "training_time": 0.028522253036499023,
    "inference_time": 0.0005500316619873047,
    "dataset": "australian",
    "model": "xgboost",
    "fold": "F0",
    "architecture_name": "A1",
    "fs_method": "decision_tree",
    "fs_percent": 0.6,
    "fs_n_features": 8
}