{
    "balanced_accuracy": 0.5913315309226089,
    "accuracy": 0.6105675146771037,
    "log_loss": 2.5455141420988983,
    "roc_auc": 0.591331530922609,
    "f1": 0.3559870550161812,
    "precision": 0.8208955223880597,
    "recall": 0.22727272727272727,
    "inference_time": 0.011801719665527344,
    "training_time": 0,
    "dataset": "kr-vs-kp",
    "model": "mlp/simple",
    "fold": "F2",
    "architecture_name": "A0",
    "fs_method": "random_1",
    "fs_percent": 0.5,
    "fs_n_features": 18
}