{
    "balanced_accuracy": 0.7076473395371032,
    "accuracy": 0.7253886010362695
}