{
    "valid_loss": {
        "balanced_accuracy": 0.3319369592307564,
        "accuracy": 0.6175221775722193,
        "log_loss": 1.1042856407654265
    }
}