{
    "balanced_accuracy": 0.9508356631540139,
    "accuracy": 0.9510763209393346,
    "log_loss": 0.10336590659794478,
    "roc_auc": 0.9508356631540138,
    "f1": 0.94824016563147,
    "precision": 0.950207468879668,
    "recall": 0.9462809917355371,
    "training_time": 0.05662417411804199,
    "inference_time": 0.0008101463317871094,
    "dataset": "kr-vs-kp",
    "model": "xgboost",
    "fold": "F2",
    "architecture_name": "A1",
    "fs_method": "random_2",
    "fs_percent": 0.9,
    "fs_n_features": 32
}