{
    "balanced_accuracy": 0.7523741690408356,
    "accuracy": 0.7526205450733753,
    "log_loss": 0.5248712830154321,
    "roc_auc": 0.7523741690408356,
    "f1": 0.7591836734693878,
    "precision": 0.7530364372469636,
    "recall": 0.7654320987654321,
    "inference_time": 0.011589527130126953,
    "training_time": 0,
    "dataset": "jasmine",
    "model": "mlp/simple_nnw",
    "fold": "F3",
    "architecture_name": "A1",
    "fs_method": "decision_tree",
    "fs_percent": 0.5,
    "fs_n_features": 72
}