{
    "balanced_accuracy": 0.8609557897324034,
    "accuracy": 0.8669275929549902,
    "log_loss": 0.8633978272081086,
    "roc_auc": 0.8609557897324035,
    "f1": 0.8418604651162791,
    "precision": 0.9627659574468085,
    "recall": 0.7479338842975206,
    "inference_time": 0.011099100112915039,
    "training_time": 0,
    "dataset": "kr-vs-kp",
    "model": "mlp/simple_nd",
    "fold": "F3",
    "architecture_name": "A0",
    "fs_method": "random_1",
    "fs_percent": 0.9,
    "fs_n_features": 32
}