{
    "balanced_accuracy": 0.7340767676767677,
    "accuracy": 0.8387715930902111,
    "log_loss": 0.3527446167915689,
    "roc_auc": 0.7340767676767675,
    "f1": 0.8981571290009699,
    "precision": 0.8638059701492538,
    "recall": 0.9353535353535354,
    "inference_time": 0.18678545951843262,
    "training_time": 0,
    "dataset": "adult",
    "model": "mlp/simple_nd_nn",
    "fold": "F0",
    "architecture_name": "A1",
    "fs_method": "random_4",
    "fs_percent": 0.7,
    "fs_n_features": 9
}