{
    "balanced_accuracy": 0.8088002532446977,
    "accuracy": 0.8113207547169812,
    "log_loss": 0.4277929558332946,
    "roc_auc": 0.8088002532446977,
    "f1": 0.8357664233576643,
    "precision": 0.7508196721311475,
    "recall": 0.9423868312757202,
    "training_time": 0.13135027885437012,
    "inference_time": 0.0009641647338867188,
    "dataset": "jasmine",
    "model": "xgboost",
    "fold": "F2",
    "architecture_name": "A3",
    "fs_method": "none",
    "fs_percent": 1.0,
    "fs_n_features": 144
}