{
    "balanced_accuracy": 0.7628205128205128,
    "accuracy": 0.7631027253668763,
    "log_loss": 0.48924676527732697,
    "roc_auc": 0.7628205128205128,
    "f1": 0.769857433808554,
    "precision": 0.7620967741935484,
    "recall": 0.7777777777777778,
    "inference_time": 0.01154017448425293,
    "training_time": 0,
    "dataset": "jasmine",
    "model": "mlp/simple_nd_nnw",
    "fold": "F3",
    "architecture_name": "A1",
    "fs_method": "decision_tree",
    "fs_percent": 0.7,
    "fs_n_features": 100
}