{
    "balanced_accuracy": 0.9449692285673393,
    "accuracy": 0.945054945054945,
    "log_loss": 0.13453225373946456,
    "roc_auc": 0.9449692285673393,
    "f1": 0.9464922711058263,
    "precision": 0.9255813953488372,
    "recall": 0.9683698296836983,
    "training_time": 0.08474588394165039,
    "inference_time": 0.0009899139404296875,
    "dataset": "sylvine",
    "model": "xgboost",
    "fold": "F4",
    "architecture_name": "A0",
    "fs_method": "decision_tree",
    "fs_percent": 0.4,
    "fs_n_features": 8
}