{
    "balanced_accuracy": 0.7945013571491113,
    "accuracy": 0.7949790794979079,
    "log_loss": 0.43176927189549863,
    "roc_auc": 0.7945013571491113,
    "f1": 0.8032128514056225,
    "precision": 0.7843137254901961,
    "recall": 0.823045267489712,
    "inference_time": 0.12939810752868652,
    "training_time": 72.14371197873892
}