{
    "balanced_accuracy": 0.591025641025641,
    "accuracy": 0.6376811594202898
}