{
    "balanced_accuracy": 0.6529051987767585,
    "accuracy": 0.8345323741007195
}