{
    "balanced_accuracy": 0.5026743544132981,
    "accuracy": 0.6936386768447838
}