{
    "balanced_accuracy": 0.8286890794223827,
    "accuracy": 0.8207705192629816,
    "log_loss": 0.47805931890608283,
    "roc_auc": 0.8286890794223827,
    "f1": 0.8293460925039873,
    "precision": 0.7428571428571429,
    "recall": 0.9386281588447654
}