{
    "balanced_accuracy": 0.9680851063829787,
    "accuracy": 0.9552238805970149
}