{
    "valid_loss": {
        "balanced_accuracy": 0.5885526028592089,
        "accuracy": 0.6818863879957128,
        "log_loss": 0.9275013740604953
    }
}