{
    "balanced_accuracy": 0.9599125002231399,
    "accuracy": 0.9684439608269858,
    "log_loss": 0.08759057877439004,
    "roc_auc": 0.9599125002231399,
    "f1": 0.9779243846739406,
    "precision": 0.9759432767789313,
    "recall": 0.9799135519959319,
    "training_time": 1.4101250171661377,
    "inference_time": 0.0068280696868896484,
    "dataset": "nomao",
    "model": "xgboost",
    "fold": "F2",
    "architecture_name": "A3",
    "fs_method": "decision_tree",
    "fs_percent": 0.9,
    "fs_n_features": 106
}