{
    "valid_loss": {
        "balanced_accuracy": 0.9312046513445564,
        "accuracy": 0.9533913674283642,
        "log_loss": 0.11407131220420468,
        "roc_auc": 0.9312046513445564,
        "f1": 0.9678388186710049,
        "precision": 0.952932479053721,
        "recall": 0.9832189168573608
    }
}