{
    "balanced_accuracy": 0.49252993672361567,
    "accuracy": 0.5739130434782609
}