{
    "balanced_accuracy": 0.9499131804982026,
    "accuracy": 0.961733768589046,
    "log_loss": 0.10334235135697739,
    "roc_auc": 0.9499131804982026,
    "f1": 0.9732945196810531,
    "precision": 0.9690020161290323,
    "recall": 0.9776252224764811,
    "inference_time": 0.708965539932251,
    "training_time": 1416.8416281663453
}