{
    "balanced_accuracy": 0.5530277684844429,
    "accuracy": 0.6,
    "log_loss": 0.8466050803263596,
    "roc_auc": 0.5530277684844429,
    "f1": 0.21428571428571427,
    "precision": 0.8571428571428571,
    "recall": 0.12244897959183673,
    "inference_time": 0.019135236740112305,
    "training_time": 6.814909049442834,
    "dataset": "australian",
    "model": "transformer/cls",
    "fold": "F3",
    "architecture_name": "A19",
    "fs_method": "random_1",
    "fs_percent": 0.6,
    "fs_n_features": 8
}