{
    "balanced_accuracy": 0.782789898989899,
    "accuracy": 0.8687140115163148,
    "log_loss": 0.2896062545902272,
    "roc_auc": 0.7827898989898989,
    "f1": 0.91650390625,
    "precision": 0.8870510396975425,
    "recall": 0.947979797979798,
    "training_time": 0.2699000835418701,
    "inference_time": 0.005325794219970703,
    "dataset": "adult",
    "model": "xgboost",
    "fold": "F0",
    "architecture_name": "A1",
    "fs_method": "random_2",
    "fs_percent": 0.9,
    "fs_n_features": 12
}