{
    "balanced_accuracy": 0.5901569943533608,
    "accuracy": 0.6660950094323443
}