{
    "balanced_accuracy": 0.6364796231021517,
    "accuracy": 0.7297709923664122
}