{
    "balanced_accuracy": 0.5064908585404035,
    "accuracy": 0.7443609022556391
}