{
  "dropout": 0.3870443170654468,
  "embedding_size": 512,
  "n_head": 16,
  "n_hid": 128,
  "n_layers": 4,
  "numerical_passthrough": false,
  "optimizer__lr": 0.035400913884538525
}