{
    "balanced_accuracy": 0.607272140420352,
    "accuracy": 0.719804134929271,
    "log_loss": 0.56408419780031,
    "roc_auc": 0.6072721404203522,
    "f1": 0.8160057163272597,
    "precision": 0.7674731182795699,
    "recall": 0.8710907704042715,
    "inference_time": 0.13003945350646973,
    "training_time": 0,
    "dataset": "nomao",
    "model": "mlp/simple_nd_nn",
    "fold": "F2",
    "architecture_name": "A1",
    "fs_method": "random_5",
    "fs_percent": 0.4,
    "fs_n_features": 47
}