{
    "valid_loss": {
        "balanced_accuracy": 0.517345487290542,
        "accuracy": 0.7618758767107707,
        "log_loss": 0.7163773395608184
    }
}