{
    "balanced_accuracy": 0.7827804713804714,
    "accuracy": 0.8573256557901472,
    "log_loss": 0.30375112775006174,
    "roc_auc": 0.7827804713804714,
    "f1": 0.9079805232318231,
    "precision": 0.8905617613728347,
    "recall": 0.9260942760942761,
    "inference_time": 0.8376178741455078,
    "training_time": 261.85928606987,
    "dataset": "adult",
    "model": "transformer/cls",
    "fold": "F1",
    "architecture_name": "A2",
    "fs_method": "none",
    "fs_percent": 1.0,
    "fs_n_features": 14
}