{
    "balanced_accuracy": 0.9155544651855969,
    "accuracy": 0.9178454842219804,
    "log_loss": 0.20961275465290208,
    "roc_auc": 0.9155544651855969,
    "f1": 0.9411459010003898,
    "precision": 0.9622741764080766,
    "recall": 0.9209255021612001,
    "inference_time": 0.12720704078674316,
    "training_time": 0,
    "dataset": "nomao",
    "model": "mlp/simple_nnw",
    "fold": "F3",
    "architecture_name": "A1",
    "fs_method": "linear_model",
    "fs_percent": 0.6,
    "fs_n_features": 70
}