{
    "balanced_accuracy": 0.7761158594491928,
    "accuracy": 0.779874213836478,
    "log_loss": 0.4609697148314643,
    "roc_auc": 0.7761158594491927,
    "f1": 0.8186528497409327,
    "precision": 0.7053571428571429,
    "recall": 0.9753086419753086,
    "inference_time": 0.07095909118652344,
    "training_time": 36.40366001129149,
    "dataset": "jasmine",
    "model": "transformer/cls",
    "fold": "F3",
    "architecture_name": "A24",
    "fs_method": "random_1",
    "fs_percent": 0.8,
    "fs_n_features": 115
}