{
    "valid_loss": {
        "balanced_accuracy": 0.3339549257656315,
        "accuracy": 0.6190241498275012,
        "log_loss": 1.1031105001390713
    }
}