{
    "valid_loss": {
        "balanced_accuracy": 0.7934562271987429,
        "accuracy": 0.8571794215510622,
        "log_loss": 0.31001417822607596,
        "roc_auc": 0.7934562271987428,
        "f1": 0.906968989663221,
        "precision": 0.8981343899620274,
        "recall": 0.9159791210641522
    }
}