{
    "valid_loss": {
        "balanced_accuracy": 0.9357036335855176,
        "accuracy": 0.9573812114617337,
        "log_loss": 0.11362437654567435,
        "roc_auc": 0.9357036335855176,
        "f1": 0.9706066291432145,
        "precision": 0.9551944854751354,
        "recall": 0.9865242817187897
    }
}