{
    "balanced_accuracy": 0.9655633795939096,
    "accuracy": 0.965625,
    "log_loss": 0.09098016130112441,
    "roc_auc": 0.9655633795939097,
    "f1": 0.9650793650793651,
    "precision": 0.9712460063897763,
    "recall": 0.9589905362776026,
    "inference_time": 0.01561737060546875,
    "training_time": 0,
    "dataset": "kr-vs-kp",
    "model": "mlp/simple_nd_nn",
    "architecture_name": "A1",
    "fs_method": "f_classif",
    "fs_percent": 0.9,
    "fs_n_features": 32
}