{
    "balanced_accuracy": 0.7301346801346802,
    "accuracy": 0.8325015994881638,
    "log_loss": 0.35432872968195006,
    "roc_auc": 0.7301346801346801,
    "f1": 0.8937586234883532,
    "precision": 0.8628741576555399,
    "recall": 0.926936026936027,
    "training_time": 0.19479990005493164,
    "inference_time": 0.0027680397033691406,
    "dataset": "adult",
    "model": "xgboost",
    "fold": "F0",
    "architecture_name": "A0",
    "fs_method": "random_4",
    "fs_percent": 0.6,
    "fs_n_features": 8
}