{
  "dropout": 0.07403026610849567,
  "embedding_size": 64,
  "n_head": 32,
  "n_hid": 32,
  "n_layers": 2,
  "numerical_passthrough": true,
  "optimizer__lr": 0.0013728364159770648
}