{
    "balanced_accuracy": 0.5500256016385049,
    "accuracy": 0.26011560693641617
}