{
    "balanced_accuracy": 0.3533109916443268,
    "accuracy": 0.45714285714285713
}