{
    "balanced_accuracy": 0.6342847472924188,
    "accuracy": 0.6331658291457286,
    "log_loss": 0.7122908687710459,
    "roc_auc": 0.6342847472924188,
    "f1": 0.6217616580310881,
    "precision": 0.5960264900662252,
    "recall": 0.6498194945848376,
    "inference_time": 0.012033700942993164,
    "training_time": 0,
    "dataset": "jasmine",
    "model": "mlp/simple_nd_nn",
    "architecture_name": "A0",
    "fs_method": "random_5",
    "fs_percent": 0.4,
    "fs_n_features": 57
}