{
    "balanced_accuracy": 0.8824609733700642,
    "accuracy": 0.8828125,
    "log_loss": 0.19838126596076386,
    "roc_auc": 0.8824609733700642,
    "f1": 0.8760330578512396,
    "precision": 0.8760330578512396,
    "recall": 0.8760330578512396,
    "training_time": 0.10707378387451172,
    "inference_time": 0.0014154911041259766,
    "dataset": "kr-vs-kp",
    "model": "xgboost",
    "fold": "F0",
    "architecture_name": "A1",
    "fs_method": "random_2",
    "fs_percent": 0.7,
    "fs_n_features": 25
}