{
    "balanced_accuracy": 0.7568140794223827,
    "accuracy": 0.7437185929648241,
    "log_loss": 1.1649556601949982,
    "roc_auc": 0.7568140794223825,
    "f1": 0.7726597325408618,
    "precision": 0.6565656565656566,
    "recall": 0.9386281588447654,
    "inference_time": 0.012873649597167969,
    "training_time": 0,
    "dataset": "jasmine",
    "model": "mlp/simple_nd",
    "architecture_name": "A0",
    "fs_method": "f_classif",
    "fs_percent": 0.8,
    "fs_n_features": 115
}