{
    "balanced_accuracy": 0.9449362269179516,
    "accuracy": 0.9451219512195121,
    "log_loss": 0.16203916791665818,
    "roc_auc": 0.9449362269179515,
    "f1": 0.9473684210526315,
    "precision": 0.9142212189616253,
    "recall": 0.9830097087378641,
    "inference_time": 0.06945300102233887,
    "training_time": 43.07974706996572
}