{
    "balanced_accuracy": 0.9438532363999649,
    "accuracy": 0.955757026291931,
    "log_loss": 0.1251934483044091,
    "roc_auc": 0.9438532363999649,
    "f1": 0.9690669371196755,
    "precision": 0.9663716814159292,
    "recall": 0.9717772692601068,
    "inference_time": 0.7470822334289551,
    "training_time": 479.9199761089525,
    "dataset": "nomao",
    "model": "transformer/cls",
    "fold": "F0",
    "architecture_name": "A28",
    "fs_method": "linear_model",
    "fs_percent": 0.8,
    "fs_n_features": 94
}