{
    "balanced_accuracy": 0.9383196512507381,
    "accuracy": 0.957026291931097,
    "log_loss": 0.11255594615470943,
    "roc_auc": 0.9383196512507382,
    "f1": 0.9702373477332663,
    "precision": 0.958560794044665,
    "recall": 0.9822018815153827,
    "inference_time": 0.6083395481109619,
    "training_time": 987.7685534710783
}