{
    "balanced_accuracy": 0.9069215510319747,
    "accuracy": 0.9367088607594937
}