{
    "balanced_accuracy": 0.40379363202122004,
    "accuracy": 0.6898580613854179
}