{
    "balanced_accuracy": 0.8206899570965764,
    "accuracy": 0.8221757322175732,
    "log_loss": 0.4059549213472462,
    "roc_auc": 0.8206899570965764,
    "f1": 0.8387096774193549,
    "precision": 0.778169014084507,
    "recall": 0.9094650205761317,
    "training_time": 0.1672651767730713,
    "inference_time": 0.0011038780212402344
}