{
    "balanced_accuracy": 0.815365025466893,
    "accuracy": 0.8260869565217391
}