{
    "balanced_accuracy": 0.849441225165563,
    "accuracy": 0.9170854271356784
}