{
    "balanced_accuracy": 0.7013157894736842,
    "accuracy": 0.762962962962963
}