{
    "balanced_accuracy": 0.5301006581494386,
    "accuracy": 0.5517241379310345
}