{
    "balanced_accuracy": 0.9474202089594963,
    "accuracy": 0.9474969474969475,
    "log_loss": 0.15317938589732927,
    "roc_auc": 0.9474202089594962,
    "f1": 0.9487485101311085,
    "precision": 0.9299065420560748,
    "recall": 0.9683698296836983,
    "training_time": 0.20400428771972656,
    "inference_time": 0.001066446304321289,
    "dataset": "sylvine",
    "model": "xgboost",
    "fold": "F4",
    "architecture_name": "A3",
    "fs_method": "none",
    "fs_percent": 1.0,
    "fs_n_features": 20
}