{
    "balanced_accuracy": 0.8066530461765338,
    "accuracy": 0.8062622309197651,
    "log_loss": 1.6965461761971894,
    "roc_auc": 0.8066530461765339,
    "f1": 0.7991886409736308,
    "precision": 0.7848605577689243,
    "recall": 0.8140495867768595,
    "inference_time": 0.05794787406921387,
    "training_time": 63.08602156799832,
    "dataset": "kr-vs-kp",
    "model": "transformer/cls",
    "fold": "F1",
    "architecture_name": "A2",
    "fs_method": "random_5",
    "fs_percent": 0.6,
    "fs_n_features": 21
}