{
    "balanced_accuracy": 0.803598634095088,
    "accuracy": 0.805439330543933,
    "log_loss": 0.43936076320053213,
    "roc_auc": 0.803598634095088,
    "f1": 0.8268156424581006,
    "precision": 0.7551020408163265,
    "recall": 0.9135802469135802,
    "inference_time": 0.05230903625488281,
    "training_time": 28.621548670988815,
    "dataset": "jasmine",
    "model": "transformer/cls",
    "fold": "F1",
    "architecture_name": "A24",
    "fs_method": "random_3",
    "fs_percent": 0.5,
    "fs_n_features": 72
}