{
    "balanced_accuracy": 0.7984181818181819,
    "accuracy": 0.8583493282149712,
    "log_loss": 0.302888969354119,
    "roc_auc": 0.7984181818181819,
    "f1": 0.90744920993228,
    "precision": 0.9013452914798207,
    "recall": 0.9136363636363637,
    "inference_time": 0.7042355537414551,
    "training_time": 290.57786770427936,
    "dataset": "adult",
    "model": "transformer/cls",
    "fold": "F0",
    "architecture_name": "A13",
    "fs_method": "none",
    "fs_percent": 1.0,
    "fs_n_features": 14
}