{
    "balanced_accuracy": 0.6607684878587197,
    "accuracy": 0.8140703517587939
}