{
    "balanced_accuracy": 0.4765625,
    "accuracy": 0.4765625
}