{
    "valid_loss": {
        "balanced_accuracy": 0.5892922995356008,
        "accuracy": 0.6587352625937835,
        "log_loss": 0.9832695465450644
    }
}