{
    "balanced_accuracy": 0.9446482857309653,
    "accuracy": 0.9561117156329344,
    "log_loss": 0.11630526967479263,
    "roc_auc": 0.9446482857309652,
    "f1": 0.9693049213597159,
    "precision": 0.9670969374841812,
    "recall": 0.9715230104246123,
    "inference_time": 0.7769715785980225,
    "training_time": 415.6724113102617,
    "dataset": "nomao",
    "model": "transformer/cls",
    "fold": "F3",
    "architecture_name": "A28",
    "fs_method": "linear_model",
    "fs_percent": 0.8,
    "fs_n_features": 94
}