{
    "valid_loss": {
        "balanced_accuracy": 0.5320682339307209,
        "accuracy": 0.7699890055730371,
        "log_loss": 0.7060085831875268
    }
}