{
    "valid_loss": {
        "balanced_accuracy": 0.7680436847103513,
        "accuracy": 0.7714884696016772,
        "log_loss": 0.4675362055344372,
        "roc_auc": 0.7680436847103513,
        "f1": 0.809106830122592,
        "precision": 0.7042682926829268,
        "recall": 0.9506172839506173
    }
}