{
    "balanced_accuracy": 0.48981529583534983,
    "accuracy": 0.6842105263157895
}