{
    "balanced_accuracy": 0.9470397837832276,
    "accuracy": 0.9619151251360174,
    "log_loss": 0.09714926322274683,
    "roc_auc": 0.9470397837832276,
    "f1": 0.9735249621785174,
    "precision": 0.96525,
    "recall": 0.981943031536114,
    "inference_time": 0.5067625045776367,
    "training_time": 571.3662959155389
}