{
    "balanced_accuracy": 0.9429782789025776,
    "accuracy": 0.9452054794520548,
    "log_loss": 0.28283539677157093,
    "roc_auc": 0.9429782789025775,
    "f1": 0.9396551724137931,
    "precision": 0.9819819819819819,
    "recall": 0.9008264462809917,
    "inference_time": 0.06083965301513672,
    "training_time": 42.58640403747558,
    "dataset": "kr-vs-kp",
    "model": "transformer/cls",
    "fold": "F4",
    "architecture_name": "A2",
    "fs_method": "random_3",
    "fs_percent": 0.8,
    "fs_n_features": 28
}