{
    "balanced_accuracy": 0.6731348277015725,
    "accuracy": 0.6909090909090909,
    "log_loss": 0.5912648967720947,
    "roc_auc": 0.6731348277015725,
    "f1": 0.5952380952380952,
    "precision": 0.7142857142857143,
    "recall": 0.5102040816326531,
    "training_time": 0.01968693733215332,
    "inference_time": 0.0005066394805908203,
    "dataset": "australian",
    "model": "xgboost",
    "fold": "F4",
    "architecture_name": "A0",
    "fs_method": "random_2",
    "fs_percent": 0.7,
    "fs_n_features": 9
}