{
    "balanced_accuracy": 0.7192104541882137,
    "accuracy": 0.6218804410911202
}