{
    "balanced_accuracy": 0.5879574290893058,
    "accuracy": 0.6734486266531028
}