{
    "balanced_accuracy": 0.7975284524974067,
    "accuracy": 0.7926695842450766
}