{
    "balanced_accuracy": 0.5452590437777738,
    "accuracy": 0.5451219512195122,
    "log_loss": 0.6806729728466601,
    "roc_auc": 0.5452590437777738,
    "f1": 0.5187096774193548,
    "precision": 0.5521978021978022,
    "recall": 0.48905109489051096,
    "training_time": 0.061814308166503906,
    "inference_time": 0.0006148815155029297,
    "dataset": "sylvine",
    "model": "xgboost",
    "fold": "F3",
    "architecture_name": "A1",
    "fs_method": "random_3",
    "fs_percent": 0.4,
    "fs_n_features": 8
}