{
    "balanced_accuracy": 0.9413776393044191,
    "accuracy": 0.9497968659315148
}