{
    "balanced_accuracy": 0.7238314680710993,
    "accuracy": 0.7297297297297297,
    "log_loss": 0.6026232585229288,
    "roc_auc": 0.7238314680710993,
    "f1": 0.6875,
    "precision": 0.7021276595744681,
    "recall": 0.673469387755102,
    "training_time": 0.03317999839782715,
    "inference_time": 0.0005600452423095703,
    "dataset": "australian",
    "model": "xgboost",
    "fold": "F1",
    "architecture_name": "A2",
    "fs_method": "random_4",
    "fs_percent": 0.5,
    "fs_n_features": 7
}