{
    "balanced_accuracy": 0.6763511619143647,
    "accuracy": 0.7482771128037722,
    "log_loss": 0.6964828726840587,
    "roc_auc": 0.6763511619143647,
    "f1": 0.8272342544187204,
    "precision": 0.8100926377376889,
    "recall": 0.845116988809766,
    "inference_time": 0.10577678680419922,
    "training_time": 0,
    "dataset": "nomao",
    "model": "mlp/simple_nd_nnw",
    "fold": "F4",
    "architecture_name": "A0",
    "fs_method": "f_classif",
    "fs_percent": 0.5,
    "fs_n_features": 59
}