{
  "dropout": 0.27054401548682233,
  "embedding_size": 128,
  "n_head": 4,
  "n_hid": 64,
  "n_layers": 3,
  "numerical_passthrough": false,
  "optimizer__lr": 0.0018899318297753995
}