{
    "balanced_accuracy": 0.6568095083089993,
    "accuracy": 0.8170744190807657,
    "log_loss": 0.4233458718431897,
    "roc_auc": 0.6568095083089993,
    "f1": 0.8891507970969543,
    "precision": 0.8272160664819944,
    "recall": 0.9611103660989674,
    "training_time": 181.88119459152222,
    "inference_time": 0.2347257137298584,
    "dataset": "adult",
    "model": "mlp/full",
    "architecture_name": "A1",
    "fs_method": "linear_model",
    "fs_percent": 0.5,
    "fs_n_features": 7
}