{
    "valid_loss": {
        "balanced_accuracy": 0.7814397036538138,
        "accuracy": 0.8616585615561813,
        "log_loss": 0.2989797508250558,
        "roc_auc": 0.7814397036538138,
        "f1": 0.9113571135711357,
        "precision": 0.8882672634271099,
        "recall": 0.9356794073076276
    }
}