{
    "balanced_accuracy": 0.5757575757575758,
    "accuracy": 0.8909090909090909
}