{
    "balanced_accuracy": 0.8463497453310695,
    "accuracy": 0.8405797101449275
}