{
    "balanced_accuracy": 0.7508705286483064,
    "accuracy": 0.7547169811320755,
    "log_loss": 0.48449719561592935,
    "roc_auc": 0.7508705286483066,
    "f1": 0.7986230636833046,
    "precision": 0.6863905325443787,
    "recall": 0.9547325102880658,
    "inference_time": 0.011728286743164062,
    "training_time": 0,
    "dataset": "jasmine",
    "model": "mlp/simple",
    "fold": "F2",
    "architecture_name": "A0",
    "fs_method": "random_5",
    "fs_percent": 0.7,
    "fs_n_features": 100
}