{
    "balanced_accuracy": 0.959034577532065,
    "accuracy": 0.9677934136080081,
    "log_loss": 0.09128029252212082,
    "roc_auc": 0.959034577532065,
    "f1": 0.9776390008058018,
    "precision": 0.9762623214644941,
    "recall": 0.9790195682872705,
    "training_time": 0.40462541580200195,
    "inference_time": 0.0038416385650634766,
    "dataset": "nomao",
    "model": "xgboost",
    "architecture_name": "A1",
    "fs_method": "random_3",
    "fs_percent": 0.7,
    "fs_n_features": 82
}