{
    "balanced_accuracy": 0.7146014256047595,
    "accuracy": 0.8427181981059636,
    "log_loss": 0.3409041382425878,
    "roc_auc": 0.7146014256047595,
    "f1": 0.9027920588467927,
    "precision": 0.851282816229117,
    "recall": 0.9609361845428523,
    "inference_time": 0.17899775505065918,
    "training_time": 0,
    "dataset": "adult",
    "model": "mlp/simple_nd",
    "fold": "F3",
    "architecture_name": "A0",
    "fs_method": "linear_model",
    "fs_percent": 0.9,
    "fs_n_features": 12
}