{
    "balanced_accuracy": 0.6793736017897092,
    "accuracy": 0.6789297658862876
}