{
    "balanced_accuracy": 0.501345532831001,
    "accuracy": 0.2411957411957412
}