{
    "balanced_accuracy": 0.6669150521609538,
    "accuracy": 0.6739130434782609,
    "log_loss": 1.6536118808150193,
    "roc_auc": 0.6669150521609538,
    "f1": 0.6218487394957983,
    "precision": 0.6379310344827587,
    "recall": 0.6065573770491803,
    "inference_time": 0.019476890563964844,
    "training_time": 0,
    "dataset": "australian",
    "model": "transformer/cls",
    "architecture_name": "A19",
    "fs_method": "f_classif",
    "fs_percent": 0.4,
    "fs_n_features": 5
}