{
    "balanced_accuracy": 0.7082438558816512,
    "accuracy": 0.7357512953367875
}