{
    "balanced_accuracy": 0.43566304973060505,
    "accuracy": 0.6160305343511451
}