{
    "balanced_accuracy": 0.40698338441557347,
    "accuracy": 0.6259541984732825
}