{
    "valid_loss": {
        "balanced_accuracy": 0.5624151308312707,
        "accuracy": 0.7826977026309804,
        "log_loss": 0.6770287366654056
    }
}