{
    "balanced_accuracy": 0.9036004645760743,
    "accuracy": 0.903448275862069
}