{
    "balanced_accuracy": 0.9927536231884058,
    "accuracy": 0.9775280898876404
}