{
    "balanced_accuracy": 0.7111969645764846,
    "accuracy": 0.7162426614481409,
    "log_loss": 1.3089258834949915,
    "roc_auc": 0.7111969645764847,
    "f1": 0.672686230248307,
    "precision": 0.7412935323383084,
    "recall": 0.6157024793388429,
    "inference_time": 0.009788990020751953,
    "training_time": 0,
    "dataset": "kr-vs-kp",
    "model": "mlp/simple_nd_nnw",
    "fold": "F3",
    "architecture_name": "A0",
    "fs_method": "random_1",
    "fs_percent": 0.4,
    "fs_n_features": 14
}