{
    "balanced_accuracy": 0.48073036153886034,
    "accuracy": 0.5985251243354485
}