{
    "balanced_accuracy": 0.9376766072374018,
    "accuracy": 0.9378048780487804,
    "log_loss": 0.16334555062096526,
    "roc_auc": 0.9376766072374016,
    "f1": 0.9410404624277456,
    "precision": 0.8964757709251101,
    "recall": 0.9902676399026764,
    "inference_time": 0.0752720832824707,
    "training_time": 49.89491079493266,
    "dataset": "sylvine",
    "model": "transformer/cls",
    "fold": "F2",
    "architecture_name": "A17",
    "fs_method": "none",
    "fs_percent": 1.0,
    "fs_n_features": 20
}