{
    "balanced_accuracy": 0.9642204881288394,
    "accuracy": 0.9640625,
    "log_loss": 0.0930048177862074,
    "roc_auc": 0.9642204881288395,
    "f1": 0.9643410852713178,
    "precision": 0.948170731707317,
    "recall": 0.9810725552050473,
    "training_time": 0.016148805618286133,
    "inference_time": 0.0006477832794189453,
    "dataset": "kr-vs-kp",
    "model": "xgboost",
    "architecture_name": "A0",
    "fs_method": "f_classif",
    "fs_percent": 0.7,
    "fs_n_features": 25
}