{
    "balanced_accuracy": 0.7780685920577617,
    "accuracy": 0.7688442211055276,
    "log_loss": 0.8289392895217237,
    "roc_auc": 0.7780685920577617,
    "f1": 0.784375,
    "precision": 0.6914600550964187,
    "recall": 0.9061371841155235,
    "training_time": 7.483060598373413,
    "inference_time": 0.012393951416015625,
    "dataset": "jasmine",
    "model": "mlp/full",
    "architecture_name": "A0",
    "fs_method": "linear_model",
    "fs_percent": 0.9,
    "fs_n_features": 129
}