{
    "balanced_accuracy": 0.9081834189986675,
    "accuracy": 0.9085365853658537,
    "log_loss": 0.2569280886550872,
    "roc_auc": 0.9081834189986675,
    "f1": 0.9150622876557192,
    "precision": 0.8577494692144374,
    "recall": 0.9805825242718447,
    "inference_time": 0.0187833309173584,
    "training_time": 0,
    "dataset": "sylvine",
    "model": "mlp/simple",
    "fold": "F0",
    "architecture_name": "A0",
    "fs_method": "random_3",
    "fs_percent": 0.7,
    "fs_n_features": 14
}