{
    "balanced_accuracy": 0.9658685645865941,
    "accuracy": 0.9715270221254987,
    "log_loss": 0.0764553823702738,
    "roc_auc": 0.9658685645865941,
    "f1": 0.9800178185057911,
    "precision": 0.9808917197452229,
    "recall": 0.9791454730417091,
    "training_time": 1.177525520324707,
    "inference_time": 0.007715463638305664,
    "dataset": "nomao",
    "model": "xgboost",
    "fold": "F4",
    "architecture_name": "A1",
    "fs_method": "f_classif",
    "fs_percent": 0.9,
    "fs_n_features": 106
}