{
    "balanced_accuracy": 0.5218637992831541,
    "accuracy": 0.24855491329479767
}