{
    "balanced_accuracy": 0.7642450142450142,
    "accuracy": 0.7672955974842768,
    "log_loss": 0.4948857050841591,
    "roc_auc": 0.7642450142450143,
    "f1": 0.8021390374331551,
    "precision": 0.7075471698113207,
    "recall": 0.9259259259259259,
    "inference_time": 0.0599977970123291,
    "training_time": 36.40366001129149,
    "dataset": "jasmine",
    "model": "transformer/cls",
    "fold": "F3",
    "architecture_name": "A24",
    "fs_method": "linear_model",
    "fs_percent": 0.6,
    "fs_n_features": 86
}