{
    "valid_loss": {
        "balanced_accuracy": 0.5884106664561419,
        "accuracy": 0.6708114481723657,
        "log_loss": 0.931977691839938
    }
}