{
    "valid_loss": {
        "balanced_accuracy": 0.9345406527070363,
        "accuracy": 0.9524845846935074,
        "log_loss": 0.12421924004095546,
        "roc_auc": 0.9345406527070363,
        "f1": 0.9670191339375629,
        "precision": 0.9576165544751932,
        "recall": 0.9766081871345029
    }
}