{
    "balanced_accuracy": 0.9551686672060621,
    "accuracy": 0.9657236126224157,
    "log_loss": 0.08965323187951738,
    "roc_auc": 0.9551686672060621,
    "f1": 0.9760668608332278,
    "precision": 0.9722502522704339,
    "recall": 0.9799135519959319,
    "training_time": 0.7558708190917969,
    "inference_time": 0.007403135299682617,
    "dataset": "nomao",
    "model": "xgboost",
    "fold": "F3",
    "architecture_name": "A3",
    "fs_method": "random_4",
    "fs_percent": 0.4,
    "fs_n_features": 47
}