{
    "balanced_accuracy": 0.6210924369747899,
    "accuracy": 0.8777777777777778
}