{
    "balanced_accuracy": 0.9378168300101386,
    "accuracy": 0.9393346379647749,
    "log_loss": 0.3671873950923143,
    "roc_auc": 0.9378168300101386,
    "f1": 0.9341825902335457,
    "precision": 0.9606986899563319,
    "recall": 0.9090909090909091,
    "inference_time": 0.011809110641479492,
    "training_time": 0,
    "dataset": "kr-vs-kp",
    "model": "mlp/simple",
    "fold": "F2",
    "architecture_name": "A0",
    "fs_method": "random_3",
    "fs_percent": 0.5,
    "fs_n_features": 18
}