{
    "balanced_accuracy": 0.9732170186715641,
    "accuracy": 0.97265625,
    "log_loss": 0.1029836007391988,
    "roc_auc": 0.9732170186715642,
    "f1": 0.9714285714285714,
    "precision": 0.9596774193548387,
    "recall": 0.9834710743801653,
    "inference_time": 0.010644197463989258,
    "training_time": 0,
    "dataset": "kr-vs-kp",
    "model": "mlp/simple",
    "fold": "F0",
    "architecture_name": "A0",
    "fs_method": "f_classif",
    "fs_percent": 0.8,
    "fs_n_features": 28
}