{
    "valid_loss": {
        "balanced_accuracy": 0.7875186619520682,
        "accuracy": 0.8573073969797799,
        "log_loss": 0.3127929767522435,
        "roc_auc": 0.7875186619520682,
        "f1": 0.907568598192821,
        "precision": 0.8938602220770738,
        "recall": 0.9217039905708032
    }
}