{
    "balanced_accuracy": 0.8159465252707581,
    "accuracy": 0.8073701842546064,
    "log_loss": 0.4266782251298186,
    "roc_auc": 0.8159465252707582,
    "f1": 0.8183254344391785,
    "precision": 0.7275280898876404,
    "recall": 0.9350180505415162,
    "training_time": 0.08864879608154297,
    "inference_time": 0.0010602474212646484,
    "dataset": "jasmine",
    "model": "xgboost",
    "architecture_name": "A3",
    "fs_method": "random_1",
    "fs_percent": 0.8,
    "fs_n_features": 115
}