{
    "balanced_accuracy": 0.8926321649363713,
    "accuracy": 0.8921875,
    "log_loss": 0.28234077118456524,
    "roc_auc": 0.8926321649363713,
    "f1": 0.8962406015037594,
    "precision": 0.8563218390804598,
    "recall": 0.9400630914826499,
    "training_time": 0.01833367347717285,
    "inference_time": 0.0006911754608154297,
    "dataset": "kr-vs-kp",
    "model": "xgboost",
    "architecture_name": "A0",
    "fs_method": "random_4",
    "fs_percent": 0.8,
    "fs_n_features": 28
}