{
    "balanced_accuracy": 0.8285001313370108,
    "accuracy": 0.8305439330543933,
    "log_loss": 0.3859823894020037,
    "roc_auc": 0.8285001313370108,
    "f1": 0.850828729281768,
    "precision": 0.77,
    "recall": 0.9506172839506173,
    "training_time": 0.07010126113891602,
    "inference_time": 0.0009093284606933594
}