{
    "balanced_accuracy": 0.8184222047106209,
    "accuracy": 0.8200836820083682,
    "log_loss": 0.420405517291443,
    "roc_auc": 0.8184222047106209,
    "f1": 0.8383458646616542,
    "precision": 0.7716262975778547,
    "recall": 0.9176954732510288,
    "inference_time": 0.011745214462280273,
    "training_time": 0,
    "dataset": "jasmine",
    "model": "mlp/simple_nd_nnw",
    "fold": "F0",
    "architecture_name": "A1",
    "fs_method": "random_4",
    "fs_percent": 0.8,
    "fs_n_features": 115
}