{
    "valid_loss": {
        "balanced_accuracy": 0.7456818181818182,
        "accuracy": 0.972027972027972,
        "log_loss": 0.05851276995661466
    }
}