{
    "balanced_accuracy": 0.48401159666861,
    "accuracy": 0.5836599336750076
}