{
    "balanced_accuracy": 0.812249365204448,
    "accuracy": 0.8138075313807531,
    "log_loss": 0.4101431039215633,
    "roc_auc": 0.812249365204448,
    "f1": 0.831758034026465,
    "precision": 0.7692307692307693,
    "recall": 0.9053497942386831,
    "training_time": 0.06062579154968262,
    "inference_time": 0.0007500648498535156,
    "dataset": "jasmine",
    "model": "xgboost",
    "fold": "F0",
    "architecture_name": "A1",
    "fs_method": "f_classif",
    "fs_percent": 0.4,
    "fs_n_features": 57
}