{
    "balanced_accuracy": 0.6652726664436266,
    "accuracy": 0.7,
    "log_loss": 0.6822120687761204,
    "roc_auc": 0.6652726664436266,
    "f1": 0.5074626865671642,
    "precision": 0.9444444444444444,
    "recall": 0.3469387755102041,
    "inference_time": 0.01795339584350586,
    "training_time": 6.814909049442834,
    "dataset": "australian",
    "model": "transformer/cls",
    "fold": "F3",
    "architecture_name": "A19",
    "fs_method": "random_3",
    "fs_percent": 0.6,
    "fs_n_features": 8
}