{
    "balanced_accuracy": 0.5048661800486618,
    "accuracy": 0.5036585365853659,
    "log_loss": 1.1696814117218484,
    "roc_auc": 0.5048661800486618,
    "f1": 0.01927710843373494,
    "precision": 1.0,
    "recall": 0.009732360097323601,
    "inference_time": 0.01879262924194336,
    "training_time": 0,
    "dataset": "sylvine",
    "model": "mlp/simple_nd_nnw",
    "fold": "F3",
    "architecture_name": "A1",
    "fs_method": "random_3",
    "fs_percent": 0.5,
    "fs_n_features": 10
}