{
    "balanced_accuracy": 0.6193648660625417,
    "accuracy": 0.8088852492578564,
    "log_loss": 0.4344657967510182,
    "roc_auc": 0.6193648660625417,
    "f1": 0.8866492623398701,
    "precision": 0.8100732194364322,
    "recall": 0.9792141611908274,
    "inference_time": 0.18197226524353027,
    "training_time": 0,
    "dataset": "adult",
    "model": "mlp/simple_nnw",
    "architecture_name": "A0",
    "fs_method": "linear_model",
    "fs_percent": 0.5,
    "fs_n_features": 7
}