{
  "dropout": 0.1233266680234788,
  "embedding_size": 32,
  "n_head": 32,
  "n_hid": 256,
  "n_layers": 1,
  "numerical_passthrough": true,
  "optimizer__lr": 0.02042367958173089
}