{
    "balanced_accuracy": 0.9435036706811275,
    "accuracy": 0.9601087941976428,
    "log_loss": 0.10776488293001159,
    "roc_auc": 0.9435036706811275,
    "f1": 0.9723200805234021,
    "precision": 0.9623910336239103,
    "recall": 0.9824561403508771,
    "inference_time": 1.330420970916748,
    "training_time": 501.1877294453708
}