{
    "balanced_accuracy": 0.830907976534454,
    "accuracy": 0.8326359832635983,
    "log_loss": 0.3812879965950378,
    "roc_auc": 0.830907976534454,
    "f1": 0.850187265917603,
    "precision": 0.7800687285223368,
    "recall": 0.934156378600823,
    "training_time": 0.11160564422607422,
    "inference_time": 0.0009734630584716797,
    "dataset": "jasmine",
    "model": "xgboost",
    "fold": "F0",
    "architecture_name": "A0",
    "fs_method": "f_classif",
    "fs_percent": 0.8,
    "fs_n_features": 115
}