{
  "dropout": 0.37927226601094405,
  "embedding_size": 1024,
  "n_head": 32,
  "n_hid": 512,
  "n_layers": 1,
  "numerical_passthrough": true,
  "optimizer__lr": 0.0007398963266773271
}