{
    "balanced_accuracy": 0.7810825716987078,
    "accuracy": 0.7899686520376176
}