{
    "balanced_accuracy": 0.5262663088038411,
    "accuracy": 0.6252637925836599
}