{
    "valid_loss": {
        "balanced_accuracy": 0.5629051326179307,
        "accuracy": 0.6622722400857449,
        "log_loss": 0.9766010998665193
    }
}