{
    "valid_loss": {
        "balanced_accuracy": 0.605390998913055,
        "accuracy": 0.6811361200428725,
        "log_loss": 0.9322673537486474
    }
}