{
    "balanced_accuracy": 0.9143108699790596,
    "accuracy": 0.9146341463414634,
    "log_loss": 0.2216892719469829,
    "roc_auc": 0.9143108699790595,
    "f1": 0.9202733485193622,
    "precision": 0.8669527896995708,
    "recall": 0.9805825242718447,
    "inference_time": 0.019762277603149414,
    "training_time": 0,
    "dataset": "sylvine",
    "model": "mlp/simple_nd",
    "fold": "F0",
    "architecture_name": "A0",
    "fs_method": "random_4",
    "fs_percent": 0.4,
    "fs_n_features": 8
}