{
    "balanced_accuracy": 0.9510698439959926,
    "accuracy": 0.9511599511599511,
    "log_loss": 0.13378875442154145,
    "roc_auc": 0.9510698439959927,
    "f1": 0.9524940617577197,
    "precision": 0.9303944315545244,
    "recall": 0.975669099756691,
    "training_time": 0.16379904747009277,
    "inference_time": 0.0012664794921875,
    "dataset": "sylvine",
    "model": "xgboost",
    "fold": "F4",
    "architecture_name": "A1",
    "fs_method": "decision_tree",
    "fs_percent": 0.6,
    "fs_n_features": 12
}