{
    "balanced_accuracy": 0.636128102374137,
    "accuracy": 0.8180189403634502,
    "log_loss": 0.40132272604153907,
    "roc_auc": 0.636128102374137,
    "f1": 0.8917148949131891,
    "precision": 0.8139858195467816,
    "recall": 0.9858562047482741,
    "inference_time": 0.8156723976135254,
    "training_time": 295.08610796928406,
    "dataset": "adult",
    "model": "transformer/cls",
    "fold": "F4",
    "architecture_name": "A22",
    "fs_method": "random_4",
    "fs_percent": 0.4,
    "fs_n_features": 5
}