{
    "balanced_accuracy": 0.9351679992385304,
    "accuracy": 0.9353658536585366,
    "log_loss": 0.16712653286582738,
    "roc_auc": 0.9351679992385304,
    "f1": 0.9381563593932322,
    "precision": 0.903370786516854,
    "recall": 0.9757281553398058,
    "inference_time": 0.0776674747467041,
    "training_time": 31.604158103466034
}