{
    "balanced_accuracy": 0.7398360655737706,
    "accuracy": 0.7477477477477478,
    "log_loss": 0.5419242952582732,
    "roc_auc": 0.7398360655737706,
    "f1": 0.7021276595744681,
    "precision": 0.75,
    "recall": 0.66,
    "inference_time": 0.002717733383178711,
    "training_time": 0,
    "dataset": "australian",
    "model": "mlp/simple_nd_nn",
    "fold": "F0",
    "architecture_name": "A0",
    "fs_method": "random_2",
    "fs_percent": 0.9,
    "fs_n_features": 12
}