{
    "balanced_accuracy": 0.5173798533902708,
    "accuracy": 0.5924027735905939
}