{
    "valid_loss": {
        "balanced_accuracy": 0.9438247699272453,
        "accuracy": 0.9439024390243902,
        "log_loss": 0.1650902568767539,
        "roc_auc": 0.9438247699272453,
        "f1": 0.9457547169811321,
        "precision": 0.9176201372997712,
        "recall": 0.975669099756691
    }
}