{
    "balanced_accuracy": 0.9032186948853616,
    "accuracy": 0.9026162790697675
}