{
    "balanced_accuracy": 0.9377260612983057,
    "accuracy": 0.9378048780487804,
    "log_loss": 0.16964348735307697,
    "roc_auc": 0.9377260612983057,
    "f1": 0.9390681003584229,
    "precision": 0.9247058823529412,
    "recall": 0.9538834951456311,
    "training_time": 0.1171417236328125,
    "inference_time": 0.0008747577667236328
}