{
    "valid_loss": {
        "balanced_accuracy": 0.9355404832460785,
        "accuracy": 0.955757026291931,
        "log_loss": 0.11608743774753436,
        "roc_auc": 0.9355404832460785,
        "f1": 0.9694082246740221,
        "precision": 0.9562206282463517,
        "recall": 0.9829646580218663
    }
}