{
    "valid_loss": {
        "balanced_accuracy": 0.8049780771173598,
        "accuracy": 0.866649603276171,
        "log_loss": 0.29289359821491756,
        "roc_auc": 0.8049780771173598,
        "f1": 0.9132534132534132,
        "precision": 0.9031780009879796,
        "recall": 0.9235561542347196
    }
}