{
    "balanced_accuracy": 0.7926559037670149,
    "accuracy": 0.7945492662473794,
    "log_loss": 0.46191110709526634,
    "roc_auc": 0.7926559037670149,
    "f1": 0.8157894736842105,
    "precision": 0.7508650519031141,
    "recall": 0.8930041152263375,
    "inference_time": 0.12160873413085938,
    "training_time": 65.96638478903935,
    "dataset": "jasmine",
    "model": "transformer/cls",
    "fold": "F3",
    "architecture_name": "A18",
    "fs_method": "decision_tree",
    "fs_percent": 0.9,
    "fs_n_features": 129
}