{
    "balanced_accuracy": 0.8725490196078431,
    "accuracy": 0.878125
}