{
    "balanced_accuracy": 0.9089510681924768,
    "accuracy": 0.9245693563009972,
    "log_loss": 0.2058778380591496,
    "roc_auc": 0.9089510681924768,
    "f1": 0.9470333587980647,
    "precision": 0.9484825299668452,
    "recall": 0.9455886092041699,
    "inference_time": 0.5665097236633301,
    "training_time": 378.0595488037381
}