{
    "balanced_accuracy": 0.8470491803278688,
    "accuracy": 0.8378378378378378,
    "log_loss": 0.4700554826365565,
    "roc_auc": 0.8470491803278688,
    "f1": 0.8392857142857143,
    "precision": 0.7580645161290323,
    "recall": 0.94,
    "inference_time": 0.01812601089477539,
    "training_time": 6.798618282590595,
    "dataset": "australian",
    "model": "transformer/cls",
    "fold": "F0",
    "architecture_name": "A19",
    "fs_method": "random_3",
    "fs_percent": 0.5,
    "fs_n_features": 7
}