{
    "valid_loss": {
        "balanced_accuracy": 0.9369951308785383,
        "accuracy": 0.9570184983677911,
        "log_loss": 0.10435512272515697,
        "roc_auc": 0.9369951308785381,
        "f1": 0.9702821316614421,
        "precision": 0.9569626514964136,
        "recall": 0.9839776195320448
    }
}