{
    "balanced_accuracy": 0.8601493133429599,
    "accuracy": 0.8610567514677103,
    "log_loss": 0.239869045021084,
    "roc_auc": 0.8601493133429597,
    "f1": 0.8517745302713987,
    "precision": 0.8607594936708861,
    "recall": 0.8429752066115702,
    "training_time": 0.0869753360748291,
    "inference_time": 0.0011012554168701172,
    "dataset": "kr-vs-kp",
    "model": "xgboost",
    "fold": "F1",
    "architecture_name": "A1",
    "fs_method": "random_4",
    "fs_percent": 0.7,
    "fs_n_features": 25
}