{
    "balanced_accuracy": 0.9578847015787688,
    "accuracy": 0.9666303953572724,
    "log_loss": 0.0860480073251419,
    "roc_auc": 0.9578847015787689,
    "f1": 0.9766497461928934,
    "precision": 0.974917658981505,
    "recall": 0.9783879989829647,
    "training_time": 0.5942893028259277,
    "inference_time": 0.0034291744232177734,
    "dataset": "nomao",
    "model": "xgboost",
    "fold": "F2",
    "architecture_name": "A0",
    "fs_method": "f_classif",
    "fs_percent": 0.9,
    "fs_n_features": 106
}