{
    "balanced_accuracy": 0.9326866853327945,
    "accuracy": 0.9460400348128808
}