{
    "valid_loss": {
        "balanced_accuracy": 0.8844634628044766,
        "accuracy": 0.8828828828828829,
        "log_loss": 0.2854513123484826,
        "roc_auc": 0.8844634628044766,
        "f1": 0.8712871287128713,
        "precision": 0.8461538461538461,
        "recall": 0.8979591836734694
    }
}