{
    "balanced_accuracy": 0.48134271643968873,
    "accuracy": 0.48148148148148145
}