{
    "balanced_accuracy": 0.5856991445226739,
    "accuracy": 0.9089595375722543
}