{
    "balanced_accuracy": 0.9566192509754524,
    "accuracy": 0.9569471624266145,
    "log_loss": 0.14482991486500157,
    "roc_auc": 0.9566192509754525,
    "f1": 0.9543568464730291,
    "precision": 0.9583333333333334,
    "recall": 0.9504132231404959,
    "inference_time": 0.058908700942993164,
    "training_time": 37.870342731475844
}