{
    "valid_loss": {
        "balanced_accuracy": 0.33635430979357284,
        "accuracy": 0.6177351480456458,
        "log_loss": 1.1042944714663097
    }
}