{
    "balanced_accuracy": 0.8034426229508196,
    "accuracy": 0.8018018018018018,
    "log_loss": 0.4283488648684852,
    "roc_auc": 0.8034426229508196,
    "f1": 0.7884615384615384,
    "precision": 0.7592592592592593,
    "recall": 0.82,
    "training_time": 0.028286218643188477,
    "inference_time": 0.0005221366882324219,
    "dataset": "australian",
    "model": "xgboost",
    "fold": "F0",
    "architecture_name": "A1",
    "fs_method": "random_2",
    "fs_percent": 0.8,
    "fs_n_features": 11
}