{
    "balanced_accuracy": 0.40515423108029297,
    "accuracy": 0.5510204081632653
}