{
    "balanced_accuracy": 0.7376225851714655,
    "accuracy": 0.838878935244433,
    "log_loss": 0.34644734191331783,
    "roc_auc": 0.7376225851714654,
    "f1": 0.8979161598962134,
    "precision": 0.8659680950891461,
    "recall": 0.9323118370095975,
    "training_time": 80.93460464477539,
    "inference_time": 0.15810751914978027,
    "dataset": "adult",
    "model": "mlp/full",
    "fold": "F3",
    "architecture_name": "A0",
    "fs_method": "decision_tree",
    "fs_percent": 0.5,
    "fs_n_features": 7
}