{
    "balanced_accuracy": 0.8586844657017592,
    "accuracy": 0.8585365853658536,
    "log_loss": 0.3597254175405175,
    "roc_auc": 0.858684465701759,
    "f1": 0.8497409326424871,
    "precision": 0.9085872576177285,
    "recall": 0.7980535279805353,
    "inference_time": 0.09524226188659668,
    "training_time": 48.70678048663669
}