{
    "valid_loss": {
        "balanced_accuracy": 0.8770491803278688,
        "accuracy": 0.8636363636363636,
        "log_loss": 0.3223820947194021,
        "roc_auc": 0.8770491803278688,
        "f1": 0.8672566371681416,
        "precision": 0.765625,
        "recall": 1.0
    }
}