{
  "dropout": 0.02904538312952787,
  "embedding_size": 64,
  "n_head": 4,
  "n_hid": 1024,
  "n_layers": 4,
  "numerical_passthrough": true,
  "optimizer__lr": 0.00011791220339504578
}