{
    "balanced_accuracy": 0.9272486772486772,
    "accuracy": 0.9274193548387096
}