{
    "balanced_accuracy": 0.9727334173092875,
    "accuracy": 0.9726027397260274,
    "log_loss": 0.07009757494884056,
    "roc_auc": 0.9727334173092875,
    "f1": 0.9711934156378601,
    "precision": 0.9672131147540983,
    "recall": 0.9752066115702479,
    "training_time": 0.094573974609375,
    "inference_time": 0.0012469291687011719,
    "dataset": "kr-vs-kp",
    "model": "xgboost",
    "fold": "F1",
    "architecture_name": "A1",
    "fs_method": "f_classif",
    "fs_percent": 0.6,
    "fs_n_features": 21
}