{
    "balanced_accuracy": 0.9607438016528926,
    "accuracy": 0.9628180039138943,
    "log_loss": 0.17409941083117608,
    "roc_auc": 0.9607438016528926,
    "f1": 0.9591397849462365,
    "precision": 1.0,
    "recall": 0.9214876033057852,
    "inference_time": 0.06406235694885254,
    "training_time": 44.06292521953585
}