{
    "balanced_accuracy": 0.6463198653198653,
    "accuracy": 0.8202175303902751,
    "log_loss": 0.3608694807262073,
    "roc_auc": 0.6463198653198654,
    "f1": 0.892378399080812,
    "precision": 0.8186929023190442,
    "recall": 0.9806397306397306,
    "inference_time": 0.1794126033782959,
    "training_time": 0,
    "dataset": "adult",
    "model": "mlp/simple_nd",
    "fold": "F0",
    "architecture_name": "A0",
    "fs_method": "f_classif",
    "fs_percent": 0.7,
    "fs_n_features": 9
}