{
    "balanced_accuracy": 0.47685023353998457,
    "accuracy": 0.5898131404460518
}