{
    "balanced_accuracy": 0.7529274004683841,
    "accuracy": 0.7727272727272727,
    "log_loss": 0.5293323587455644,
    "roc_auc": 0.7529274004683841,
    "f1": 0.691358024691358,
    "precision": 0.875,
    "recall": 0.5714285714285714,
    "training_time": 2.20253849029541,
    "inference_time": 0.0034627914428710938,
    "dataset": "australian",
    "model": "mlp/full",
    "fold": "F2",
    "architecture_name": "A0",
    "fs_method": "f_classif",
    "fs_percent": 0.6,
    "fs_n_features": 8
}