{
    "balanced_accuracy": 0.7849002849002849,
    "accuracy": 0.7861635220125787,
    "log_loss": 0.5059184837990369,
    "roc_auc": 0.784900284900285,
    "f1": 0.8023255813953488,
    "precision": 0.7582417582417582,
    "recall": 0.8518518518518519,
    "inference_time": 0.009621858596801758,
    "training_time": 0,
    "dataset": "jasmine",
    "model": "mlp/simple_nd_nn",
    "fold": "F2",
    "architecture_name": "A0",
    "fs_method": "decision_tree",
    "fs_percent": 0.4,
    "fs_n_features": 57
}