{
    "balanced_accuracy": 0.8975839260829652,
    "accuracy": 0.9172954149738828
}