{
    "valid_loss": {
        "balanced_accuracy": 0.80865073110936,
        "accuracy": 0.8117154811715481,
        "log_loss": 0.40161237064452066,
        "roc_auc": 0.8086507311093599,
        "f1": 0.8426573426573427,
        "precision": 0.7325227963525835,
        "recall": 0.9917695473251029
    }
}