{
    "balanced_accuracy": 0.9568468754289212,
    "accuracy": 0.9686310063463281,
    "log_loss": 0.0886398059867932,
    "roc_auc": 0.9568468754289212,
    "f1": 0.9781482884931161,
    "precision": 0.9718875502008032,
    "recall": 0.9844902110348335,
    "training_time": 1.1055388450622559,
    "inference_time": 0.00698089599609375,
    "dataset": "nomao",
    "model": "xgboost",
    "fold": "F1",
    "architecture_name": "A1",
    "fs_method": "decision_tree",
    "fs_percent": 0.9,
    "fs_n_features": 106
}