{
    "valid_loss": {
        "balanced_accuracy": 0.7777764606836168,
        "accuracy": 0.8602508318402866,
        "log_loss": 0.3017782459139527,
        "roc_auc": 0.7777764606836167,
        "f1": 0.9105943998690028,
        "precision": 0.8862151394422311,
        "recall": 0.9363529213672336
    }
}