{
    "balanced_accuracy": 0.9861593290116439,
    "accuracy": 0.9863013698630136,
    "log_loss": 0.03439567611335504,
    "roc_auc": 0.9861593290116439,
    "f1": 0.9855072463768116,
    "precision": 0.9875518672199171,
    "recall": 0.9834710743801653,
    "training_time": 0.09256911277770996,
    "inference_time": 0.0012383460998535156,
    "dataset": "kr-vs-kp",
    "model": "xgboost",
    "fold": "F4",
    "architecture_name": "A2",
    "fs_method": "decision_tree",
    "fs_percent": 0.6,
    "fs_n_features": 21
}