{
    "balanced_accuracy": 0.6849056563281151,
    "accuracy": 0.7770498515712969,
    "log_loss": 0.47977350032394844,
    "roc_auc": 0.6849056563281151,
    "f1": 0.8548193574190108,
    "precision": 0.8498343273691186,
    "recall": 0.859863215770417,
    "inference_time": 0.20069599151611328,
    "training_time": 0,
    "dataset": "adult",
    "model": "mlp/simple",
    "architecture_name": "A0",
    "fs_method": "random_1",
    "fs_percent": 0.5,
    "fs_n_features": 7
}