{
    "valid_loss": {
        "balanced_accuracy": 0.571082656116826,
        "accuracy": 0.6637727759914255,
        "log_loss": 0.9817766401256421
    }
}