{
    "balanced_accuracy": 0.89504994080869,
    "accuracy": 0.8951219512195122,
    "log_loss": 0.2467778230801945,
    "roc_auc": 0.89504994080869,
    "f1": 0.8983451536643026,
    "precision": 0.8735632183908046,
    "recall": 0.9245742092457421,
    "inference_time": 0.015874147415161133,
    "training_time": 0,
    "dataset": "sylvine",
    "model": "mlp/simple_nd_nn",
    "fold": "F2",
    "architecture_name": "A0",
    "fs_method": "random_2",
    "fs_percent": 0.9,
    "fs_n_features": 18
}