{
    "balanced_accuracy": 0.958477987034932,
    "accuracy": 0.958904109589041,
    "log_loss": 0.10079708458483501,
    "roc_auc": 0.958477987034932,
    "f1": 0.9563409563409564,
    "precision": 0.9623430962343096,
    "recall": 0.9504132231404959,
    "training_time": 12.273526191711426,
    "inference_time": 0.012897968292236328,
    "dataset": "kr-vs-kp",
    "model": "mlp/full_nd_nnw",
    "fold": "F1",
    "architecture_name": "A1",
    "fs_method": "none",
    "fs_percent": 1.0,
    "fs_n_features": 36
}