{
    "balanced_accuracy": 0.8045792837755013,
    "accuracy": 0.805439330543933,
    "log_loss": 0.43052623461776934,
    "roc_auc": 0.8045792837755013,
    "f1": 0.8172888015717092,
    "precision": 0.7819548872180451,
    "recall": 0.8559670781893004,
    "inference_time": 0.058225393295288086,
    "training_time": 72.14371197873892,
    "dataset": "jasmine",
    "model": "transformer/cls",
    "fold": "F0",
    "architecture_name": "A18",
    "fs_method": "decision_tree",
    "fs_percent": 0.4,
    "fs_n_features": 57
}