{
    "balanced_accuracy": 0.751908852302553,
    "accuracy": 0.7357512953367875
}