{
    "balanced_accuracy": 0.9550635277433034,
    "accuracy": 0.9655485040797824,
    "log_loss": 0.0932899283805112,
    "roc_auc": 0.9550635277433035,
    "f1": 0.9759371833839919,
    "precision": 0.9722432500630835,
    "recall": 0.9796592931604373,
    "training_time": 0.3613307476043701,
    "inference_time": 0.004193544387817383,
    "dataset": "nomao",
    "model": "xgboost",
    "fold": "F0",
    "architecture_name": "A0",
    "fs_method": "random_3",
    "fs_percent": 0.4,
    "fs_n_features": 47
}