{
    "valid_loss": {
        "balanced_accuracy": 0.5518903518706395,
        "accuracy": 0.7812571081962242,
        "log_loss": 0.6687943887796755
    }
}