{
    "balanced_accuracy": 0.7701012978790757,
    "accuracy": 0.7735849056603774,
    "log_loss": 0.47406637072373375,
    "roc_auc": 0.7701012978790756,
    "f1": 0.8111888111888111,
    "precision": 0.7051671732522796,
    "recall": 0.9547325102880658,
    "inference_time": 0.08561325073242188,
    "training_time": 36.40366001129149,
    "dataset": "jasmine",
    "model": "transformer/cls",
    "fold": "F3",
    "architecture_name": "A24",
    "fs_method": "random_5",
    "fs_percent": 0.9,
    "fs_n_features": 129
}