{
    "valid_loss": {
        "balanced_accuracy": 0.32617572005465156,
        "accuracy": 0.6139206914853287,
        "log_loss": 1.1137837718209105
    }
}