{
    "balanced_accuracy": 0.3335294117647059,
    "accuracy": 0.7444444444444445
}