{
    "valid_loss": {
        "balanced_accuracy": 0.9441915856539683,
        "accuracy": 0.9597388465723613,
        "log_loss": 0.10286238150712168,
        "roc_auc": 0.9441915856539683,
        "f1": 0.972019158053945,
        "precision": 0.9635182408795602,
        "recall": 0.9806714140386572
    }
}