{
    "balanced_accuracy": 0.6808196872407755,
    "accuracy": 0.6888454011741683,
    "log_loss": 1.4530905150994495,
    "roc_auc": 0.6808196872407755,
    "f1": 0.6168674698795181,
    "precision": 0.7398843930635838,
    "recall": 0.5289256198347108,
    "inference_time": 0.01275014877319336,
    "training_time": 0,
    "dataset": "kr-vs-kp",
    "model": "mlp/simple_nd_nn",
    "fold": "F1",
    "architecture_name": "A1",
    "fs_method": "random_3",
    "fs_percent": 0.6,
    "fs_n_features": 21
}