{
    "balanced_accuracy": 0.8952732802851087,
    "accuracy": 0.8943248532289628,
    "log_loss": 0.2339920670904977,
    "roc_auc": 0.8952732802851086,
    "f1": 0.8911290322580645,
    "precision": 0.8700787401574803,
    "recall": 0.9132231404958677,
    "training_time": 0.1005239486694336,
    "inference_time": 0.0011208057403564453,
    "dataset": "kr-vs-kp",
    "model": "xgboost",
    "fold": "F2",
    "architecture_name": "A3",
    "fs_method": "random_2",
    "fs_percent": 0.8,
    "fs_n_features": 28
}