{
    "balanced_accuracy": 0.6375057239057239,
    "accuracy": 0.8162507997440819,
    "log_loss": 0.3551447193810675,
    "roc_auc": 0.6375057239057239,
    "f1": 0.8903146959975557,
    "precision": 0.8148769574944071,
    "recall": 0.9811447811447811,
    "training_time": 0.2872452735900879,
    "inference_time": 0.0120391845703125,
    "dataset": "adult",
    "model": "xgboost",
    "fold": "F0",
    "architecture_name": "A3",
    "fs_method": "random_2",
    "fs_percent": 0.4,
    "fs_n_features": 5
}