{
    "balanced_accuracy": 0.37302270888049355,
    "accuracy": 0.5275252958326188
}