{
    "balanced_accuracy": 0.4794010989010989,
    "accuracy": 0.6658291457286433
}