{
    "balanced_accuracy": 0.9315156719622155,
    "accuracy": 0.9316239316239316,
    "log_loss": 0.177109764321201,
    "roc_auc": 0.9315156719622155,
    "f1": 0.933806146572104,
    "precision": 0.9080459770114943,
    "recall": 0.9610705596107056,
    "training_time": 0.08119678497314453,
    "inference_time": 0.0008056163787841797,
    "dataset": "sylvine",
    "model": "xgboost",
    "fold": "F4",
    "architecture_name": "A0",
    "fs_method": "random_1",
    "fs_percent": 0.7,
    "fs_n_features": 14
}