{
    "balanced_accuracy": 0.8316393442622951,
    "accuracy": 0.8288288288288288,
    "log_loss": 0.4349692001452851,
    "roc_auc": 0.831639344262295,
    "f1": 0.819047619047619,
    "precision": 0.7818181818181819,
    "recall": 0.86,
    "training_time": 0.0301361083984375,
    "inference_time": 0.0005347728729248047,
    "dataset": "australian",
    "model": "xgboost",
    "fold": "F0",
    "architecture_name": "A2",
    "fs_method": "random_2",
    "fs_percent": 0.6,
    "fs_n_features": 8
}