{
    "balanced_accuracy": 0.7429015434697199,
    "accuracy": 0.8341438443818787,
    "log_loss": 0.3701442276577046,
    "roc_auc": 0.7429015434697199,
    "f1": 0.8938053097345132,
    "precision": 0.8705506783719075,
    "recall": 0.9183364202727732,
    "inference_time": 0.14559388160705566,
    "training_time": 0,
    "dataset": "adult",
    "model": "mlp/simple_nnw",
    "fold": "F4",
    "architecture_name": "A0",
    "fs_method": "decision_tree",
    "fs_percent": 0.7,
    "fs_n_features": 9
}