{
    "balanced_accuracy": 0.912057775477546,
    "accuracy": 0.9121951219512195,
    "log_loss": 0.20728335438704007,
    "roc_auc": 0.9120577754775461,
    "f1": 0.9170506912442397,
    "precision": 0.8708971553610503,
    "recall": 0.9683698296836983,
    "training_time": 0.07881546020507812,
    "inference_time": 0.0008075237274169922,
    "dataset": "sylvine",
    "model": "xgboost",
    "fold": "F2",
    "architecture_name": "A0",
    "fs_method": "random_3",
    "fs_percent": 0.6,
    "fs_n_features": 12
}