{
    "balanced_accuracy": 0.40609667144449757,
    "accuracy": 0.6416040100250626
}