{
    "balanced_accuracy": 0.7982747704969927,
    "accuracy": 0.80083857442348,
    "log_loss": 0.4142283114867977,
    "roc_auc": 0.7982747704969926,
    "f1": 0.8269581056466302,
    "precision": 0.7418300653594772,
    "recall": 0.934156378600823,
    "training_time": 0.08542585372924805,
    "inference_time": 0.0011374950408935547
}