{
    "balanced_accuracy": 0.7030289562289562,
    "accuracy": 0.8293026231605886,
    "log_loss": 0.3767841813734236,
    "roc_auc": 0.7030289562289562,
    "f1": 0.8938743038981702,
    "precision": 0.8473604826546003,
    "recall": 0.9457912457912457,
    "inference_time": 0.19538521766662598,
    "training_time": 0,
    "dataset": "adult",
    "model": "mlp/simple_nd_nn",
    "fold": "F1",
    "architecture_name": "A1",
    "fs_method": "random_1",
    "fs_percent": 0.6,
    "fs_n_features": 8
}