{
    "balanced_accuracy": 0.840957192599167,
    "accuracy": 0.9022556390977443
}