{
    "valid_loss": {
        "balanced_accuracy": 0.554582308964074,
        "accuracy": 0.6509110396570204,
        "log_loss": 1.0004197073057879
    }
}