{
    "valid_loss": {
        "balanced_accuracy": 0.8353118075340298,
        "accuracy": 0.8364779874213837,
        "log_loss": 0.38329404617342255,
        "roc_auc": 0.8353118075340298,
        "f1": 0.8482490272373541,
        "precision": 0.8044280442804428,
        "recall": 0.897119341563786
    }
}