{
    "balanced_accuracy": 0.5029261309483387,
    "accuracy": 0.7549618320610687
}