{
    "balanced_accuracy": 0.9868227731864095,
    "accuracy": 0.986328125,
    "log_loss": 0.045831938371482514,
    "roc_auc": 0.9868227731864097,
    "f1": 0.9856850715746421,
    "precision": 0.9757085020242915,
    "recall": 0.9958677685950413,
    "training_time": 0.07666277885437012,
    "inference_time": 0.0010502338409423828,
    "dataset": "kr-vs-kp",
    "model": "xgboost",
    "fold": "F0",
    "architecture_name": "A3",
    "fs_method": "linear_model",
    "fs_percent": 0.5,
    "fs_n_features": 18
}