{
    "balanced_accuracy": 0.9442049007787461,
    "accuracy": 0.9557490025389916,
    "log_loss": 0.11721293246198286,
    "roc_auc": 0.9442049007787462,
    "f1": 0.9690512430238457,
    "precision": 0.9668438370032904,
    "recall": 0.9712687515891177,
    "inference_time": 0.6812386512756348,
    "training_time": 419.0826721191406,
    "dataset": "nomao",
    "model": "transformer/cls",
    "fold": "F3",
    "architecture_name": "A24",
    "fs_method": "linear_model",
    "fs_percent": 0.9,
    "fs_n_features": 106
}