{
    "balanced_accuracy": 0.967447199265381,
    "accuracy": 0.966796875,
    "log_loss": 0.37970136759007395,
    "roc_auc": 0.9674471992653811,
    "f1": 0.9653767820773931,
    "precision": 0.9518072289156626,
    "recall": 0.9793388429752066,
    "inference_time": 0.05818009376525879,
    "training_time": 76.73010635375977,
    "dataset": "kr-vs-kp",
    "model": "transformer/cls",
    "fold": "F0",
    "architecture_name": "A2",
    "fs_method": "f_classif",
    "fs_percent": 0.7,
    "fs_n_features": 25
}