{
    "balanced_accuracy": 0.5460151802656547,
    "accuracy": 0.35443037974683544
}