{
    "balanced_accuracy": 0.8976246236199398,
    "accuracy": 0.8909090909090909,
    "log_loss": 0.31077661951725755,
    "roc_auc": 0.8976246236199398,
    "f1": 0.8867924528301887,
    "precision": 0.8245614035087719,
    "recall": 0.9591836734693877,
    "inference_time": 0.009798049926757812,
    "training_time": 4.576649983723958,
    "dataset": "australian",
    "model": "transformer/cls",
    "fold": "F3",
    "architecture_name": "A24",
    "fs_method": "none",
    "fs_percent": 1.0,
    "fs_n_features": 14
}