{
    "balanced_accuracy": 0.7845045900601456,
    "accuracy": 0.7882599580712788,
    "log_loss": 0.43222814744001975,
    "roc_auc": 0.7845045900601456,
    "f1": 0.8255613126079447,
    "precision": 0.7113095238095238,
    "recall": 0.9835390946502057,
    "training_time": 8.020514011383057,
    "inference_time": 0.02286672592163086,
    "dataset": "jasmine",
    "model": "mlp/full",
    "fold": "F4",
    "architecture_name": "A1",
    "fs_method": "decision_tree",
    "fs_percent": 0.5,
    "fs_n_features": 72
}