{
    "balanced_accuracy": 0.9342596903832564,
    "accuracy": 0.9500870574579222
}