{
    "balanced_accuracy": 0.5989583333333334,
    "accuracy": 0.8065326633165829
}