{
    "balanced_accuracy": 0.666323084694393,
    "accuracy": 0.8098285129255183,
    "log_loss": 0.38757783445442445,
    "roc_auc": 0.666323084694393,
    "f1": 0.8827890834516485,
    "precision": 0.8303902656180442,
    "recall": 0.942246169388786,
    "inference_time": 0.1466970443725586,
    "training_time": 0,
    "dataset": "adult",
    "model": "mlp/simple_nd_nnw",
    "fold": "F4",
    "architecture_name": "A0",
    "fs_method": "random_3",
    "fs_percent": 0.6,
    "fs_n_features": 8
}