{
    "balanced_accuracy": 0.8686653468350882,
    "accuracy": 0.8886672710788758,
    "log_loss": 0.3563812388465543,
    "roc_auc": 0.8686653468350882,
    "f1": 0.9214431934493347,
    "precision": 0.9273757404069018,
    "recall": 0.9155860666158149,
    "inference_time": 0.3894333839416504,
    "training_time": 438.9888441379252
}