{
    "balanced_accuracy": 0.8925279789335089,
    "accuracy": 0.8918918918918919,
    "log_loss": 0.27355902385584163,
    "roc_auc": 0.8925279789335089,
    "f1": 0.88,
    "precision": 0.8627450980392157,
    "recall": 0.8979591836734694,
    "inference_time": 0.017205476760864258,
    "training_time": 5.190831184387207,
    "dataset": "australian",
    "model": "transformer/cls",
    "fold": "F1",
    "architecture_name": "A27",
    "fs_method": "none",
    "fs_percent": 1.0,
    "fs_n_features": 14
}