{
    "balanced_accuracy": 0.5868494649805447,
    "accuracy": 0.5867446393762183
}