{
    "balanced_accuracy": 0.795368181420191,
    "accuracy": 0.797071129707113,
    "log_loss": 0.4422604703648601,
    "roc_auc": 0.795368181420191,
    "f1": 0.8180112570356473,
    "precision": 0.7517241379310344,
    "recall": 0.897119341563786,
    "training_time": 0.09581422805786133,
    "inference_time": 0.0008666515350341797,
    "dataset": "jasmine",
    "model": "xgboost",
    "fold": "F0",
    "architecture_name": "A3",
    "fs_method": "random_1",
    "fs_percent": 0.5,
    "fs_n_features": 72
}