{
    "balanced_accuracy": 0.9310878823073945,
    "accuracy": 0.9241379310344827
}