{
    "balanced_accuracy": 0.9386243386243386,
    "accuracy": 0.9354838709677419
}