{
    "balanced_accuracy": 0.9309284658356164,
    "accuracy": 0.9437896645512239,
    "log_loss": 0.17768952527169302,
    "roc_auc": 0.9309284658356164,
    "f1": 0.9606099110546379,
    "precision": 0.9601219202438405,
    "recall": 0.9610983981693364,
    "inference_time": 0.6708087921142578,
    "training_time": 446.46861603043305,
    "dataset": "nomao",
    "model": "transformer/cls",
    "fold": "F1",
    "architecture_name": "A28",
    "fs_method": "random_3",
    "fs_percent": 0.7,
    "fs_n_features": 82
}