{
    "valid_loss": {
        "balanced_accuracy": 0.7880930796430375,
        "accuracy": 0.8617865369848989,
        "log_loss": 0.30069454140498264,
        "roc_auc": 0.7880930796430374,
        "f1": 0.9109204882876938,
        "precision": 0.892805173807599,
        "recall": 0.9297861592860751
    }
}