{
    "balanced_accuracy": 0.9457671957671958,
    "accuracy": 0.9435483870967742
}