{
  "dropout": 0.08854856508271758,
  "embedding_size": 32,
  "n_head": 8,
  "n_hid": 256,
  "n_layers": 3,
  "numerical_passthrough": false,
  "optimizer__lr": 2.435074731307378e-05
}