{
    "balanced_accuracy": 0.6778033794162825,
    "accuracy": 0.903179190751445
}