{
    "balanced_accuracy": 0.668106108852202,
    "accuracy": 0.7395727365208545
}