{
    "valid_loss": {
        "balanced_accuracy": 0.5771484783456604,
        "accuracy": 0.7913333586078781,
        "log_loss": 0.6430828369504599
    }
}