{
    "balanced_accuracy": 0.7405486784877886,
    "accuracy": 0.7545454545454545,
    "log_loss": 0.4349106649291599,
    "roc_auc": 0.7405486784877886,
    "f1": 0.6896551724137931,
    "precision": 0.7894736842105263,
    "recall": 0.6122448979591837,
    "training_time": 0.038892507553100586,
    "inference_time": 0.0006425380706787109,
    "dataset": "australian",
    "model": "xgboost",
    "fold": "F2",
    "architecture_name": "A1",
    "fs_method": "random_1",
    "fs_percent": 0.4,
    "fs_n_features": 5
}