{
    "balanced_accuracy": 0.9059686699112794,
    "accuracy": 0.9017225747960109,
    "log_loss": 0.33790971493408467,
    "roc_auc": 0.9059686699112794,
    "f1": 0.9285902503293808,
    "precision": 0.9636313918512441,
    "recall": 0.8960081362827358,
    "inference_time": 0.6380236148834229,
    "training_time": 446.46861603043305,
    "dataset": "nomao",
    "model": "transformer/cls",
    "fold": "F1",
    "architecture_name": "A28",
    "fs_method": "f_classif",
    "fs_percent": 0.7,
    "fs_n_features": 82
}