{
    "balanced_accuracy": 0.5785049854085603,
    "accuracy": 0.5789473684210527
}