{
    "valid_loss": {
        "balanced_accuracy": 0.7706457428298816,
        "accuracy": 0.8605067826977221,
        "log_loss": 0.3052671118765575,
        "roc_auc": 0.7706457428298816,
        "f1": 0.9113532856213403,
        "precision": 0.8813905930470347,
        "recall": 0.9434248189930965
    }
}