{
    "balanced_accuracy": 0.9647246019787803,
    "accuracy": 0.9720710917664128,
    "log_loss": 0.0777068982992005,
    "roc_auc": 0.9647246019787802,
    "f1": 0.9804518913429805,
    "precision": 0.9789607097591888,
    "recall": 0.9819476226798881,
    "training_time": 1.6072866916656494,
    "inference_time": 0.008226394653320312,
    "dataset": "nomao",
    "model": "xgboost",
    "fold": "F3",
    "architecture_name": "A2",
    "fs_method": "random_1",
    "fs_percent": 0.9,
    "fs_n_features": 106
}