{
    "balanced_accuracy": 0.9072094420549794,
    "accuracy": 0.9073170731707317,
    "log_loss": 0.25679889107384574,
    "roc_auc": 0.9072094420549796,
    "f1": 0.9114219114219114,
    "precision": 0.8747203579418344,
    "recall": 0.9513381995133819,
    "inference_time": 0.018932342529296875,
    "training_time": 0,
    "dataset": "sylvine",
    "model": "mlp/simple_nd_nnw",
    "fold": "F3",
    "architecture_name": "A1",
    "fs_method": "random_4",
    "fs_percent": 0.5,
    "fs_n_features": 10
}