{
    "balanced_accuracy": 0.537109375,
    "accuracy": 0.537109375
}