{
  "dropout": 0.020812964506744414,
  "embedding_size": 512,
  "n_head": 16,
  "n_hid": 128,
  "n_layers": 3,
  "numerical_passthrough": false,
  "optimizer__lr": 9.643362908830505e-05
}