{
    "balanced_accuracy": 0.7847736625514403,
    "accuracy": 0.7845188284518828,
    "log_loss": 0.4679060299137608,
    "roc_auc": 0.7847736625514404,
    "f1": 0.7840670859538784,
    "precision": 0.7991452991452992,
    "recall": 0.7695473251028807,
    "inference_time": 0.011504888534545898,
    "training_time": 0,
    "dataset": "jasmine",
    "model": "mlp/simple_nd_nnw",
    "fold": "F0",
    "architecture_name": "A1",
    "fs_method": "random_2",
    "fs_percent": 0.8,
    "fs_n_features": 115
}