{
    "balanced_accuracy": 0.7637085137085138,
    "accuracy": 0.765625
}