{
    "valid_loss": {
        "balanced_accuracy": 0.8028281236319061,
        "accuracy": 0.805439330543933,
        "log_loss": 0.415179123808572,
        "roc_auc": 0.8028281236319061,
        "f1": 0.8336314847942755,
        "precision": 0.7373417721518988,
        "recall": 0.9588477366255144
    }
}