{
    "balanced_accuracy": 0.768281101614435,
    "accuracy": 0.7693920335429769,
    "log_loss": 0.4908045125043185,
    "roc_auc": 0.7682811016144349,
    "f1": 0.78515625,
    "precision": 0.7472118959107806,
    "recall": 0.8271604938271605,
    "inference_time": 0.012129783630371094,
    "training_time": 0,
    "dataset": "jasmine",
    "model": "mlp/simple_nd_nnw",
    "fold": "F3",
    "architecture_name": "A1",
    "fs_method": "random_5",
    "fs_percent": 0.7,
    "fs_n_features": 100
}