{
    "balanced_accuracy": 0.7490380313199105,
    "accuracy": 0.7491638795986622
}