{
    "valid_loss": {
        "balanced_accuracy": 0.530129851463892,
        "accuracy": 0.7781105466676776,
        "log_loss": 0.6525602032922468
    }
}