{
    "balanced_accuracy": 0.757643771043771,
    "accuracy": 0.8449136276391555,
    "log_loss": 0.33847026928192786,
    "roc_auc": 0.7576437710437709,
    "f1": 0.9007045715222022,
    "precision": 0.8772741781040536,
    "recall": 0.9254208754208754,
    "inference_time": 0.14972186088562012,
    "training_time": 0,
    "dataset": "adult",
    "model": "mlp/simple_nnw",
    "fold": "F2",
    "architecture_name": "A0",
    "fs_method": "random_5",
    "fs_percent": 0.8,
    "fs_n_features": 11
}