{
    "balanced_accuracy": 0.8543449637919684,
    "accuracy": 0.8468468468468469,
    "log_loss": 0.3599751995765388,
    "roc_auc": 0.8543449637919682,
    "f1": 0.8411214953271028,
    "precision": 0.7758620689655172,
    "recall": 0.9183673469387755,
    "inference_time": 0.00400996208190918,
    "training_time": 0,
    "dataset": "australian",
    "model": "mlp/simple",
    "fold": "F1",
    "architecture_name": "A1",
    "fs_method": "decision_tree",
    "fs_percent": 0.7,
    "fs_n_features": 9
}