{
    "balanced_accuracy": 0.6489446259190661,
    "accuracy": 0.8139237266444843,
    "log_loss": 0.39419422000811843,
    "roc_auc": 0.6489446259190661,
    "f1": 0.8875483372003093,
    "precision": 0.8207695608639679,
    "recall": 0.9661559185047988,
    "inference_time": 0.1786954402923584,
    "training_time": 0,
    "dataset": "adult",
    "model": "mlp/simple",
    "fold": "F4",
    "architecture_name": "A0",
    "fs_method": "f_classif",
    "fs_percent": 0.6,
    "fs_n_features": 8
}