{
    "balanced_accuracy": 0.7972188552188553,
    "accuracy": 0.873448496481126,
    "log_loss": 0.2746495240950662,
    "roc_auc": 0.7972188552188553,
    "f1": 0.9189410704040653,
    "precision": 0.8953841239418623,
    "recall": 0.9437710437710438,
    "training_time": 0.34753966331481934,
    "inference_time": 0.005093574523925781
}