{
    "valid_loss": {
        "balanced_accuracy": 0.7852390572390573,
        "accuracy": 0.8524632117722328,
        "log_loss": 0.32007933004213973,
        "roc_auc": 0.7852390572390573,
        "f1": 0.9040525921611051,
        "precision": 0.8938621030113543,
        "recall": 0.9144781144781144
    }
}