{
    "balanced_accuracy": 0.5103904786535759,
    "accuracy": 0.6725190839694657
}