{
    "balanced_accuracy": 0.8753763800602208,
    "accuracy": 0.8818181818181818,
    "log_loss": 0.29952688077578665,
    "roc_auc": 0.8753763800602209,
    "f1": 0.8602150537634409,
    "precision": 0.9090909090909091,
    "recall": 0.8163265306122449,
    "training_time": 0.0402371883392334,
    "inference_time": 0.0006105899810791016,
    "dataset": "australian",
    "model": "xgboost",
    "fold": "F2",
    "architecture_name": "A1",
    "fs_method": "random_3",
    "fs_percent": 0.4,
    "fs_n_features": 5
}