{
    "balanced_accuracy": 0.1393529881248658,
    "accuracy": 0.35248091603053433
}