{
    "valid_loss": {
        "balanced_accuracy": 0.33282196430157046,
        "accuracy": 0.6162944989953368,
        "log_loss": 1.1037690678200112
    }
}