{
    "balanced_accuracy": 0.7262295081967213,
    "accuracy": 0.7387387387387387,
    "log_loss": 0.5292984857893064,
    "roc_auc": 0.7262295081967214,
    "f1": 0.6741573033707865,
    "precision": 0.7692307692307693,
    "recall": 0.6,
    "training_time": 2.1622204780578613,
    "inference_time": 0.004431486129760742,
    "dataset": "australian",
    "model": "mlp/full",
    "fold": "F0",
    "architecture_name": "A1",
    "fs_method": "linear_model",
    "fs_percent": 0.6,
    "fs_n_features": 8
}