{
    "balanced_accuracy": 0.5930210334771407,
    "accuracy": 0.6854961832061068
}