{
    "balanced_accuracy": 0.8558157330884604,
    "accuracy": 0.857421875,
    "log_loss": 0.24158364245423392,
    "roc_auc": 0.8558157330884603,
    "f1": 0.8456659619450317,
    "precision": 0.8658008658008658,
    "recall": 0.8264462809917356,
    "training_time": 0.07452559471130371,
    "inference_time": 0.000896453857421875,
    "dataset": "kr-vs-kp",
    "model": "xgboost",
    "fold": "F0",
    "architecture_name": "A2",
    "fs_method": "random_3",
    "fs_percent": 0.8,
    "fs_n_features": 28
}