{
    "balanced_accuracy": 0.6262063319636644,
    "accuracy": 0.5661680092059839
}