{
    "balanced_accuracy": 0.8050958760178618,
    "accuracy": 0.8075313807531381,
    "log_loss": 0.4509108962839231,
    "roc_auc": 0.8050958760178618,
    "f1": 0.8339350180505415,
    "precision": 0.7427652733118971,
    "recall": 0.9506172839506173,
    "inference_time": 0.009834527969360352,
    "training_time": 0,
    "dataset": "jasmine",
    "model": "mlp/simple_nd_nn",
    "fold": "F1",
    "architecture_name": "A0",
    "fs_method": "linear_model",
    "fs_percent": 0.5,
    "fs_n_features": 72
}