{
    "balanced_accuracy": 0.7980373535929092,
    "accuracy": 0.80083857442348,
    "log_loss": 0.4295118159986577,
    "roc_auc": 0.7980373535929091,
    "f1": 0.8288288288288288,
    "precision": 0.7371794871794872,
    "recall": 0.9465020576131687,
    "training_time": 0.06121087074279785,
    "inference_time": 0.0007143020629882812,
    "dataset": "jasmine",
    "model": "xgboost",
    "fold": "F2",
    "architecture_name": "A0",
    "fs_method": "decision_tree",
    "fs_percent": 0.7,
    "fs_n_features": 100
}