{
    "balanced_accuracy": 0.952295334192071,
    "accuracy": 0.9523809523809523,
    "log_loss": 0.1426923602534862,
    "roc_auc": 0.952295334192071,
    "f1": 0.9536266349583828,
    "precision": 0.9325581395348838,
    "recall": 0.975669099756691,
    "training_time": 0.17166686058044434,
    "inference_time": 0.0012176036834716797,
    "dataset": "sylvine",
    "model": "xgboost",
    "fold": "F4",
    "architecture_name": "A3",
    "fs_method": "f_classif",
    "fs_percent": 0.7,
    "fs_n_features": 14
}