{
    "balanced_accuracy": 0.46382764917902347,
    "accuracy": 0.6251908396946565
}