{
    "balanced_accuracy": 0.431799252934803,
    "accuracy": 0.5681701251929343
}