{
    "balanced_accuracy": 0.8060846560846561,
    "accuracy": 0.8145161290322581
}