{
    "balanced_accuracy": 0.7233901554694955,
    "accuracy": 0.8355515740977733,
    "log_loss": 0.36175485868354484,
    "roc_auc": 0.7233901554694955,
    "f1": 0.8966958758742665,
    "precision": 0.858,
    "recall": 0.9390469776056575,
    "inference_time": 0.1833186149597168,
    "training_time": 0,
    "dataset": "adult",
    "model": "mlp/simple_nd_nn",
    "fold": "F4",
    "architecture_name": "A1",
    "fs_method": "random_2",
    "fs_percent": 0.6,
    "fs_n_features": 8
}