{
    "balanced_accuracy": 0.8171098448876226,
    "accuracy": 0.8197064989517819,
    "log_loss": 0.4213768445091802,
    "roc_auc": 0.8171098448876227,
    "f1": 0.8436363636363636,
    "precision": 0.755700325732899,
    "recall": 0.9547325102880658,
    "inference_time": 0.045273780822753906,
    "training_time": 59.01907100175557
}