{
    "balanced_accuracy": 0.5525615435795076,
    "accuracy": 0.571875
}