{
    "balanced_accuracy": 0.9635292317110499,
    "accuracy": 0.962890625,
    "log_loss": 0.1070027610866337,
    "roc_auc": 0.9635292317110499,
    "f1": 0.9613034623217923,
    "precision": 0.9477911646586346,
    "recall": 0.9752066115702479,
    "inference_time": 0.0124359130859375,
    "training_time": 0,
    "dataset": "kr-vs-kp",
    "model": "mlp/simple_nd_nn",
    "fold": "F0",
    "architecture_name": "A1",
    "fs_method": "random_1",
    "fs_percent": 0.9,
    "fs_n_features": 32
}