{
    "balanced_accuracy": 0.8439715684975815,
    "accuracy": 0.8607181719260065,
    "log_loss": 0.3505243959573941,
    "roc_auc": 0.8439715684975815,
    "f1": 0.9004407570650765,
    "precision": 0.9182971972501323,
    "recall": 0.883265513733469,
    "inference_time": 0.12656641006469727,
    "training_time": 0,
    "dataset": "nomao",
    "model": "mlp/simple_nnw",
    "fold": "F4",
    "architecture_name": "A1",
    "fs_method": "decision_tree",
    "fs_percent": 0.5,
    "fs_n_features": 59
}