{
    "balanced_accuracy": 0.5107079888132295,
    "accuracy": 0.5107212475633528
}