{
    "valid_loss": {
        "balanced_accuracy": 0.9395235758848592,
        "accuracy": 0.9584693507435619,
        "log_loss": 0.10183802102910146,
        "roc_auc": 0.9395235758848592,
        "f1": 0.9712564327852391,
        "precision": 0.9588599752168525,
        "recall": 0.9839776195320448
    }
}