{
    "valid_loss": {
        "balanced_accuracy": 0.3325153865609081,
        "accuracy": 0.6162332246569111,
        "log_loss": 1.107422135964234
    }
}