{
    "balanced_accuracy": 0.615694042189598,
    "accuracy": 0.7372143634385201,
    "log_loss": 0.9231304925133689,
    "roc_auc": 0.615694042189598,
    "f1": 0.8301886792452831,
    "precision": 0.77,
    "recall": 0.9005847953216374,
    "inference_time": 0.173600435256958,
    "training_time": 0,
    "dataset": "nomao",
    "model": "mlp/simple_nd",
    "fold": "F3",
    "architecture_name": "A1",
    "fs_method": "random_5",
    "fs_percent": 0.4,
    "fs_n_features": 47
}