{
    "balanced_accuracy": 0.555977229601518,
    "accuracy": 0.7721518987341772
}