{
    "balanced_accuracy": 0.5260416666666666,
    "accuracy": 0.7713567839195979
}