{
    "balanced_accuracy": 0.8466042154566744,
    "accuracy": 0.8454545454545455,
    "log_loss": 0.3122065768183784,
    "roc_auc": 0.8466042154566745,
    "f1": 0.8316831683168316,
    "precision": 0.8076923076923077,
    "recall": 0.8571428571428571,
    "inference_time": 0.0033445358276367188,
    "training_time": 0,
    "dataset": "australian",
    "model": "mlp/simple_nd",
    "fold": "F2",
    "architecture_name": "A0",
    "fs_method": "decision_tree",
    "fs_percent": 0.6,
    "fs_n_features": 8
}