{
    "balanced_accuracy": 0.9766582690712464,
    "accuracy": 0.9765166340508806,
    "log_loss": 0.07522159014229057,
    "roc_auc": 0.9766582690712464,
    "f1": 0.9753086419753086,
    "precision": 0.9713114754098361,
    "recall": 0.9793388429752066,
    "training_time": 0.07070612907409668,
    "inference_time": 0.0009799003601074219
}