{
    "balanced_accuracy": 0.8152105096549541,
    "accuracy": 0.8176100628930818,
    "log_loss": 0.4130377543342176,
    "roc_auc": 0.8152105096549541,
    "f1": 0.8403669724770643,
    "precision": 0.7582781456953642,
    "recall": 0.9423868312757202,
    "training_time": 0.05733180046081543,
    "inference_time": 0.0008313655853271484
}