{
    "valid_loss": {
        "balanced_accuracy": 0.5499404684188481,
        "accuracy": 0.7766699522329213,
        "log_loss": 0.6946882566642122
    }
}