{
    "balanced_accuracy": 0.6584611671719686,
    "accuracy": 0.9671897289586305
}