{
    "balanced_accuracy": 0.8090376701487813,
    "accuracy": 0.8113207547169812,
    "log_loss": 0.42996549302433285,
    "roc_auc": 0.8090376701487813,
    "f1": 0.8339483394833949,
    "precision": 0.7558528428093646,
    "recall": 0.9300411522633745,
    "training_time": 0.07088565826416016,
    "inference_time": 0.0009069442749023438,
    "dataset": "jasmine",
    "model": "xgboost",
    "fold": "F3",
    "architecture_name": "A0",
    "fs_method": "decision_tree",
    "fs_percent": 0.6,
    "fs_n_features": 86
}