{
    "balanced_accuracy": 0.9843005929521644,
    "accuracy": 0.9843444227005871,
    "log_loss": 0.04139820688253963,
    "roc_auc": 0.9843005929521644,
    "f1": 0.9834710743801653,
    "precision": 0.9834710743801653,
    "recall": 0.9834710743801653,
    "training_time": 0.07360529899597168,
    "inference_time": 0.0009114742279052734,
    "dataset": "kr-vs-kp",
    "model": "xgboost",
    "fold": "F1",
    "architecture_name": "A0",
    "fs_method": "random_5",
    "fs_percent": 0.8,
    "fs_n_features": 28
}