{
    "balanced_accuracy": 0.9560453014998469,
    "accuracy": 0.95703125,
    "log_loss": 0.09610272087028787,
    "roc_auc": 0.956045301499847,
    "f1": 0.9537815126050421,
    "precision": 0.9700854700854701,
    "recall": 0.9380165289256198,
    "inference_time": 0.01376962661743164,
    "training_time": 0,
    "dataset": "kr-vs-kp",
    "model": "mlp/simple_nd_nn",
    "fold": "F0",
    "architecture_name": "A1",
    "fs_method": "decision_tree",
    "fs_percent": 0.6,
    "fs_n_features": 21
}