{
    "balanced_accuracy": 0.8077839068382804,
    "accuracy": 0.8096234309623431,
    "log_loss": 0.39984393338065627,
    "roc_auc": 0.8077839068382804,
    "f1": 0.8305400372439479,
    "precision": 0.7585034013605442,
    "recall": 0.9176954732510288,
    "inference_time": 0.09187197685241699,
    "training_time": 47.56159996986389
}