{
    "balanced_accuracy": 0.902732060566162,
    "accuracy": 0.9009009009009009,
    "log_loss": 0.29367568366633934,
    "roc_auc": 0.9027320605661618,
    "f1": 0.8910891089108911,
    "precision": 0.8653846153846154,
    "recall": 0.9183673469387755,
    "training_time": 4.420560836791992,
    "inference_time": 0.0042459964752197266,
    "dataset": "australian",
    "model": "mlp/full",
    "fold": "F1",
    "architecture_name": "A1",
    "fs_method": "decision_tree",
    "fs_percent": 0.9,
    "fs_n_features": 12
}