{
    "balanced_accuracy": 0.6203703703703703,
    "accuracy": 0.6260162601626016
}