{
    "balanced_accuracy": 0.9461181140845403,
    "accuracy": 0.9595574900253899,
    "log_loss": 0.10370362169078277,
    "roc_auc": 0.9461181140845403,
    "f1": 0.9718185264754202,
    "precision": 0.9660804020100503,
    "recall": 0.9776252224764811,
    "inference_time": 0.6889698505401611,
    "training_time": 440.6415649362513
}