{
    "balanced_accuracy": 0.49480178137431496,
    "accuracy": 0.6519083969465649
}