{
    "valid_loss": {
        "balanced_accuracy": 0.8269328430084931,
        "accuracy": 0.8284518828451883,
        "log_loss": 0.3812237514402331,
        "roc_auc": 0.8269328430084932,
        "f1": 0.8446969696969697,
        "precision": 0.7824561403508772,
        "recall": 0.9176954732510288
    }
}