{
  "dropout": 0.48922529321015584,
  "embedding_size": 1024,
  "n_head": 4,
  "n_hid": 256,
  "n_layers": 1,
  "numerical_passthrough": true,
  "optimizer__lr": 0.09570288804393214
}