{
    "balanced_accuracy": 0.4732506496313139,
    "accuracy": 0.5839478648602298
}