{
    "balanced_accuracy": 0.5027898281210048,
    "accuracy": 0.6050420168067226
}