{
    "balanced_accuracy": 0.9340388699516357,
    "accuracy": 0.9341463414634147,
    "log_loss": 0.18230331546456344,
    "roc_auc": 0.9340388699516355,
    "f1": 0.9370629370629371,
    "precision": 0.8993288590604027,
    "recall": 0.9781021897810219,
    "inference_time": 0.018268823623657227,
    "training_time": 0,
    "dataset": "sylvine",
    "model": "mlp/simple_nd",
    "fold": "F2",
    "architecture_name": "A0",
    "fs_method": "random_2",
    "fs_percent": 0.9,
    "fs_n_features": 18
}