{
    "balanced_accuracy": 0.9462212069293736,
    "accuracy": 0.9463414634146341,
    "log_loss": 0.1538645885961627,
    "roc_auc": 0.9462212069293737,
    "f1": 0.9478672985781991,
    "precision": 0.9259259259259259,
    "recall": 0.970873786407767,
    "training_time": 0.1564323902130127,
    "inference_time": 0.0012466907501220703
}