{
    "valid_loss": {
        "balanced_accuracy": 0.7938457912457912,
        "accuracy": 0.8486244401791426,
        "log_loss": 0.3244846525405354,
        "roc_auc": 0.7938457912457912,
        "f1": 0.9002949852507375,
        "precision": 0.9014345991561181,
        "recall": 0.8991582491582492
    }
}