{
    "balanced_accuracy": 0.4287228078661064,
    "accuracy": 0.534556679814783
}