{
    "balanced_accuracy": 0.5630929791271347,
    "accuracy": 0.5822784810126582
}