{
    "balanced_accuracy": 0.6967202273061285,
    "accuracy": 0.7807731434384537
}