{
    "balanced_accuracy": 0.896484375,
    "accuracy": 0.896484375
}