{
    "valid_loss": {
        "balanced_accuracy": 0.801994301994302,
        "accuracy": 0.8050314465408805,
        "log_loss": 0.437982144684939,
        "roc_auc": 0.8019943019943019,
        "f1": 0.8342245989304813,
        "precision": 0.7358490566037735,
        "recall": 0.9629629629629629
    }
}