{
    "balanced_accuracy": 0.5419947492136904,
    "accuracy": 0.622249020198975
}