{
    "balanced_accuracy": 0.809000963138079,
    "accuracy": 0.8117154811715481,
    "log_loss": 0.41334653209461514,
    "roc_auc": 0.809000963138079,
    "f1": 0.8398576512455516,
    "precision": 0.7398119122257053,
    "recall": 0.9711934156378601,
    "inference_time": 0.011930465698242188,
    "training_time": 0,
    "dataset": "jasmine",
    "model": "mlp/simple_nd",
    "fold": "F0",
    "architecture_name": "A0",
    "fs_method": "random_2",
    "fs_percent": 0.7,
    "fs_n_features": 100
}