{
    "balanced_accuracy": 0.75541491290055,
    "accuracy": 0.7573385518590998,
    "log_loss": 0.4993753571111208,
    "roc_auc": 0.75541491290055,
    "f1": 0.7372881355932204,
    "precision": 0.7565217391304347,
    "recall": 0.71900826446281,
    "training_time": 0.07752728462219238,
    "inference_time": 0.0009729862213134766,
    "dataset": "kr-vs-kp",
    "model": "xgboost",
    "fold": "F1",
    "architecture_name": "A2",
    "fs_method": "random_2",
    "fs_percent": 0.6,
    "fs_n_features": 21
}