{
    "balanced_accuracy": 0.9421676940749972,
    "accuracy": 0.9523032281465361,
    "log_loss": 0.12045263509633815,
    "roc_auc": 0.9421676940749972,
    "f1": 0.9665436967306958,
    "precision": 0.9671588594704684,
    "recall": 0.9659293160437326,
    "training_time": 0.6469142436981201,
    "inference_time": 0.008180379867553711,
    "dataset": "nomao",
    "model": "xgboost",
    "fold": "F2",
    "architecture_name": "A1",
    "fs_method": "random_2",
    "fs_percent": 0.4,
    "fs_n_features": 47
}