{
    "balanced_accuracy": 0.43348043044775475,
    "accuracy": 0.5354037267080746
}