{
    "balanced_accuracy": 0.7694630872483221,
    "accuracy": 0.7692307692307693
}