{
    "balanced_accuracy": 0.5361552028218695,
    "accuracy": 0.5555555555555556
}