{
    "balanced_accuracy": 0.7879003367003368,
    "accuracy": 0.8670505438259757,
    "log_loss": 0.2858388428378015,
    "roc_auc": 0.7879003367003367,
    "f1": 0.9148849021053493,
    "precision": 0.891016435295995,
    "recall": 0.94006734006734,
    "training_time": 0.4327976703643799,
    "inference_time": 0.007134437561035156
}