{
    "balanced_accuracy": 0.5770588235294117,
    "accuracy": 0.8222222222222222
}