{
    "valid_loss": {
        "balanced_accuracy": 0.33482959210375407,
        "accuracy": 0.6185692080221405,
        "log_loss": 1.102861775222588
    }
}