{
    "valid_loss": {
        "balanced_accuracy": 0.9465311367842449,
        "accuracy": 0.961189698948132,
        "log_loss": 0.0938680268263938,
        "roc_auc": 0.9465311367842448,
        "f1": 0.9730070635721494,
        "precision": 0.9652152152152152,
        "recall": 0.9809257375381485
    }
}