{
    "valid_loss": {
        "balanced_accuracy": 0.9362553318367282,
        "accuracy": 0.9546608632571636,
        "log_loss": 0.11719232132995502,
        "roc_auc": 0.9362553318367282,
        "f1": 0.9685692733215991,
        "precision": 0.9579706540661527,
        "recall": 0.9794050343249427
    }
}