{
    "balanced_accuracy": 0.7942386831275721,
    "accuracy": 0.7966457023060797,
    "log_loss": 0.4364360747748557,
    "roc_auc": 0.7942386831275721,
    "f1": 0.8220183486238533,
    "precision": 0.7417218543046358,
    "recall": 0.9218106995884774,
    "training_time": 0.07192039489746094,
    "inference_time": 0.0008261203765869141
}