{
    "valid_loss": {
        "balanced_accuracy": 0.5662209984090684,
        "accuracy": 0.6574490889603429,
        "log_loss": 0.9873348746097568
    }
}