{
    "valid_loss": {
        "balanced_accuracy": 0.5324564663425021,
        "accuracy": 0.7704526499355524,
        "log_loss": 0.6942415166173737
    }
}