{
    "valid_loss": {
        "balanced_accuracy": 0.813326328692759,
        "accuracy": 0.8158995815899581,
        "log_loss": 0.4393491614785195,
        "roc_auc": 0.813326328692759,
        "f1": 0.8422939068100358,
        "precision": 0.746031746031746,
        "recall": 0.9670781893004116
    }
}