{
    "balanced_accuracy": 0.9119704451123515,
    "accuracy": 0.9120879120879121,
    "log_loss": 0.233619816085694,
    "roc_auc": 0.9119704451123515,
    "f1": 0.9150943396226415,
    "precision": 0.8878718535469108,
    "recall": 0.9440389294403893,
    "inference_time": 0.015611648559570312,
    "training_time": 0,
    "dataset": "sylvine",
    "model": "mlp/simple_nnw",
    "fold": "F4",
    "architecture_name": "A0",
    "fs_method": "random_3",
    "fs_percent": 0.9,
    "fs_n_features": 18
}