{
    "balanced_accuracy": 0.5687403993855606,
    "accuracy": 0.903179190751445
}