{
    "balanced_accuracy": 0.5205314009661836,
    "accuracy": 0.5365853658536586
}