{
    "balanced_accuracy": 0.7034451178451178,
    "accuracy": 0.8069097888675624,
    "log_loss": 0.4172050794085563,
    "roc_auc": 0.7034451178451178,
    "f1": 0.8766047918881348,
    "precision": 0.8522817618063285,
    "recall": 0.9023569023569024,
    "inference_time": 0.19414806365966797,
    "training_time": 0,
    "dataset": "adult",
    "model": "mlp/simple_nd_nn",
    "fold": "F0",
    "architecture_name": "A1",
    "fs_method": "random_5",
    "fs_percent": 0.5,
    "fs_n_features": 7
}