{
    "balanced_accuracy": 0.6728395061728395,
    "accuracy": 0.6736111111111112
}