{
    "balanced_accuracy": 0.8522053982883475,
    "accuracy": 0.8468468468468469,
    "log_loss": 0.33620873846964794,
    "roc_auc": 0.8522053982883475,
    "f1": 0.8380952380952381,
    "precision": 0.7857142857142857,
    "recall": 0.8979591836734694,
    "inference_time": 0.0040283203125,
    "training_time": 0,
    "dataset": "australian",
    "model": "mlp/simple",
    "fold": "F1",
    "architecture_name": "A1",
    "fs_method": "random_2",
    "fs_percent": 0.9,
    "fs_n_features": 12
}