{
    "balanced_accuracy": 0.9393939393939394,
    "accuracy": 0.8378378378378378
}