{
    "balanced_accuracy": 0.7318959842001316,
    "accuracy": 0.7387387387387387,
    "log_loss": 0.5254018580616971,
    "roc_auc": 0.7318959842001316,
    "f1": 0.6947368421052632,
    "precision": 0.717391304347826,
    "recall": 0.673469387755102,
    "training_time": 0.03280997276306152,
    "inference_time": 0.0005664825439453125,
    "dataset": "australian",
    "model": "xgboost",
    "fold": "F1",
    "architecture_name": "A2",
    "fs_method": "linear_model",
    "fs_percent": 0.4,
    "fs_n_features": 5
}