{
    "balanced_accuracy": 0.7763157894736842,
    "accuracy": 0.8074074074074075
}