{
    "balanced_accuracy": 0.5084444285807768,
    "accuracy": 0.5073170731707317,
    "log_loss": 1.0672396629043779,
    "roc_auc": 0.5084444285807768,
    "f1": 0.08597285067873303,
    "precision": 0.6129032258064516,
    "recall": 0.046228710462287104,
    "inference_time": 0.01901841163635254,
    "training_time": 0,
    "dataset": "sylvine",
    "model": "mlp/simple_nd_nnw",
    "fold": "F2",
    "architecture_name": "A1",
    "fs_method": "random_1",
    "fs_percent": 0.7,
    "fs_n_features": 14
}