{
    "balanced_accuracy": 0.7389663153988144,
    "accuracy": 0.7390625,
    "log_loss": 2.4353641742466947,
    "roc_auc": 0.7389663153988144,
    "f1": 0.7344992050874404,
    "precision": 0.7403846153846154,
    "recall": 0.7287066246056783,
    "inference_time": 0.013968229293823242,
    "training_time": 0,
    "dataset": "kr-vs-kp",
    "model": "mlp/simple_nd",
    "architecture_name": "A0",
    "fs_method": "random_3",
    "fs_percent": 0.5,
    "fs_n_features": 18
}