{
    "valid_loss": {
        "balanced_accuracy": 0.804675597583399,
        "accuracy": 0.8075313807531381,
        "log_loss": 0.41179834012749506,
        "roc_auc": 0.8046755975833989,
        "f1": 0.8374558303886925,
        "precision": 0.7337461300309598,
        "recall": 0.9753086419753086
    }
}