{
    "balanced_accuracy": 0.37562244862388683,
    "accuracy": 0.5302692505573658
}