{
    "balanced_accuracy": 0.8367042793272301,
    "accuracy": 0.8405797101449275,
    "log_loss": 1.3467278568422134,
    "roc_auc": 0.8367042793272301,
    "f1": 0.8166666666666667,
    "precision": 0.8305084745762712,
    "recall": 0.8032786885245902,
    "training_time": 2.42484450340271,
    "inference_time": 0.004288434982299805,
    "dataset": "australian",
    "model": "mlp/full",
    "architecture_name": "A1",
    "fs_method": "decision_tree",
    "fs_percent": 0.8,
    "fs_n_features": 11
}