{
    "balanced_accuracy": 0.56305920426423,
    "accuracy": 0.5621951219512196,
    "log_loss": 1.2803730093221557,
    "roc_auc": 0.56305920426423,
    "f1": 0.46971935007385524,
    "precision": 0.6,
    "recall": 0.3859223300970874,
    "inference_time": 0.10049796104431152,
    "training_time": 52.79298280900524,
    "dataset": "sylvine",
    "model": "transformer/cls",
    "fold": "F0",
    "architecture_name": "A26",
    "fs_method": "random_5",
    "fs_percent": 0.5,
    "fs_n_features": 10
}