{
    "balanced_accuracy": 0.5299688635184224,
    "accuracy": 0.6518518518518519
}