{
    "balanced_accuracy": 0.6597314383032926,
    "accuracy": 0.7519222399535761,
    "log_loss": 0.9182100053682982,
    "roc_auc": 0.6597314383032926,
    "f1": 0.8345588235294118,
    "precision": 0.8018218999814092,
    "recall": 0.8700827113173291,
    "inference_time": 0.1919102668762207,
    "training_time": 0,
    "dataset": "nomao",
    "model": "mlp/simple_nnw",
    "architecture_name": "A1",
    "fs_method": "f_classif",
    "fs_percent": 0.5,
    "fs_n_features": 59
}