{
    "balanced_accuracy": 0.8813984610237537,
    "accuracy": 0.8818181818181818,
    "log_loss": 0.29517295713154235,
    "roc_auc": 0.8813984610237537,
    "f1": 0.8686868686868687,
    "precision": 0.86,
    "recall": 0.8775510204081632,
    "training_time": 1.5395042896270752,
    "inference_time": 0.0030875205993652344,
    "dataset": "australian",
    "model": "mlp/full_nd_nnw",
    "fold": "F2",
    "architecture_name": "A1",
    "fs_method": "none",
    "fs_percent": 1.0,
    "fs_n_features": 14
}