{
    "valid_loss": {
        "balanced_accuracy": 0.7671367794802717,
        "accuracy": 0.8596109546966982,
        "log_loss": 0.3037672215611272,
        "roc_auc": 0.7671367794802715,
        "f1": 0.9109650190731272,
        "precision": 0.8793481667188969,
        "recall": 0.9449402256272099
    }
}