{
    "balanced_accuracy": 0.43764550108979716,
    "accuracy": 0.5391304347826087
}