{
    "balanced_accuracy": 0.7785691674580564,
    "accuracy": 0.7819706498951782,
    "log_loss": 0.46731281325578083,
    "roc_auc": 0.7785691674580564,
    "f1": 0.8175438596491228,
    "precision": 0.7125382262996942,
    "recall": 0.9588477366255144,
    "inference_time": 0.08182573318481445,
    "training_time": 57.32368350028992,
    "dataset": "jasmine",
    "model": "transformer/cls",
    "fold": "F3",
    "architecture_name": "A3",
    "fs_method": "none",
    "fs_percent": 1.0,
    "fs_n_features": 144
}