{
    "valid_loss": {
        "balanced_accuracy": 0.8405821344931415,
        "accuracy": 0.8454545454545455,
        "log_loss": 0.3022660601744025,
        "roc_auc": 0.8405821344931416,
        "f1": 0.8210526315789474,
        "precision": 0.8478260869565217,
        "recall": 0.7959183673469388
    }
}