{
    "balanced_accuracy": 0.8916025426564068,
    "accuracy": 0.8909090909090909,
    "log_loss": 0.2963651809464341,
    "roc_auc": 0.8916025426564069,
    "f1": 0.88,
    "precision": 0.8627450980392157,
    "recall": 0.8979591836734694,
    "inference_time": 0.01967024803161621,
    "training_time": 8.269290566444397,
    "dataset": "australian",
    "model": "transformer/cls",
    "fold": "F2",
    "architecture_name": "A19",
    "fs_method": "decision_tree",
    "fs_percent": 0.8,
    "fs_n_features": 11
}