{
    "balanced_accuracy": 0.4814990512333966,
    "accuracy": 0.25316455696202533
}