{
    "valid_loss": {
        "balanced_accuracy": 0.9385868419364005,
        "accuracy": 0.9544795067101922,
        "log_loss": 0.1185410237739486,
        "roc_auc": 0.9385868419364005,
        "f1": 0.9683360666077961,
        "precision": 0.9609414121181773,
        "recall": 0.9758454106280193
    }
}