{
    "valid_loss": {
        "balanced_accuracy": 0.775,
        "accuracy": 0.9790209790209791,
        "log_loss": 0.02976847480128279
    }
}