{
    "balanced_accuracy": 0.6470107744107745,
    "accuracy": 0.8126679462571977,
    "log_loss": 0.41777235708494986,
    "roc_auc": 0.6470107744107745,
    "f1": 0.8868099582495748,
    "precision": 0.8199885616242494,
    "recall": 0.9654882154882155,
    "inference_time": 0.14997267723083496,
    "training_time": 0,
    "dataset": "adult",
    "model": "mlp/simple_nd_nnw",
    "fold": "F1",
    "architecture_name": "A0",
    "fs_method": "linear_model",
    "fs_percent": 0.6,
    "fs_n_features": 8
}