{
    "valid_loss": {
        "balanced_accuracy": 0.7932255892255893,
        "accuracy": 0.85489443378119,
        "log_loss": 0.3053583093016461,
        "roc_auc": 0.7932255892255893,
        "f1": 0.9052314892194552,
        "precision": 0.8987719880517756,
        "recall": 0.9117845117845118
    }
}