{
    "balanced_accuracy": 0.6493558776167472,
    "accuracy": 0.6585365853658537
}