{
    "valid_loss": {
        "balanced_accuracy": 0.7680767676767677,
        "accuracy": 0.8377479206653871,
        "log_loss": 0.356997857804877,
        "roc_auc": 0.7680767676767677,
        "f1": 0.894192256341789,
        "precision": 0.886499007279947,
        "recall": 0.902020202020202
    }
}