{
    "balanced_accuracy": 0.7461221905666351,
    "accuracy": 0.7484276729559748,
    "log_loss": 0.5100738559605039,
    "roc_auc": 0.7461221905666351,
    "f1": 0.7785977859778598,
    "precision": 0.705685618729097,
    "recall": 0.8683127572016461,
    "inference_time": 0.009922266006469727,
    "training_time": 0,
    "dataset": "jasmine",
    "model": "mlp/simple_nd_nn",
    "fold": "F3",
    "architecture_name": "A0",
    "fs_method": "random_3",
    "fs_percent": 0.5,
    "fs_n_features": 72
}