{
    "valid_loss": {
        "balanced_accuracy": 0.5351235162183121,
        "accuracy": 0.7749639851391311,
        "log_loss": 0.6786014194978749
    }
}