{
    "balanced_accuracy": 0.9468085106382979,
    "accuracy": 0.9253731343283582
}