{
    "valid_loss": {
        "balanced_accuracy": 0.7869481481481482,
        "accuracy": 0.8611644273832374,
        "log_loss": 0.30279811323212613,
        "roc_auc": 0.7869481481481482,
        "f1": 0.9105449748536565,
        "precision": 0.8922281467119082,
        "recall": 0.9296296296296296
    }
}