{
    "balanced_accuracy": 0.7852168407723963,
    "accuracy": 0.7882599580712788,
    "log_loss": 0.4305024631925012,
    "roc_auc": 0.7852168407723963,
    "f1": 0.8199643493761141,
    "precision": 0.7232704402515723,
    "recall": 0.9465020576131687,
    "inference_time": 0.012100934982299805,
    "training_time": 0,
    "dataset": "jasmine",
    "model": "mlp/simple_nd",
    "fold": "F2",
    "architecture_name": "A0",
    "fs_method": "random_2",
    "fs_percent": 0.9,
    "fs_n_features": 129
}