{
    "balanced_accuracy": 0.522162064715948,
    "accuracy": 0.16466083150984684
}