{
    "balanced_accuracy": 0.5646385209713024,
    "accuracy": 0.7814070351758794
}