{
    "valid_loss": {
        "balanced_accuracy": 0.33295907256210694,
        "accuracy": 0.6184175607536869,
        "log_loss": 1.1039020058381552
    }
}