{
    "valid_loss": {
        "balanced_accuracy": 0.9325723890333761,
        "accuracy": 0.9544877606527652,
        "log_loss": 0.12219878246329136,
        "roc_auc": 0.9325723890333761,
        "f1": 0.9685896633712927,
        "precision": 0.9536717594874322,
        "recall": 0.9839816933638444
    }
}