{
    "balanced_accuracy": 0.6387921022067364,
    "accuracy": 0.6413793103448275
}