{
    "balanced_accuracy": 0.9077399086062452,
    "accuracy": 0.9073170731707317,
    "log_loss": 0.23742049443071037,
    "roc_auc": 0.9077399086062452,
    "f1": 0.9087415946205571,
    "precision": 0.8824626865671642,
    "recall": 0.9366336633663367,
    "inference_time": 0.024457931518554688,
    "training_time": 0,
    "dataset": "sylvine",
    "model": "mlp/simple_nd_nnw",
    "architecture_name": "A1",
    "fs_method": "random_2",
    "fs_percent": 0.9,
    "fs_n_features": 18
}