{
    "balanced_accuracy": 0.7835119584837545,
    "accuracy": 0.7705192629815746,
    "log_loss": 0.8767119230684173,
    "roc_auc": 0.7835119584837544,
    "f1": 0.7958271236959762,
    "precision": 0.6776649746192893,
    "recall": 0.9638989169675091,
    "inference_time": 0.013143777847290039,
    "training_time": 0,
    "dataset": "jasmine",
    "model": "mlp/simple",
    "architecture_name": "A0",
    "fs_method": "f_classif",
    "fs_percent": 0.5,
    "fs_n_features": 72
}