{
    "balanced_accuracy": 0.5336825574708406,
    "accuracy": 0.762080262080262
}