{
    "balanced_accuracy": 0.9553826538449722,
    "accuracy": 0.9549902152641878,
    "log_loss": 0.12507945283380684,
    "roc_auc": 0.9553826538449722,
    "f1": 0.9529652351738241,
    "precision": 0.9433198380566802,
    "recall": 0.9628099173553719,
    "inference_time": 0.012778759002685547,
    "training_time": 0,
    "dataset": "kr-vs-kp",
    "model": "mlp/simple_nnw",
    "fold": "F1",
    "architecture_name": "A1",
    "fs_method": "random_1",
    "fs_percent": 0.8,
    "fs_n_features": 28
}