{
    "valid_loss": {
        "balanced_accuracy": 0.5647451039104978,
        "accuracy": 0.7920236560770338,
        "log_loss": 0.6431777474303325
    }
}