{
    "valid_loss": {
        "balanced_accuracy": 0.5903339814309165,
        "accuracy": 0.6755627009646302,
        "log_loss": 0.9449524556668158
    }
}