{
    "valid_loss": {
        "balanced_accuracy": 0.3338064429915418,
        "accuracy": 0.618038442582553,
        "log_loss": 1.1033482775892005
    }
}