{
    "balanced_accuracy": 0.36362637509581763,
    "accuracy": 0.5175784599554107
}