{
    "balanced_accuracy": 0.9132624227389812,
    "accuracy": 0.9134146341463415,
    "log_loss": 0.2238989575074224,
    "roc_auc": 0.9132624227389813,
    "f1": 0.9186712485681557,
    "precision": 0.8679653679653679,
    "recall": 0.975669099756691,
    "training_time": 9.630977869033813,
    "inference_time": 0.01709771156311035,
    "dataset": "sylvine",
    "model": "mlp/full",
    "fold": "F3",
    "architecture_name": "A0",
    "fs_method": "linear_model",
    "fs_percent": 0.5,
    "fs_n_features": 10
}