{
    "valid_loss": {
        "balanced_accuracy": 0.5558250434856199,
        "accuracy": 0.778253781703757,
        "log_loss": 0.6849922899734363
    }
}