{
    "balanced_accuracy": 0.9696380841193277,
    "accuracy": 0.9686888454011742,
    "log_loss": 0.0625981304896952,
    "roc_auc": 0.9696380841193277,
    "f1": 0.9676113360323887,
    "precision": 0.9484126984126984,
    "recall": 0.987603305785124,
    "training_time": 0.10244941711425781,
    "inference_time": 0.0012502670288085938
}