{
    "balanced_accuracy": 0.7728969696969697,
    "accuracy": 0.8595009596928983,
    "log_loss": 0.2979931956691789,
    "roc_auc": 0.7728969696969697,
    "f1": 0.9104258443465492,
    "precision": 0.8831908831908832,
    "recall": 0.9393939393939394,
    "training_time": 0.37883520126342773,
    "inference_time": 0.00770878791809082,
    "dataset": "adult",
    "model": "xgboost",
    "fold": "F2",
    "architecture_name": "A2",
    "fs_method": "random_2",
    "fs_percent": 0.8,
    "fs_n_features": 11
}