{
    "balanced_accuracy": 0.8486115757778521,
    "accuracy": 0.8454545454545455,
    "log_loss": 0.3995431966112765,
    "roc_auc": 0.8486115757778521,
    "f1": 0.8349514563106796,
    "precision": 0.7962962962962963,
    "recall": 0.8775510204081632,
    "inference_time": 0.0026671886444091797,
    "training_time": 0,
    "dataset": "australian",
    "model": "mlp/simple_nnw",
    "fold": "F4",
    "architecture_name": "A0",
    "fs_method": "random_4",
    "fs_percent": 0.7,
    "fs_n_features": 9
}