{
    "balanced_accuracy": 0.8925279789335089,
    "accuracy": 0.8918918918918919,
    "log_loss": 0.2976529386223878,
    "roc_auc": 0.8925279789335089,
    "f1": 0.88,
    "precision": 0.8627450980392157,
    "recall": 0.8979591836734694,
    "training_time": 0.03971672058105469,
    "inference_time": 0.0005977153778076172,
    "dataset": "australian",
    "model": "xgboost",
    "fold": "F1",
    "architecture_name": "A2",
    "fs_method": "random_2",
    "fs_percent": 0.7,
    "fs_n_features": 9
}