{
    "valid_loss": {
        "balanced_accuracy": 0.9432780863138789,
        "accuracy": 0.9590134203844759,
        "log_loss": 0.10320038507035972,
        "roc_auc": 0.9432780863138788,
        "f1": 0.9715221774193549,
        "precision": 0.9630277292030976,
        "recall": 0.9801678108314263
    }
}