{
    "balanced_accuracy": 0.5393617021276595,
    "accuracy": 0.7164179104477612
}