{
    "balanced_accuracy": 0.7223105730262146,
    "accuracy": 0.8726899383983573
}