{
    "valid_loss": {
        "balanced_accuracy": 0.3349898383149194,
        "accuracy": 0.6184320266889074,
        "log_loss": 1.1086785923375444
    }
}