{
    "balanced_accuracy": 0.7012727272727273,
    "accuracy": 0.8330134357005758,
    "log_loss": 0.3591510053840026,
    "roc_auc": 0.7012727272727273,
    "f1": 0.896797153024911,
    "precision": 0.8456375838926175,
    "recall": 0.9545454545454546,
    "inference_time": 0.1935129165649414,
    "training_time": 0,
    "dataset": "adult",
    "model": "mlp/simple_nd_nn",
    "fold": "F2",
    "architecture_name": "A1",
    "fs_method": "linear_model",
    "fs_percent": 0.9,
    "fs_n_features": 12
}