{
    "balanced_accuracy": 0.977073028357246,
    "accuracy": 0.9765166340508806,
    "log_loss": 0.05088772658805008,
    "roc_auc": 0.977073028357246,
    "f1": 0.9755102040816327,
    "precision": 0.9637096774193549,
    "recall": 0.987603305785124,
    "training_time": 0.10718750953674316,
    "inference_time": 0.0014140605926513672
}