{
    "balanced_accuracy": 0.4946917541578224,
    "accuracy": 0.5843881856540084
}