{
    "balanced_accuracy": 0.43338235535896114,
    "accuracy": 0.5562255049743744
}