{
    "valid_loss": {
        "balanced_accuracy": 0.9462638088269413,
        "accuracy": 0.9463414634146341,
        "log_loss": 0.1687004942507834,
        "roc_auc": 0.9462638088269413,
        "f1": 0.9481132075471698,
        "precision": 0.919908466819222,
        "recall": 0.9781021897810219
    }
}