{
    "balanced_accuracy": 0.9057882711348058,
    "accuracy": 0.9053658536585366,
    "log_loss": 0.22742806468427307,
    "roc_auc": 0.9057882711348058,
    "f1": 0.9068203650336215,
    "precision": 0.8805970149253731,
    "recall": 0.9346534653465347,
    "inference_time": 0.020076990127563477,
    "training_time": 0,
    "dataset": "sylvine",
    "model": "mlp/simple_nd_nn",
    "architecture_name": "A0",
    "fs_method": "random_2",
    "fs_percent": 0.8,
    "fs_n_features": 16
}