{
    "balanced_accuracy": 0.6283030303030303,
    "accuracy": 0.8011516314779271,
    "log_loss": 0.4459485616988921,
    "roc_auc": 0.6283030303030303,
    "f1": 0.8801480795927811,
    "precision": 0.8121263877028181,
    "recall": 0.9606060606060606,
    "inference_time": 0.16914916038513184,
    "training_time": 0,
    "dataset": "adult",
    "model": "mlp/simple",
    "fold": "F2",
    "architecture_name": "A0",
    "fs_method": "linear_model",
    "fs_percent": 0.5,
    "fs_n_features": 7
}