{
    "balanced_accuracy": 0.9805831208332054,
    "accuracy": 0.9804305283757339,
    "log_loss": 0.0431493664070484,
    "roc_auc": 0.9805831208332053,
    "f1": 0.9794238683127572,
    "precision": 0.9754098360655737,
    "recall": 0.9834710743801653,
    "training_time": 0.08502674102783203,
    "inference_time": 0.001135110855102539
}