{
    "balanced_accuracy": 0.7757726994133614,
    "accuracy": 0.7761506276150628,
    "log_loss": 0.4462846523737379,
    "roc_auc": 0.7757726994133614,
    "f1": 0.7838383838383839,
    "precision": 0.7698412698412699,
    "recall": 0.7983539094650206,
    "inference_time": 0.011591911315917969,
    "training_time": 0,
    "dataset": "jasmine",
    "model": "mlp/simple_nd_nnw",
    "fold": "F0",
    "architecture_name": "A1",
    "fs_method": "decision_tree",
    "fs_percent": 0.6,
    "fs_n_features": 86
}