{
    "balanced_accuracy": 0.885894876912841,
    "accuracy": 0.890625
}