{
    "valid_loss": {
        "balanced_accuracy": 0.7894787878787879,
        "accuracy": 0.8516954574536149,
        "log_loss": 0.318981914860046,
        "roc_auc": 0.7894787878787879,
        "f1": 0.9030855422694205,
        "precision": 0.8971589965110484,
        "recall": 0.9090909090909091
    }
}