{
    "balanced_accuracy": 0.6669323092535613,
    "accuracy": 0.8184051591769884,
    "log_loss": 0.3660865275538344,
    "roc_auc": 0.6669323092535613,
    "f1": 0.8891942535915053,
    "precision": 0.8322226119490237,
    "recall": 0.9545393589915515,
    "inference_time": 0.18090176582336426,
    "training_time": 0,
    "dataset": "adult",
    "model": "mlp/simple_nnw",
    "architecture_name": "A0",
    "fs_method": "random_3",
    "fs_percent": 0.7,
    "fs_n_features": 9
}