{
    "balanced_accuracy": 0.5906040268456376,
    "accuracy": 0.5906040268456376
}