{
    "balanced_accuracy": 0.6984950700570836,
    "accuracy": 0.7333333333333333
}