{
    "balanced_accuracy": 0.7796991188191054,
    "accuracy": 0.8617865369848989,
    "log_loss": 0.30042057377761583,
    "roc_auc": 0.7796991188191054,
    "f1": 0.9115913555992141,
    "precision": 0.8870479528437152,
    "recall": 0.937531570971544,
    "inference_time": 0.7181744575500488,
    "training_time": 278.63276767730713,
    "dataset": "adult",
    "model": "transformer/cls",
    "fold": "F3",
    "architecture_name": "A13",
    "fs_method": "none",
    "fs_percent": 1.0,
    "fs_n_features": 14
}