{
    "balanced_accuracy": 0.6056990699557586,
    "accuracy": 0.3052516411378556
}