{
    "balanced_accuracy": 0.3529411764705882,
    "accuracy": 0.6888888888888889
}