{
    "balanced_accuracy": 0.9884328243571231,
    "accuracy": 0.9882583170254403,
    "log_loss": 0.028573531289680362,
    "roc_auc": 0.9884328243571231,
    "f1": 0.9876543209876543,
    "precision": 0.9836065573770492,
    "recall": 0.9917355371900827,
    "training_time": 0.09485864639282227,
    "inference_time": 0.001924276351928711
}