{
    "balanced_accuracy": 0.786483064260842,
    "accuracy": 0.7882599580712788,
    "log_loss": 0.44167604628342444,
    "roc_auc": 0.786483064260842,
    "f1": 0.8090737240075614,
    "precision": 0.7482517482517482,
    "recall": 0.8806584362139918,
    "training_time": 0.1327991485595703,
    "inference_time": 0.0011544227600097656,
    "dataset": "jasmine",
    "model": "xgboost",
    "fold": "F4",
    "architecture_name": "A3",
    "fs_method": "random_5",
    "fs_percent": 0.7,
    "fs_n_features": 100
}