{
    "balanced_accuracy": 0.9148300446135,
    "accuracy": 0.9343489299963729,
    "log_loss": 0.17450005903577512,
    "roc_auc": 0.9148300446135,
    "f1": 0.9542813841879263,
    "precision": 0.9480552070263488,
    "recall": 0.9605898804983474,
    "inference_time": 0.6698768138885498,
    "training_time": 419.0826721191406
}