{
    "valid_loss": {
        "balanced_accuracy": 0.5678646538720125,
        "accuracy": 0.7903935097429676,
        "log_loss": 0.6347859918560917
    }
}