{
    "balanced_accuracy": 0.8516614391629047,
    "accuracy": 0.8795792528110264,
    "log_loss": 0.37518516458520823,
    "roc_auc": 0.8516614391629046,
    "f1": 0.9157146483879157,
    "precision": 0.9143219264892268,
    "recall": 0.9171116196287821,
    "inference_time": 0.5708348751068115,
    "training_time": 415.6724113102617,
    "dataset": "nomao",
    "model": "transformer/cls",
    "fold": "F3",
    "architecture_name": "A28",
    "fs_method": "f_classif",
    "fs_percent": 0.6,
    "fs_n_features": 70
}