{
    "balanced_accuracy": 0.6880987864594422,
    "accuracy": 0.6956521739130435,
    "log_loss": 0.5429365843887344,
    "roc_auc": 0.6880987864594422,
    "f1": 0.6440677966101694,
    "precision": 0.6666666666666666,
    "recall": 0.6229508196721312,
    "inference_time": 0.003943443298339844,
    "training_time": 0,
    "dataset": "australian",
    "model": "mlp/simple_nd_nnw",
    "architecture_name": "A1",
    "fs_method": "linear_model",
    "fs_percent": 0.6,
    "fs_n_features": 8
}