{
    "balanced_accuracy": 0.6745797979797981,
    "accuracy": 0.8157389635316699,
    "log_loss": 0.41980949593063466,
    "roc_auc": 0.6745797979797981,
    "f1": 0.8864174159962139,
    "precision": 0.833926981300089,
    "recall": 0.945959595959596,
    "inference_time": 0.14642071723937988,
    "training_time": 0,
    "dataset": "adult",
    "model": "mlp/simple_nnw",
    "fold": "F0",
    "architecture_name": "A0",
    "fs_method": "random_3",
    "fs_percent": 0.6,
    "fs_n_features": 8
}