{
    "balanced_accuracy": 0.9686011859043289,
    "accuracy": 0.9686888454011742,
    "log_loss": 0.12412262485722228,
    "roc_auc": 0.9686011859043289,
    "f1": 0.9669421487603306,
    "precision": 0.9669421487603306,
    "recall": 0.9669421487603306,
    "inference_time": 0.011412858963012695,
    "training_time": 0,
    "dataset": "kr-vs-kp",
    "model": "mlp/simple_nd",
    "fold": "F2",
    "architecture_name": "A0",
    "fs_method": "linear_model",
    "fs_percent": 0.6,
    "fs_n_features": 21
}