{
    "valid_loss": {
        "balanced_accuracy": 0.7839506172839505,
        "accuracy": 0.7861635220125787,
        "log_loss": 0.45087128577935254,
        "roc_auc": 0.7839506172839508,
        "f1": 0.8111111111111111,
        "precision": 0.7373737373737373,
        "recall": 0.9012345679012346
    }
}