{
    "balanced_accuracy": 0.976692287408073,
    "accuracy": 0.9765625,
    "log_loss": 0.07151979360369624,
    "roc_auc": 0.976692287408073,
    "f1": 0.9766718506998445,
    "precision": 0.9631901840490797,
    "recall": 0.9905362776025236,
    "inference_time": 0.01538228988647461,
    "training_time": 0,
    "dataset": "kr-vs-kp",
    "model": "mlp/simple_nd_nn",
    "architecture_name": "A1",
    "fs_method": "none",
    "fs_percent": 1.0,
    "fs_n_features": 36
}