{
    "valid_loss": {
        "balanced_accuracy": 0.7875872053872054,
        "accuracy": 0.8429942418426104,
        "log_loss": 0.3461926655391582,
        "roc_auc": 0.7875872053872054,
        "f1": 0.8964469575491603,
        "precision": 0.8987984430529701,
        "recall": 0.8941077441077441
    }
}