{
    "balanced_accuracy": 0.7081320450885669,
    "accuracy": 0.7154471544715447
}