{
    "valid_loss": {
        "balanced_accuracy": 0.9375805066552169,
        "accuracy": 0.9377289377289377,
        "log_loss": 0.16200243885985013,
        "roc_auc": 0.9375805066552167,
        "f1": 0.9403508771929825,
        "precision": 0.9054054054054054,
        "recall": 0.9781021897810219
    }
}