{
    "balanced_accuracy": 0.698051948051948,
    "accuracy": 0.703125
}