{
    "balanced_accuracy": 0.6652303257069251,
    "accuracy": 0.7353689567430025
}