{
    "balanced_accuracy": 0.9737708091366628,
    "accuracy": 0.9724137931034482
}