{
    "balanced_accuracy": 0.6647472862996016,
    "accuracy": 0.7672126951625288,
    "log_loss": 0.4244942881705567,
    "roc_auc": 0.6647472862996016,
    "f1": 0.8491082538365823,
    "precision": 0.8368214519293656,
    "recall": 0.8617612392658697,
    "inference_time": 0.14668774604797363,
    "training_time": 0,
    "dataset": "adult",
    "model": "mlp/simple_nnw",
    "fold": "F4",
    "architecture_name": "A0",
    "fs_method": "random_5",
    "fs_percent": 0.5,
    "fs_n_features": 7
}