{
    "balanced_accuracy": 0.7277925925925925,
    "accuracy": 0.8269993602047345,
    "log_loss": 0.3728689442647041,
    "roc_auc": 0.7277925925925925,
    "f1": 0.8897586431833007,
    "precision": 0.8627450980392157,
    "recall": 0.9185185185185185,
    "inference_time": 0.17316961288452148,
    "training_time": 0,
    "dataset": "adult",
    "model": "mlp/simple_nd",
    "fold": "F2",
    "architecture_name": "A0",
    "fs_method": "decision_tree",
    "fs_percent": 0.5,
    "fs_n_features": 7
}