{
    "valid_loss": {
        "balanced_accuracy": 0.6115267677076371,
        "accuracy": 0.6775645835566513,
        "log_loss": 0.9296860949033056
    }
}