{
    "valid_loss": {
        "balanced_accuracy": 0.9366398561097626,
        "accuracy": 0.9557490025389916,
        "log_loss": 0.11525280018299418,
        "roc_auc": 0.9366398561097626,
        "f1": 0.9693621295831241,
        "precision": 0.9575787645745473,
        "recall": 0.9814391050088991
    }
}