{
    "balanced_accuracy": 0.6084587441619097,
    "accuracy": 0.7037037037037037
}