{
    "balanced_accuracy": 0.8057841836327582,
    "accuracy": 0.7888402625820569
}