{
    "valid_loss": {
        "balanced_accuracy": 0.5465312032972455,
        "accuracy": 0.7772765183107134,
        "log_loss": 0.6727858395027118
    }
}