{
    "valid_loss": {
        "balanced_accuracy": 0.940181083766114,
        "accuracy": 0.9402439024390243,
        "log_loss": 0.1732059784398111,
        "roc_auc": 0.9401810837661141,
        "f1": 0.9418742586002372,
        "precision": 0.9189814814814815,
        "recall": 0.9659367396593674
    }
}