{
    "valid_loss": {
        "balanced_accuracy": 0.9490037457373073,
        "accuracy": 0.9633726201269266,
        "log_loss": 0.11158316789583271,
        "roc_auc": 0.9490037457373073,
        "f1": 0.9745335350479072,
        "precision": 0.9664916229057264,
        "recall": 0.9827103991863717
    }
}