{
    "balanced_accuracy": 0.6437019969278034,
    "accuracy": 0.9205202312138728
}