{
    "balanced_accuracy": 0.469683021584431,
    "accuracy": 0.6412213740458015
}