{
    "balanced_accuracy": 0.8073636284038175,
    "accuracy": 0.8096234309623431,
    "log_loss": 0.4045384636433532,
    "roc_auc": 0.8073636284038177,
    "f1": 0.8342440801457195,
    "precision": 0.7483660130718954,
    "recall": 0.9423868312757202,
    "training_time": 0.049893856048583984,
    "inference_time": 0.0006928443908691406,
    "dataset": "jasmine",
    "model": "xgboost",
    "fold": "F1",
    "architecture_name": "A0",
    "fs_method": "random_5",
    "fs_percent": 0.6,
    "fs_n_features": 86
}