{
    "balanced_accuracy": 0.7337055983718417,
    "accuracy": 0.8335551233493704,
    "log_loss": 0.3574581261813674,
    "roc_auc": 0.7337055983718417,
    "f1": 0.8943881527669525,
    "precision": 0.867237687366167,
    "recall": 0.9232935496848599,
    "inference_time": 0.18661904335021973,
    "training_time": 0,
    "dataset": "adult",
    "model": "mlp/simple_nd_nnw",
    "architecture_name": "A0",
    "fs_method": "random_1",
    "fs_percent": 0.9,
    "fs_n_features": 12
}