{
    "valid_loss": {
        "balanced_accuracy": 0.3331489237084713,
        "accuracy": 0.6185078474486314,
        "log_loss": 1.103971958877732
    }
}