{
    "valid_loss": {
        "balanced_accuracy": 0.9417821197858054,
        "accuracy": 0.9568449682683591,
        "log_loss": 0.11679019570220892,
        "roc_auc": 0.9417821197858053,
        "f1": 0.9699646643109541,
        "precision": 0.9629165622650965,
        "recall": 0.977116704805492
    }
}