{
    "balanced_accuracy": 0.9262087912087912,
    "accuracy": 0.9274310595065312
}