{
    "balanced_accuracy": 0.9225913937547601,
    "accuracy": 0.9219512195121952,
    "log_loss": 0.21999001481271746,
    "roc_auc": 0.9225913937547601,
    "f1": 0.9242424242424242,
    "precision": 0.8856624319419237,
    "recall": 0.9663366336633663,
    "inference_time": 0.020275354385375977,
    "training_time": 0,
    "dataset": "sylvine",
    "model": "mlp/simple_nnw",
    "architecture_name": "A0",
    "fs_method": "random_4",
    "fs_percent": 0.5,
    "fs_n_features": 10
}