{
    "balanced_accuracy": 0.8178368121442126,
    "accuracy": 0.8998849252013809
}