{
    "balanced_accuracy": 0.757201646090535,
    "accuracy": 0.7589098532494759,
    "log_loss": 0.5081199266015913,
    "roc_auc": 0.757201646090535,
    "f1": 0.7817836812144212,
    "precision": 0.7253521126760564,
    "recall": 0.8477366255144033,
    "inference_time": 0.011638402938842773,
    "training_time": 0,
    "dataset": "jasmine",
    "model": "mlp/simple",
    "fold": "F3",
    "architecture_name": "A0",
    "fs_method": "decision_tree",
    "fs_percent": 0.5,
    "fs_n_features": 72
}