{
    "balanced_accuracy": 0.9960751482380411,
    "accuracy": 0.9960861056751468,
    "log_loss": 0.020407422076904026,
    "roc_auc": 0.9960751482380412,
    "f1": 0.9958677685950413,
    "precision": 0.9958677685950413,
    "recall": 0.9958677685950413,
    "inference_time": 0.04118967056274414,
    "training_time": 20.97317771478133
}