{
    "balanced_accuracy": 0.5520497198302377,
    "accuracy": 0.6755725190839694
}