{
    "balanced_accuracy": 0.7879782856142195,
    "accuracy": 0.7887029288702929,
    "log_loss": 0.48764321906112595,
    "roc_auc": 0.7879782856142195,
    "f1": 0.8,
    "precision": 0.7709923664122137,
    "recall": 0.831275720164609,
    "inference_time": 0.011462926864624023,
    "training_time": 0,
    "dataset": "jasmine",
    "model": "mlp/simple_nnw",
    "fold": "F1",
    "architecture_name": "A1",
    "fs_method": "random_4",
    "fs_percent": 0.6,
    "fs_n_features": 86
}