{
    "balanced_accuracy": 0.5672599337748344,
    "accuracy": 0.7638190954773869
}