{
    "balanced_accuracy": 0.5206255935422602,
    "accuracy": 0.8670678336980306
}