{
    "balanced_accuracy": 0.8687830687830688,
    "accuracy": 0.8709677419354839
}