{
    "balanced_accuracy": 0.7598984327116715,
    "accuracy": 0.7615062761506276,
    "log_loss": 0.4586084053138533,
    "roc_auc": 0.7598984327116716,
    "f1": 0.7849056603773585,
    "precision": 0.7247386759581882,
    "recall": 0.8559670781893004,
    "training_time": 0.0678400993347168,
    "inference_time": 0.0008285045623779297,
    "dataset": "jasmine",
    "model": "xgboost",
    "fold": "F0",
    "architecture_name": "A2",
    "fs_method": "random_1",
    "fs_percent": 0.4,
    "fs_n_features": 57
}