{
    "balanced_accuracy": 0.9526846915460776,
    "accuracy": 0.9521951219512195,
    "log_loss": 0.1383988350432731,
    "roc_auc": 0.9526846915460776,
    "f1": 0.9531100478468899,
    "precision": 0.9222222222222223,
    "recall": 0.9861386138613861,
    "training_time": 0.08118152618408203,
    "inference_time": 0.0009424686431884766,
    "dataset": "sylvine",
    "model": "xgboost",
    "architecture_name": "A1",
    "fs_method": "f_classif",
    "fs_percent": 0.8,
    "fs_n_features": 16
}