{
    "valid_loss": {
        "balanced_accuracy": 0.9485889015800495,
        "accuracy": 0.948780487804878,
        "log_loss": 0.15735114458823635,
        "roc_auc": 0.9485889015800495,
        "f1": 0.9509345794392523,
        "precision": 0.9166666666666666,
        "recall": 0.9878640776699029
    }
}