{
    "balanced_accuracy": 0.9555102486239968,
    "accuracy": 0.9664551223934723,
    "log_loss": 0.09611472270580218,
    "roc_auc": 0.9555102486239968,
    "f1": 0.9765911679109199,
    "precision": 0.9720403022670026,
    "recall": 0.9811848461734045,
    "training_time": 1.2415685653686523,
    "inference_time": 0.008103370666503906,
    "dataset": "nomao",
    "model": "xgboost",
    "fold": "F1",
    "architecture_name": "A3",
    "fs_method": "random_3",
    "fs_percent": 0.5,
    "fs_n_features": 59
}