{
    "balanced_accuracy": 0.919636547973824,
    "accuracy": 0.9217221135029354,
    "log_loss": 0.2705870144927488,
    "roc_auc": 0.919636547973824,
    "f1": 0.9141630901287554,
    "precision": 0.9508928571428571,
    "recall": 0.8801652892561983,
    "inference_time": 0.0624547004699707,
    "training_time": 73.7256179397756
}