{
    "valid_loss": {
        "balanced_accuracy": 0.9366228512155084,
        "accuracy": 0.957570262919311,
        "log_loss": 0.11309723291599295,
        "roc_auc": 0.9366228512155084,
        "f1": 0.9707060590886329,
        "precision": 0.9561035758323058,
        "recall": 0.9857615052123061
    }
}