{
    "balanced_accuracy": 0.490234375,
    "accuracy": 0.490234375
}