{
    "balanced_accuracy": 0.7395111111111111,
    "accuracy": 0.8345489443378119,
    "log_loss": 0.35619660302724465,
    "roc_auc": 0.7395111111111111,
    "f1": 0.8944403624785697,
    "precision": 0.8682834046600095,
    "recall": 0.9222222222222223,
    "training_time": 0.3370187282562256,
    "inference_time": 0.005818367004394531,
    "dataset": "adult",
    "model": "xgboost",
    "fold": "F2",
    "architecture_name": "A2",
    "fs_method": "decision_tree",
    "fs_percent": 0.6,
    "fs_n_features": 8
}