{
    "balanced_accuracy": 0.8556690312255903,
    "accuracy": 0.907689517591585,
    "log_loss": 0.22956631149694162,
    "roc_auc": 0.8556690312255902,
    "f1": 0.937919258446152,
    "precision": 0.9013127051101735,
    "recall": 0.9776252224764811,
    "inference_time": 0.4314894676208496,
    "training_time": 415.6724113102617,
    "dataset": "nomao",
    "model": "transformer/cls",
    "fold": "F3",
    "architecture_name": "A28",
    "fs_method": "random_2",
    "fs_percent": 0.4,
    "fs_n_features": 47
}