{
    "balanced_accuracy": 0.9530137391439437,
    "accuracy": 0.9637286906057309,
    "log_loss": 0.09763400370180289,
    "roc_auc": 0.9530137391439438,
    "f1": 0.9746643020015201,
    "precision": 0.971219389043171,
    "recall": 0.9781337401474701,
    "training_time": 0.7730965614318848,
    "inference_time": 0.008250951766967773,
    "dataset": "nomao",
    "model": "xgboost",
    "fold": "F3",
    "architecture_name": "A2",
    "fs_method": "random_3",
    "fs_percent": 0.4,
    "fs_n_features": 47
}