{
    "valid_loss": {
        "balanced_accuracy": 0.7840713804713805,
        "accuracy": 0.8587332053742802,
        "log_loss": 0.30296334347531223,
        "roc_auc": 0.7840713804713806,
        "f1": 0.908940943582976,
        "precision": 0.8910090556274256,
        "recall": 0.9276094276094277
    }
}