{
    "balanced_accuracy": 0.6389943074003795,
    "accuracy": 0.8354430379746836
}