{
    "balanced_accuracy": 0.4524959742351047,
    "accuracy": 0.4715447154471545
}