{
    "balanced_accuracy": 0.916952217780316,
    "accuracy": 0.9170731707317074,
    "log_loss": 0.23246698623596931,
    "roc_auc": 0.916952217780316,
    "f1": 0.919431279620853,
    "precision": 0.8981481481481481,
    "recall": 0.941747572815534,
    "inference_time": 0.016687870025634766,
    "training_time": 0,
    "dataset": "sylvine",
    "model": "mlp/simple_nnw",
    "fold": "F1",
    "architecture_name": "A0",
    "fs_method": "random_2",
    "fs_percent": 0.8,
    "fs_n_features": 16
}