{
    "balanced_accuracy": 0.3972664049616502,
    "accuracy": 0.6042780748663101
}