{
    "balanced_accuracy": 0.7344805971824662,
    "accuracy": 0.8296647043767597,
    "log_loss": 0.36514508818098046,
    "roc_auc": 0.7344805971824662,
    "f1": 0.8911603565295608,
    "precision": 0.8662957074721781,
    "recall": 0.9174945276982657,
    "training_time": 0.32846832275390625,
    "inference_time": 0.004711151123046875,
    "dataset": "adult",
    "model": "xgboost",
    "fold": "F4",
    "architecture_name": "A2",
    "fs_method": "random_4",
    "fs_percent": 0.5,
    "fs_n_features": 7
}