{
    "balanced_accuracy": 0.5769796969882843,
    "accuracy": 0.6666666666666666
}