{
    "balanced_accuracy": 0.5038402457757296,
    "accuracy": 0.10982658959537572
}