{
    "balanced_accuracy": 0.8541666666666667,
    "accuracy": 0.9296482412060302
}