{
    "balanced_accuracy": 0.9107102056359482,
    "accuracy": 0.9102439024390244,
    "log_loss": 0.22847794335224714,
    "roc_auc": 0.9107102056359482,
    "f1": 0.9118773946360154,
    "precision": 0.8831168831168831,
    "recall": 0.9425742574257425,
    "inference_time": 0.020716190338134766,
    "training_time": 0,
    "dataset": "sylvine",
    "model": "mlp/simple_nd_nn",
    "architecture_name": "A0",
    "fs_method": "random_4",
    "fs_percent": 0.4,
    "fs_n_features": 8
}