{
    "balanced_accuracy": 0.7701360269360269,
    "accuracy": 0.8483685220729367,
    "log_loss": 0.31242694410444216,
    "roc_auc": 0.7701360269360269,
    "f1": 0.9022357891263098,
    "precision": 0.884646497330529,
    "recall": 0.9205387205387205,
    "inference_time": 0.1738128662109375,
    "training_time": 0,
    "dataset": "adult",
    "model": "mlp/simple",
    "fold": "F2",
    "architecture_name": "A0",
    "fs_method": "random_4",
    "fs_percent": 0.9,
    "fs_n_features": 12
}