{
    "valid_loss": {
        "balanced_accuracy": 0.9327925805626447,
        "accuracy": 0.9329268292682927,
        "log_loss": 0.19569727330857442,
        "roc_auc": 0.9327925805626446,
        "f1": 0.936562860438293,
        "precision": 0.8903508771929824,
        "recall": 0.9878345498783455
    }
}