{
    "balanced_accuracy": 0.3404677496416627,
    "accuracy": 0.568922305764411
}