{
    "balanced_accuracy": 0.582559039876113,
    "accuracy": 0.6068965517241379
}