{
    "balanced_accuracy": 0.9114057176809812,
    "accuracy": 0.9439608269858542,
    "log_loss": 0.1577550089200552,
    "roc_auc": 0.9114057176809812,
    "f1": 0.9617432214931286,
    "precision": 0.9370325693606755,
    "recall": 0.987792472024415,
    "inference_time": 0.6674618721008301,
    "training_time": 419.3402897242842,
    "dataset": "nomao",
    "model": "transformer/cls",
    "fold": "F4",
    "architecture_name": "A28",
    "fs_method": "random_4",
    "fs_percent": 0.7,
    "fs_n_features": 82
}