{
    "valid_loss": {
        "balanced_accuracy": 0.9410405583022582,
        "accuracy": 0.9590208522212149,
        "log_loss": 0.11731231524593475,
        "roc_auc": 0.9410405583022582,
        "f1": 0.971608040201005,
        "precision": 0.9602681897193941,
        "recall": 0.9832189168573608
    }
}