{
    "balanced_accuracy": 0.7453716338328562,
    "accuracy": 0.8356795495264909,
    "log_loss": 0.3448760477856713,
    "roc_auc": 0.7453716338328562,
    "f1": 0.8947540983606558,
    "precision": 0.8717457275195656,
    "recall": 0.9190099343323792,
    "inference_time": 0.14490008354187012,
    "training_time": 0,
    "dataset": "adult",
    "model": "mlp/simple_nd_nnw",
    "fold": "F4",
    "architecture_name": "A0",
    "fs_method": "random_1",
    "fs_percent": 0.6,
    "fs_n_features": 8
}