{
    "valid_loss": {
        "balanced_accuracy": 0.9415602711643944,
        "accuracy": 0.9562930721799057,
        "log_loss": 0.10945523877379669,
        "roc_auc": 0.9415602711643946,
        "f1": 0.9695668645030938,
        "precision": 0.9631209232313096,
        "recall": 0.9760996694635139
    }
}