{
  "dropout": 0.2617954516091905,
  "embedding_size": 64,
  "n_head": 32,
  "n_hid": 32,
  "n_layers": 4,
  "numerical_passthrough": true,
  "optimizer__lr": 0.002569477681852953
}