{
    "balanced_accuracy": 0.4859220682698943,
    "accuracy": 0.6942355889724311
}