{
    "valid_loss": {
        "balanced_accuracy": 0.8243114909781577,
        "accuracy": 0.8259958071278826,
        "log_loss": 0.3884661510093841,
        "roc_auc": 0.8243114909781577,
        "f1": 0.8425047438330171,
        "precision": 0.7816901408450704,
        "recall": 0.9135802469135802
    }
}