{
    "balanced_accuracy": 0.7003208534003256,
    "accuracy": 0.8320196540075749,
    "log_loss": 0.3619722339278669,
    "roc_auc": 0.7003208534003256,
    "f1": 0.8962377489724944,
    "precision": 0.8479301268245992,
    "recall": 0.950382191229717,
    "inference_time": 0.18403363227844238,
    "training_time": 0,
    "dataset": "adult",
    "model": "mlp/simple_nd_nnw",
    "architecture_name": "A0",
    "fs_method": "random_4",
    "fs_percent": 0.8,
    "fs_n_features": 11
}