{
    "balanced_accuracy": 0.8284300849312669,
    "accuracy": 0.8305439330543933,
    "log_loss": 0.38092819371151704,
    "roc_auc": 0.8284300849312669,
    "f1": 0.8513761467889909,
    "precision": 0.7682119205298014,
    "recall": 0.9547325102880658,
    "inference_time": 0.07246017456054688,
    "training_time": 33.21392076356071,
    "dataset": "jasmine",
    "model": "transformer/cls",
    "fold": "F0",
    "architecture_name": "A24",
    "fs_method": "decision_tree",
    "fs_percent": 0.8,
    "fs_n_features": 115
}