{
    "valid_loss": {
        "balanced_accuracy": 0.3343178301784367,
        "accuracy": 0.6171051633937372,
        "log_loss": 1.1029673145139651
    }
}