{
    "balanced_accuracy": 0.9398706801930437,
    "accuracy": 0.9584693507435619,
    "log_loss": 0.10542225765470115,
    "roc_auc": 0.9398706801930438,
    "f1": 0.9712492153170119,
    "precision": 0.9593253968253969,
    "recall": 0.9834731756928553,
    "inference_time": 1.5291798114776611,
    "training_time": 693.9524758756161
}