{
    "balanced_accuracy": 0.7344539711191336,
    "accuracy": 0.7202680067001676,
    "log_loss": 0.9315494411063263,
    "roc_auc": 0.7344539711191336,
    "f1": 0.7554904831625183,
    "precision": 0.6354679802955665,
    "recall": 0.9314079422382672,
    "inference_time": 0.01572704315185547,
    "training_time": 0,
    "dataset": "jasmine",
    "model": "mlp/simple",
    "architecture_name": "A0",
    "fs_method": "random_4",
    "fs_percent": 0.7,
    "fs_n_features": 100
}