{
    "valid_loss": {
        "balanced_accuracy": 0.6000348517344323,
        "accuracy": 0.6754555198285102,
        "log_loss": 0.9424419453421751
    }
}