{
    "balanced_accuracy": 0.6667279461279461,
    "accuracy": 0.8273832373640435,
    "log_loss": 0.3906102456026696,
    "roc_auc": 0.6667279461279461,
    "f1": 0.895741556534508,
    "precision": 0.827975425060723,
    "recall": 0.9755892255892256,
    "training_time": 0.19264984130859375,
    "inference_time": 0.005297422409057617,
    "dataset": "adult",
    "model": "xgboost",
    "fold": "F1",
    "architecture_name": "A1",
    "fs_method": "linear_model",
    "fs_percent": 0.4,
    "fs_n_features": 5
}