{
    "valid_loss": {
        "balanced_accuracy": 0.9403431144232262,
        "accuracy": 0.958295557570263,
        "log_loss": 0.11248335512101514,
        "roc_auc": 0.940343114423226,
        "f1": 0.9710982658959537,
        "precision": 0.96,
        "recall": 0.9824561403508771
    }
}