{
    "balanced_accuracy": 0.9133040648665369,
    "accuracy": 0.9134146341463415,
    "log_loss": 0.23607624101555572,
    "roc_auc": 0.9133040648665369,
    "f1": 0.9173457508731082,
    "precision": 0.8794642857142857,
    "recall": 0.9586374695863747,
    "inference_time": 0.01922297477722168,
    "training_time": 0,
    "dataset": "sylvine",
    "model": "mlp/simple_nd_nnw",
    "fold": "F3",
    "architecture_name": "A1",
    "fs_method": "random_4",
    "fs_percent": 0.8,
    "fs_n_features": 16
}