{
    "balanced_accuracy": 0.7022712310730743,
    "accuracy": 0.6936936936936937,
    "log_loss": 0.6240580791299144,
    "roc_auc": 0.7022712310730743,
    "f1": 0.6909090909090909,
    "precision": 0.6229508196721312,
    "recall": 0.7755102040816326,
    "inference_time": 0.004029512405395508,
    "training_time": 0,
    "dataset": "australian",
    "model": "mlp/simple",
    "fold": "F1",
    "architecture_name": "A1",
    "fs_method": "random_4",
    "fs_percent": 0.5,
    "fs_n_features": 7
}