{
    "balanced_accuracy": 0.772857239057239,
    "accuracy": 0.8536148432501599,
    "log_loss": 0.31775657294377735,
    "roc_auc": 0.772857239057239,
    "f1": 0.9059983566146261,
    "precision": 0.8849117174959872,
    "recall": 0.9281144781144781,
    "inference_time": 0.534264087677002,
    "training_time": 280.8380440643856
}