{
    "balanced_accuracy": 0.569002966955917,
    "accuracy": 0.726044226044226
}