{
    "balanced_accuracy": 0.8208724793034756,
    "accuracy": 0.8534639100471527,
    "log_loss": 0.4141527147668878,
    "roc_auc": 0.8208724793034755,
    "f1": 0.8972794304602085,
    "precision": 0.8972794304602085,
    "recall": 0.8972794304602085,
    "inference_time": 0.10530972480773926,
    "training_time": 0,
    "dataset": "nomao",
    "model": "mlp/simple_nd_nnw",
    "fold": "F3",
    "architecture_name": "A0",
    "fs_method": "random_1",
    "fs_percent": 0.8,
    "fs_n_features": 94
}