{
    "balanced_accuracy": 0.7705761316872428,
    "accuracy": 0.7735849056603774,
    "log_loss": 0.45932529966264474,
    "roc_auc": 0.7705761316872428,
    "f1": 0.8071428571428572,
    "precision": 0.7129337539432177,
    "recall": 0.9300411522633745,
    "inference_time": 0.011368513107299805,
    "training_time": 0,
    "dataset": "jasmine",
    "model": "mlp/simple_nd",
    "fold": "F2",
    "architecture_name": "A0",
    "fs_method": "random_3",
    "fs_percent": 0.7,
    "fs_n_features": 100
}