{
    "valid_loss": {
        "balanced_accuracy": 0.5684113995715262,
        "accuracy": 0.779883989839633,
        "log_loss": 0.6872417969618809
    }
}