{
    "balanced_accuracy": 0.8593568648870076,
    "accuracy": 0.924812030075188
}