{
    "balanced_accuracy": 0.7099364335898293,
    "accuracy": 0.7272727272727273,
    "log_loss": 0.5411263102157914,
    "roc_auc": 0.7099364335898294,
    "f1": 0.6428571428571429,
    "precision": 0.7714285714285715,
    "recall": 0.5510204081632653,
    "training_time": 0.03290510177612305,
    "inference_time": 0.0005371570587158203,
    "dataset": "australian",
    "model": "xgboost",
    "fold": "F2",
    "architecture_name": "A1",
    "fs_method": "f_classif",
    "fs_percent": 0.6,
    "fs_n_features": 8
}