{
    "balanced_accuracy": 0.7499208610319721,
    "accuracy": 0.750524109014675,
    "log_loss": 0.5101729326997461,
    "roc_auc": 0.7499208610319721,
    "f1": 0.7615230460921844,
    "precision": 0.7421875,
    "recall": 0.7818930041152263,
    "inference_time": 0.009734630584716797,
    "training_time": 0,
    "dataset": "jasmine",
    "model": "mlp/simple_nd_nn",
    "fold": "F3",
    "architecture_name": "A0",
    "fs_method": "decision_tree",
    "fs_percent": 0.4,
    "fs_n_features": 57
}