{
    "balanced_accuracy": 0.9449619511467385,
    "accuracy": 0.9619151251360174,
    "log_loss": 0.09716189379497459,
    "roc_auc": 0.9449619511467385,
    "f1": 0.9735981895901433,
    "precision": 0.9627051218299354,
    "recall": 0.9847405900305188,
    "inference_time": 1.3079736232757568,
    "training_time": 1015.2553933216977,
    "dataset": "nomao",
    "model": "transformer/cls",
    "fold": "F4",
    "architecture_name": "A19",
    "fs_method": "none",
    "fs_percent": 1.0,
    "fs_n_features": 118
}