{
    "balanced_accuracy": 0.8586976558419613,
    "accuracy": 0.8610567514677103,
    "log_loss": 0.9723238446026358,
    "roc_auc": 0.8586976558419612,
    "f1": 0.8473118279569892,
    "precision": 0.8834080717488789,
    "recall": 0.8140495867768595,
    "inference_time": 0.01192927360534668,
    "training_time": 0,
    "dataset": "kr-vs-kp",
    "model": "mlp/simple_nd",
    "fold": "F2",
    "architecture_name": "A0",
    "fs_method": "random_5",
    "fs_percent": 0.6,
    "fs_n_features": 21
}