{
    "balanced_accuracy": 0.9302422425280792,
    "accuracy": 0.9304878048780488,
    "log_loss": 0.17488908472826004,
    "roc_auc": 0.9302422425280792,
    "f1": 0.9341040462427745,
    "precision": 0.891832229580574,
    "recall": 0.9805825242718447,
    "inference_time": 0.02114081382751465,
    "training_time": 0,
    "dataset": "sylvine",
    "model": "mlp/simple",
    "fold": "F1",
    "architecture_name": "A0",
    "fs_method": "decision_tree",
    "fs_percent": 0.6,
    "fs_n_features": 12
}