{
    "valid_loss": {
        "balanced_accuracy": 0.9285731161300712,
        "accuracy": 0.9495920217588395,
        "log_loss": 0.12875519179232459,
        "roc_auc": 0.9285731161300712,
        "f1": 0.9651191969887076,
        "precision": 0.9526876393361406,
        "recall": 0.9778794813119756
    }
}