{
  "dropout": 0.15963609142722252,
  "embedding_size": 64,
  "n_head": 1,
  "n_hid": 64,
  "n_layers": 4,
  "numerical_passthrough": false,
  "optimizer__lr": 0.00014511003624255198
}