{
    "balanced_accuracy": 0.3725179166984344,
    "accuracy": 0.47577639751552797
}