{
    "balanced_accuracy": 0.5559371293580543,
    "accuracy": 0.6522037386383125
}