{
    "valid_loss": {
        "balanced_accuracy": 0.5354892105220574,
        "accuracy": 0.7736750322238228,
        "log_loss": 0.6806606482502702
    }
}