{
    "balanced_accuracy": 0.7907626302425357,
    "accuracy": 0.7928870292887029,
    "log_loss": 0.445532187632572,
    "roc_auc": 0.7907626302425357,
    "f1": 0.818348623853211,
    "precision": 0.7384105960264901,
    "recall": 0.9176954732510288,
    "inference_time": 0.011822223663330078,
    "training_time": 0,
    "dataset": "jasmine",
    "model": "mlp/simple_nd",
    "fold": "F1",
    "architecture_name": "A0",
    "fs_method": "f_classif",
    "fs_percent": 0.8,
    "fs_n_features": 115
}