{
    "valid_loss": {
        "balanced_accuracy": 0.8097499208610319,
        "accuracy": 0.8113207547169812,
        "log_loss": 0.40996078689753396,
        "roc_auc": 0.8097499208610319,
        "f1": 0.8282442748091603,
        "precision": 0.7722419928825622,
        "recall": 0.8930041152263375
    }
}