{
    "valid_loss": {
        "balanced_accuracy": 0.931053907694721,
        "accuracy": 0.9533998186763373,
        "log_loss": 0.12056180365931711,
        "roc_auc": 0.9310539076947211,
        "f1": 0.9678468660077568,
        "precision": 0.9527093596059113,
        "recall": 0.9834731756928553
    }
}