{
    "balanced_accuracy": 0.9475160470912973,
    "accuracy": 0.947560975609756,
    "log_loss": 0.16176668862950436,
    "roc_auc": 0.9475160470912976,
    "f1": 0.948626045400239,
    "precision": 0.931924882629108,
    "recall": 0.9659367396593674,
    "inference_time": 0.09628129005432129,
    "training_time": 48.70678048663669
}