{
    "balanced_accuracy": 0.9342740944990244,
    "accuracy": 0.9550235763511062,
    "log_loss": 0.1152301328353208,
    "roc_auc": 0.9342740944990244,
    "f1": 0.9689145149160191,
    "precision": 0.9552644587246664,
    "recall": 0.9829603255340793,
    "training_time": 133.77085280418396,
    "inference_time": 0.11837220191955566,
    "dataset": "nomao",
    "model": "mlp/full",
    "fold": "F4",
    "architecture_name": "A0",
    "fs_method": "linear_model",
    "fs_percent": 0.6,
    "fs_n_features": 70
}