{
    "balanced_accuracy": 0.9727334173092875,
    "accuracy": 0.9726027397260274,
    "log_loss": 0.061997360610395874,
    "roc_auc": 0.9727334173092875,
    "f1": 0.9711934156378601,
    "precision": 0.9672131147540983,
    "recall": 0.9752066115702479,
    "training_time": 0.059015750885009766,
    "inference_time": 0.0008544921875,
    "dataset": "kr-vs-kp",
    "model": "xgboost",
    "fold": "F4",
    "architecture_name": "A0",
    "fs_method": "decision_tree",
    "fs_percent": 0.4,
    "fs_n_features": 14
}