{
    "balanced_accuracy": 0.8664040877155632,
    "accuracy": 0.8623188405797102,
    "log_loss": 0.41413231630918934,
    "roc_auc": 0.8664040877155631,
    "f1": 0.8527131782945736,
    "precision": 0.8088235294117647,
    "recall": 0.9016393442622951,
    "inference_time": 0.0033135414123535156,
    "training_time": 0,
    "dataset": "australian",
    "model": "mlp/simple_nd_nn",
    "architecture_name": "A0",
    "fs_method": "decision_tree",
    "fs_percent": 0.7,
    "fs_n_features": 9
}