{
    "balanced_accuracy": 0.5752104242644316,
    "accuracy": 0.6334036780223093
}