{
    "balanced_accuracy": 0.9568676662367908,
    "accuracy": 0.9651795429815017,
    "log_loss": 0.08996172381568175,
    "roc_auc": 0.9568676662367906,
    "f1": 0.975609756097561,
    "precision": 0.9748667174409749,
    "recall": 0.9763539282990084,
    "training_time": 0.5279223918914795,
    "inference_time": 0.003763437271118164,
    "dataset": "nomao",
    "model": "xgboost",
    "fold": "F2",
    "architecture_name": "A0",
    "fs_method": "f_classif",
    "fs_percent": 0.8,
    "fs_n_features": 94
}