{
    "balanced_accuracy": 0.2708333333333333,
    "accuracy": 0.5135135135135135
}