{
    "balanced_accuracy": 0.74038632766459,
    "accuracy": 0.845021755822882,
    "log_loss": 0.3375186562058667,
    "roc_auc": 0.74038632766459,
    "f1": 0.9022993142396127,
    "precision": 0.8661710037174721,
    "recall": 0.94157265532918,
    "inference_time": 0.17933106422424316,
    "training_time": 0,
    "dataset": "adult",
    "model": "mlp/simple_nd",
    "fold": "F4",
    "architecture_name": "A0",
    "fs_method": "linear_model",
    "fs_percent": 0.9,
    "fs_n_features": 12
}