{
    "balanced_accuracy": 0.9277912621359223,
    "accuracy": 0.9280487804878049,
    "log_loss": 0.20132764643666545,
    "roc_auc": 0.9277912621359223,
    "f1": 0.9319492502883506,
    "precision": 0.8879120879120879,
    "recall": 0.9805825242718447,
    "inference_time": 0.017337560653686523,
    "training_time": 0,
    "dataset": "sylvine",
    "model": "mlp/simple",
    "fold": "F0",
    "architecture_name": "A0",
    "fs_method": "linear_model",
    "fs_percent": 0.9,
    "fs_n_features": 18
}