{
    "valid_loss": {
        "balanced_accuracy": 0.7752237974967728,
        "accuracy": 0.8519324289736371,
        "log_loss": 0.3243401092749541,
        "roc_auc": 0.7752237974967726,
        "f1": 0.9045143187257572,
        "precision": 0.8870184525736484,
        "recall": 0.9227142616602122
    }
}