{
    "valid_loss": {
        "balanced_accuracy": 0.5479006259880694,
        "accuracy": 0.6538049303322615,
        "log_loss": 1.0060638268792845
    }
}