{
    "balanced_accuracy": 0.8006554189818713,
    "accuracy": 0.8639621192730995,
    "log_loss": 0.29058189333171236,
    "roc_auc": 0.8006554189818712,
    "f1": 0.9115567018886762,
    "precision": 0.9009868421052631,
    "recall": 0.9223775046304091,
    "inference_time": 0.8282675743103027,
    "training_time": 340.1628566155066
}