{
    "balanced_accuracy": 0.9330624596761805,
    "accuracy": 0.9354207436399217,
    "log_loss": 0.14733818137051036,
    "roc_auc": 0.9330624596761806,
    "f1": 0.9287257019438445,
    "precision": 0.9728506787330317,
    "recall": 0.8884297520661157,
    "inference_time": 0.009968757629394531,
    "training_time": 0,
    "dataset": "kr-vs-kp",
    "model": "mlp/simple_nd_nnw",
    "fold": "F4",
    "architecture_name": "A0",
    "fs_method": "f_classif",
    "fs_percent": 0.8,
    "fs_n_features": 28
}