{
    "balanced_accuracy": 0.7860873694207027,
    "accuracy": 0.7882599580712788,
    "log_loss": 0.4583044970081986,
    "roc_auc": 0.7860873694207028,
    "f1": 0.8126159554730983,
    "precision": 0.7398648648648649,
    "recall": 0.9012345679012346,
    "training_time": 0.07897782325744629,
    "inference_time": 0.0007767677307128906,
    "dataset": "jasmine",
    "model": "xgboost",
    "fold": "F2",
    "architecture_name": "A2",
    "fs_method": "random_4",
    "fs_percent": 0.4,
    "fs_n_features": 57
}