{
    "balanced_accuracy": 0.7626755570522534,
    "accuracy": 0.849500895828001,
    "log_loss": 0.3273589123213219,
    "roc_auc": 0.7626755570522535,
    "f1": 0.9037485676870192,
    "precision": 0.8792801401497053,
    "recall": 0.9296177807711736,
    "training_time": 0.2367856502532959,
    "inference_time": 0.0043065547943115234,
    "dataset": "adult",
    "model": "xgboost",
    "fold": "F4",
    "architecture_name": "A0",
    "fs_method": "decision_tree",
    "fs_percent": 0.6,
    "fs_n_features": 8
}