{
    "valid_loss": {
        "balanced_accuracy": 0.761554289332067,
        "accuracy": 0.7651991614255765,
        "log_loss": 0.44286709588334083,
        "roc_auc": 0.7615542893320671,
        "f1": 0.8055555555555556,
        "precision": 0.6966966966966966,
        "recall": 0.9547325102880658
    }
}