{
    "balanced_accuracy": 0.9229493037773631,
    "accuracy": 0.9377947043888284,
    "log_loss": 0.15737014727826432,
    "roc_auc": 0.9229493037773631,
    "f1": 0.9564444444444444,
    "precision": 0.9551103220897793,
    "recall": 0.9577822990844354,
    "inference_time": 0.13530182838439941,
    "training_time": 0,
    "dataset": "nomao",
    "model": "mlp/simple_nd_nn",
    "fold": "F4",
    "architecture_name": "A1",
    "fs_method": "decision_tree",
    "fs_percent": 0.8,
    "fs_n_features": 94
}