{
    "balanced_accuracy": 0.5398481973434535,
    "accuracy": 0.7468354430379747
}