{
    "balanced_accuracy": 0.8998804276051613,
    "accuracy": 0.9,
    "log_loss": 0.247961499453629,
    "roc_auc": 0.8998804276051613,
    "f1": 0.9048723897911833,
    "precision": 0.8647450110864745,
    "recall": 0.948905109489051,
    "training_time": 11.946986675262451,
    "inference_time": 0.019202470779418945,
    "dataset": "sylvine",
    "model": "mlp/full_nnw",
    "fold": "F2",
    "architecture_name": "A1",
    "fs_method": "none",
    "fs_percent": 1.0,
    "fs_n_features": 20
}