{
    "balanced_accuracy": 0.6708668799461188,
    "accuracy": 0.8267212695162529,
    "log_loss": 0.35449439646159353,
    "roc_auc": 0.6708668799461188,
    "f1": 0.8948920975003881,
    "precision": 0.8301886792452831,
    "recall": 0.9705337598922378,
    "inference_time": 0.1787123680114746,
    "training_time": 0,
    "dataset": "adult",
    "model": "mlp/simple",
    "fold": "F4",
    "architecture_name": "A0",
    "fs_method": "f_classif",
    "fs_percent": 0.7,
    "fs_n_features": 9
}