{
    "balanced_accuracy": 0.9057971014492754,
    "accuracy": 0.7078651685393258
}