{
    "balanced_accuracy": 0.5384250474383302,
    "accuracy": 0.4430379746835443
}