{
    "balanced_accuracy": 0.8874664574014208,
    "accuracy": 0.9099086029305092,
    "log_loss": 0.2283007811510853,
    "roc_auc": 0.8874664574014208,
    "f1": 0.9374433363553943,
    "precision": 0.9362173038229377,
    "recall": 0.9386725842243292,
    "inference_time": 0.17386484146118164,
    "training_time": 0,
    "dataset": "nomao",
    "model": "mlp/simple_nd_nnw",
    "architecture_name": "A0",
    "fs_method": "random_1",
    "fs_percent": 0.8,
    "fs_n_features": 94
}