{
    "valid_loss": {
        "balanced_accuracy": 0.5339021047111814,
        "accuracy": 0.7738266737432709,
        "log_loss": 0.6792309163584027
    }
}