{
    "balanced_accuracy": 0.8201996322563698,
    "accuracy": 0.8221757322175732,
    "log_loss": 0.4031775250753854,
    "roc_auc": 0.8201996322563698,
    "f1": 0.8428835489833642,
    "precision": 0.7651006711409396,
    "recall": 0.9382716049382716,
    "training_time": 0.05907750129699707,
    "inference_time": 0.0007219314575195312
}