{
    "balanced_accuracy": 0.424160709460944,
    "accuracy": 0.5569620253164557
}