{
    "valid_loss": {
        "balanced_accuracy": 0.5334295083971419,
        "accuracy": 0.7731821972856168,
        "log_loss": 0.6872145141817039
    }
}