{
    "balanced_accuracy": 0.4037254870733132,
    "accuracy": 0.6691729323308271
}