{
    "valid_loss": {
        "balanced_accuracy": 0.9419248591414346,
        "accuracy": 0.9597388465723613,
        "log_loss": 0.09959532900803335,
        "roc_auc": 0.9419248591414348,
        "f1": 0.9721035436039206,
        "precision": 0.9607550919026329,
        "recall": 0.9837232960325534
    }
}