{
    "balanced_accuracy": 0.9461498191509614,
    "accuracy": 0.9463414634146341,
    "log_loss": 0.15888040145294247,
    "roc_auc": 0.9461498191509613,
    "f1": 0.9485981308411215,
    "precision": 0.9144144144144144,
    "recall": 0.9854368932038835,
    "inference_time": 0.06011176109313965,
    "training_time": 30.250824546813963
}