{
    "balanced_accuracy": 0.9985185185185184,
    "accuracy": 0.9944444444444445,
    "log_loss": 0.007758899761668757
}