{
    "balanced_accuracy": 0.5176364943512307,
    "accuracy": 0.6447669977081741
}