{
    "balanced_accuracy": 0.700689561002253,
    "accuracy": 0.8170426065162907
}