{
  "aggregator__cell": "GRU",
  "aggregator__dropout": 0.19770665925129272,
  "aggregator__hidden_size": 512,
  "aggregator__num_layers": 2,
  "dropout": 0.20677493746038964,
  "embedding_size": 256,
  "n_head": 2,
  "n_hid": 1024,
  "n_layers": 2,
  "optimizer__lr": 1.1243947951771086e-05
}