{
    "valid_loss": {
        "balanced_accuracy": 0.5978481427494935,
        "accuracy": 0.6755627009646302,
        "log_loss": 0.9407164857660223
    }
}