{
    "balanced_accuracy": 0.967673248161053,
    "accuracy": 0.9655172413793104
}