{
    "balanced_accuracy": 0.9071856465535191,
    "accuracy": 0.9073170731707317,
    "log_loss": 0.23933904267117975,
    "roc_auc": 0.9071856465535191,
    "f1": 0.9122401847575058,
    "precision": 0.8681318681318682,
    "recall": 0.9610705596107056,
    "inference_time": 0.01519322395324707,
    "training_time": 0,
    "dataset": "sylvine",
    "model": "mlp/simple_nnw",
    "fold": "F3",
    "architecture_name": "A0",
    "fs_method": "random_5",
    "fs_percent": 0.6,
    "fs_n_features": 12
}