{
    "balanced_accuracy": 0.9903122130394858,
    "accuracy": 0.990234375,
    "log_loss": 0.04039335080657809,
    "roc_auc": 0.9903122130394859,
    "f1": 0.9896907216494846,
    "precision": 0.9876543209876543,
    "recall": 0.9917355371900827,
    "training_time": 0.07320117950439453,
    "inference_time": 0.00098419189453125
}