{
    "valid_loss": {
        "balanced_accuracy": 0.32932047324353664,
        "accuracy": 0.6153991962999469,
        "log_loss": 1.1074371979561308
    }
}