{
    "balanced_accuracy": 0.74544982002779,
    "accuracy": 0.8268167860798362
}