{
    "balanced_accuracy": 0.8621375669713205,
    "accuracy": 0.8683385579937304
}