{
    "balanced_accuracy": 0.5201565995525727,
    "accuracy": 0.5217391304347826
}