{
    "balanced_accuracy": 0.6973600170321481,
    "accuracy": 0.717391304347826,
    "log_loss": 0.5283598382644903,
    "roc_auc": 0.6973600170321482,
    "f1": 0.6213592233009708,
    "precision": 0.7619047619047619,
    "recall": 0.5245901639344263,
    "inference_time": 0.0031974315643310547,
    "training_time": 0,
    "dataset": "australian",
    "model": "mlp/simple_nnw",
    "architecture_name": "A0",
    "fs_method": "random_1",
    "fs_percent": 0.4,
    "fs_n_features": 5
}