{
    "balanced_accuracy": 0.5707070707070707,
    "accuracy": 0.8818181818181818
}