{
    "valid_loss": {
        "balanced_accuracy": 0.8237575182019627,
        "accuracy": 0.8259958071278826,
        "log_loss": 0.3933931344460821,
        "roc_auc": 0.8237575182019626,
        "f1": 0.8465804066543438,
        "precision": 0.7684563758389261,
        "recall": 0.9423868312757202
    }
}