{
    "balanced_accuracy": 0.4992063492063492,
    "accuracy": 0.9089595375722543
}