{
    "balanced_accuracy": 0.7638550148734355,
    "accuracy": 0.8479651906833888,
    "log_loss": 0.3302802057050524,
    "roc_auc": 0.7638550148734355,
    "f1": 0.9024790674766048,
    "precision": 0.8805061669069357,
    "recall": 0.9255766964135377,
    "training_time": 0.2713913917541504,
    "inference_time": 0.005349636077880859,
    "dataset": "adult",
    "model": "xgboost",
    "fold": "F3",
    "architecture_name": "A1",
    "fs_method": "decision_tree",
    "fs_percent": 0.8,
    "fs_n_features": 11
}