{
    "balanced_accuracy": 0.48338453661034303,
    "accuracy": 0.21820809248554912
}