{
    "balanced_accuracy": 0.40154680023199296,
    "accuracy": 0.6912213740458015
}