{
    "balanced_accuracy": 0.5300209995300389,
    "accuracy": 0.5292682926829269,
    "log_loss": 2.274362501263926,
    "roc_auc": 0.5300209995300389,
    "f1": 0.3204225352112676,
    "precision": 0.5796178343949044,
    "recall": 0.22141119221411193,
    "inference_time": 0.017052650451660156,
    "training_time": 0,
    "dataset": "sylvine",
    "model": "mlp/simple_nd",
    "fold": "F3",
    "architecture_name": "A0",
    "fs_method": "random_4",
    "fs_percent": 0.8,
    "fs_n_features": 16
}