{
    "balanced_accuracy": 0.5104939538556613,
    "accuracy": 0.7589469853208783
}