{
    "balanced_accuracy": 0.5213930261440846,
    "accuracy": 0.7620405192284363
}