{
    "balanced_accuracy": 0.9603711407542841,
    "accuracy": 0.9682683590208522,
    "log_loss": 0.0849804999419047,
    "roc_auc": 0.9603711407542839,
    "f1": 0.9777777777777777,
    "precision": 0.9766615930999493,
    "recall": 0.9788965166539537,
    "training_time": 0.7819082736968994,
    "inference_time": 0.007210731506347656,
    "dataset": "nomao",
    "model": "xgboost",
    "fold": "F0",
    "architecture_name": "A1",
    "fs_method": "random_4",
    "fs_percent": 0.5,
    "fs_n_features": 59
}