{
    "balanced_accuracy": 0.6873536299765808,
    "accuracy": 0.7,
    "log_loss": 0.6020978770611881,
    "roc_auc": 0.6873536299765808,
    "f1": 0.6292134831460674,
    "precision": 0.7,
    "recall": 0.5714285714285714,
    "training_time": 0.028137922286987305,
    "inference_time": 0.0005369186401367188,
    "dataset": "australian",
    "model": "xgboost",
    "fold": "F4",
    "architecture_name": "A3",
    "fs_method": "random_2",
    "fs_percent": 0.7,
    "fs_n_features": 9
}