{
    "balanced_accuracy": 0.796024866474039,
    "accuracy": 0.799163179916318,
    "log_loss": 0.44450401683649576,
    "roc_auc": 0.796024866474039,
    "f1": 0.8327526132404182,
    "precision": 0.7220543806646526,
    "recall": 0.9835390946502057,
    "inference_time": 0.011705875396728516,
    "training_time": 0,
    "dataset": "jasmine",
    "model": "mlp/simple",
    "fold": "F1",
    "architecture_name": "A0",
    "fs_method": "random_5",
    "fs_percent": 0.8,
    "fs_n_features": 115
}