{
    "balanced_accuracy": 0.7857142857142857,
    "accuracy": 0.6666666666666666
}