{
    "balanced_accuracy": 0.5007304601899196,
    "accuracy": 0.3043256997455471
}