{
    "balanced_accuracy": 0.7517073667574138,
    "accuracy": 0.8423584809089979,
    "log_loss": 0.34453098023541767,
    "roc_auc": 0.7517073667574139,
    "f1": 0.8994646820733777,
    "precision": 0.8763516092100242,
    "recall": 0.9238299584283224,
    "inference_time": 0.23123741149902344,
    "training_time": 0,
    "dataset": "adult",
    "model": "mlp/simple_nd_nn",
    "architecture_name": "A1",
    "fs_method": "random_2",
    "fs_percent": 0.9,
    "fs_n_features": 12
}