{
    "valid_loss": {
        "balanced_accuracy": 0.789956228956229,
        "accuracy": 0.8513115802943059,
        "log_loss": 0.3287627814322873,
        "roc_auc": 0.7899562289562289,
        "f1": 0.902745229327084,
        "precision": 0.8976364846870839,
        "recall": 0.9079124579124579
    }
}