{
    "balanced_accuracy": 0.8710270993643359,
    "accuracy": 0.8636363636363636,
    "log_loss": 0.317438790830097,
    "roc_auc": 0.871027099364336,
    "f1": 0.8598130841121495,
    "precision": 0.7931034482758621,
    "recall": 0.9387755102040817,
    "training_time": 0.03741145133972168,
    "inference_time": 0.0006227493286132812,
    "dataset": "australian",
    "model": "xgboost",
    "fold": "F3",
    "architecture_name": "A1",
    "fs_method": "random_4",
    "fs_percent": 0.5,
    "fs_n_features": 7
}