{
    "balanced_accuracy": 0.3606467750920255,
    "accuracy": 0.45714285714285713
}