{
    "balanced_accuracy": 0.5062381156842299,
    "accuracy": 0.31348600508905855
}