{
    "balanced_accuracy": 0.7976806523017634,
    "accuracy": 0.7855579868708972
}