{
    "balanced_accuracy": 0.3797575374842664,
    "accuracy": 0.6541353383458647
}