{
    "balanced_accuracy": 0.5609042553191489,
    "accuracy": 0.7164179104477612
}