{
    "balanced_accuracy": 0.621933621933622,
    "accuracy": 0.6979166666666666
}