{
    "balanced_accuracy": 0.5422705314009661,
    "accuracy": 0.5609756097560976
}