{
    "balanced_accuracy": 0.9125758637969812,
    "accuracy": 0.9106074342701722,
    "log_loss": 0.23212187070405166,
    "roc_auc": 0.9125758637969813,
    "f1": 0.9354289456450556,
    "precision": 0.9646137223122636,
    "recall": 0.9079583015509789,
    "inference_time": 0.13063907623291016,
    "training_time": 0,
    "dataset": "nomao",
    "model": "mlp/simple_nd_nn",
    "fold": "F0",
    "architecture_name": "A1",
    "fs_method": "decision_tree",
    "fs_percent": 0.6,
    "fs_n_features": 70
}