{
    "balanced_accuracy": 0.9667424498448494,
    "accuracy": 0.9667318982387475,
    "log_loss": 0.19899559804500666,
    "roc_auc": 0.9667424498448494,
    "f1": 0.9649484536082474,
    "precision": 0.9629629629629629,
    "recall": 0.9669421487603306,
    "inference_time": 0.011940479278564453,
    "training_time": 0,
    "dataset": "kr-vs-kp",
    "model": "mlp/simple",
    "fold": "F1",
    "architecture_name": "A0",
    "fs_method": "random_5",
    "fs_percent": 0.9,
    "fs_n_features": 32
}