{
    "balanced_accuracy": 0.7966919911364356,
    "accuracy": 0.7987421383647799,
    "log_loss": 0.4553737012046722,
    "roc_auc": 0.7966919911364355,
    "f1": 0.8208955223880597,
    "precision": 0.7508532423208191,
    "recall": 0.9053497942386831,
    "inference_time": 0.011688947677612305,
    "training_time": 0,
    "dataset": "jasmine",
    "model": "mlp/simple_nd_nnw",
    "fold": "F2",
    "architecture_name": "A1",
    "fs_method": "linear_model",
    "fs_percent": 0.9,
    "fs_n_features": 129
}