{
    "balanced_accuracy": 0.9302901817661371,
    "accuracy": 0.9304029304029304,
    "log_loss": 0.19092279160466455,
    "roc_auc": 0.9302901817661372,
    "f1": 0.9327036599763873,
    "precision": 0.9059633027522935,
    "recall": 0.9610705596107056,
    "inference_time": 0.018637895584106445,
    "training_time": 0,
    "dataset": "sylvine",
    "model": "mlp/simple",
    "fold": "F4",
    "architecture_name": "A0",
    "fs_method": "random_3",
    "fs_percent": 0.9,
    "fs_n_features": 18
}