{
    "valid_loss": {
        "balanced_accuracy": 0.7903160844059189,
        "accuracy": 0.7907949790794979,
        "log_loss": 0.4196000644967222,
        "roc_auc": 0.7903160844059189,
        "f1": 0.7991967871485943,
        "precision": 0.7803921568627451,
        "recall": 0.8189300411522634
    }
}