{
    "balanced_accuracy": 0.9575209444021325,
    "accuracy": 0.9570731707317073,
    "log_loss": 0.11765134891536233,
    "roc_auc": 0.9575209444021326,
    "f1": 0.9577735124760077,
    "precision": 0.9292364990689013,
    "recall": 0.9881188118811881,
    "training_time": 0.06367754936218262,
    "inference_time": 0.0008802413940429688,
    "dataset": "sylvine",
    "model": "xgboost",
    "architecture_name": "A3",
    "fs_method": "f_classif",
    "fs_percent": 0.4,
    "fs_n_features": 8
}