{
    "balanced_accuracy": 0.8056346945235834,
    "accuracy": 0.8071278825995807,
    "log_loss": 0.40130073971487806,
    "roc_auc": 0.8056346945235834,
    "f1": 0.8237547892720306,
    "precision": 0.7706093189964157,
    "recall": 0.8847736625514403,
    "training_time": 0.09284353256225586,
    "inference_time": 0.0008380413055419922,
    "dataset": "jasmine",
    "model": "xgboost",
    "fold": "F4",
    "architecture_name": "A2",
    "fs_method": "f_classif",
    "fs_percent": 0.5,
    "fs_n_features": 72
}