{
    "balanced_accuracy": 0.6364311315924219,
    "accuracy": 0.9205202312138728
}