{
    "valid_loss": {
        "balanced_accuracy": 0.5679708062091332,
        "accuracy": 0.6609860664523044,
        "log_loss": 0.9837391524948164
    }
}