{
    "balanced_accuracy": 0.774928774928775,
    "accuracy": 0.7777777777777778,
    "log_loss": 0.4757533818804913,
    "roc_auc": 0.774928774928775,
    "f1": 0.8093525179856115,
    "precision": 0.7188498402555911,
    "recall": 0.9259259259259259,
    "inference_time": 0.011593341827392578,
    "training_time": 0,
    "dataset": "jasmine",
    "model": "mlp/simple",
    "fold": "F4",
    "architecture_name": "A0",
    "fs_method": "random_4",
    "fs_percent": 0.6,
    "fs_n_features": 86
}