{
    "balanced_accuracy": 0.7376910016977929,
    "accuracy": 0.7536231884057971
}