{
    "balanced_accuracy": 0.7631314821010371,
    "accuracy": 0.7818181818181819,
    "log_loss": 0.5382406388057845,
    "roc_auc": 0.7631314821010372,
    "f1": 0.7073170731707317,
    "precision": 0.8787878787878788,
    "recall": 0.5918367346938775,
    "training_time": 0.02757549285888672,
    "inference_time": 0.0005950927734375,
    "dataset": "australian",
    "model": "xgboost",
    "fold": "F4",
    "architecture_name": "A2",
    "fs_method": "linear_model",
    "fs_percent": 0.5,
    "fs_n_features": 7
}