{
    "balanced_accuracy": 0.7079290732686517,
    "accuracy": 0.7272727272727273,
    "log_loss": 0.5307596347196577,
    "roc_auc": 0.7079290732686518,
    "f1": 0.6341463414634146,
    "precision": 0.7878787878787878,
    "recall": 0.5306122448979592,
    "training_time": 1.9268016815185547,
    "inference_time": 0.0035800933837890625,
    "dataset": "australian",
    "model": "mlp/full",
    "fold": "F4",
    "architecture_name": "A1",
    "fs_method": "f_classif",
    "fs_percent": 0.6,
    "fs_n_features": 8
}