{
    "valid_loss": {
        "balanced_accuracy": 0.78196632996633,
        "accuracy": 0.8571976967370442,
        "log_loss": 0.30686042633407323,
        "roc_auc": 0.78196632996633,
        "f1": 0.907951171230617,
        "precision": 0.890038809831824,
        "recall": 0.9265993265993266
    }
}