{
    "balanced_accuracy": 0.866084734937194,
    "accuracy": 0.8695652173913043,
    "log_loss": 0.7707266543392352,
    "roc_auc": 0.866084734937194,
    "f1": 0.85,
    "precision": 0.864406779661017,
    "recall": 0.8360655737704918
}