{
    "balanced_accuracy": 0.7842395587076438,
    "accuracy": 0.7866108786610879,
    "log_loss": 0.4642922735356337,
    "roc_auc": 0.7842395587076438,
    "f1": 0.8152173913043478,
    "precision": 0.7281553398058253,
    "recall": 0.9259259259259259,
    "inference_time": 0.009722471237182617,
    "training_time": 0,
    "dataset": "jasmine",
    "model": "mlp/simple_nd_nn",
    "fold": "F1",
    "architecture_name": "A0",
    "fs_method": "random_5",
    "fs_percent": 0.8,
    "fs_n_features": 115
}