{
    "valid_loss": {
        "balanced_accuracy": 0.8020313457665704,
        "accuracy": 0.803347280334728,
        "log_loss": 0.4257367887438119,
        "roc_auc": 0.8020313457665703,
        "f1": 0.8199233716475096,
        "precision": 0.7670250896057348,
        "recall": 0.8806584362139918
    }
}