{
    "balanced_accuracy": 0.9157029316581001,
    "accuracy": 0.9158536585365854,
    "log_loss": 0.21725784773240184,
    "roc_auc": 0.9157029316581001,
    "f1": 0.9187279151943463,
    "precision": 0.8924485125858124,
    "recall": 0.9466019417475728,
    "inference_time": 0.01631927490234375,
    "training_time": 0,
    "dataset": "sylvine",
    "model": "mlp/simple_nd_nn",
    "fold": "F0",
    "architecture_name": "A0",
    "fs_method": "linear_model",
    "fs_percent": 0.5,
    "fs_n_features": 10
}