{
    "valid_loss": {
        "balanced_accuracy": 0.7875,
        "accuracy": 0.986013986013986,
        "log_loss": 0.04539406205341518
    }
}