{
    "balanced_accuracy": 0.9005426191634242,
    "accuracy": 0.9005847953216374
}