{
    "balanced_accuracy": 0.7723963279518835,
    "accuracy": 0.7756813417190775,
    "log_loss": 0.4593368913075063,
    "roc_auc": 0.7723963279518835,
    "f1": 0.8112874779541446,
    "precision": 0.7098765432098766,
    "recall": 0.9465020576131687,
    "inference_time": 0.013428211212158203,
    "training_time": 0,
    "dataset": "jasmine",
    "model": "mlp/simple",
    "fold": "F2",
    "architecture_name": "A1",
    "fs_method": "f_classif",
    "fs_percent": 0.5,
    "fs_n_features": 72
}