{
    "valid_loss": {
        "balanced_accuracy": 0.6103581548118895,
        "accuracy": 0.6783494105037513,
        "log_loss": 0.9342573180155095
    }
}