{
    "balanced_accuracy": 0.7257925925925925,
    "accuracy": 0.8433781190019194,
    "log_loss": 0.36156614696142675,
    "roc_auc": 0.7257925925925925,
    "f1": 0.9023300351101181,
    "precision": 0.8577063106796117,
    "recall": 0.9518518518518518,
    "inference_time": 0.17208242416381836,
    "training_time": 0,
    "dataset": "adult",
    "model": "mlp/simple",
    "fold": "F1",
    "architecture_name": "A0",
    "fs_method": "random_1",
    "fs_percent": 0.7,
    "fs_n_features": 9
}