{
    "balanced_accuracy": 0.7509117845117845,
    "accuracy": 0.8296865003198977,
    "log_loss": 0.38051767306645506,
    "roc_auc": 0.7509117845117844,
    "f1": 0.8895527342129284,
    "precision": 0.8771068564882998,
    "recall": 0.9023569023569024,
    "inference_time": 0.14652109146118164,
    "training_time": 0,
    "dataset": "adult",
    "model": "mlp/simple_nnw",
    "fold": "F0",
    "architecture_name": "A0",
    "fs_method": "random_5",
    "fs_percent": 0.6,
    "fs_n_features": 8
}