{
    "balanced_accuracy": 0.9865740882976436,
    "accuracy": 0.9863013698630136,
    "log_loss": 0.036920507647438934,
    "roc_auc": 0.9865740882976436,
    "f1": 0.9856262833675564,
    "precision": 0.9795918367346939,
    "recall": 0.9917355371900827,
    "training_time": 0.09527325630187988,
    "inference_time": 0.0010857582092285156,
    "dataset": "kr-vs-kp",
    "model": "xgboost",
    "fold": "F3",
    "architecture_name": "A2",
    "fs_method": "random_4",
    "fs_percent": 0.8,
    "fs_n_features": 28
}