{
    "valid_loss": {
        "balanced_accuracy": 0.8690197390431582,
        "accuracy": 0.8636363636363636,
        "log_loss": 0.3268079968789554,
        "roc_auc": 0.8690197390431582,
        "f1": 0.8571428571428571,
        "precision": 0.8035714285714286,
        "recall": 0.9183673469387755
    }
}