{
    "balanced_accuracy": 0.22857142857142856,
    "accuracy": 0.022222222222222223
}