{
    "balanced_accuracy": 0.3691838835205112,
    "accuracy": 0.4658385093167702
}