{
    "valid_loss": {
        "balanced_accuracy": 0.7982926188599948,
        "accuracy": 0.801255230125523,
        "log_loss": 0.4167314671846128,
        "roc_auc": 0.7982926188599947,
        "f1": 0.8330404217926186,
        "precision": 0.7269938650306749,
        "recall": 0.9753086419753086
    }
}