{
    "valid_loss": {
        "balanced_accuracy": 0.596995821648419,
        "accuracy": 0.6762057877813504,
        "log_loss": 0.9560535666640695
    }
}