{
    "balanced_accuracy": 0.8679894179894181,
    "accuracy": 0.8629032258064516
}