{
    "balanced_accuracy": 0.7742165242165242,
    "accuracy": 0.7777777777777778,
    "log_loss": 0.4420711574090353,
    "roc_auc": 0.7742165242165241,
    "f1": 0.8153310104529616,
    "precision": 0.7069486404833837,
    "recall": 0.9629629629629629,
    "training_time": 6.667499303817749,
    "inference_time": 0.01288461685180664,
    "dataset": "jasmine",
    "model": "mlp/full",
    "fold": "F2",
    "architecture_name": "A1",
    "fs_method": "linear_model",
    "fs_percent": 0.4,
    "fs_n_features": 57
}