{
    "balanced_accuracy": 0.910870974842206,
    "accuracy": 0.9109756097560976,
    "log_loss": 0.2374012147170939,
    "roc_auc": 0.9108709748422059,
    "f1": 0.9148191365227538,
    "precision": 0.8789237668161435,
    "recall": 0.9537712895377128,
    "inference_time": 0.018778324127197266,
    "training_time": 0,
    "dataset": "sylvine",
    "model": "mlp/simple_nd_nnw",
    "fold": "F3",
    "architecture_name": "A1",
    "fs_method": "decision_tree",
    "fs_percent": 0.9,
    "fs_n_features": 18
}