{
    "balanced_accuracy": 0.3284382635983922,
    "accuracy": 0.565648854961832
}