{
    "balanced_accuracy": 0.742687637969095,
    "accuracy": 0.8467336683417085
}