{
    "balanced_accuracy": 0.4684542124542125,
    "accuracy": 0.6658291457286433
}