{
    "balanced_accuracy": 0.665626601056683,
    "accuracy": 0.5399262899262899
}