{
    "balanced_accuracy": 0.9107972382589997,
    "accuracy": 0.9285455204932898,
    "log_loss": 0.17094589001751095,
    "roc_auc": 0.9107972382589997,
    "f1": 0.950025367833587,
    "precision": 0.9476214574898786,
    "recall": 0.952441505595117,
    "inference_time": 0.10384249687194824,
    "training_time": 0,
    "dataset": "nomao",
    "model": "mlp/simple_nd_nnw",
    "fold": "F4",
    "architecture_name": "A0",
    "fs_method": "random_3",
    "fs_percent": 0.9,
    "fs_n_features": 106
}