{
    "balanced_accuracy": 0.7952882154882155,
    "accuracy": 0.8571976967370442,
    "log_loss": 0.30207063969432724,
    "roc_auc": 0.7952882154882155,
    "f1": 0.9068291868425447,
    "precision": 0.8994700231864856,
    "recall": 0.9143097643097643,
    "inference_time": 0.9911131858825684,
    "training_time": 377.73065638542175,
    "dataset": "adult",
    "model": "transformer/cls",
    "fold": "F0",
    "architecture_name": "A3",
    "fs_method": "none",
    "fs_percent": 1.0,
    "fs_n_features": 14
}