{
    "balanced_accuracy": 0.6191018211920529,
    "accuracy": 0.7939698492462312
}