{
    "balanced_accuracy": 0.8057262936695561,
    "accuracy": 0.8075313807531381,
    "log_loss": 0.4097388039099697,
    "roc_auc": 0.8057262936695562,
    "f1": 0.8283582089552238,
    "precision": 0.757679180887372,
    "recall": 0.9135802469135802,
    "training_time": 0.08077096939086914,
    "inference_time": 0.0008985996246337891,
    "dataset": "jasmine",
    "model": "xgboost",
    "fold": "F1",
    "architecture_name": "A1",
    "fs_method": "random_3",
    "fs_percent": 0.6,
    "fs_n_features": 86
}