{
    "balanced_accuracy": 0.6666853837947105,
    "accuracy": 0.9004376367614879
}