{
    "balanced_accuracy": 0.945749269910469,
    "accuracy": 0.961189698948132,
    "log_loss": 0.10496363411426045,
    "roc_auc": 0.9457492699104689,
    "f1": 0.9730410682791635,
    "precision": 0.964294631710362,
    "recall": 0.9819476226798881,
    "inference_time": 0.695781946182251,
    "training_time": 458.91305474613034,
    "dataset": "nomao",
    "model": "transformer/cls",
    "fold": "F2",
    "architecture_name": "A9",
    "fs_method": "none",
    "fs_percent": 1.0,
    "fs_n_features": 118
}