{
    "balanced_accuracy": 0.5824742268041238,
    "accuracy": 0.7969924812030075
}