{
    "balanced_accuracy": 0.6322996041912323,
    "accuracy": 0.6840518540850166
}