{
    "balanced_accuracy": 0.50480732833674,
    "accuracy": 0.13872832369942195
}