{
    "balanced_accuracy": 0.48611111111111116,
    "accuracy": 0.6666666666666666
}