{
    "balanced_accuracy": 0.8494505494505495,
    "accuracy": 0.8505079825834543
}