{
    "balanced_accuracy": 0.7648278385811305,
    "accuracy": 0.8303045815203481,
    "log_loss": 0.3644691234193254,
    "roc_auc": 0.7648278385811303,
    "f1": 0.888627582731396,
    "precision": 0.8865426512485336,
    "recall": 0.8907223438289275,
    "inference_time": 0.5210745334625244,
    "training_time": 240.44788837432856,
    "dataset": "adult",
    "model": "transformer/cls",
    "fold": "F3",
    "architecture_name": "A0",
    "fs_method": "decision_tree",
    "fs_percent": 0.6,
    "fs_n_features": 8
}