{
    "valid_loss": {
        "balanced_accuracy": 0.5646493001453405,
        "accuracy": 0.657341907824223,
        "log_loss": 0.986241569499665
    }
}