{
    "balanced_accuracy": 0.6058127946127946,
    "accuracy": 0.8052463211772233,
    "log_loss": 0.485272644266131,
    "roc_auc": 0.6058127946127947,
    "f1": 0.8853397619406358,
    "precision": 0.8011998909190073,
    "recall": 0.9892255892255892,
    "inference_time": 0.5216865539550781,
    "training_time": 245.9041155406407
}