{
    "balanced_accuracy": 0.6107387775719818,
    "accuracy": 0.8052213974916816,
    "log_loss": 0.3897860659553634,
    "roc_auc": 0.6107387775719818,
    "f1": 0.8848539869874413,
    "precision": 0.8034070614095343,
    "recall": 0.9846775551439636,
    "inference_time": 0.19941234588623047,
    "training_time": 0,
    "dataset": "adult",
    "model": "mlp/simple_nd_nn",
    "fold": "F4",
    "architecture_name": "A1",
    "fs_method": "f_classif",
    "fs_percent": 0.7,
    "fs_n_features": 9
}