{
    "valid_loss": {
        "balanced_accuracy": 0.9303052745368616,
        "accuracy": 0.9544877606527652,
        "log_loss": 0.1199207309031418,
        "roc_auc": 0.9303052745368616,
        "f1": 0.9686837180286962,
        "precision": 0.9510044096031357,
        "recall": 0.9870327993897788
    }
}