{
    "balanced_accuracy": 0.9321181980333779,
    "accuracy": 0.9368879216539717,
    "log_loss": 0.16439103826662546,
    "roc_auc": 0.9321181980333779,
    "f1": 0.955200823892894,
    "precision": 0.9674054758800521,
    "recall": 0.9433002796847191,
    "inference_time": 0.13260459899902344,
    "training_time": 0,
    "dataset": "nomao",
    "model": "mlp/simple_nd_nn",
    "fold": "F2",
    "architecture_name": "A1",
    "fs_method": "f_classif",
    "fs_percent": 0.9,
    "fs_n_features": 106
}