{
    "balanced_accuracy": 0.666182733255904,
    "accuracy": 0.6827586206896552
}