{
    "valid_loss": {
        "balanced_accuracy": 0.9321408738688015,
        "accuracy": 0.9517591585056221,
        "log_loss": 0.11956317446308959,
        "roc_auc": 0.9321408738688014,
        "f1": 0.9665829145728643,
        "precision": 0.9553017134343184,
        "recall": 0.9781337401474701
    }
}