{
    "balanced_accuracy": 0.7507527601204416,
    "accuracy": 0.7636363636363637,
    "log_loss": 0.43500888090362105,
    "roc_auc": 0.7507527601204417,
    "f1": 0.7045454545454546,
    "precision": 0.7948717948717948,
    "recall": 0.6326530612244898,
    "training_time": 0.0382542610168457,
    "inference_time": 0.0006225109100341797,
    "dataset": "australian",
    "model": "xgboost",
    "fold": "F2",
    "architecture_name": "A3",
    "fs_method": "random_1",
    "fs_percent": 0.4,
    "fs_n_features": 5
}