{
    "balanced_accuracy": 0.9454128440366973,
    "accuracy": 0.9712230215827338
}