{
    "balanced_accuracy": 0.5935927216415021,
    "accuracy": 0.6068965517241379
}