{
    "balanced_accuracy": 0.9169655976537636,
    "accuracy": 0.9170731707317074,
    "log_loss": 0.23692037157112925,
    "roc_auc": 0.9169655976537635,
    "f1": 0.9207459207459208,
    "precision": 0.883668903803132,
    "recall": 0.9610705596107056,
    "inference_time": 0.01944589614868164,
    "training_time": 0,
    "dataset": "sylvine",
    "model": "mlp/simple_nd_nnw",
    "fold": "F3",
    "architecture_name": "A1",
    "fs_method": "decision_tree",
    "fs_percent": 0.4,
    "fs_n_features": 8
}