{
    "balanced_accuracy": 0.5166234845402268,
    "accuracy": 0.3297709923664122
}