{
    "balanced_accuracy": 0.7233377221856485,
    "accuracy": 0.7387387387387387,
    "log_loss": 0.5832974661442731,
    "roc_auc": 0.7233377221856484,
    "f1": 0.6666666666666666,
    "precision": 0.7631578947368421,
    "recall": 0.5918367346938775,
    "inference_time": 0.0029916763305664062,
    "training_time": 0,
    "dataset": "australian",
    "model": "mlp/simple_nd_nn",
    "fold": "F1",
    "architecture_name": "A0",
    "fs_method": "linear_model",
    "fs_percent": 0.4,
    "fs_n_features": 5
}