{
    "valid_loss": {
        "balanced_accuracy": 0.7843463121240899,
        "accuracy": 0.7882599580712788,
        "log_loss": 0.42560966983996823,
        "roc_auc": 0.7843463121240899,
        "f1": 0.8267581475128645,
        "precision": 0.7088235294117647,
        "recall": 0.9917695473251029
    }
}