{
    "balanced_accuracy": 0.47999784228436776,
    "accuracy": 0.5664596273291925
}