{
    "balanced_accuracy": 0.9180889509088306,
    "accuracy": 0.9181929181929182,
    "log_loss": 0.2381668565152998,
    "roc_auc": 0.9180889509088306,
    "f1": 0.9207100591715977,
    "precision": 0.8963133640552995,
    "recall": 0.9464720194647201,
    "inference_time": 0.019011974334716797,
    "training_time": 0,
    "dataset": "sylvine",
    "model": "mlp/simple_nd_nnw",
    "fold": "F4",
    "architecture_name": "A1",
    "fs_method": "random_5",
    "fs_percent": 0.8,
    "fs_n_features": 16
}