{
    "balanced_accuracy": 0.7532855436081243,
    "accuracy": 0.8489208633093526
}