{
    "valid_loss": {
        "balanced_accuracy": 0.7872296296296296,
        "accuracy": 0.8593730006397953,
        "log_loss": 0.3015295825850904,
        "roc_auc": 0.7872296296296297,
        "f1": 0.9091660467807257,
        "precision": 0.8930021107322618,
        "recall": 0.9259259259259259
    }
}