{
    "balanced_accuracy": 0.7542047138047139,
    "accuracy": 0.8444017914267434,
    "log_loss": 0.3347207075497175,
    "roc_auc": 0.7542047138047139,
    "f1": 0.9006211180124224,
    "precision": 0.875158831003812,
    "recall": 0.9276094276094277,
    "training_time": 0.2855386734008789,
    "inference_time": 0.004928112030029297
}