{
    "balanced_accuracy": 0.3229166666666667,
    "accuracy": 0.8378378378378378
}