{
    "balanced_accuracy": 0.5472529760446774,
    "accuracy": 0.6510681586978637
}