{
    "valid_loss": {
        "balanced_accuracy": 0.8037994275130493,
        "accuracy": 0.8648579472741234,
        "log_loss": 0.2943214881502596,
        "roc_auc": 0.8037994275130493,
        "f1": 0.9119853308884814,
        "precision": 0.9029542828849645,
        "recall": 0.9211988550260987
    }
}