{
    "valid_loss": {
        "balanced_accuracy": 0.771146127946128,
        "accuracy": 0.8499040307101727,
        "log_loss": 0.32376419184615707,
        "roc_auc": 0.771146127946128,
        "f1": 0.9033215198219732,
        "precision": 0.8848700145325368,
        "recall": 0.9225589225589226
    }
}