{
    "balanced_accuracy": 0.5755725717439294,
    "accuracy": 0.7386934673366834
}