{
    "balanced_accuracy": 0.8538512179065174,
    "accuracy": 0.8558558558558559,
    "log_loss": 0.30342049031377705,
    "roc_auc": 0.8538512179065174,
    "f1": 0.8367346938775511,
    "precision": 0.8367346938775511,
    "recall": 0.8367346938775511,
    "inference_time": 0.018167972564697266,
    "training_time": 8.986960237676447,
    "dataset": "australian",
    "model": "transformer/cls",
    "fold": "F1",
    "architecture_name": "A19",
    "fs_method": "random_3",
    "fs_percent": 0.9,
    "fs_n_features": 12
}