{
    "balanced_accuracy": 0.875209100033456,
    "accuracy": 0.8727272727272727,
    "log_loss": 0.29697969606381547,
    "roc_auc": 0.8752091000334561,
    "f1": 0.8627450980392157,
    "precision": 0.8301886792452831,
    "recall": 0.8979591836734694,
    "inference_time": 0.0026459693908691406,
    "training_time": 0,
    "dataset": "australian",
    "model": "mlp/simple_nnw",
    "fold": "F2",
    "architecture_name": "A0",
    "fs_method": "random_3",
    "fs_percent": 0.9,
    "fs_n_features": 12
}