{
    "balanced_accuracy": 0.6959761549925485,
    "accuracy": 0.7101449275362319,
    "log_loss": 0.5430266338024865,
    "roc_auc": 0.6959761549925484,
    "f1": 0.6363636363636364,
    "precision": 0.7142857142857143,
    "recall": 0.5737704918032787,
    "inference_time": 0.0032019615173339844,
    "training_time": 0,
    "dataset": "australian",
    "model": "mlp/simple_nd_nn",
    "architecture_name": "A0",
    "fs_method": "linear_model",
    "fs_percent": 0.6,
    "fs_n_features": 8
}