{
    "balanced_accuracy": 0.4520689069384721,
    "accuracy": 0.6516290726817042
}