{
    "balanced_accuracy": 0.944924328954883,
    "accuracy": 0.9451219512195121,
    "log_loss": 0.15432101605849843,
    "roc_auc": 0.944924328954883,
    "f1": 0.9474912485414235,
    "precision": 0.9123595505617977,
    "recall": 0.9854368932038835,
    "inference_time": 0.12207508087158203,
    "training_time": 52.79298280900524
}