{
    "balanced_accuracy": 0.3566632116968315,
    "accuracy": 0.45714285714285713
}