{
    "balanced_accuracy": 0.6185876380643296,
    "accuracy": 0.7292620865139949
}