{
    "balanced_accuracy": 0.9258283072585349,
    "accuracy": 0.9503083061298513,
    "log_loss": 0.12327388048358735,
    "roc_auc": 0.9258283072585349,
    "f1": 0.9657842157842158,
    "precision": 0.948957055214724,
    "recall": 0.9832189168573608,
    "inference_time": 0.12575602531433105,
    "training_time": 0,
    "dataset": "nomao",
    "model": "mlp/simple_nd",
    "fold": "F2",
    "architecture_name": "A0",
    "fs_method": "none",
    "fs_percent": 1.0,
    "fs_n_features": 118
}