{
  "dropout": 0.06251212430381803,
  "embedding_size": 64,
  "n_head": 16,
  "n_hid": 64,
  "n_layers": 2,
  "numerical_passthrough": false,
  "optimizer__lr": 0.00045484037297727133
}