{
    "balanced_accuracy": 0.8605678635090399,
    "accuracy": 0.9219712525667351
}