{
    "valid_loss": {
        "balanced_accuracy": 0.9316057799273048,
        "accuracy": 0.9317073170731708,
        "log_loss": 0.17279882569736207,
        "roc_auc": 0.9316057799273048,
        "f1": 0.9345794392523364,
        "precision": 0.898876404494382,
        "recall": 0.9732360097323601
    }
}