{
    "balanced_accuracy": 0.6882598881649823,
    "accuracy": 0.8418891170431212
}