{
    "balanced_accuracy": 0.7712092434314657,
    "accuracy": 0.7735849056603774,
    "log_loss": 0.45384232246624495,
    "roc_auc": 0.7712092434314656,
    "f1": 0.8014705882352942,
    "precision": 0.7242524916943521,
    "recall": 0.897119341563786,
    "training_time": 0.09720683097839355,
    "inference_time": 0.0008502006530761719,
    "dataset": "jasmine",
    "model": "xgboost",
    "fold": "F2",
    "architecture_name": "A2",
    "fs_method": "decision_tree",
    "fs_percent": 0.7,
    "fs_n_features": 100
}