{
    "balanced_accuracy": 0.9267204454597373,
    "accuracy": 0.926829268292683,
    "log_loss": 0.1966423838048086,
    "roc_auc": 0.9267204454597373,
    "f1": 0.9287410926365796,
    "precision": 0.9093023255813953,
    "recall": 0.9490291262135923,
    "training_time": 0.13220930099487305,
    "inference_time": 0.0010800361633300781,
    "dataset": "sylvine",
    "model": "xgboost",
    "fold": "F1",
    "architecture_name": "A1",
    "fs_method": "random_1",
    "fs_percent": 0.6,
    "fs_n_features": 12
}