{
    "valid_loss": {
        "balanced_accuracy": 0.9303654394136789,
        "accuracy": 0.9304878048780488,
        "log_loss": 0.1739636666039226,
        "roc_auc": 0.9303654394136789,
        "f1": 0.9339513325608343,
        "precision": 0.8915929203539823,
        "recall": 0.9805352798053528
    }
}