{
    "balanced_accuracy": 0.7421310920577617,
    "accuracy": 0.7303182579564489,
    "log_loss": 0.9187852049343032,
    "roc_auc": 0.7421310920577617,
    "f1": 0.7571644042232277,
    "precision": 0.6502590673575129,
    "recall": 0.9061371841155235,
    "training_time": 6.953286170959473,
    "inference_time": 0.012176275253295898,
    "dataset": "jasmine",
    "model": "mlp/full",
    "architecture_name": "A0",
    "fs_method": "f_classif",
    "fs_percent": 0.4,
    "fs_n_features": 57
}