{
    "balanced_accuracy": 0.5552854706815892,
    "accuracy": 0.22702407002188185
}