{
    "balanced_accuracy": 0.8201125167671005,
    "accuracy": 0.8210335448776065,
    "log_loss": 0.7109564814914726,
    "roc_auc": 0.8201125167671004,
    "f1": 0.8676056338028169,
    "precision": 0.9182282793867121,
    "recall": 0.8222730739893211,
    "inference_time": 0.11722707748413086,
    "training_time": 0,
    "dataset": "nomao",
    "model": "mlp/simple",
    "fold": "F1",
    "architecture_name": "A0",
    "fs_method": "f_classif",
    "fs_percent": 0.4,
    "fs_n_features": 47
}