{
    "balanced_accuracy": 0.6033146719464737,
    "accuracy": 0.7543859649122807
}