{
    "valid_loss": {
        "balanced_accuracy": 0.9321308322390884,
        "accuracy": 0.9546608632571636,
        "log_loss": 0.10821118643500754,
        "roc_auc": 0.9321308322390885,
        "f1": 0.9687343671835918,
        "precision": 0.953001968503937,
        "recall": 0.9849949135300101
    }
}