{
    "balanced_accuracy": 0.9086541467363125,
    "accuracy": 0.9326853329464674,
    "log_loss": 0.2452394179647212,
    "roc_auc": 0.9086541467363125,
    "f1": 0.9536741214057508,
    "precision": 0.9440600909270607,
    "recall": 0.9634859794230382,
    "inference_time": 0.18046879768371582,
    "training_time": 0,
    "dataset": "nomao",
    "model": "mlp/simple_nd",
    "architecture_name": "A1",
    "fs_method": "f_classif",
    "fs_percent": 0.8,
    "fs_n_features": 94
}