{
    "valid_loss": {
        "balanced_accuracy": 0.9315581889243838,
        "accuracy": 0.9317073170731708,
        "log_loss": 0.19187388134226194,
        "roc_auc": 0.9315581889243839,
        "f1": 0.9357798165137615,
        "precision": 0.8850325379609545,
        "recall": 0.9927007299270073
    }
}