{
    "valid_loss": {
        "balanced_accuracy": 0.735,
        "accuracy": 0.972027972027972,
        "log_loss": 0.06394074006239528
    }
}