{
    "balanced_accuracy": 0.7789543020710558,
    "accuracy": 0.8653698489889942,
    "log_loss": 0.30166463073797783,
    "roc_auc": 0.7789543020710558,
    "f1": 0.9143182928815768,
    "precision": 0.885470894462849,
    "recall": 0.9451086041421115,
    "training_time": 0.2731750011444092,
    "inference_time": 0.005487680435180664,
    "dataset": "adult",
    "model": "xgboost",
    "fold": "F3",
    "architecture_name": "A1",
    "fs_method": "f_classif",
    "fs_percent": 0.8,
    "fs_n_features": 11
}