{
  "dropout": 0.29970934629626395,
  "embedding_size": 128,
  "n_head": 16,
  "n_hid": 1024,
  "n_layers": 3,
  "optimizer__lr": 0.000378743063214438
}