{
    "balanced_accuracy": 0.6970046082949308,
    "accuracy": 0.7117117117117117,
    "log_loss": 0.573496772395623,
    "roc_auc": 0.6970046082949308,
    "f1": 0.6363636363636364,
    "precision": 0.717948717948718,
    "recall": 0.5714285714285714,
    "training_time": 0.028632640838623047,
    "inference_time": 0.0005197525024414062,
    "dataset": "australian",
    "model": "xgboost",
    "fold": "F1",
    "architecture_name": "A1",
    "fs_method": "random_1",
    "fs_percent": 0.4,
    "fs_n_features": 5
}