{
    "balanced_accuracy": 0.6539280391739408,
    "accuracy": 0.6594202898550725,
    "log_loss": 0.6326651871670779,
    "roc_auc": 0.6539280391739408,
    "f1": 0.6115702479338843,
    "precision": 0.6166666666666667,
    "recall": 0.6065573770491803,
    "inference_time": 0.0032503604888916016,
    "training_time": 0,
    "dataset": "australian",
    "model": "mlp/simple_nd_nn",
    "architecture_name": "A0",
    "fs_method": "f_classif",
    "fs_percent": 0.7,
    "fs_n_features": 9
}