{
    "balanced_accuracy": 0.6363332218133155,
    "accuracy": 0.6545454545454545,
    "log_loss": 0.626463620958047,
    "roc_auc": 0.6363332218133155,
    "f1": 0.5476190476190477,
    "precision": 0.6571428571428571,
    "recall": 0.46938775510204084,
    "inference_time": 0.003208637237548828,
    "training_time": 0,
    "dataset": "australian",
    "model": "mlp/simple_nd",
    "fold": "F4",
    "architecture_name": "A0",
    "fs_method": "random_5",
    "fs_percent": 0.6,
    "fs_n_features": 8
}