{
    "balanced_accuracy": 0.43427753888623455,
    "accuracy": 0.6616541353383458
}