{
    "valid_loss": {
        "balanced_accuracy": 0.5336050029079451,
        "accuracy": 0.7784138297065737,
        "log_loss": 0.6543590218649606
    }
}