{
    "balanced_accuracy": 0.6560922558922558,
    "accuracy": 0.8150991682661548,
    "log_loss": 0.41718997881057496,
    "roc_auc": 0.656092255892256,
    "f1": 0.8877321109470904,
    "precision": 0.8242677824267782,
    "recall": 0.9617845117845117,
    "training_time": 82.15312957763672,
    "inference_time": 0.1577615737915039,
    "dataset": "adult",
    "model": "mlp/full",
    "fold": "F0",
    "architecture_name": "A0",
    "fs_method": "linear_model",
    "fs_percent": 0.5,
    "fs_n_features": 7
}