{
    "balanced_accuracy": 0.5814135963188335,
    "accuracy": 0.8933260393873085
}