{
    "valid_loss": {
        "balanced_accuracy": 0.802746859740697,
        "accuracy": 0.8640900947018173,
        "log_loss": 0.29912887656703613,
        "roc_auc": 0.8027468597406971,
        "f1": 0.9114852475412569,
        "precision": 0.902459151675194,
        "recall": 0.9206937194813942
    }
}