{
    "balanced_accuracy": 0.848778855804617,
    "accuracy": 0.8545454545454545,
    "log_loss": 0.34642049213456966,
    "roc_auc": 0.848778855804617,
    "f1": 0.8297872340425532,
    "precision": 0.8666666666666667,
    "recall": 0.7959183673469388,
    "training_time": 0.024999141693115234,
    "inference_time": 0.0006353855133056641,
    "dataset": "australian",
    "model": "xgboost",
    "fold": "F2",
    "architecture_name": "A0",
    "fs_method": "random_3",
    "fs_percent": 0.7,
    "fs_n_features": 9
}