{
    "balanced_accuracy": 0.7826968570462994,
    "accuracy": 0.7808219178082192,
    "log_loss": 0.8392668189950946,
    "roc_auc": 0.7826968570462995,
    "f1": 0.7795275590551181,
    "precision": 0.7443609022556391,
    "recall": 0.8181818181818182,
    "inference_time": 0.011896610260009766,
    "training_time": 0,
    "dataset": "kr-vs-kp",
    "model": "mlp/simple",
    "fold": "F4",
    "architecture_name": "A0",
    "fs_method": "random_5",
    "fs_percent": 0.5,
    "fs_n_features": 18
}