{
    "balanced_accuracy": 0.9627659574468085,
    "accuracy": 0.9477611940298507
}