{
  "dropout": 0.01880043235025536,
  "embedding_size": 1024,
  "n_head": 4,
  "n_hid": 128,
  "n_layers": 1,
  "numerical_passthrough": true,
  "optimizer__lr": 4.417531182004047e-05
}