{
    "balanced_accuracy": 0.5753000387146728,
    "accuracy": 0.5862068965517241
}