{
    "balanced_accuracy": 0.7126398946675444,
    "accuracy": 0.7387387387387387,
    "log_loss": 0.6026577537614317,
    "roc_auc": 0.7126398946675445,
    "f1": 0.6233766233766234,
    "precision": 0.8571428571428571,
    "recall": 0.4897959183673469,
    "inference_time": 0.019669532775878906,
    "training_time": 8.986960237676447,
    "dataset": "australian",
    "model": "transformer/cls",
    "fold": "F1",
    "architecture_name": "A19",
    "fs_method": "linear_model",
    "fs_percent": 0.4,
    "fs_n_features": 5
}