{
    "balanced_accuracy": 0.7997658079625293,
    "accuracy": 0.8090909090909091,
    "log_loss": 0.3687999831414247,
    "roc_auc": 0.7997658079625294,
    "f1": 0.7692307692307693,
    "precision": 0.8333333333333334,
    "recall": 0.7142857142857143,
    "training_time": 0.042363882064819336,
    "inference_time": 0.0006103515625,
    "dataset": "australian",
    "model": "xgboost",
    "fold": "F2",
    "architecture_name": "A1",
    "fs_method": "decision_tree",
    "fs_percent": 0.9,
    "fs_n_features": 12
}