{
    "balanced_accuracy": 0.9223972565200711,
    "accuracy": 0.9482758620689655
}