{
    "balanced_accuracy": 0.9779155188246098,
    "accuracy": 0.978515625,
    "log_loss": 0.09022887724670908,
    "roc_auc": 0.9779155188246098,
    "f1": 0.9770354906054279,
    "precision": 0.9873417721518988,
    "recall": 0.9669421487603306,
    "inference_time": 0.05383014678955078,
    "training_time": 76.73010635375977,
    "dataset": "kr-vs-kp",
    "model": "transformer/cls",
    "fold": "F0",
    "architecture_name": "A2",
    "fs_method": "random_3",
    "fs_percent": 0.9,
    "fs_n_features": 32
}