{
    "balanced_accuracy": 0.4142785806427819,
    "accuracy": 0.5430982519590114
}