{
    "balanced_accuracy": 0.7937239057239058,
    "accuracy": 0.872296865003199,
    "log_loss": 0.27557463066267807,
    "roc_auc": 0.7937239057239058,
    "f1": 0.9183439698903616,
    "precision": 0.8933460681311685,
    "recall": 0.9447811447811448,
    "training_time": 0.37157487869262695,
    "inference_time": 0.005827665328979492
}