{
    "balanced_accuracy": 0.7632162076606521,
    "accuracy": 0.7651991614255765,
    "log_loss": 0.5082199567855771,
    "roc_auc": 0.7632162076606521,
    "f1": 0.7902621722846442,
    "precision": 0.7250859106529209,
    "recall": 0.8683127572016461,
    "inference_time": 0.010501623153686523,
    "training_time": 0,
    "dataset": "jasmine",
    "model": "mlp/simple_nd_nn",
    "fold": "F3",
    "architecture_name": "A0",
    "fs_method": "random_2",
    "fs_percent": 0.6,
    "fs_n_features": 86
}