{
    "balanced_accuracy": 0.8972967827907863,
    "accuracy": 0.8975609756097561,
    "log_loss": 0.252988242560142,
    "roc_auc": 0.8972967827907863,
    "f1": 0.9032258064516129,
    "precision": 0.8596491228070176,
    "recall": 0.9514563106796117,
    "inference_time": 0.018539905548095703,
    "training_time": 0,
    "dataset": "sylvine",
    "model": "mlp/simple",
    "fold": "F1",
    "architecture_name": "A0",
    "fs_method": "random_1",
    "fs_percent": 0.6,
    "fs_n_features": 12
}