{
    "balanced_accuracy": 0.6617100371747212,
    "accuracy": 0.6438356164383562,
    "log_loss": 1.605562710681459,
    "roc_auc": 0.6617100371747212,
    "f1": 0.7267267267267268,
    "precision": 0.5707547169811321,
    "recall": 1.0,
    "inference_time": 0.012319087982177734,
    "training_time": 0,
    "dataset": "kr-vs-kp",
    "model": "mlp/simple_nd_nn",
    "fold": "F3",
    "architecture_name": "A1",
    "fs_method": "random_4",
    "fs_percent": 0.5,
    "fs_n_features": 18
}