{
    "balanced_accuracy": 0.754985754985755,
    "accuracy": 0.7568134171907757,
    "log_loss": 0.484555990807027,
    "roc_auc": 0.754985754985755,
    "f1": 0.7811320754716982,
    "precision": 0.7212543554006968,
    "recall": 0.8518518518518519,
    "training_time": 0.06254792213439941,
    "inference_time": 0.0007984638214111328
}