{
    "balanced_accuracy": 0.5629629629629629,
    "accuracy": 0.5806451612903226
}