{
    "balanced_accuracy": 0.7940188552188552,
    "accuracy": 0.8719129878438899,
    "log_loss": 0.2787637521588398,
    "roc_auc": 0.7940188552188552,
    "f1": 0.9180381560632114,
    "precision": 0.893671289654073,
    "recall": 0.9437710437710438,
    "training_time": 0.3612382411956787,
    "inference_time": 0.00603032112121582
}