{
    "valid_loss": {
        "balanced_accuracy": 0.8458015935557306,
        "accuracy": 0.8472803347280334,
        "log_loss": 0.3727618110546708,
        "roc_auc": 0.8458015935557306,
        "f1": 0.8614800759013282,
        "precision": 0.7992957746478874,
        "recall": 0.934156378600823
    }
}