{
    "valid_loss": {
        "balanced_accuracy": 0.7908855218855219,
        "accuracy": 0.8444017914267434,
        "log_loss": 0.3287549365415513,
        "roc_auc": 0.7908855218855217,
        "f1": 0.8972452256210918,
        "precision": 0.9007465218866644,
        "recall": 0.8937710437710438
    }
}