{
    "balanced_accuracy": 0.4055953016773781,
    "accuracy": 0.6099236641221374
}