{
    "balanced_accuracy": 0.8418139237811368,
    "accuracy": 0.8405797101449275,
    "log_loss": 0.35778513309828713,
    "roc_auc": 0.841813923781137,
    "f1": 0.8253968253968254,
    "precision": 0.8,
    "recall": 0.8524590163934426,
    "inference_time": 0.0032427310943603516,
    "training_time": 0,
    "dataset": "australian",
    "model": "mlp/simple_nd_nn",
    "architecture_name": "A0",
    "fs_method": "linear_model",
    "fs_percent": 0.8,
    "fs_n_features": 11
}