{
    "balanced_accuracy": 0.8985048905022505,
    "accuracy": 0.9129488574537541,
    "log_loss": 0.27546918533219844,
    "roc_auc": 0.8985048905022505,
    "f1": 0.9385717942155106,
    "precision": 0.9448595722751868,
    "recall": 0.9323671497584541,
    "inference_time": 0.40334606170654297,
    "training_time": 428.58462623755133
}