{
    "valid_loss": {
        "balanced_accuracy": 0.7994133613518957,
        "accuracy": 0.801255230125523,
        "log_loss": 0.39857557694777884,
        "roc_auc": 0.7994133613518956,
        "f1": 0.8230912476722533,
        "precision": 0.7517006802721088,
        "recall": 0.9094650205761317
    }
}