{
    "balanced_accuracy": 0.7718120805369127,
    "accuracy": 0.7718120805369127
}