{
    "balanced_accuracy": 0.13881310199547883,
    "accuracy": 0.3159044037365037
}