{
    "balanced_accuracy": 0.8586483773837403,
    "accuracy": 0.8454545454545455,
    "log_loss": 0.323452117274451,
    "roc_auc": 0.8586483773837403,
    "f1": 0.8495575221238938,
    "precision": 0.75,
    "recall": 0.9795918367346939,
    "training_time": 0.03482961654663086,
    "inference_time": 0.0006167888641357422,
    "dataset": "australian",
    "model": "xgboost",
    "fold": "F3",
    "architecture_name": "A0",
    "fs_method": "random_3",
    "fs_percent": 0.9,
    "fs_n_features": 12
}