{
    "balanced_accuracy": 0.9111723862484254,
    "accuracy": 0.9119373776908023,
    "log_loss": 0.17771948130218734,
    "roc_auc": 0.9111723862484253,
    "f1": 0.906054279749478,
    "precision": 0.9156118143459916,
    "recall": 0.8966942148760331,
    "training_time": 0.08468222618103027,
    "inference_time": 0.0010898113250732422,
    "dataset": "kr-vs-kp",
    "model": "xgboost",
    "fold": "F4",
    "architecture_name": "A1",
    "fs_method": "random_2",
    "fs_percent": 0.9,
    "fs_n_features": 32
}