{
    "balanced_accuracy": 0.6944262295081967,
    "accuracy": 0.7117117117117117,
    "log_loss": 0.5781390181652629,
    "roc_auc": 0.6944262295081967,
    "f1": 0.6190476190476191,
    "precision": 0.7647058823529411,
    "recall": 0.52,
    "training_time": 0.022469282150268555,
    "inference_time": 0.0005044937133789062,
    "dataset": "australian",
    "model": "xgboost",
    "fold": "F0",
    "architecture_name": "A2",
    "fs_method": "linear_model",
    "fs_percent": 0.4,
    "fs_n_features": 5
}