{
    "balanced_accuracy": 0.40924266651679186,
    "accuracy": 0.6215538847117794
}