{
    "balanced_accuracy": 0.14676382988361505,
    "accuracy": 0.4371970030850595
}