{
  "dropout": 0.02196729653721255,
  "embedding_size": 256,
  "n_head": 8,
  "n_hid": 1024,
  "n_layers": 4,
  "numerical_passthrough": true,
  "optimizer__lr": 0.010321801015082921
}