{
    "balanced_accuracy": 0.7453406072851771,
    "accuracy": 0.8478372152546712,
    "log_loss": 0.3399533942921554,
    "roc_auc": 0.7453406072851771,
    "f1": 0.9039812646370023,
    "precision": 0.8685599006828058,
    "recall": 0.9424145479036875,
    "training_time": 0.2700691223144531,
    "inference_time": 0.005207538604736328
}