{
    "balanced_accuracy": 0.7990107222956158,
    "accuracy": 0.7984344422700587,
    "log_loss": 0.5993035084273721,
    "roc_auc": 0.7990107222956158,
    "f1": 0.7919191919191919,
    "precision": 0.7747035573122529,
    "recall": 0.8099173553719008,
    "inference_time": 0.012138843536376953,
    "training_time": 0,
    "dataset": "kr-vs-kp",
    "model": "mlp/simple_nnw",
    "fold": "F3",
    "architecture_name": "A1",
    "fs_method": "random_5",
    "fs_percent": 0.9,
    "fs_n_features": 32
}