{
    "balanced_accuracy": 0.8602699144173799,
    "accuracy": 0.8558558558558559,
    "log_loss": 0.31261509863054027,
    "roc_auc": 0.8602699144173799,
    "f1": 0.8461538461538461,
    "precision": 0.8,
    "recall": 0.8979591836734694,
    "inference_time": 0.003218412399291992,
    "training_time": 0,
    "dataset": "australian",
    "model": "mlp/simple_nd_nnw",
    "fold": "F1",
    "architecture_name": "A1",
    "fs_method": "decision_tree",
    "fs_percent": 0.9,
    "fs_n_features": 12
}