{
    "balanced_accuracy": 0.7935104377104377,
    "accuracy": 0.8101087651951375,
    "log_loss": 0.3779293933007163,
    "roc_auc": 0.7935104377104377,
    "f1": 0.8685562444641275,
    "precision": 0.9164485981308411,
    "recall": 0.8254208754208754,
    "inference_time": 0.861335039138794,
    "training_time": 269.1218492984772,
    "dataset": "adult",
    "model": "transformer/cls",
    "fold": "F0",
    "architecture_name": "A22",
    "fs_method": "random_4",
    "fs_percent": 0.7,
    "fs_n_features": 9
}