{
    "balanced_accuracy": 0.7672983164983165,
    "accuracy": 0.853486884197057,
    "log_loss": 0.32230105393062997,
    "roc_auc": 0.7672983164983166,
    "f1": 0.9063701038515005,
    "precision": 0.881221179837812,
    "recall": 0.932996632996633,
    "inference_time": 0.17560172080993652,
    "training_time": 0,
    "dataset": "adult",
    "model": "mlp/simple_nd",
    "fold": "F0",
    "architecture_name": "A0",
    "fs_method": "f_classif",
    "fs_percent": 0.8,
    "fs_n_features": 11
}