{
    "balanced_accuracy": 0.5063654102417666,
    "accuracy": 0.5048780487804878,
    "log_loss": 0.9024325351061367,
    "roc_auc": 0.5063654102417666,
    "f1": 0.2902097902097902,
    "precision": 0.51875,
    "recall": 0.20145631067961164,
    "inference_time": 0.017343759536743164,
    "training_time": 0,
    "dataset": "sylvine",
    "model": "mlp/simple_nd",
    "fold": "F0",
    "architecture_name": "A0",
    "fs_method": "random_1",
    "fs_percent": 0.7,
    "fs_n_features": 14
}