{
    "balanced_accuracy": 0.8334426229508196,
    "accuracy": 0.8288288288288288,
    "log_loss": 0.41260938997850233,
    "roc_auc": 0.8334426229508196,
    "f1": 0.822429906542056,
    "precision": 0.7719298245614035,
    "recall": 0.88,
    "training_time": 0.02561497688293457,
    "inference_time": 0.00055694580078125,
    "dataset": "australian",
    "model": "xgboost",
    "fold": "F0",
    "architecture_name": "A0",
    "fs_method": "random_1",
    "fs_percent": 0.5,
    "fs_n_features": 7
}