{
    "balanced_accuracy": 0.6849542087542088,
    "accuracy": 0.8145873320537428,
    "log_loss": 0.4378883678482792,
    "roc_auc": 0.6849542087542088,
    "f1": 0.8845142265083287,
    "precision": 0.8398668079309823,
    "recall": 0.9341750841750842,
    "inference_time": 0.5085937976837158,
    "training_time": 280.8380440643856
}