{
    "balanced_accuracy": 0.948404255319149,
    "accuracy": 0.9477611940298507
}