{
    "balanced_accuracy": 0.848778855804617,
    "accuracy": 0.8545454545454545,
    "log_loss": 0.34444344724867404,
    "roc_auc": 0.848778855804617,
    "f1": 0.8297872340425532,
    "precision": 0.8666666666666667,
    "recall": 0.7959183673469388,
    "training_time": 0.026647567749023438,
    "inference_time": 0.0005640983581542969,
    "dataset": "australian",
    "model": "xgboost",
    "fold": "F2",
    "architecture_name": "A0",
    "fs_method": "random_1",
    "fs_percent": 0.5,
    "fs_n_features": 7
}