{
    "balanced_accuracy": 0.9231791979726233,
    "accuracy": 0.9231707317073171,
    "log_loss": 0.18741836336766232,
    "roc_auc": 0.9231791979726233,
    "f1": 0.9230769230769231,
    "precision": 0.9264705882352942,
    "recall": 0.9197080291970803,
    "inference_time": 0.10509443283081055,
    "training_time": 48.70678048663669
}