{
  "dropout": 0.2819359146160466,
  "embedding_size": 32,
  "n_head": 16,
  "n_hid": 32,
  "n_layers": 3,
  "numerical_passthrough": false,
  "optimizer__lr": 0.0004441495462459798
}