{
    "balanced_accuracy": 0.6776669832225388,
    "accuracy": 0.6834381551362684,
    "log_loss": 0.6543834994889065,
    "roc_auc": 0.6776669832225388,
    "f1": 0.7599364069952306,
    "precision": 0.6191709844559585,
    "recall": 0.9835390946502057,
    "inference_time": 0.051062822341918945,
    "training_time": 41.6348729878664,
    "dataset": "jasmine",
    "model": "transformer/cls",
    "fold": "F4",
    "architecture_name": "A24",
    "fs_method": "random_1",
    "fs_percent": 0.5,
    "fs_n_features": 72
}