{
    "valid_loss": {
        "balanced_accuracy": 0.5084864145429578,
        "accuracy": 0.7613451112711832,
        "log_loss": 0.7250465398622657
    }
}