{
    "balanced_accuracy": 0.752540607285177,
    "accuracy": 0.8512925518300486,
    "log_loss": 0.32583466399979893,
    "roc_auc": 0.7525406072851771,
    "f1": 0.9059566202654581,
    "precision": 0.872214430419199,
    "recall": 0.9424145479036875,
    "inference_time": 0.14547085762023926,
    "training_time": 0,
    "dataset": "adult",
    "model": "mlp/simple_nd_nnw",
    "fold": "F3",
    "architecture_name": "A0",
    "fs_method": "f_classif",
    "fs_percent": 0.9,
    "fs_n_features": 12
}