{
    "balanced_accuracy": 0.7438913952924,
    "accuracy": 0.7976060935799782,
    "log_loss": 0.5186451917715881,
    "roc_auc": 0.7438913952924001,
    "f1": 0.8597637597386278,
    "precision": 0.8499378881987578,
    "recall": 0.8698194762267989,
    "inference_time": 0.10493755340576172,
    "training_time": 0,
    "dataset": "nomao",
    "model": "mlp/simple_nd_nnw",
    "fold": "F2",
    "architecture_name": "A0",
    "fs_method": "f_classif",
    "fs_percent": 0.6,
    "fs_n_features": 70
}