{
    "valid_loss": {
        "balanced_accuracy": 0.7854542576764798,
        "accuracy": 0.7882599580712788,
        "log_loss": 0.4407805158335795,
        "roc_auc": 0.7854542576764798,
        "f1": 0.818018018018018,
        "precision": 0.7275641025641025,
        "recall": 0.934156378600823
    }
}