{
    "balanced_accuracy": 0.8659420289855073,
    "accuracy": 0.8699186991869918
}