{
    "balanced_accuracy": 0.8322467095194368,
    "accuracy": 0.830078125,
    "log_loss": 0.3625117646471484,
    "roc_auc": 0.8322467095194368,
    "f1": 0.8290766208251473,
    "precision": 0.7902621722846442,
    "recall": 0.871900826446281,
    "training_time": 0.07602334022521973,
    "inference_time": 0.0010080337524414062,
    "dataset": "kr-vs-kp",
    "model": "xgboost",
    "fold": "F0",
    "architecture_name": "A3",
    "fs_method": "random_3",
    "fs_percent": 0.4,
    "fs_n_features": 14
}