{
    "balanced_accuracy": 0.5211833455076699,
    "accuracy": 0.332824427480916
}