{
    "balanced_accuracy": 0.7881897513610596,
    "accuracy": 0.8683132838495009,
    "log_loss": 0.29505138986368923,
    "roc_auc": 0.7881897513610597,
    "f1": 0.9158006709761886,
    "precision": 0.8907991085641516,
    "recall": 0.942246169388786,
    "training_time": 0.3287179470062256,
    "inference_time": 0.006969928741455078
}