{
    "balanced_accuracy": 0.11559341603796479,
    "accuracy": 0.37387089667327605
}