{
    "balanced_accuracy": 0.7715257993035771,
    "accuracy": 0.7735849056603774,
    "log_loss": 0.47152666954047534,
    "roc_auc": 0.771525799303577,
    "f1": 0.7985074626865671,
    "precision": 0.7303754266211604,
    "recall": 0.8806584362139918,
    "inference_time": 0.011548042297363281,
    "training_time": 0,
    "dataset": "jasmine",
    "model": "mlp/simple",
    "fold": "F3",
    "architecture_name": "A0",
    "fs_method": "decision_tree",
    "fs_percent": 0.7,
    "fs_n_features": 100
}