{
  "dropout": 0.2200883525739146,
  "embedding_size": 1024,
  "n_head": 2,
  "n_hid": 64,
  "n_layers": 2,
  "numerical_passthrough": false,
  "optimizer__lr": 0.0015343937222202608
}