{
    "balanced_accuracy": 0.4149158648512762,
    "accuracy": 0.6305343511450382
}