{
    "balanced_accuracy": 0.8035537003610108,
    "accuracy": 0.7956448911222781,
    "log_loss": 0.45477742644571273,
    "roc_auc": 0.8035537003610108,
    "f1": 0.8057324840764332,
    "precision": 0.7207977207977208,
    "recall": 0.9133574007220217,
    "training_time": 0.06967329978942871,
    "inference_time": 0.0009851455688476562,
    "dataset": "jasmine",
    "model": "xgboost",
    "architecture_name": "A3",
    "fs_method": "linear_model",
    "fs_percent": 0.6,
    "fs_n_features": 86
}