{
    "balanced_accuracy": 0.8494363929146538,
    "accuracy": 0.8536585365853658
}