{
    "balanced_accuracy": 0.9206211815656251,
    "accuracy": 0.9207317073170732,
    "log_loss": 0.2515603787737743,
    "roc_auc": 0.920621181565625,
    "f1": 0.9243306169965075,
    "precision": 0.8861607142857143,
    "recall": 0.9659367396593674,
    "inference_time": 0.01942276954650879,
    "training_time": 0,
    "dataset": "sylvine",
    "model": "mlp/simple_nd",
    "fold": "F3",
    "architecture_name": "A0",
    "fs_method": "random_5",
    "fs_percent": 0.6,
    "fs_n_features": 12
}