{
  "dropout": 0.2658956486857786,
  "embedding_size": 512,
  "n_head": 4,
  "n_hid": 256,
  "n_layers": 3,
  "numerical_passthrough": true,
  "optimizer__lr": 5.630658043393135e-05
}