{
    "balanced_accuracy": 0.5436251920122888,
    "accuracy": 0.9104046242774566
}