{
    "balanced_accuracy": 0.1970588235294118,
    "accuracy": 0.7444444444444445
}