{
    "balanced_accuracy": 0.9469397512702087,
    "accuracy": 0.9599202031193326,
    "log_loss": 0.10603925831513668,
    "roc_auc": 0.9469397512702087,
    "f1": 0.9720571500821849,
    "precision": 0.9668008048289738,
    "recall": 0.9773709636409865,
    "inference_time": 0.6073062419891357,
    "training_time": 796.2570266723633,
    "dataset": "nomao",
    "model": "transformer/cls",
    "fold": "F2",
    "architecture_name": "A2",
    "fs_method": "none",
    "fs_percent": 1.0,
    "fs_n_features": 118
}