{
    "balanced_accuracy": 0.4969063507960548,
    "accuracy": 0.5863354037267081
}