{
    "balanced_accuracy": 0.4438438609404106,
    "accuracy": 0.5764244799517636
}