{
    "balanced_accuracy": 0.7103244491409337,
    "accuracy": 0.709375
}