{
    "valid_loss": {
        "balanced_accuracy": 0.5654083549508646,
        "accuracy": 0.6495176848874598,
        "log_loss": 1.0070571700120274
    }
}