{
    "balanced_accuracy": 0.8098360655737705,
    "accuracy": 0.8108108108108109,
    "log_loss": 0.369603008643365,
    "roc_auc": 0.8098360655737705,
    "f1": 0.7920792079207921,
    "precision": 0.7843137254901961,
    "recall": 0.8,
    "inference_time": 0.0030558109283447266,
    "training_time": 0,
    "dataset": "australian",
    "model": "mlp/simple_nd",
    "fold": "F0",
    "architecture_name": "A0",
    "fs_method": "random_3",
    "fs_percent": 0.6,
    "fs_n_features": 8
}