{
    "balanced_accuracy": 0.8996381796674542,
    "accuracy": 0.9323951835195126,
    "log_loss": 0.42149976531727185,
    "roc_auc": 0.8996381796674542,
    "f1": 0.9539798538415959,
    "precision": 0.934416715031921,
    "recall": 0.9743796651200323,
    "inference_time": 0.16237640380859375,
    "training_time": 0,
    "dataset": "nomao",
    "model": "mlp/simple_nd_nn",
    "architecture_name": "A1",
    "fs_method": "random_1",
    "fs_percent": 0.8,
    "fs_n_features": 94
}