{
    "balanced_accuracy": 0.5780984719864176,
    "accuracy": 0.5942028985507246
}