{
    "balanced_accuracy": 0.5036377372857661,
    "accuracy": 0.5024390243902439,
    "log_loss": 1.1446852868598343,
    "roc_auc": 0.5036377372857662,
    "f1": 0.023923444976076555,
    "precision": 0.7142857142857143,
    "recall": 0.012165450121654502,
    "inference_time": 0.01886296272277832,
    "training_time": 0,
    "dataset": "sylvine",
    "model": "mlp/simple_nd_nnw",
    "fold": "F3",
    "architecture_name": "A1",
    "fs_method": "random_3",
    "fs_percent": 0.7,
    "fs_n_features": 14
}