{
    "balanced_accuracy": 0.7963555555555555,
    "accuracy": 0.8560460652591171,
    "log_loss": 0.31171407158016384,
    "roc_auc": 0.7963555555555555,
    "f1": 0.9058498619131308,
    "precision": 0.9006490264603095,
    "recall": 0.9111111111111111,
    "training_time": 72.43429899215698,
    "inference_time": 0.15824174880981445,
    "dataset": "adult",
    "model": "mlp/full_nd",
    "fold": "F1",
    "architecture_name": "A0",
    "fs_method": "none",
    "fs_percent": 1.0,
    "fs_n_features": 14
}