{
    "balanced_accuracy": 0.9764508894282466,
    "accuracy": 0.9765166340508806,
    "log_loss": 0.05060516846939306,
    "roc_auc": 0.9764508894282465,
    "f1": 0.9752066115702479,
    "precision": 0.9752066115702479,
    "recall": 0.9752066115702479,
    "training_time": 0.07562613487243652,
    "inference_time": 0.0008866786956787109,
    "dataset": "kr-vs-kp",
    "model": "xgboost",
    "fold": "F4",
    "architecture_name": "A1",
    "fs_method": "random_5",
    "fs_percent": 0.8,
    "fs_n_features": 28
}