{
    "balanced_accuracy": 0.9768656487142462,
    "accuracy": 0.9765166340508806,
    "log_loss": 0.1037524615849339,
    "roc_auc": 0.9768656487142462,
    "f1": 0.9754098360655737,
    "precision": 0.967479674796748,
    "recall": 0.9834710743801653,
    "inference_time": 0.012487411499023438,
    "training_time": 0,
    "dataset": "kr-vs-kp",
    "model": "mlp/simple_nd_nn",
    "fold": "F2",
    "architecture_name": "A1",
    "fs_method": "random_1",
    "fs_percent": 0.9,
    "fs_n_features": 32
}