{
    "balanced_accuracy": 0.7058000972762646,
    "accuracy": 0.7056530214424951
}