{
    "balanced_accuracy": 0.5793650793650793,
    "accuracy": 0.5967741935483871
}