{
    "balanced_accuracy": 0.9594008465323582,
    "accuracy": 0.9671744649981865,
    "log_loss": 0.09552210704587788,
    "roc_auc": 0.9594008465323581,
    "f1": 0.977004192605768,
    "precision": 0.9763839512442865,
    "recall": 0.9776252224764811,
    "training_time": 0.8931703567504883,
    "inference_time": 0.0068988800048828125,
    "dataset": "nomao",
    "model": "xgboost",
    "fold": "F2",
    "architecture_name": "A3",
    "fs_method": "random_5",
    "fs_percent": 0.4,
    "fs_n_features": 47
}