{
    "valid_loss": {
        "balanced_accuracy": 0.7820922558922558,
        "accuracy": 0.8582213691618682,
        "log_loss": 0.30445910769102913,
        "roc_auc": 0.7820922558922557,
        "f1": 0.9087164277475697,
        "precision": 0.8898031623104227,
        "recall": 0.9284511784511784
    }
}