{
    "balanced_accuracy": 0.9326429450566265,
    "accuracy": 0.9459655485040798,
    "log_loss": 0.14367987292715617,
    "roc_auc": 0.9326429450566264,
    "f1": 0.9621827411167513,
    "precision": 0.9604763111223714,
    "recall": 0.9638952453597762,
    "inference_time": 0.562469482421875,
    "training_time": 378.0595488037381
}