{
    "balanced_accuracy": 0.9472497347650952,
    "accuracy": 0.9590134203844759,
    "log_loss": 0.10970428451136978,
    "roc_auc": 0.9472497347650952,
    "f1": 0.9713706612617178,
    "precision": 0.9679373895480939,
    "recall": 0.9748283752860412,
    "inference_time": 1.055495262145996,
    "training_time": 940.4632270232491
}