{
    "balanced_accuracy": 0.4259663865546218,
    "accuracy": 0.15555555555555556
}