{
    "balanced_accuracy": 0.9360013800241505,
    "accuracy": 0.9574223245109321
}