{
  "dropout": 0.21999725712744195,
  "embedding_size": 64,
  "n_head": 2,
  "n_hid": 512,
  "n_layers": 3,
  "numerical_passthrough": false,
  "optimizer__lr": 0.06727307329573708
}