{
    "balanced_accuracy": 0.47475347292280706,
    "accuracy": 0.6641221374045801
}