{
    "balanced_accuracy": 0.3765240857273951,
    "accuracy": 0.511166253101737
}