{
    "balanced_accuracy": 0.7210274790919953,
    "accuracy": 0.8345323741007195
}