{
    "balanced_accuracy": 0.5490399584846912,
    "accuracy": 0.6592592592592592
}