{
    "balanced_accuracy": 0.7401555555555556,
    "accuracy": 0.8377479206653871,
    "log_loss": 0.3429235383855408,
    "roc_auc": 0.7401555555555555,
    "f1": 0.896826688364524,
    "precision": 0.8678740157480315,
    "recall": 0.9277777777777778,
    "inference_time": 0.16881704330444336,
    "training_time": 0,
    "dataset": "adult",
    "model": "mlp/simple",
    "fold": "F2",
    "architecture_name": "A0",
    "fs_method": "random_1",
    "fs_percent": 0.8,
    "fs_n_features": 11
}