{
    "balanced_accuracy": 0.9739700144397677,
    "accuracy": 0.974559686888454,
    "log_loss": 0.06288608404143821,
    "roc_auc": 0.9739700144397676,
    "f1": 0.9728601252609603,
    "precision": 0.9831223628691983,
    "recall": 0.9628099173553719,
    "training_time": 6.313788652420044,
    "inference_time": 0.010544538497924805,
    "dataset": "kr-vs-kp",
    "model": "mlp/full",
    "fold": "F2",
    "architecture_name": "A0",
    "fs_method": "f_classif",
    "fs_percent": 0.8,
    "fs_n_features": 28
}