{
    "balanced_accuracy": 0.43740017311274537,
    "accuracy": 0.5459752788664456
}