{
    "valid_loss": {
        "balanced_accuracy": 0.9376341777586947,
        "accuracy": 0.9377289377289377,
        "log_loss": 0.16890563325242752,
        "roc_auc": 0.9376341777586948,
        "f1": 0.9395017793594306,
        "precision": 0.9166666666666666,
        "recall": 0.9635036496350365
    }
}