{
    "valid_loss": {
        "balanced_accuracy": 0.7830009496676164,
        "accuracy": 0.7861635220125787,
        "log_loss": 0.4371906998833495,
        "roc_auc": 0.7830009496676164,
        "f1": 0.8191489361702128,
        "precision": 0.719626168224299,
        "recall": 0.9506172839506173
    }
}