{
    "valid_loss": {
        "balanced_accuracy": 0.9402813176329305,
        "accuracy": 0.9584768812330009,
        "log_loss": 0.11696093868805812,
        "roc_auc": 0.9402813176329305,
        "f1": 0.9712347695013189,
        "precision": 0.9597815292949354,
        "recall": 0.9829646580218663
    }
}