{
    "balanced_accuracy": 0.5033820075610508,
    "accuracy": 0.6709923664122137
}