{
    "balanced_accuracy": 0.5405060475552486,
    "accuracy": 0.6249623153451914
}