{
    "balanced_accuracy": 0.7391782958164295,
    "accuracy": 0.8453270549698024,
    "log_loss": 0.3319758099936948,
    "roc_auc": 0.7391782958164295,
    "f1": 0.9027733093108552,
    "precision": 0.8677634834240475,
    "recall": 0.9407268338473918,
    "inference_time": 0.18059420585632324,
    "training_time": 0,
    "dataset": "adult",
    "model": "mlp/simple_nd_nnw",
    "architecture_name": "A0",
    "fs_method": "f_classif",
    "fs_percent": 0.9,
    "fs_n_features": 12
}