{
    "balanced_accuracy": 0.6390928663635853,
    "accuracy": 0.8056053237778347,
    "log_loss": 0.45919130458948176,
    "roc_auc": 0.6390928663635853,
    "f1": 0.8823666072949741,
    "precision": 0.8168913105821624,
    "recall": 0.9592523993938373,
    "inference_time": 0.17070388793945312,
    "training_time": 0,
    "dataset": "adult",
    "model": "mlp/simple",
    "fold": "F3",
    "architecture_name": "A0",
    "fs_method": "linear_model",
    "fs_percent": 0.5,
    "fs_n_features": 7
}