{
    "balanced_accuracy": 0.7281224897569737,
    "accuracy": 0.827489122088559,
    "log_loss": 0.37242981427862426,
    "roc_auc": 0.7281224897569737,
    "f1": 0.8901027229740747,
    "precision": 0.8628101785996523,
    "recall": 0.9191783128472807,
    "training_time": 0.3281214237213135,
    "inference_time": 0.005532741546630859,
    "dataset": "adult",
    "model": "xgboost",
    "fold": "F3",
    "architecture_name": "A3",
    "fs_method": "random_1",
    "fs_percent": 0.6,
    "fs_n_features": 8
}