{
    "valid_loss": {
        "balanced_accuracy": 0.5467180691876791,
        "accuracy": 0.780915914777466,
        "log_loss": 0.6642721875632788
    }
}