{
    "balanced_accuracy": 0.9489769270945343,
    "accuracy": 0.949119373776908,
    "log_loss": 0.1092863846213477,
    "roc_auc": 0.9489769270945343,
    "f1": 0.9462809917355371,
    "precision": 0.9462809917355371,
    "recall": 0.9462809917355371,
    "training_time": 0.05991792678833008,
    "inference_time": 0.0007677078247070312,
    "dataset": "kr-vs-kp",
    "model": "xgboost",
    "fold": "F2",
    "architecture_name": "A2",
    "fs_method": "random_2",
    "fs_percent": 0.9,
    "fs_n_features": 32
}