{
    "valid_loss": {
        "balanced_accuracy": 0.9376252325747818,
        "accuracy": 0.9377289377289377,
        "log_loss": 0.16982060282652567,
        "roc_auc": 0.9376252325747818,
        "f1": 0.9396449704142011,
        "precision": 0.9147465437788018,
        "recall": 0.9659367396593674
    }
}