{
    "balanced_accuracy": 0.4925752607256034,
    "accuracy": 0.7042606516290727
}