{
    "balanced_accuracy": 0.7933849245102992,
    "accuracy": 0.8617865369848989,
    "log_loss": 0.29699541972775134,
    "roc_auc": 0.7933849245102991,
    "f1": 0.9104922923918448,
    "precision": 0.8965235841357924,
    "recall": 0.9249031823539317,
    "inference_time": 0.8579206466674805,
    "training_time": 295.08610796928406,
    "dataset": "adult",
    "model": "transformer/cls",
    "fold": "F4",
    "architecture_name": "A22",
    "fs_method": "random_2",
    "fs_percent": 0.8,
    "fs_n_features": 11
}