{
    "balanced_accuracy": 0.5044091710758377,
    "accuracy": 0.5138888888888888
}