{
    "balanced_accuracy": 0.8527935764469723,
    "accuracy": 0.8545454545454545,
    "log_loss": 0.3170119980604106,
    "roc_auc": 0.8527935764469723,
    "f1": 0.8367346938775511,
    "precision": 0.8367346938775511,
    "recall": 0.8367346938775511,
    "inference_time": 0.0033490657806396484,
    "training_time": 0,
    "dataset": "australian",
    "model": "mlp/simple_nd",
    "fold": "F2",
    "architecture_name": "A0",
    "fs_method": "f_classif",
    "fs_percent": 0.9,
    "fs_n_features": 12
}