{
    "balanced_accuracy": 0.8974651842069257,
    "accuracy": 0.8975609756097561,
    "log_loss": 0.24814418641555536,
    "roc_auc": 0.8974651842069256,
    "f1": 0.9016393442622951,
    "precision": 0.8690744920993227,
    "recall": 0.9367396593673966,
    "inference_time": 0.015347003936767578,
    "training_time": 0,
    "dataset": "sylvine",
    "model": "mlp/simple_nnw",
    "fold": "F2",
    "architecture_name": "A0",
    "fs_method": "decision_tree",
    "fs_percent": 0.6,
    "fs_n_features": 12
}