{
    "balanced_accuracy": 0.4715223027631753,
    "accuracy": 0.6557251908396946
}