{
    "balanced_accuracy": 0.5816283840178745,
    "accuracy": 0.6552906877036528
}