{
    "valid_loss": {
        "balanced_accuracy": 0.7983539094650205,
        "accuracy": 0.80083857442348,
        "log_loss": 0.41078285901299433,
        "roc_auc": 0.7983539094650206,
        "f1": 0.8263254113345521,
        "precision": 0.743421052631579,
        "recall": 0.9300411522633745
    }
}