{
    "balanced_accuracy": 0.880859375,
    "accuracy": 0.880859375
}