{
    "valid_loss": {
        "balanced_accuracy": 0.9401681196087599,
        "accuracy": 0.955386289445049,
        "log_loss": 0.11012293485377116,
        "roc_auc": 0.9401681196087598,
        "f1": 0.9689472355465791,
        "precision": 0.9621459012283781,
        "recall": 0.9758454106280193
    }
}