{
    "balanced_accuracy": 0.9607560648446819,
    "accuracy": 0.9693563009972801,
    "log_loss": 0.07953175635350956,
    "roc_auc": 0.9607560648446819,
    "f1": 0.97856689917565,
    "precision": 0.9762145748987854,
    "recall": 0.9809305873379099,
    "training_time": 0.7375435829162598,
    "inference_time": 0.00704503059387207
}