{
    "balanced_accuracy": 0.9388775583225991,
    "accuracy": 0.938949938949939,
    "log_loss": 0.18219208772095108,
    "roc_auc": 0.938877558322599,
    "f1": 0.9403341288782816,
    "precision": 0.9227166276346604,
    "recall": 0.9586374695863747,
    "training_time": 9.015843391418457,
    "inference_time": 0.020342350006103516,
    "dataset": "sylvine",
    "model": "mlp/full",
    "fold": "F4",
    "architecture_name": "A0",
    "fs_method": "linear_model",
    "fs_percent": 0.9,
    "fs_n_features": 18
}