{
    "balanced_accuracy": 0.7726704495512301,
    "accuracy": 0.7734375,
    "log_loss": 1.219492127518261,
    "roc_auc": 0.7726704495512302,
    "f1": 0.7512864493996569,
    "precision": 0.8233082706766918,
    "recall": 0.6908517350157729,
    "inference_time": 0.015319347381591797,
    "training_time": 0,
    "dataset": "kr-vs-kp",
    "model": "mlp/simple",
    "architecture_name": "A0",
    "fs_method": "random_1",
    "fs_percent": 0.8,
    "fs_n_features": 28
}