{
    "balanced_accuracy": 0.9838858336661649,
    "accuracy": 0.9843444227005871,
    "log_loss": 0.04272143037678688,
    "roc_auc": 0.9838858336661648,
    "f1": 0.9833333333333333,
    "precision": 0.9915966386554622,
    "recall": 0.9752066115702479,
    "training_time": 7.438860177993774,
    "inference_time": 0.01072382926940918,
    "dataset": "kr-vs-kp",
    "model": "mlp/full",
    "fold": "F4",
    "architecture_name": "A0",
    "fs_method": "f_classif",
    "fs_percent": 0.8,
    "fs_n_features": 28
}