{
    "balanced_accuracy": 0.6102564102564103,
    "accuracy": 0.6376811594202898
}