{
    "balanced_accuracy": 0.1832466951973574,
    "accuracy": 0.47958015267175574
}