{
    "valid_loss": {
        "balanced_accuracy": 0.9451434500284868,
        "accuracy": 0.9608269858541894,
        "log_loss": 0.09627709397542404,
        "roc_auc": 0.9451434500284868,
        "f1": 0.9727891156462585,
        "precision": 0.9638042935596605,
        "recall": 0.981943031536114
    }
}