{
    "balanced_accuracy": 0.8699359914237096,
    "accuracy": 0.8891911498005078,
    "log_loss": 0.26588996983108437,
    "roc_auc": 0.8699359914237095,
    "f1": 0.9217569471123063,
    "precision": 0.9285345717234262,
    "recall": 0.9150775489448258,
    "inference_time": 0.1304645538330078,
    "training_time": 0,
    "dataset": "nomao",
    "model": "mlp/simple_nd_nn",
    "fold": "F2",
    "architecture_name": "A1",
    "fs_method": "f_classif",
    "fs_percent": 0.7,
    "fs_n_features": 82
}