{
    "balanced_accuracy": 0.39787052668210876,
    "accuracy": 0.6221374045801527
}