{
    "valid_loss": {
        "balanced_accuracy": 0.9287761856867383,
        "accuracy": 0.9517679057116953,
        "log_loss": 0.11695759777603752,
        "roc_auc": 0.9287761856867383,
        "f1": 0.9667333666833416,
        "precision": 0.9512675363032242,
        "recall": 0.9827103991863717
    }
}