{
    "balanced_accuracy": 0.7038493377483444,
    "accuracy": 0.8417085427135679
}