{
    "balanced_accuracy": 0.8191498881431767,
    "accuracy": 0.8193979933110368
}