{
    "valid_loss": {
        "balanced_accuracy": 0.7853414155020486,
        "accuracy": 0.8637061684156642,
        "log_loss": 0.30142682478507604,
        "roc_auc": 0.7853414155020487,
        "f1": 0.9125831076089633,
        "precision": 0.8902946828955798,
        "recall": 0.9360161643374305
    }
}