{
    "balanced_accuracy": 0.9169046259280411,
    "accuracy": 0.9170731707317074,
    "log_loss": 0.22386223011306283,
    "roc_auc": 0.9169046259280411,
    "f1": 0.92018779342723,
    "precision": 0.8909090909090909,
    "recall": 0.9514563106796117,
    "inference_time": 0.016932964324951172,
    "training_time": 0,
    "dataset": "sylvine",
    "model": "mlp/simple_nd_nn",
    "fold": "F0",
    "architecture_name": "A0",
    "fs_method": "f_classif",
    "fs_percent": 0.4,
    "fs_n_features": 8
}