{
    "valid_loss": {
        "balanced_accuracy": 0.7773820829376386,
        "accuracy": 0.779874213836478,
        "log_loss": 0.46110576388021535,
        "roc_auc": 0.7773820829376383,
        "f1": 0.8080438756855576,
        "precision": 0.7269736842105263,
        "recall": 0.9094650205761317
    }
}