{
    "balanced_accuracy": 0.5494983998030527,
    "accuracy": 0.9643366619115549
}