{
    "valid_loss": {
        "balanced_accuracy": 0.610901901713425,
        "accuracy": 0.73125,
        "log_loss": 0.5060597996589637,
        "roc_auc": 0.6109019017134248,
        "f1": 0.410958904109589,
        "precision": 0.5769230769230769,
        "recall": 0.3191489361702128
    }
}