{
    "balanced_accuracy": 0.8511902082559002,
    "accuracy": 0.8667029379760609,
    "log_loss": 0.3343205021099697,
    "roc_auc": 0.8511902082559002,
    "f1": 0.9047310434219054,
    "precision": 0.922548242135871,
    "recall": 0.887589013224822,
    "inference_time": 0.12530088424682617,
    "training_time": 0,
    "dataset": "nomao",
    "model": "mlp/simple_nnw",
    "fold": "F4",
    "architecture_name": "A1",
    "fs_method": "linear_model",
    "fs_percent": 0.4,
    "fs_n_features": 47
}