{
    "balanced_accuracy": 0.8070834427808422,
    "accuracy": 0.8096234309623431,
    "log_loss": 0.4015756762171859,
    "roc_auc": 0.8070834427808423,
    "f1": 0.8366247755834829,
    "precision": 0.7420382165605095,
    "recall": 0.9588477366255144,
    "inference_time": 0.0804891586303711,
    "training_time": 46.02941174166542,
    "dataset": "jasmine",
    "model": "transformer/cls",
    "fold": "F1",
    "architecture_name": "A12",
    "fs_method": "none",
    "fs_percent": 1.0,
    "fs_n_features": 144
}