{
    "valid_loss": {
        "balanced_accuracy": 0.7738880395128248,
        "accuracy": 0.8612746352700281,
        "log_loss": 0.3016112399694132,
        "roc_auc": 0.7738880395128248,
        "f1": 0.9116688396349413,
        "precision": 0.883309647876204,
        "recall": 0.941909412358983
    }
}