{
    "balanced_accuracy": 0.7916995229275412,
    "accuracy": 0.8658817507038649,
    "log_loss": 0.29041138760225477,
    "roc_auc": 0.7916995229275411,
    "f1": 0.9137164498600362,
    "precision": 0.8939906557112937,
    "recall": 0.9343323791884156,
    "inference_time": 0.8769958019256592,
    "training_time": 353.3196819126606
}