{
    "balanced_accuracy": 0.752662192393736,
    "accuracy": 0.7525083612040134
}