{
    "balanced_accuracy": 0.7885649242623238,
    "accuracy": 0.7907949790794979,
    "log_loss": 0.4323750824194447,
    "roc_auc": 0.7885649242623238,
    "f1": 0.8175182481751825,
    "precision": 0.7344262295081967,
    "recall": 0.9218106995884774,
    "inference_time": 0.011926651000976562,
    "training_time": 0,
    "dataset": "jasmine",
    "model": "mlp/simple_nd",
    "fold": "F1",
    "architecture_name": "A0",
    "fs_method": "linear_model",
    "fs_percent": 0.6,
    "fs_n_features": 86
}