{
    "balanced_accuracy": 0.371092545077415,
    "accuracy": 0.4899005125113054
}