{
    "valid_loss": {
        "balanced_accuracy": 0.7314969696969698,
        "accuracy": 0.8309660908509277,
        "log_loss": 0.3621123856285664,
        "roc_auc": 0.7314969696969698,
        "f1": 0.8924529837987463,
        "precision": 0.8641021598612644,
        "recall": 0.9227272727272727
    }
}