{
    "valid_loss": {
        "balanced_accuracy": 0.7685683501683502,
        "accuracy": 0.837108125399872,
        "log_loss": 0.3531597235842926,
        "roc_auc": 0.7685683501683502,
        "f1": 0.8936419082630128,
        "precision": 0.8870459446010948,
        "recall": 0.9003367003367003
    }
}