{
    "balanced_accuracy": 0.5756679889161294,
    "accuracy": 0.6860198624904508
}