{
    "balanced_accuracy": 0.9255218216318786,
    "accuracy": 0.9470655926352128
}