{
    "balanced_accuracy": 0.7355480984340045,
    "accuracy": 0.7357859531772575
}