{
    "balanced_accuracy": 0.5333614892011833,
    "accuracy": 0.6255652698221285
}