{
    "balanced_accuracy": 0.5742959549411163,
    "accuracy": 0.9132947976878613
}