{
    "balanced_accuracy": 0.941749362499616,
    "accuracy": 0.9412915851272016,
    "log_loss": 0.18223585284073585,
    "roc_auc": 0.941749362499616,
    "f1": 0.9387755102040817,
    "precision": 0.9274193548387096,
    "recall": 0.9504132231404959,
    "inference_time": 0.01240682601928711,
    "training_time": 0,
    "dataset": "kr-vs-kp",
    "model": "mlp/simple_nd_nn",
    "fold": "F1",
    "architecture_name": "A1",
    "fs_method": "f_classif",
    "fs_percent": 0.4,
    "fs_n_features": 14
}