{
    "balanced_accuracy": 0.7892551754786907,
    "accuracy": 0.8443898443898444
}