{
    "balanced_accuracy": 0.8165046843533841,
    "accuracy": 0.8179916317991632,
    "log_loss": 0.37980127740818054,
    "roc_auc": 0.8165046843533842,
    "f1": 0.8349146110056926,
    "precision": 0.7746478873239436,
    "recall": 0.9053497942386831,
    "training_time": 0.1095740795135498,
    "inference_time": 0.0017261505126953125
}