{
    "balanced_accuracy": 0.809430187637969,
    "accuracy": 0.8994974874371859
}