{
    "balanced_accuracy": 0.6478262626262626,
    "accuracy": 0.8094689699296225,
    "log_loss": 0.4282111184212045,
    "roc_auc": 0.6478262626262626,
    "f1": 0.8843674768967927,
    "precision": 0.8208159146605161,
    "recall": 0.9585858585858585,
    "training_time": 84.06669569015503,
    "inference_time": 0.16611242294311523,
    "dataset": "adult",
    "model": "mlp/full",
    "fold": "F2",
    "architecture_name": "A0",
    "fs_method": "linear_model",
    "fs_percent": 0.5,
    "fs_n_features": 7
}