{
    "balanced_accuracy": 0.8500106450926124,
    "accuracy": 0.8478260869565217,
    "log_loss": 0.3927859153506247,
    "roc_auc": 0.8500106450926123,
    "f1": 0.8346456692913385,
    "precision": 0.803030303030303,
    "recall": 0.8688524590163934,
    "inference_time": 0.003870725631713867,
    "training_time": 0,
    "dataset": "australian",
    "model": "mlp/simple_nd_nnw",
    "architecture_name": "A1",
    "fs_method": "decision_tree",
    "fs_percent": 0.9,
    "fs_n_features": 12
}