{
    "balanced_accuracy": 0.7071234998064266,
    "accuracy": 0.7103448275862069
}