{
    "balanced_accuracy": 0.9437464306110794,
    "accuracy": 0.9439024390243902,
    "log_loss": 0.14043039759867712,
    "roc_auc": 0.9437464306110793,
    "f1": 0.9458823529411765,
    "precision": 0.9178082191780822,
    "recall": 0.9757281553398058,
    "training_time": 0.10982155799865723,
    "inference_time": 0.0009882450103759766,
    "dataset": "sylvine",
    "model": "xgboost",
    "fold": "F1",
    "architecture_name": "A0",
    "fs_method": "random_4",
    "fs_percent": 0.8,
    "fs_n_features": 16
}