{
    "balanced_accuracy": 0.8613587360585828,
    "accuracy": 0.8667029379760609,
    "log_loss": 0.47788129313488314,
    "roc_auc": 0.8613587360585828,
    "f1": 0.9034038638454461,
    "precision": 0.9349836779107725,
    "recall": 0.8738876175947115,
    "inference_time": 0.41947269439697266,
    "training_time": 428.58462623755133,
    "dataset": "nomao",
    "model": "transformer/cls",
    "fold": "F2",
    "architecture_name": "A24",
    "fs_method": "f_classif",
    "fs_percent": 0.5,
    "fs_n_features": 59
}