{
    "balanced_accuracy": 0.7940412915911395,
    "accuracy": 0.7964774951076321,
    "log_loss": 1.5773702170791892,
    "roc_auc": 0.7940412915911397,
    "f1": 0.776824034334764,
    "precision": 0.8080357142857143,
    "recall": 0.7479338842975206,
    "inference_time": 0.011894941329956055,
    "training_time": 0,
    "dataset": "kr-vs-kp",
    "model": "mlp/simple",
    "fold": "F3",
    "architecture_name": "A0",
    "fs_method": "random_4",
    "fs_percent": 0.6,
    "fs_n_features": 21
}