{
    "balanced_accuracy": 0.49714394516374716,
    "accuracy": 0.504390243902439,
    "log_loss": 1.1771230437095233,
    "roc_auc": 0.49714394516374716,
    "f1": 0.00392156862745098,
    "precision": 0.2,
    "recall": 0.0019801980198019802,
    "inference_time": 0.019317626953125,
    "training_time": 0,
    "dataset": "sylvine",
    "model": "mlp/simple_nnw",
    "architecture_name": "A0",
    "fs_method": "random_1",
    "fs_percent": 0.4,
    "fs_n_features": 8
}