{
    "balanced_accuracy": 0.562982180651328,
    "accuracy": 0.7568922305764411
}