{
    "balanced_accuracy": 0.7488129154795822,
    "accuracy": 0.7526205450733753,
    "log_loss": 0.4882274547540179,
    "roc_auc": 0.7488129154795822,
    "f1": 0.7965517241379311,
    "precision": 0.685459940652819,
    "recall": 0.9506172839506173,
    "inference_time": 0.01262044906616211,
    "training_time": 0,
    "dataset": "jasmine",
    "model": "mlp/simple_nd",
    "fold": "F3",
    "architecture_name": "A0",
    "fs_method": "random_1",
    "fs_percent": 0.7,
    "fs_n_features": 100
}