{
    "balanced_accuracy": 0.94262012266581,
    "accuracy": 0.9426829268292682,
    "log_loss": 0.14815821771093807,
    "roc_auc": 0.94262012266581,
    "f1": 0.9442467378410438,
    "precision": 0.9212962962962963,
    "recall": 0.9683698296836983,
    "training_time": 0.14045047760009766,
    "inference_time": 0.00104522705078125,
    "dataset": "sylvine",
    "model": "xgboost",
    "fold": "F3",
    "architecture_name": "A3",
    "fs_method": "random_3",
    "fs_percent": 0.6,
    "fs_n_features": 12
}