{
    "valid_loss": {
        "balanced_accuracy": 0.7739777777777778,
        "accuracy": 0.8597568777991043,
        "log_loss": 0.30706540783745384,
        "roc_auc": 0.7739777777777778,
        "f1": 0.910530612244898,
        "precision": 0.8838351822503961,
        "recall": 0.9388888888888889
    }
}