{
    "balanced_accuracy": 0.9017434248697285,
    "accuracy": 0.9008159564823209,
    "log_loss": 0.29241132196983305,
    "roc_auc": 0.9017434248697286,
    "f1": 0.9282434736980192,
    "precision": 0.9588075880758807,
    "recall": 0.8995677599796593,
    "inference_time": 0.11322569847106934,
    "training_time": 0,
    "dataset": "nomao",
    "model": "mlp/simple",
    "fold": "F1",
    "architecture_name": "A0",
    "fs_method": "linear_model",
    "fs_percent": 0.5,
    "fs_n_features": 59
}