{
    "valid_loss": {
        "balanced_accuracy": 0.9380583207409314,
        "accuracy": 0.9555757026291931,
        "log_loss": 0.11773534852094482,
        "roc_auc": 0.9380583207409315,
        "f1": 0.969170756260224,
        "precision": 0.9593921275535625,
        "recall": 0.9791507754894483
    }
}