{
    "balanced_accuracy": 0.5110904591014329,
    "accuracy": 0.577639751552795
}