{
    "balanced_accuracy": 0.754285964451449,
    "accuracy": 0.7552301255230126,
    "log_loss": 0.48345471208350244,
    "roc_auc": 0.7542859644514491,
    "f1": 0.7710371819960861,
    "precision": 0.7350746268656716,
    "recall": 0.8106995884773662,
    "inference_time": 0.009724140167236328,
    "training_time": 0,
    "dataset": "jasmine",
    "model": "mlp/simple_nd_nn",
    "fold": "F1",
    "architecture_name": "A0",
    "fs_method": "random_4",
    "fs_percent": 0.5,
    "fs_n_features": 72
}