{
    "balanced_accuracy": 0.6376163206871869,
    "accuracy": 0.7098445595854922
}