{
    "balanced_accuracy": 0.6599656565656566,
    "accuracy": 0.817658349328215,
    "log_loss": 0.4184301190512415,
    "roc_auc": 0.6599656565656565,
    "f1": 0.889251573793425,
    "precision": 0.8258986574274578,
    "recall": 0.9631313131313132,
    "training_time": 87.580983877182,
    "inference_time": 0.15729570388793945,
    "dataset": "adult",
    "model": "mlp/full",
    "fold": "F1",
    "architecture_name": "A0",
    "fs_method": "linear_model",
    "fs_percent": 0.5,
    "fs_n_features": 7
}