{
    "balanced_accuracy": 0.35962652759255054,
    "accuracy": 0.5801526717557252
}