{
    "balanced_accuracy": 0.7578020657646425,
    "accuracy": 0.8070716228467815,
    "log_loss": 0.5233157281689261,
    "roc_auc": 0.7578020657646425,
    "f1": 0.8658936223846736,
    "precision": 0.8585353661584604,
    "recall": 0.8733790999237223,
    "inference_time": 0.10415267944335938,
    "training_time": 0,
    "dataset": "nomao",
    "model": "mlp/simple_nd_nnw",
    "fold": "F0",
    "architecture_name": "A0",
    "fs_method": "f_classif",
    "fs_percent": 0.6,
    "fs_n_features": 70
}