{
    "balanced_accuracy": 0.43967868404155863,
    "accuracy": 0.5455093429776974
}