{
    "balanced_accuracy": 0.9655058527143691,
    "accuracy": 0.9647749510763209,
    "log_loss": 0.2468594068405867,
    "roc_auc": 0.9655058527143691,
    "f1": 0.9634146341463414,
    "precision": 0.948,
    "recall": 0.9793388429752066,
    "inference_time": 0.05427408218383789,
    "training_time": 37.870342731475844,
    "dataset": "kr-vs-kp",
    "model": "transformer/cls",
    "fold": "F4",
    "architecture_name": "A30",
    "fs_method": "f_classif",
    "fs_percent": 0.4,
    "fs_n_features": 14
}