{
    "balanced_accuracy": 0.9265232292460015,
    "accuracy": 0.9258536585365854,
    "log_loss": 0.22263278149410992,
    "roc_auc": 0.9265232292460015,
    "f1": 0.9281663516068053,
    "precision": 0.8878842676311031,
    "recall": 0.9722772277227723,
    "inference_time": 0.019190073013305664,
    "training_time": 0,
    "dataset": "sylvine",
    "model": "mlp/simple_nnw",
    "architecture_name": "A0",
    "fs_method": "f_classif",
    "fs_percent": 0.5,
    "fs_n_features": 10
}