{
    "balanced_accuracy": 0.9352792104652616,
    "accuracy": 0.9353658536585366,
    "log_loss": 0.16433041772567655,
    "roc_auc": 0.9352792104652616,
    "f1": 0.9377203290246768,
    "precision": 0.9068181818181819,
    "recall": 0.9708029197080292,
    "training_time": 0.16240906715393066,
    "inference_time": 0.0013701915740966797,
    "dataset": "sylvine",
    "model": "xgboost",
    "fold": "F2",
    "architecture_name": "A2",
    "fs_method": "random_3",
    "fs_percent": 0.5,
    "fs_n_features": 10
}