{
    "balanced_accuracy": 0.9125253112982109,
    "accuracy": 0.9173014145810664,
    "log_loss": 0.19026261376343764,
    "roc_auc": 0.9125253112982109,
    "f1": 0.940947940947941,
    "precision": 0.9588281868566905,
    "recall": 0.92372234935164,
    "inference_time": 0.14041352272033691,
    "training_time": 0,
    "dataset": "nomao",
    "model": "mlp/simple_nd_nn",
    "fold": "F2",
    "architecture_name": "A1",
    "fs_method": "random_5",
    "fs_percent": 0.8,
    "fs_n_features": 94
}