{
    "balanced_accuracy": 0.5059972756752364,
    "accuracy": 0.6264791630938089
}