{
    "balanced_accuracy": 0.8369565217391304,
    "accuracy": 0.8373983739837398
}