{
    "balanced_accuracy": 0.6512700336700337,
    "accuracy": 0.763659628918746,
    "log_loss": 0.511211759716343,
    "roc_auc": 0.6512700336700337,
    "f1": 0.8479960497078429,
    "precision": 0.8294960553856062,
    "recall": 0.8673400673400673,
    "inference_time": 0.862187385559082,
    "training_time": 284.9610357284546,
    "dataset": "adult",
    "model": "transformer/cls",
    "fold": "F2",
    "architecture_name": "A22",
    "fs_method": "decision_tree",
    "fs_percent": 0.4,
    "fs_n_features": 5
}