{
    "balanced_accuracy": 0.5712603263466922,
    "accuracy": 0.7694235588972431
}