{
    "balanced_accuracy": 0.657143663068019,
    "accuracy": 0.8052825552825553
}