{
    "valid_loss": {
        "balanced_accuracy": 0.7679878787878788,
        "accuracy": 0.8492642354446577,
        "log_loss": 0.3209968488732341,
        "roc_auc": 0.7679878787878788,
        "f1": 0.9031090639907879,
        "precision": 0.8829205532325507,
        "recall": 0.9242424242424242
    }
}