{
    "valid_loss": {
        "balanced_accuracy": 0.8425894948143191,
        "accuracy": 0.8454545454545455,
        "log_loss": 0.32603188493135005,
        "roc_auc": 0.8425894948143191,
        "f1": 0.8247422680412371,
        "precision": 0.8333333333333334,
        "recall": 0.8163265306122449
    }
}