{
    "valid_loss": {
        "balanced_accuracy": 0.7837286195286195,
        "accuracy": 0.8385156749840051,
        "log_loss": 0.3388741222729893,
        "roc_auc": 0.7837286195286195,
        "f1": 0.8932679296346414,
        "precision": 0.8975186947654656,
        "recall": 0.8890572390572391
    }
}