{
    "balanced_accuracy": 0.5698062185576482,
    "accuracy": 0.6536026529996986
}