{
    "balanced_accuracy": 0.5596566488283714,
    "accuracy": 0.655110039192041
}