{
    "balanced_accuracy": 0.7663026274137386,
    "accuracy": 0.7693920335429769,
    "log_loss": 0.46337307519670007,
    "roc_auc": 0.7663026274137386,
    "f1": 0.8042704626334519,
    "precision": 0.7084639498432602,
    "recall": 0.9300411522633745,
    "training_time": 0.04178905487060547,
    "inference_time": 0.0006496906280517578,
    "dataset": "jasmine",
    "model": "xgboost",
    "fold": "F3",
    "architecture_name": "A0",
    "fs_method": "random_3",
    "fs_percent": 0.4,
    "fs_n_features": 57
}