{
    "balanced_accuracy": 0.48550724637681153,
    "accuracy": 0.5040650406504065
}