{
    "balanced_accuracy": 0.4606261859582543,
    "accuracy": 0.35443037974683544
}