{
    "balanced_accuracy": 0.6611842105263157,
    "accuracy": 0.6962962962962963
}