{
    "balanced_accuracy": 0.9072437715028434,
    "accuracy": 0.9416031918752267,
    "log_loss": 0.14270602975638008,
    "roc_auc": 0.9072437715028434,
    "f1": 0.9602076124567474,
    "precision": 0.9341187785525367,
    "recall": 0.9877955758962624,
    "inference_time": 0.16194915771484375,
    "training_time": 0,
    "dataset": "nomao",
    "model": "mlp/simple_nd",
    "fold": "F3",
    "architecture_name": "A1",
    "fs_method": "random_3",
    "fs_percent": 0.8,
    "fs_n_features": 94
}