{
    "balanced_accuracy": 0.6577319865319865,
    "accuracy": 0.8217530390275112,
    "log_loss": 0.37077375397880974,
    "roc_auc": 0.6577319865319866,
    "f1": 0.8924573457886203,
    "precision": 0.8241836589191501,
    "recall": 0.9730639730639731,
    "inference_time": 0.18512821197509766,
    "training_time": 0,
    "dataset": "adult",
    "model": "mlp/simple_nd",
    "fold": "F2",
    "architecture_name": "A0",
    "fs_method": "f_classif",
    "fs_percent": 0.7,
    "fs_n_features": 9
}