{
    "balanced_accuracy": 0.5130072867147842,
    "accuracy": 0.26003276003276005
}