{
    "balanced_accuracy": 0.7534821145932258,
    "accuracy": 0.7547169811320755,
    "log_loss": 0.5071405381111442,
    "roc_auc": 0.7534821145932257,
    "f1": 0.7728155339805826,
    "precision": 0.7316176470588235,
    "recall": 0.8189300411522634,
    "inference_time": 0.012208938598632812,
    "training_time": 0,
    "dataset": "jasmine",
    "model": "mlp/simple_nd",
    "fold": "F3",
    "architecture_name": "A0",
    "fs_method": "random_4",
    "fs_percent": 0.6,
    "fs_n_features": 86
}