{
    "valid_loss": {
        "balanced_accuracy": 0.787882000336757,
        "accuracy": 0.8639621192730995,
        "log_loss": 0.3001615375214499,
        "roc_auc": 0.7878820003367569,
        "f1": 0.9125750472900732,
        "precision": 0.8919614147909968,
        "recall": 0.934164000673514
    }
}