{
    "balanced_accuracy": 0.6080316498316498,
    "accuracy": 0.8030710172744722,
    "log_loss": 0.4408282422196807,
    "roc_auc": 0.6080316498316498,
    "f1": 0.8835590527351138,
    "precision": 0.8023910952315515,
    "recall": 0.982996632996633,
    "inference_time": 0.14730024337768555,
    "training_time": 0,
    "dataset": "adult",
    "model": "mlp/simple_nd_nnw",
    "fold": "F0",
    "architecture_name": "A0",
    "fs_method": "random_2",
    "fs_percent": 0.6,
    "fs_n_features": 8
}