{
    "balanced_accuracy": 0.7824469768914213,
    "accuracy": 0.7861635220125787,
    "log_loss": 0.439848397656329,
    "roc_auc": 0.7824469768914213,
    "f1": 0.8235294117647058,
    "precision": 0.7104477611940299,
    "recall": 0.9794238683127572,
    "inference_time": 0.011914253234863281,
    "training_time": 0,
    "dataset": "jasmine",
    "model": "mlp/simple_nd",
    "fold": "F4",
    "architecture_name": "A0",
    "fs_method": "random_3",
    "fs_percent": 0.8,
    "fs_n_features": 115
}