{
    "valid_loss": {
        "balanced_accuracy": 0.5414499167322226,
        "accuracy": 0.768927474693862,
        "log_loss": 0.7014924653618333
    }
}