{
    "valid_loss": {
        "balanced_accuracy": 0.7911622895622896,
        "accuracy": 0.854254638515675,
        "log_loss": 0.3165999695675781,
        "roc_auc": 0.7911622895622895,
        "f1": 0.9049169379747892,
        "precision": 0.8974995860241762,
        "recall": 0.9124579124579124
    }
}