{
    "valid_loss": {
        "balanced_accuracy": 0.49788968877975,
        "accuracy": 0.7514595496246872,
        "log_loss": 0.7272269051210221
    }
}