{
    "balanced_accuracy": 0.5185185185185185,
    "accuracy": 0.5365853658536586
}