{
    "balanced_accuracy": 0.8163645915418964,
    "accuracy": 0.8179916317991632,
    "log_loss": 0.4217815330321267,
    "roc_auc": 0.8163645915418966,
    "f1": 0.8361581920903954,
    "precision": 0.7708333333333334,
    "recall": 0.9135802469135802,
    "training_time": 0.10474252700805664,
    "inference_time": 0.0008661746978759766,
    "dataset": "jasmine",
    "model": "xgboost",
    "fold": "F1",
    "architecture_name": "A2",
    "fs_method": "random_2",
    "fs_percent": 0.7,
    "fs_n_features": 100
}