{
    "balanced_accuracy": 0.9485116208831901,
    "accuracy": 0.9591947769314473,
    "log_loss": 0.10748162108802968,
    "roc_auc": 0.9485116208831901,
    "f1": 0.9714575669161487,
    "precision": 0.9693670886075949,
    "recall": 0.9735570811085685,
    "inference_time": 0.8256874084472656,
    "training_time": 394.1068742458637,
    "dataset": "nomao",
    "model": "transformer/cls",
    "fold": "F2",
    "architecture_name": "A28",
    "fs_method": "linear_model",
    "fs_percent": 0.9,
    "fs_n_features": 106
}