{
    "valid_loss": {
        "balanced_accuracy": 0.858032786885246,
        "accuracy": 0.8558558558558559,
        "log_loss": 0.38234399807180824,
        "roc_auc": 0.8580327868852459,
        "f1": 0.8461538461538461,
        "precision": 0.8148148148148148,
        "recall": 0.88
    }
}