{
    "valid_loss": {
        "balanced_accuracy": 0.9499751771971798,
        "accuracy": 0.9615524120420748,
        "log_loss": 0.11158796722908446,
        "roc_auc": 0.9499751771971798,
        "f1": 0.9731577614585971,
        "precision": 0.9692307692307692,
        "recall": 0.977116704805492
    }
}