{
    "balanced_accuracy": 0.9618916437098255,
    "accuracy": 0.9609375,
    "log_loss": 0.2351078276579887,
    "roc_auc": 0.9618916437098255,
    "f1": 0.9595141700404858,
    "precision": 0.9404761904761905,
    "recall": 0.9793388429752066,
    "inference_time": 0.011942863464355469,
    "training_time": 0,
    "dataset": "kr-vs-kp",
    "model": "mlp/simple",
    "fold": "F0",
    "architecture_name": "A0",
    "fs_method": "random_5",
    "fs_percent": 0.6,
    "fs_n_features": 21
}