{
    "balanced_accuracy": 0.795368181420191,
    "accuracy": 0.797071129707113,
    "log_loss": 0.41830733028054057,
    "roc_auc": 0.795368181420191,
    "f1": 0.8180112570356473,
    "precision": 0.7517241379310344,
    "recall": 0.897119341563786,
    "training_time": 0.04861950874328613,
    "inference_time": 0.0007462501525878906
}