{
    "balanced_accuracy": 0.44708093111577607,
    "accuracy": 0.4968944099378882
}