{
    "valid_loss": {
        "balanced_accuracy": 0.5210174504149606,
        "accuracy": 0.762415649404807,
        "log_loss": 0.7134453650937506
    }
}