{
    "balanced_accuracy": 0.8744588744588745,
    "accuracy": 0.8541666666666666
}