{
    "balanced_accuracy": 0.7841088952200064,
    "accuracy": 0.7861635220125787,
    "log_loss": 0.43900997010973997,
    "roc_auc": 0.7841088952200064,
    "f1": 0.8097014925373134,
    "precision": 0.7406143344709898,
    "recall": 0.8930041152263375,
    "training_time": 0.0795297622680664,
    "inference_time": 0.0008380413055419922,
    "dataset": "jasmine",
    "model": "xgboost",
    "fold": "F3",
    "architecture_name": "A1",
    "fs_method": "random_3",
    "fs_percent": 0.8,
    "fs_n_features": 115
}