{
    "valid_loss": {
        "balanced_accuracy": 0.7789410113936128,
        "accuracy": 0.8622984386997696,
        "log_loss": 0.2999296836840974,
        "roc_auc": 0.7789410113936129,
        "f1": 0.9120340091563113,
        "precision": 0.8863816939456539,
        "recall": 0.9392153561205591
    }
}