{
    "balanced_accuracy": 0.8345565749235474,
    "accuracy": 0.8920863309352518
}