{
    "balanced_accuracy": 0.5845895860132726,
    "accuracy": 0.3862845445240532
}