{
    "valid_loss": {
        "balanced_accuracy": 0.7942417241959926,
        "accuracy": 0.8594829792679806,
        "log_loss": 0.306365916079288,
        "roc_auc": 0.7942417241959927,
        "f1": 0.9086674430211279,
        "precision": 0.8979122143679106,
        "recall": 0.9196834483919852
    }
}