{
    "balanced_accuracy": 0.8711943793911007,
    "accuracy": 0.8727272727272727,
    "log_loss": 0.31165603987849294,
    "roc_auc": 0.8711943793911008,
    "f1": 0.8571428571428571,
    "precision": 0.8571428571428571,
    "recall": 0.8571428571428571,
    "inference_time": 0.013569116592407227,
    "training_time": 6.4616034371512265,
    "dataset": "australian",
    "model": "transformer/cls",
    "fold": "F2",
    "architecture_name": "A17",
    "fs_method": "none",
    "fs_percent": 1.0,
    "fs_n_features": 14
}