{
    "balanced_accuracy": 0.5343849507666683,
    "accuracy": 0.6536113936927772
}