{
    "balanced_accuracy": 0.5119408528677329,
    "accuracy": 0.7566419992721096
}