{
    "balanced_accuracy": 0.8837789661319073,
    "accuracy": 0.9301848049281314
}