{
    "balanced_accuracy": 0.5127026894625973,
    "accuracy": 0.323499491353001
}