{
    "balanced_accuracy": 0.5503459794798378,
    "accuracy": 0.6476683937823834
}