{
    "balanced_accuracy": 0.7746179966044142,
    "accuracy": 0.7681159420289855
}