{
    "valid_loss": {
        "balanced_accuracy": 0.7828781144781145,
        "accuracy": 0.8588611644273833,
        "log_loss": 0.30251204217787,
        "roc_auc": 0.7828781144781145,
        "f1": 0.9091358431501771,
        "precision": 0.8901435715437974,
        "recall": 0.928956228956229
    }
}