{
    "valid_loss": {
        "balanced_accuracy": 0.9314400940612952,
        "accuracy": 0.9504896626768227,
        "log_loss": 0.12415684969313744,
        "roc_auc": 0.9314400940612952,
        "f1": 0.9656646962646208,
        "precision": 0.9554504728720756,
        "recall": 0.9760996694635139
    }
}