{
    "balanced_accuracy": 0.7727097940169501,
    "accuracy": 0.8578192986946507,
    "log_loss": 0.31617140806108057,
    "roc_auc": 0.7727097940169501,
    "f1": 0.9091800866508625,
    "precision": 0.8835398792500795,
    "recall": 0.9363529213672336,
    "inference_time": 0.5170724391937256,
    "training_time": 240.44788837432856,
    "dataset": "adult",
    "model": "transformer/cls",
    "fold": "F3",
    "architecture_name": "A0",
    "fs_method": "f_classif",
    "fs_percent": 0.8,
    "fs_n_features": 11
}