{
    "balanced_accuracy": 0.7713447417739409,
    "accuracy": 0.7671232876712328,
    "log_loss": 0.6066390738002563,
    "roc_auc": 0.7713447417739407,
    "f1": 0.775894538606403,
    "precision": 0.71280276816609,
    "recall": 0.8512396694214877,
    "inference_time": 0.012184381484985352,
    "training_time": 0,
    "dataset": "kr-vs-kp",
    "model": "mlp/simple_nnw",
    "fold": "F3",
    "architecture_name": "A1",
    "fs_method": "random_1",
    "fs_percent": 0.7,
    "fs_n_features": 25
}