{
    "balanced_accuracy": 0.6426219278420663,
    "accuracy": 0.8054873054873055
}