{
    "balanced_accuracy": 0.9543331603528802,
    "accuracy": 0.9555555555555556
}