{
    "balanced_accuracy": 0.7141617253986298,
    "accuracy": 0.700587084148728,
    "log_loss": 1.1128298989598393,
    "roc_auc": 0.7141617253986298,
    "f1": 0.7544141252006421,
    "precision": 0.6167979002624672,
    "recall": 0.9710743801652892,
    "inference_time": 0.010210752487182617,
    "training_time": 0,
    "dataset": "kr-vs-kp",
    "model": "mlp/simple_nd_nnw",
    "fold": "F2",
    "architecture_name": "A0",
    "fs_method": "random_1",
    "fs_percent": 0.6,
    "fs_n_features": 21
}