{
    "valid_loss": {
        "balanced_accuracy": 0.793336026936027,
        "accuracy": 0.8595009596928983,
        "log_loss": 0.3021193916436696,
        "roc_auc": 0.7933360269360269,
        "f1": 0.9087585175336547,
        "precision": 0.8972760091893666,
        "recall": 0.9205387205387205
    }
}