{
    "balanced_accuracy": 0.7783757575757575,
    "accuracy": 0.8495201535508637,
    "log_loss": 0.3299643749719226,
    "roc_auc": 0.7783757575757575,
    "f1": 0.9023904382470119,
    "precision": 0.8899803536345776,
    "recall": 0.9151515151515152,
    "inference_time": 0.18825602531433105,
    "training_time": 0,
    "dataset": "adult",
    "model": "mlp/simple_nd_nn",
    "fold": "F0",
    "architecture_name": "A1",
    "fs_method": "random_1",
    "fs_percent": 0.8,
    "fs_n_features": 11
}