{
    "valid_loss": {
        "balanced_accuracy": 0.9979338842975207,
        "accuracy": 0.9980430528375733,
        "log_loss": 0.008263761580119187,
        "roc_auc": 0.9979338842975207,
        "f1": 0.9979296066252588,
        "precision": 1.0,
        "recall": 0.9958677685950413
    }
}