{
    "balanced_accuracy": 0.7889363722697056,
    "accuracy": 0.7924528301886793,
    "log_loss": 0.45449409592533485,
    "roc_auc": 0.7889363722697056,
    "f1": 0.8272251308900523,
    "precision": 0.7181818181818181,
    "recall": 0.9753086419753086,
    "inference_time": 0.012131452560424805,
    "training_time": 0,
    "dataset": "jasmine",
    "model": "mlp/simple_nd",
    "fold": "F4",
    "architecture_name": "A0",
    "fs_method": "random_5",
    "fs_percent": 0.7,
    "fs_n_features": 100
}