{
    "balanced_accuracy": 0.9298296554394114,
    "accuracy": 0.9310344827586207
}