{
    "balanced_accuracy": 0.9279382982647131,
    "accuracy": 0.9280487804878049,
    "log_loss": 0.1965594839714672,
    "roc_auc": 0.9279382982647131,
    "f1": 0.9313154831199069,
    "precision": 0.8928571428571429,
    "recall": 0.9732360097323601,
    "training_time": 0.15742135047912598,
    "inference_time": 0.0010046958923339844,
    "dataset": "sylvine",
    "model": "xgboost",
    "fold": "F2",
    "architecture_name": "A1",
    "fs_method": "random_3",
    "fs_percent": 0.8,
    "fs_n_features": 16
}