{
    "balanced_accuracy": 0.7292170022371365,
    "accuracy": 0.7290969899665551
}