{
    "valid_loss": {
        "balanced_accuracy": 0.33012381789922185,
        "accuracy": 0.6169535218742892,
        "log_loss": 1.1042874954891566
    }
}