{
    "valid_loss": {
        "balanced_accuracy": 0.9379347271603402,
        "accuracy": 0.9559383499546691,
        "log_loss": 0.12051808084853252,
        "roc_auc": 0.9379347271603402,
        "f1": 0.969445492267069,
        "precision": 0.9589552238805971,
        "recall": 0.9801678108314263
    }
}