{
    "balanced_accuracy": 0.9314439367980202,
    "accuracy": 0.9317073170731708,
    "log_loss": 0.18652812208709738,
    "roc_auc": 0.9314439367980202,
    "f1": 0.9354838709677419,
    "precision": 0.8903508771929824,
    "recall": 0.9854368932038835,
    "training_time": 11.210079193115234,
    "inference_time": 0.01833820343017578,
    "dataset": "sylvine",
    "model": "mlp/full",
    "fold": "F0",
    "architecture_name": "A0",
    "fs_method": "linear_model",
    "fs_percent": 0.6,
    "fs_n_features": 12
}