{
    "balanced_accuracy": 0.7472430976430976,
    "accuracy": 0.8415866922584773,
    "log_loss": 0.3391087437001058,
    "roc_auc": 0.7472430976430977,
    "f1": 0.8991035044824776,
    "precision": 0.8714060031595576,
    "recall": 0.9286195286195286,
    "training_time": 0.23347187042236328,
    "inference_time": 0.003495931625366211,
    "dataset": "adult",
    "model": "xgboost",
    "fold": "F0",
    "architecture_name": "A0",
    "fs_method": "random_1",
    "fs_percent": 0.5,
    "fs_n_features": 7
}