{
    "balanced_accuracy": 0.9446052230523192,
    "accuracy": 0.9557490025389916,
    "log_loss": 0.12003725547625253,
    "roc_auc": 0.9446052230523192,
    "f1": 0.969027671997969,
    "precision": 0.9673086670045615,
    "recall": 0.9707527975584944,
    "inference_time": 0.11673188209533691,
    "training_time": 0,
    "dataset": "nomao",
    "model": "mlp/simple",
    "fold": "F4",
    "architecture_name": "A0",
    "fs_method": "f_classif",
    "fs_percent": 0.9,
    "fs_n_features": 106
}