{
    "balanced_accuracy": 0.7430521861143852,
    "accuracy": 0.8496288712567187,
    "log_loss": 0.32509403476516735,
    "roc_auc": 0.7430521861143853,
    "f1": 0.9055086449537596,
    "precision": 0.8666871921182266,
    "recall": 0.947971038895437,
    "inference_time": 0.1966841220855713,
    "training_time": 0,
    "dataset": "adult",
    "model": "mlp/simple_nd",
    "fold": "F3",
    "architecture_name": "A0",
    "fs_method": "random_5",
    "fs_percent": 0.9,
    "fs_n_features": 12
}