{
    "valid_loss": {
        "balanced_accuracy": 0.8415462744067945,
        "accuracy": 0.8430962343096234,
        "log_loss": 0.3713688861515084,
        "roc_auc": 0.8415462744067944,
        "f1": 0.8582230623818525,
        "precision": 0.7937062937062938,
        "recall": 0.934156378600823
    }
}