{
    "balanced_accuracy": 0.9155482581382067,
    "accuracy": 0.9158536585365854,
    "log_loss": 0.2003854582903053,
    "roc_auc": 0.9155482581382067,
    "f1": 0.9211428571428572,
    "precision": 0.8704103671706264,
    "recall": 0.9781553398058253,
    "inference_time": 0.019280195236206055,
    "training_time": 0,
    "dataset": "sylvine",
    "model": "mlp/simple_nd",
    "fold": "F1",
    "architecture_name": "A0",
    "fs_method": "random_5",
    "fs_percent": 0.9,
    "fs_n_features": 18
}