{
    "balanced_accuracy": 0.7587052864830642,
    "accuracy": 0.7610062893081762,
    "log_loss": 0.47271233026166104,
    "roc_auc": 0.7587052864830642,
    "f1": 0.7896678966789668,
    "precision": 0.7157190635451505,
    "recall": 0.8806584362139918,
    "training_time": 0.055236101150512695,
    "inference_time": 0.0007443428039550781,
    "dataset": "jasmine",
    "model": "xgboost",
    "fold": "F3",
    "architecture_name": "A1",
    "fs_method": "random_3",
    "fs_percent": 0.4,
    "fs_n_features": 57
}