{
    "balanced_accuracy": 0.9083297552597681,
    "accuracy": 0.9084249084249084,
    "log_loss": 0.24514991383373333,
    "roc_auc": 0.9083297552597681,
    "f1": 0.9110320284697508,
    "precision": 0.8888888888888888,
    "recall": 0.9343065693430657,
    "inference_time": 0.01545405387878418,
    "training_time": 0,
    "dataset": "sylvine",
    "model": "mlp/simple_nnw",
    "fold": "F4",
    "architecture_name": "A0",
    "fs_method": "random_4",
    "fs_percent": 0.7,
    "fs_n_features": 14
}