{
    "valid_loss": {
        "balanced_accuracy": 0.5416846962793704,
        "accuracy": 0.7802335279399499,
        "log_loss": 0.6759633635413168
    }
}