{
    "balanced_accuracy": 0.9979338842975207,
    "accuracy": 0.9980430528375733,
    "log_loss": 0.0025258701059216555,
    "roc_auc": 0.9979338842975207,
    "f1": 0.9979296066252588,
    "precision": 1.0,
    "recall": 0.9958677685950413,
    "inference_time": 0.07605624198913574,
    "training_time": 78.43585258967258,
    "dataset": "kr-vs-kp",
    "model": "transformer/cls",
    "fold": "F3",
    "architecture_name": "A31",
    "fs_method": "none",
    "fs_percent": 1.0,
    "fs_n_features": 36
}