{
    "balanced_accuracy": 0.7944761000316556,
    "accuracy": 0.7966457023060797,
    "log_loss": 0.42109757853830926,
    "roc_auc": 0.7944761000316556,
    "f1": 0.8200371057513914,
    "precision": 0.7466216216216216,
    "recall": 0.9094650205761317,
    "inference_time": 0.0892643928527832,
    "training_time": 85.66127419471741
}