{
    "valid_loss": {
        "balanced_accuracy": 0.809597216141887,
        "accuracy": 0.8622984386997696,
        "log_loss": 0.29545113293497677,
        "roc_auc": 0.809597216141887,
        "f1": 0.9095494283792872,
        "precision": 0.908175256001343,
        "recall": 0.9109277656171073
    }
}