{
    "balanced_accuracy": 0.5575331125827814,
    "accuracy": 0.7814070351758794
}