{
    "valid_loss": {
        "balanced_accuracy": 0.3344727124625251,
        "accuracy": 0.6169156114944272,
        "log_loss": 1.104489072929294
    }
}