{
    "balanced_accuracy": 0.8699677938808373,
    "accuracy": 0.8699186991869918
}