{
    "balanced_accuracy": 0.7370747335442938,
    "accuracy": 0.8665132336018412
}