{
    "balanced_accuracy": 0.6891937102709936,
    "accuracy": 0.6909090909090909,
    "log_loss": 0.5625082303582687,
    "roc_auc": 0.6891937102709936,
    "f1": 0.66,
    "precision": 0.6470588235294118,
    "recall": 0.673469387755102,
    "inference_time": 0.009266853332519531,
    "training_time": 3.974736213684082,
    "dataset": "australian",
    "model": "transformer/cls",
    "fold": "F4",
    "architecture_name": "A16",
    "fs_method": "linear_model",
    "fs_percent": 0.5,
    "fs_n_features": 7
}