{
    "valid_loss": {
        "balanced_accuracy": 0.7678062678062678,
        "accuracy": 0.7714884696016772,
        "log_loss": 0.4638278528641641,
        "roc_auc": 0.7678062678062677,
        "f1": 0.8110918544194108,
        "precision": 0.7005988023952096,
        "recall": 0.9629629629629629
    }
}