{
    "balanced_accuracy": 0.5296228418083605,
    "accuracy": 0.6246608381067229
}