{
    "balanced_accuracy": 0.875925925925926,
    "accuracy": 0.8790322580645161
}