{
    "balanced_accuracy": 0.49576473395371035,
    "accuracy": 0.6476683937823834
}