{
    "balanced_accuracy": 0.9485287381593653,
    "accuracy": 0.9581142339075249,
    "log_loss": 0.11586169413696176,
    "roc_auc": 0.9485287381593653,
    "f1": 0.9706443004193671,
    "precision": 0.9702743902439024,
    "recall": 0.9710144927536232,
    "training_time": 0.9103951454162598,
    "inference_time": 0.009075164794921875,
    "dataset": "nomao",
    "model": "xgboost",
    "fold": "F0",
    "architecture_name": "A3",
    "fs_method": "random_4",
    "fs_percent": 0.4,
    "fs_n_features": 47
}