{
    "balanced_accuracy": 0.911505951617533,
    "accuracy": 0.9203989120580236,
    "log_loss": 0.23211517721522285,
    "roc_auc": 0.911505951617533,
    "f1": 0.9435224495046958,
    "precision": 0.9549479166666667,
    "recall": 0.9323671497584541,
    "inference_time": 0.1271359920501709,
    "training_time": 0,
    "dataset": "nomao",
    "model": "mlp/simple_nnw",
    "fold": "F0",
    "architecture_name": "A1",
    "fs_method": "random_5",
    "fs_percent": 0.9,
    "fs_n_features": 106
}