{
    "balanced_accuracy": 0.3268494999401658,
    "accuracy": 0.45343851826444864
}