{
    "valid_loss": {
        "balanced_accuracy": 0.5809688224978994,
        "accuracy": 0.6704180064308681,
        "log_loss": 0.9395075448041665
    }
}