{
    "valid_loss": {
        "balanced_accuracy": 0.8015533030252007,
        "accuracy": 0.8658817507038649,
        "log_loss": 0.29203988466257363,
        "roc_auc": 0.8015533030252006,
        "f1": 0.9129423492274464,
        "precision": 0.9009673717002787,
        "recall": 0.9252399393837346
    }
}