{
    "balanced_accuracy": 0.7595758151313707,
    "accuracy": 0.7631027253668763,
    "log_loss": 0.49191883865289365,
    "roc_auc": 0.7595758151313706,
    "f1": 0.8027923211169284,
    "precision": 0.696969696969697,
    "recall": 0.9465020576131687,
    "inference_time": 0.012624979019165039,
    "training_time": 0,
    "dataset": "jasmine",
    "model": "mlp/simple",
    "fold": "F3",
    "architecture_name": "A0",
    "fs_method": "random_3",
    "fs_percent": 0.7,
    "fs_n_features": 100
}