{
    "balanced_accuracy": 0.7696838300499522,
    "accuracy": 0.8332480163808549,
    "log_loss": 0.36287102842974056,
    "roc_auc": 0.7696838300499523,
    "f1": 0.8904765907371607,
    "precision": 0.8890567304464585,
    "recall": 0.8919009934332379,
    "inference_time": 0.22749853134155273,
    "training_time": 0,
    "dataset": "adult",
    "model": "mlp/simple",
    "fold": "F4",
    "architecture_name": "A0",
    "fs_method": "decision_tree",
    "fs_percent": 0.8,
    "fs_n_features": 11
}