{
    "balanced_accuracy": 0.5467151129985821,
    "accuracy": 0.6923664122137405
}