{
    "balanced_accuracy": 0.6641152049818371,
    "accuracy": 0.7333333333333333
}