{
    "balanced_accuracy": 0.8810278014437334,
    "accuracy": 0.8984329657573998
}