{
    "balanced_accuracy": 0.49670953184932004,
    "accuracy": 0.6351145038167939
}