{
    "balanced_accuracy": 0.6966034826773082,
    "accuracy": 0.7521628498727735
}