{
    "valid_loss": {
        "balanced_accuracy": 0.9338830192271084,
        "accuracy": 0.9341463414634147,
        "log_loss": 0.17775358105637962,
        "roc_auc": 0.9338830192271084,
        "f1": 0.9377880184331797,
        "precision": 0.8925438596491229,
        "recall": 0.9878640776699029
    }
}