{
    "balanced_accuracy": 0.7215164983164983,
    "accuracy": 0.8299424184261036,
    "log_loss": 0.36934496982175413,
    "roc_auc": 0.7215164983164983,
    "f1": 0.8926234143976731,
    "precision": 0.8581637408730776,
    "recall": 0.92996632996633,
    "training_time": 0.2068779468536377,
    "inference_time": 0.004300355911254883,
    "dataset": "adult",
    "model": "xgboost",
    "fold": "F2",
    "architecture_name": "A0",
    "fs_method": "f_classif",
    "fs_percent": 0.4,
    "fs_n_features": 5
}