{
    "valid_loss": {
        "balanced_accuracy": 0.6032711565893253,
        "accuracy": 0.6772775991425509,
        "log_loss": 0.9165731162224393
    }
}