{
    "balanced_accuracy": 0.8223973382365817,
    "accuracy": 0.8242677824267782,
    "log_loss": 0.40333365408679855,
    "roc_auc": 0.8223973382365817,
    "f1": 0.8438661710037175,
    "precision": 0.7694915254237288,
    "recall": 0.934156378600823,
    "training_time": 0.05941009521484375,
    "inference_time": 0.0007042884826660156,
    "dataset": "jasmine",
    "model": "xgboost",
    "fold": "F1",
    "architecture_name": "A0",
    "fs_method": "random_2",
    "fs_percent": 0.6,
    "fs_n_features": 86
}