{
    "valid_loss": {
        "balanced_accuracy": 0.5871405386895502,
        "accuracy": 0.672347266881029,
        "log_loss": 0.9828841783477584
    }
}