{
    "balanced_accuracy": 0.5612659698025552,
    "accuracy": 0.5724137931034483
}