{
    "balanced_accuracy": 0.9308605524788975,
    "accuracy": 0.9503916449086162
}