{
    "balanced_accuracy": 0.9544344717797463,
    "accuracy": 0.9546875,
    "log_loss": 0.12611125165135761,
    "roc_auc": 0.9544344717797463,
    "f1": 0.9529983792544571,
    "precision": 0.98,
    "recall": 0.9274447949526814,
    "inference_time": 0.014920234680175781,
    "training_time": 0,
    "dataset": "kr-vs-kp",
    "model": "mlp/simple_nnw",
    "architecture_name": "A1",
    "fs_method": "decision_tree",
    "fs_percent": 0.6,
    "fs_n_features": 21
}