{
    "balanced_accuracy": 0.5302607171999993,
    "accuracy": 0.5950310559006211
}