{
    "balanced_accuracy": 0.7345744680851064,
    "accuracy": 0.7686567164179104
}