{
    "balanced_accuracy": 0.9479214425880755,
    "accuracy": 0.9599593790802263,
    "log_loss": 0.1153122594322855,
    "roc_auc": 0.9479214425880755,
    "f1": 0.9722501508143977,
    "precision": 0.9691320905993185,
    "recall": 0.9753883397216058,
    "inference_time": 0.14333343505859375,
    "training_time": 0,
    "dataset": "nomao",
    "model": "mlp/simple",
    "architecture_name": "A0",
    "fs_method": "decision_tree",
    "fs_percent": 0.9,
    "fs_n_features": 106
}