{
    "valid_loss": {
        "balanced_accuracy": 0.5773350111157206,
        "accuracy": 0.7933884297520661,
        "log_loss": 0.6444608020372251
    }
}