{
    "balanced_accuracy": 0.7399355877616747,
    "accuracy": 0.7398373983739838
}