{
    "valid_loss": {
        "balanced_accuracy": 0.7823238929112646,
        "accuracy": 0.862170463271052,
        "log_loss": 0.30109038210054195,
        "roc_auc": 0.7823238929112646,
        "f1": 0.91167063068974,
        "precision": 0.8887112248161176,
        "recall": 0.935847785822529
    }
}