{
    "balanced_accuracy": 0.9710144927536232,
    "accuracy": 0.967479674796748
}