{
    "balanced_accuracy": 0.8298360655737704,
    "accuracy": 0.8288288288288288,
    "log_loss": 0.3635812288170219,
    "roc_auc": 0.8298360655737704,
    "f1": 0.8155339805825242,
    "precision": 0.7924528301886793,
    "recall": 0.84,
    "training_time": 1.044358491897583,
    "inference_time": 0.0029311180114746094,
    "dataset": "australian",
    "model": "mlp/full_nd_nn",
    "fold": "F0",
    "architecture_name": "A0",
    "fs_method": "none",
    "fs_percent": 1.0,
    "fs_n_features": 14
}