{
    "balanced_accuracy": 0.9169641157433848,
    "accuracy": 0.9170731707317074,
    "log_loss": 0.22950182133584449,
    "roc_auc": 0.9169641157433848,
    "f1": 0.9192399049881235,
    "precision": 0.9,
    "recall": 0.9393203883495146,
    "inference_time": 0.019661664962768555,
    "training_time": 0,
    "dataset": "sylvine",
    "model": "mlp/simple_nd_nnw",
    "fold": "F1",
    "architecture_name": "A1",
    "fs_method": "random_4",
    "fs_percent": 0.7,
    "fs_n_features": 14
}