{
    "balanced_accuracy": 0.9611842105263158,
    "accuracy": 0.9555555555555556
}