{
    "balanced_accuracy": 0.7233785984208424,
    "accuracy": 0.7299412915851272,
    "log_loss": 2.1992477665703283,
    "roc_auc": 0.7233785984208425,
    "f1": 0.677570093457944,
    "precision": 0.7795698924731183,
    "recall": 0.5991735537190083,
    "inference_time": 0.011202812194824219,
    "training_time": 0,
    "dataset": "kr-vs-kp",
    "model": "mlp/simple_nd",
    "fold": "F2",
    "architecture_name": "A0",
    "fs_method": "random_2",
    "fs_percent": 0.7,
    "fs_n_features": 25
}