{
    "balanced_accuracy": 0.16666666666666666,
    "accuracy": 0.26666666666666666
}