{
    "balanced_accuracy": 0.769070707070707,
    "accuracy": 0.8098528470889316,
    "log_loss": 0.3942374179212672,
    "roc_auc": 0.769070707070707,
    "f1": 0.8713865328024927,
    "precision": 0.8966868542928393,
    "recall": 0.8474747474747475,
    "inference_time": 0.8484377861022949,
    "training_time": 284.9610357284546,
    "dataset": "adult",
    "model": "transformer/cls",
    "fold": "F2",
    "architecture_name": "A22",
    "fs_method": "random_5",
    "fs_percent": 0.5,
    "fs_n_features": 7
}