{
    "valid_loss": {
        "balanced_accuracy": 0.6009179438486416,
        "accuracy": 0.6779933540572408,
        "log_loss": 0.927544658664855
    }
}