{
    "balanced_accuracy": 0.8300653594771241,
    "accuracy": 0.8369905956112853
}