{
    "balanced_accuracy": 0.9047069557750107,
    "accuracy": 0.9047619047619048,
    "log_loss": 0.24732971830515368,
    "roc_auc": 0.9047069557750106,
    "f1": 0.9064748201438849,
    "precision": 0.8936170212765957,
    "recall": 0.9197080291970803,
    "inference_time": 0.018882036209106445,
    "training_time": 0,
    "dataset": "sylvine",
    "model": "mlp/simple_nd_nnw",
    "fold": "F4",
    "architecture_name": "A1",
    "fs_method": "random_2",
    "fs_percent": 0.5,
    "fs_n_features": 10
}