{
    "balanced_accuracy": 0.9857445697256444,
    "accuracy": 0.9863013698630136,
    "log_loss": 0.08042866374493873,
    "roc_auc": 0.9857445697256444,
    "f1": 0.9853862212943633,
    "precision": 0.9957805907172996,
    "recall": 0.9752066115702479,
    "inference_time": 0.0564272403717041,
    "training_time": 73.7256179397756,
    "dataset": "kr-vs-kp",
    "model": "transformer/cls",
    "fold": "F3",
    "architecture_name": "A30",
    "fs_method": "linear_model",
    "fs_percent": 0.7,
    "fs_n_features": 25
}