{
    "balanced_accuracy": 0.5806620777789805,
    "accuracy": 0.6558167570825799
}