{
    "balanced_accuracy": 0.48901146306674,
    "accuracy": 0.6641604010025063
}