{
    "balanced_accuracy": 0.8010446343779677,
    "accuracy": 0.8029350104821803,
    "log_loss": 0.4383394224144026,
    "roc_auc": 0.8010446343779676,
    "f1": 0.8233082706766918,
    "precision": 0.7577854671280276,
    "recall": 0.9012345679012346,
    "training_time": 0.07086014747619629,
    "inference_time": 0.0007812976837158203,
    "dataset": "jasmine",
    "model": "xgboost",
    "fold": "F3",
    "architecture_name": "A1",
    "fs_method": "random_3",
    "fs_percent": 0.6,
    "fs_n_features": 86
}