{
    "valid_loss": {
        "balanced_accuracy": 0.7568059512503957,
        "accuracy": 0.7610062893081762,
        "log_loss": 0.4727938198686633,
        "roc_auc": 0.7568059512503956,
        "f1": 0.8067796610169492,
        "precision": 0.6858789625360231,
        "recall": 0.9794238683127572
    }
}