{
  "dropout": 0.26118990092995537,
  "embedding_size": 512,
  "n_head": 4,
  "n_hid": 1024,
  "n_layers": 2,
  "numerical_passthrough": true,
  "optimizer__lr": 0.0004966945784486849
}