{
    "valid_loss": {
        "balanced_accuracy": 0.5359854319825765,
        "accuracy": 0.7712866782925165,
        "log_loss": 0.6910170052524905
    }
}