{
    "balanced_accuracy": 0.810410900574835,
    "accuracy": 0.8188405797101449,
    "log_loss": 0.4330244939237289,
    "roc_auc": 0.810410900574835,
    "f1": 0.782608695652174,
    "precision": 0.8333333333333334,
    "recall": 0.7377049180327869,
    "training_time": 0.015835285186767578,
    "inference_time": 0.0006086826324462891,
    "dataset": "australian",
    "model": "xgboost",
    "architecture_name": "A0",
    "fs_method": "random_5",
    "fs_percent": 0.5,
    "fs_n_features": 7
}