{
    "valid_loss": {
        "balanced_accuracy": 0.9269818800776382,
        "accuracy": 0.9535727239753355,
        "log_loss": 0.12343239650178678,
        "roc_auc": 0.9269818800776382,
        "f1": 0.9681512814132869,
        "precision": 0.9478684531059683,
        "recall": 0.9893211289092296
    }
}