{
    "balanced_accuracy": 0.4099318844051337,
    "accuracy": 0.6053435114503817
}