{
    "valid_loss": {
        "balanced_accuracy": 0.8732017397122783,
        "accuracy": 0.8727272727272727,
        "log_loss": 0.4282825153477354,
        "roc_auc": 0.8732017397122782,
        "f1": 0.86,
        "precision": 0.8431372549019608,
        "recall": 0.8775510204081632
    }
}