{
    "valid_loss": {
        "balanced_accuracy": 0.8691870190699231,
        "accuracy": 0.8727272727272727,
        "log_loss": 0.4188424811799948,
        "roc_auc": 0.8691870190699231,
        "f1": 0.8541666666666666,
        "precision": 0.8723404255319149,
        "recall": 0.8367346938775511
    }
}