{
    "valid_loss": {
        "balanced_accuracy": 0.7756999270359768,
        "accuracy": 0.8565395444074738,
        "log_loss": 0.31777949357595664,
        "roc_auc": 0.775699927035977,
        "f1": 0.9079714309170019,
        "precision": 0.8859339955142582,
        "recall": 0.931133187405287
    }
}