{
    "balanced_accuracy": 0.3782467633675758,
    "accuracy": 0.5355635925256178
}