{
    "balanced_accuracy": 0.8364001338240215,
    "accuracy": 0.8363636363636363,
    "log_loss": 0.4078484858486904,
    "roc_auc": 0.8364001338240215,
    "f1": 0.82,
    "precision": 0.803921568627451,
    "recall": 0.8367346938775511,
    "inference_time": 0.003234386444091797,
    "training_time": 0,
    "dataset": "australian",
    "model": "mlp/simple_nd_nnw",
    "fold": "F4",
    "architecture_name": "A1",
    "fs_method": "linear_model",
    "fs_percent": 0.8,
    "fs_n_features": 11
}