{
    "valid_loss": {
        "balanced_accuracy": 0.7929937924454173,
        "accuracy": 0.85398003583312,
        "log_loss": 0.31484540360264657,
        "roc_auc": 0.7929937924454172,
        "f1": 0.9045427926043671,
        "precision": 0.8989025606917194,
        "recall": 0.9102542515575013
    }
}