{
    "valid_loss": {
        "balanced_accuracy": 0.7747581298759612,
        "accuracy": 0.8620424878423343,
        "log_loss": 0.3031331376286327,
        "roc_auc": 0.7747581298759612,
        "f1": 0.9121720710444843,
        "precision": 0.8836621941594317,
        "recall": 0.942582926418589
    }
}