{
    "balanced_accuracy": 0.511592302307113,
    "accuracy": 0.6580152671755726
}