{
    "valid_loss": {
        "balanced_accuracy": 0.9388444698267657,
        "accuracy": 0.9390243902439024,
        "log_loss": 0.17526101750854875,
        "roc_auc": 0.9388444698267656,
        "f1": 0.9414519906323185,
        "precision": 0.9095022624434389,
        "recall": 0.9757281553398058
    }
}