{
    "balanced_accuracy": 0.7260915824915825,
    "accuracy": 0.8330134357005758,
    "log_loss": 0.3913359693533047,
    "roc_auc": 0.7260915824915825,
    "f1": 0.894528408631698,
    "precision": 0.8602518265195088,
    "recall": 0.9316498316498316,
    "inference_time": 0.8260858058929443,
    "training_time": 250.5688133239746,
    "dataset": "adult",
    "model": "transformer/cls",
    "fold": "F1",
    "architecture_name": "A22",
    "fs_method": "random_2",
    "fs_percent": 0.7,
    "fs_n_features": 9
}