{
    "balanced_accuracy": 0.778173472617917,
    "accuracy": 0.779874213836478,
    "log_loss": 0.46890266429125055,
    "roc_auc": 0.778173472617917,
    "f1": 0.8007590132827325,
    "precision": 0.7429577464788732,
    "recall": 0.8683127572016461,
    "inference_time": 0.012233972549438477,
    "training_time": 0,
    "dataset": "jasmine",
    "model": "mlp/simple_nd_nnw",
    "fold": "F3",
    "architecture_name": "A1",
    "fs_method": "random_5",
    "fs_percent": 0.9,
    "fs_n_features": 129
}