{
    "valid_loss": {
        "balanced_accuracy": 0.795305723905724,
        "accuracy": 0.8486244401791426,
        "log_loss": 0.3212407346547105,
        "roc_auc": 0.795305723905724,
        "f1": 0.9001603510844797,
        "precision": 0.9025215772550347,
        "recall": 0.8978114478114478
    }
}