{
    "balanced_accuracy": 0.5328233383817624,
    "accuracy": 0.7268170426065163
}