{
    "valid_loss": {
        "balanced_accuracy": 0.7912868686868687,
        "accuracy": 0.8586052463211772,
        "log_loss": 0.30212492295415083,
        "roc_auc": 0.7912868686868686,
        "f1": 0.9082454537905837,
        "precision": 0.8961166639357693,
        "recall": 0.9207070707070707
    }
}