{
    "balanced_accuracy": 0.6238024270811156,
    "accuracy": 0.6086956521739131,
    "log_loss": 2.282144027531354,
    "roc_auc": 0.6238024270811156,
    "f1": 0.6301369863013698,
    "precision": 0.5411764705882353,
    "recall": 0.7540983606557377,
    "inference_time": 0.0035347938537597656,
    "training_time": 0,
    "dataset": "australian",
    "model": "mlp/simple_nd",
    "architecture_name": "A0",
    "fs_method": "random_4",
    "fs_percent": 0.6,
    "fs_n_features": 8
}