{
    "balanced_accuracy": 0.5559139784946237,
    "accuracy": 0.8930635838150289
}