{
    "balanced_accuracy": 0.9169559740698638,
    "accuracy": 0.9178082191780822,
    "log_loss": 0.17823906463816197,
    "roc_auc": 0.9169559740698638,
    "f1": 0.9121338912133892,
    "precision": 0.923728813559322,
    "recall": 0.9008264462809917,
    "inference_time": 0.009889364242553711,
    "training_time": 0,
    "dataset": "kr-vs-kp",
    "model": "mlp/simple_nd_nnw",
    "fold": "F1",
    "architecture_name": "A0",
    "fs_method": "f_classif",
    "fs_percent": 0.4,
    "fs_n_features": 14
}