{
    "balanced_accuracy": 0.8527935764469723,
    "accuracy": 0.8545454545454545,
    "log_loss": 0.3955624027176354,
    "roc_auc": 0.8527935764469723,
    "f1": 0.8367346938775511,
    "precision": 0.8367346938775511,
    "recall": 0.8367346938775511,
    "inference_time": 0.003707408905029297,
    "training_time": 0,
    "dataset": "australian",
    "model": "mlp/simple_nd",
    "fold": "F4",
    "architecture_name": "A0",
    "fs_method": "random_3",
    "fs_percent": 0.7,
    "fs_n_features": 9
}