{
    "valid_loss": {
        "balanced_accuracy": 0.6188186750835434,
        "accuracy": 0.6930332261521972,
        "log_loss": 0.8859286634499675
    }
}