{
    "balanced_accuracy": 0.7727259218164886,
    "accuracy": 0.696169471851422
}