{
    "valid_loss": {
        "balanced_accuracy": 0.7738999683444128,
        "accuracy": 0.7756813417190775,
        "log_loss": 0.45260705419586283,
        "roc_auc": 0.7738999683444129,
        "f1": 0.7977315689981096,
        "precision": 0.7377622377622378,
        "recall": 0.8683127572016461
    }
}