{
    "balanced_accuracy": 0.9667586968348139,
    "accuracy": 0.9727965179542981,
    "log_loss": 0.07718225807166108,
    "roc_auc": 0.9667586968348137,
    "f1": 0.9809257375381485,
    "precision": 0.9809257375381485,
    "recall": 0.9809257375381485,
    "training_time": 1.3252525329589844,
    "inference_time": 0.0076558589935302734,
    "dataset": "nomao",
    "model": "xgboost",
    "fold": "F4",
    "architecture_name": "A3",
    "fs_method": "random_3",
    "fs_percent": 0.7,
    "fs_n_features": 82
}