{
    "valid_loss": {
        "balanced_accuracy": 0.8976246236199398,
        "accuracy": 0.8909090909090909,
        "log_loss": 0.3062247017488573,
        "roc_auc": 0.8976246236199398,
        "f1": 0.8867924528301887,
        "precision": 0.8245614035087719,
        "recall": 0.9591836734693877
    }
}