{
    "balanced_accuracy": 0.9352393870169426,
    "accuracy": 0.9353658536585366,
    "log_loss": 0.18121542467876905,
    "roc_auc": 0.9352393870169426,
    "f1": 0.9372781065088758,
    "precision": 0.9145496535796767,
    "recall": 0.9611650485436893,
    "training_time": 0.10619592666625977,
    "inference_time": 0.0009517669677734375,
    "dataset": "sylvine",
    "model": "xgboost",
    "fold": "F0",
    "architecture_name": "A2",
    "fs_method": "linear_model",
    "fs_percent": 0.4,
    "fs_n_features": 8
}