{
    "balanced_accuracy": 0.6481913312386954,
    "accuracy": 0.8054873054873055
}