{
    "balanced_accuracy": 0.9393308023241285,
    "accuracy": 0.9523032281465361,
    "log_loss": 0.12741347102094974,
    "roc_auc": 0.9393308023241285,
    "f1": 0.9666708908883538,
    "precision": 0.9636179888832744,
    "recall": 0.9697431985761505,
    "inference_time": 0.6496620178222656,
    "training_time": 419.0826721191406,
    "dataset": "nomao",
    "model": "transformer/cls",
    "fold": "F3",
    "architecture_name": "A24",
    "fs_method": "linear_model",
    "fs_percent": 0.8,
    "fs_n_features": 94
}