{
    "valid_loss": {
        "balanced_accuracy": 0.7880579124579125,
        "accuracy": 0.8592450415866922,
        "log_loss": 0.30284641994003053,
        "roc_auc": 0.7880579124579126,
        "f1": 0.9090006618133686,
        "precision": 0.8936239427456083,
        "recall": 0.9249158249158249
    }
}