{
    "balanced_accuracy": 0.4906574404857579,
    "accuracy": 0.5639751552795031
}