{
    "balanced_accuracy": 0.9120145631067962,
    "accuracy": 0.9121951219512195,
    "log_loss": 0.23342222583358588,
    "roc_auc": 0.9120145631067962,
    "f1": 0.9156908665105387,
    "precision": 0.8846153846153846,
    "recall": 0.9490291262135923,
    "inference_time": 0.01614832878112793,
    "training_time": 0,
    "dataset": "sylvine",
    "model": "mlp/simple_nnw",
    "fold": "F0",
    "architecture_name": "A0",
    "fs_method": "f_classif",
    "fs_percent": 0.7,
    "fs_n_features": 14
}