{
    "valid_loss": {
        "balanced_accuracy": 0.9440777713609988,
        "accuracy": 0.9555676459920203,
        "log_loss": 0.11114637402723089,
        "roc_auc": 0.9440777713609987,
        "f1": 0.9689204617531396,
        "precision": 0.9668354430379746,
        "recall": 0.9710144927536232
    }
}