{
    "balanced_accuracy": 0.5880172744301821,
    "accuracy": 0.4009009009009009
}