{
    "balanced_accuracy": 0.9144536455358843,
    "accuracy": 0.9146341463414634,
    "log_loss": 0.22764481278169738,
    "roc_auc": 0.9144536455358843,
    "f1": 0.9180327868852459,
    "precision": 0.8868778280542986,
    "recall": 0.9514563106796117,
    "inference_time": 0.015250682830810547,
    "training_time": 0,
    "dataset": "sylvine",
    "model": "mlp/simple_nnw",
    "fold": "F0",
    "architecture_name": "A0",
    "fs_method": "random_2",
    "fs_percent": 0.8,
    "fs_n_features": 16
}