{
    "valid_loss": {
        "balanced_accuracy": 0.790622537431048,
        "accuracy": 0.7928870292887029,
        "log_loss": 0.41154221729922635,
        "roc_auc": 0.7906225374310483,
        "f1": 0.819672131147541,
        "precision": 0.7352941176470589,
        "recall": 0.9259259259259259
    }
}