{
    "valid_loss": {
        "balanced_accuracy": 0.8080640924612557,
        "accuracy": 0.8096234309623431,
        "log_loss": 0.40272630031163936,
        "roc_auc": 0.8080640924612555,
        "f1": 0.8279773156899811,
        "precision": 0.7657342657342657,
        "recall": 0.9012345679012346
    }
}