{
    "balanced_accuracy": 0.6675892813403224,
    "accuracy": 0.7309257375381485
}