{
    "balanced_accuracy": 0.7508075953356446,
    "accuracy": 0.7554858934169278
}