{
    "balanced_accuracy": 0.8844634628044766,
    "accuracy": 0.8828828828828829,
    "log_loss": 0.3096888423936062,
    "roc_auc": 0.8844634628044766,
    "f1": 0.8712871287128713,
    "precision": 0.8461538461538461,
    "recall": 0.8979591836734694,
    "training_time": 2.2090587615966797,
    "inference_time": 0.003549337387084961,
    "dataset": "australian",
    "model": "mlp/full",
    "fold": "F1",
    "architecture_name": "A1",
    "fs_method": "decision_tree",
    "fs_percent": 0.8,
    "fs_n_features": 11
}