{
    "balanced_accuracy": 0.9428203701507198,
    "accuracy": 0.9615593834995467,
    "log_loss": 0.11206226264530753,
    "roc_auc": 0.9428203701507198,
    "f1": 0.9734135941810885,
    "precision": 0.9604058401385795,
    "recall": 0.9867785405542843,
    "inference_time": 0.7203102111816406,
    "training_time": 985.4049431255883,
    "dataset": "nomao",
    "model": "transformer/cls",
    "fold": "F0",
    "architecture_name": "A6",
    "fs_method": "none",
    "fs_percent": 1.0,
    "fs_n_features": 118
}