{
    "balanced_accuracy": 0.8690197390431582,
    "accuracy": 0.8636363636363636,
    "log_loss": 0.32459122413265784,
    "roc_auc": 0.8690197390431582,
    "f1": 0.8571428571428571,
    "precision": 0.8035714285714286,
    "recall": 0.9183673469387755,
    "inference_time": 0.010517120361328125,
    "training_time": 3.2071425914764404,
    "dataset": "australian",
    "model": "transformer/cls",
    "fold": "F3",
    "architecture_name": "A16",
    "fs_method": "none",
    "fs_percent": 1.0,
    "fs_n_features": 14
}