{
    "balanced_accuracy": 0.9276095123027377,
    "accuracy": 0.9387873513199884
}