{
    "balanced_accuracy": 0.5468475935259077,
    "accuracy": 0.6722689075630253
}