{
    "balanced_accuracy": 0.6122375832053251,
    "accuracy": 0.9161849710982659
}