{
  "dropout": 0.008481356810282448,
  "embedding_size": 32,
  "n_head": 1,
  "n_hid": 32,
  "n_layers": 4,
  "numerical_passthrough": false,
  "optimizer__lr": 0.09932424755375867
}