{
    "balanced_accuracy": 0.4185350253191789,
    "accuracy": 0.5242236024844721
}