{
    "balanced_accuracy": 0.5173079845671901,
    "accuracy": 0.6310432569974554
}