{
    "balanced_accuracy": 0.8730344596855135,
    "accuracy": 0.8636363636363636,
    "log_loss": 0.3169739333352126,
    "roc_auc": 0.8730344596855135,
    "f1": 0.8623853211009175,
    "precision": 0.7833333333333333,
    "recall": 0.9591836734693877,
    "inference_time": 0.016570091247558594,
    "training_time": 4.298187494277954,
    "dataset": "australian",
    "model": "transformer/cls",
    "fold": "F3",
    "architecture_name": "A30",
    "fs_method": "none",
    "fs_percent": 1.0,
    "fs_n_features": 14
}