{
    "balanced_accuracy": 0.9184187543374276,
    "accuracy": 0.9472348141432457,
    "log_loss": 0.1252144823305799,
    "roc_auc": 0.9184187543374276,
    "f1": 0.9638374549521561,
    "precision": 0.9426349052017501,
    "recall": 0.9860157640478007,
    "training_time": 133.3038489818573,
    "inference_time": 0.14087700843811035,
    "dataset": "nomao",
    "model": "mlp/full",
    "fold": "F0",
    "architecture_name": "A1",
    "fs_method": "none",
    "fs_percent": 1.0,
    "fs_n_features": 118
}