{
    "balanced_accuracy": 0.9425725316628891,
    "accuracy": 0.9426829268292682,
    "log_loss": 0.16894115423538772,
    "roc_auc": 0.9425725316628891,
    "f1": 0.9452852153667055,
    "precision": 0.90625,
    "recall": 0.9878345498783455,
    "inference_time": 0.08869743347167969,
    "training_time": 44.89762454562717
}