{
    "balanced_accuracy": 0.9643369416859532,
    "accuracy": 0.9704388828436706,
    "log_loss": 0.08269872095855701,
    "roc_auc": 0.9643369416859532,
    "f1": 0.9792647245897469,
    "precision": 0.979887983706721,
    "recall": 0.9786422578184591,
    "training_time": 0.4585573673248291,
    "inference_time": 0.0033655166625976562,
    "dataset": "nomao",
    "model": "xgboost",
    "fold": "F3",
    "architecture_name": "A0",
    "fs_method": "decision_tree",
    "fs_percent": 0.7,
    "fs_n_features": 82
}