{
    "balanced_accuracy": 0.9981412639405205,
    "accuracy": 0.9980430528375733,
    "log_loss": 0.008288908741054087,
    "roc_auc": 0.9981412639405204,
    "f1": 0.9979381443298969,
    "precision": 0.9958847736625515,
    "recall": 1.0,
    "training_time": 10.150986433029175,
    "inference_time": 0.010540246963500977,
    "dataset": "kr-vs-kp",
    "model": "mlp/full",
    "fold": "F3",
    "architecture_name": "A0",
    "fs_method": "decision_tree",
    "fs_percent": 0.7,
    "fs_n_features": 25
}