{
    "balanced_accuracy": 0.9544121627391637,
    "accuracy": 0.9657236126224157,
    "log_loss": 0.09289451544614882,
    "roc_auc": 0.9544121627391636,
    "f1": 0.9760910815939279,
    "precision": 0.9712990936555891,
    "recall": 0.9809305873379099,
    "inference_time": 1.3539867401123047,
    "training_time": 873.5450816521281
}