{
    "balanced_accuracy": 0.7994630872483222,
    "accuracy": 0.7993311036789298
}