{
    "balanced_accuracy": 0.7615499254843517,
    "accuracy": 0.7681159420289855,
    "log_loss": 0.5560073650472395,
    "roc_auc": 0.7615499254843517,
    "f1": 0.7288135593220338,
    "precision": 0.7543859649122807,
    "recall": 0.7049180327868853,
    "training_time": 0.022545814514160156,
    "inference_time": 0.0005891323089599609,
    "dataset": "australian",
    "model": "xgboost",
    "architecture_name": "A2",
    "fs_method": "linear_model",
    "fs_percent": 0.6,
    "fs_n_features": 8
}