{
    "balanced_accuracy": 0.7733355637336903,
    "accuracy": 0.7909090909090909,
    "log_loss": 0.4715434065151749,
    "roc_auc": 0.7733355637336903,
    "f1": 0.7228915662650602,
    "precision": 0.8823529411764706,
    "recall": 0.6122448979591837,
    "training_time": 0.03225445747375488,
    "inference_time": 0.0005271434783935547,
    "dataset": "australian",
    "model": "xgboost",
    "fold": "F2",
    "architecture_name": "A1",
    "fs_method": "f_classif",
    "fs_percent": 0.8,
    "fs_n_features": 11
}