{
    "balanced_accuracy": 0.8591521273339455,
    "accuracy": 0.865234375,
    "log_loss": 0.3012805638026136,
    "roc_auc": 0.8591521273339455,
    "f1": 0.839907192575406,
    "precision": 0.9576719576719577,
    "recall": 0.7479338842975206,
    "inference_time": 0.056931257247924805,
    "training_time": 94.40539535638449
}