{
    "valid_loss": {
        "balanced_accuracy": 0.7928902898170038,
        "accuracy": 0.7949790794979079,
        "log_loss": 0.4148110884225843,
        "roc_auc": 0.7928902898170037,
        "f1": 0.8198529411764706,
        "precision": 0.7408637873754153,
        "recall": 0.9176954732510288
    }
}