{
    "balanced_accuracy": 0.7480250164581962,
    "accuracy": 0.7567567567567568,
    "log_loss": 0.4941363059971972,
    "roc_auc": 0.7480250164581962,
    "f1": 0.7096774193548387,
    "precision": 0.75,
    "recall": 0.673469387755102,
    "inference_time": 0.003724336624145508,
    "training_time": 0,
    "dataset": "australian",
    "model": "mlp/simple_nd_nnw",
    "fold": "F1",
    "architecture_name": "A1",
    "fs_method": "random_3",
    "fs_percent": 0.5,
    "fs_n_features": 7
}