{
    "balanced_accuracy": 0.7099364335898293,
    "accuracy": 0.7272727272727273,
    "log_loss": 0.510318718230469,
    "roc_auc": 0.7099364335898294,
    "f1": 0.6428571428571429,
    "precision": 0.7714285714285715,
    "recall": 0.5510204081632653,
    "inference_time": 0.002864360809326172,
    "training_time": 0,
    "dataset": "australian",
    "model": "mlp/simple",
    "fold": "F2",
    "architecture_name": "A0",
    "fs_method": "f_classif",
    "fs_percent": 0.8,
    "fs_n_features": 11
}