{
    "valid_loss": {
        "balanced_accuracy": 0.9388931522495672,
        "accuracy": 0.9390243902439024,
        "log_loss": 0.17451971190802876,
        "roc_auc": 0.9388931522495673,
        "f1": 0.9422632794457275,
        "precision": 0.8967032967032967,
        "recall": 0.9927007299270073
    }
}