{
    "balanced_accuracy": 0.5036075036075036,
    "accuracy": 0.65625
}