{
    "balanced_accuracy": 0.7809723905723905,
    "accuracy": 0.8504158669225848,
    "log_loss": 0.31866473266844314,
    "roc_auc": 0.7809723905723904,
    "f1": 0.9028504944735312,
    "precision": 0.8915148531101263,
    "recall": 0.9144781144781144,
    "inference_time": 0.5270299911499023,
    "training_time": 243.1162618001302
}