{
    "balanced_accuracy": 0.49802631578947365,
    "accuracy": 0.6296296296296297
}