{
    "balanced_accuracy": 0.7680327868852459,
    "accuracy": 0.7747747747747747,
    "log_loss": 0.4967671025092143,
    "roc_auc": 0.7680327868852459,
    "f1": 0.7368421052631579,
    "precision": 0.7777777777777778,
    "recall": 0.7,
    "training_time": 0.03570699691772461,
    "inference_time": 0.0005803108215332031,
    "dataset": "australian",
    "model": "xgboost",
    "fold": "F0",
    "architecture_name": "A1",
    "fs_method": "random_1",
    "fs_percent": 0.6,
    "fs_n_features": 8
}