{
    "balanced_accuracy": 0.6893529755138407,
    "accuracy": 0.6810176125244618,
    "log_loss": 3.372611147348292,
    "roc_auc": 0.6893529755138407,
    "f1": 0.7155322862129145,
    "precision": 0.6193353474320241,
    "recall": 0.8471074380165289,
    "inference_time": 0.05700206756591797,
    "training_time": 72.49953841005714,
    "dataset": "kr-vs-kp",
    "model": "transformer/cls",
    "fold": "F2",
    "architecture_name": "A2",
    "fs_method": "random_4",
    "fs_percent": 0.7,
    "fs_n_features": 25
}