{
    "balanced_accuracy": 0.6672377104377104,
    "accuracy": 0.8165067178502879,
    "log_loss": 0.3956918791115912,
    "roc_auc": 0.6672377104377104,
    "f1": 0.8877055599060297,
    "precision": 0.8298682284040996,
    "recall": 0.9542087542087542,
    "inference_time": 0.17380523681640625,
    "training_time": 0,
    "dataset": "adult",
    "model": "mlp/simple",
    "fold": "F0",
    "architecture_name": "A0",
    "fs_method": "random_3",
    "fs_percent": 0.6,
    "fs_n_features": 8
}