{
    "balanced_accuracy": 0.7926731078904992,
    "accuracy": 0.7967479674796748
}