{
    "balanced_accuracy": 0.7997635933806146,
    "accuracy": 0.801255230125523,
    "log_loss": 0.4069008337278445,
    "roc_auc": 0.7997635933806146,
    "f1": 0.8197343453510436,
    "precision": 0.7605633802816901,
    "recall": 0.8888888888888888,
    "training_time": 0.11830520629882812,
    "inference_time": 0.0009899139404296875,
    "dataset": "jasmine",
    "model": "xgboost",
    "fold": "F1",
    "architecture_name": "A3",
    "fs_method": "random_1",
    "fs_percent": 0.8,
    "fs_n_features": 115
}