{
    "balanced_accuracy": 0.5350907418004206,
    "accuracy": 0.6277878239903556
}