{
    "balanced_accuracy": 0.9979338842975207,
    "accuracy": 0.998046875,
    "log_loss": 0.00519430948741321,
    "roc_auc": 0.9979338842975207,
    "f1": 0.9979296066252588,
    "precision": 1.0,
    "recall": 0.9958677685950413,
    "training_time": 9.814685344696045,
    "inference_time": 0.011361837387084961,
    "dataset": "kr-vs-kp",
    "model": "mlp/full_nd",
    "fold": "F0",
    "architecture_name": "A0",
    "fs_method": "none",
    "fs_percent": 1.0,
    "fs_n_features": 36
}