{
    "valid_loss": {
        "balanced_accuracy": 0.9441617201985245,
        "accuracy": 0.9591947769314473,
        "log_loss": 0.10441050626877649,
        "roc_auc": 0.9441617201985245,
        "f1": 0.9716231555051078,
        "precision": 0.963963963963964,
        "recall": 0.9794050343249427
    }
}