{
    "balanced_accuracy": 0.4537773322721581,
    "accuracy": 0.7677669902912622
}