{
    "balanced_accuracy": 0.6544034818228367,
    "accuracy": 0.9002890173410405
}