{
    "balanced_accuracy": 0.5235279057859703,
    "accuracy": 0.9002890173410405
}