{
    "balanced_accuracy": 0.3483193277310924,
    "accuracy": 0.4777777777777778
}