{
    "balanced_accuracy": 0.5172280294231514,
    "accuracy": 0.5517241379310345
}