{
    "balanced_accuracy": 0.5350858494781143,
    "accuracy": 0.5925465838509317
}