{
    "balanced_accuracy": 0.5767404922099477,
    "accuracy": 0.5768292682926829,
    "log_loss": 0.9765813712472564,
    "roc_auc": 0.5767404922099477,
    "f1": 0.5922444183313749,
    "precision": 0.5727272727272728,
    "recall": 0.6131386861313869,
    "inference_time": 0.10191869735717773,
    "training_time": 48.70678048663669,
    "dataset": "sylvine",
    "model": "transformer/cls",
    "fold": "F2",
    "architecture_name": "A26",
    "fs_method": "random_5",
    "fs_percent": 0.4,
    "fs_n_features": 8
}