{
    "balanced_accuracy": 0.6253939489442168,
    "accuracy": 0.6269592476489029
}