{
    "balanced_accuracy": 0.8548009367681498,
    "accuracy": 0.8545454545454545,
    "log_loss": 0.38162572608244344,
    "roc_auc": 0.8548009367681499,
    "f1": 0.84,
    "precision": 0.8235294117647058,
    "recall": 0.8571428571428571,
    "inference_time": 0.00436854362487793,
    "training_time": 0,
    "dataset": "australian",
    "model": "mlp/simple",
    "fold": "F4",
    "architecture_name": "A1",
    "fs_method": "random_4",
    "fs_percent": 0.6,
    "fs_n_features": 8
}