{
    "balanced_accuracy": 0.4364466469380524,
    "accuracy": 0.6917293233082706
}