{
    "balanced_accuracy": 0.9426824837855715,
    "accuracy": 0.9541167936162496,
    "log_loss": 0.12195508252322843,
    "roc_auc": 0.9426824837855716,
    "f1": 0.9678893260566062,
    "precision": 0.966294982260517,
    "recall": 0.969488939740656,
    "inference_time": 0.637324333190918,
    "training_time": 415.6724113102617,
    "dataset": "nomao",
    "model": "transformer/cls",
    "fold": "F3",
    "architecture_name": "A28",
    "fs_method": "linear_model",
    "fs_percent": 0.7,
    "fs_n_features": 82
}