{
    "balanced_accuracy": 0.8089585311807534,
    "accuracy": 0.8113207547169812,
    "log_loss": 0.4212131034764999,
    "roc_auc": 0.8089585311807533,
    "f1": 0.8345588235294118,
    "precision": 0.7541528239202658,
    "recall": 0.934156378600823,
    "training_time": 0.0708467960357666,
    "inference_time": 0.0007491111755371094,
    "dataset": "jasmine",
    "model": "xgboost",
    "fold": "F2",
    "architecture_name": "A1",
    "fs_method": "random_1",
    "fs_percent": 0.6,
    "fs_n_features": 86
}