{
    "valid_loss": {
        "balanced_accuracy": 0.9523724538359033,
        "accuracy": 0.9524390243902439,
        "log_loss": 0.15172794191606304,
        "roc_auc": 0.9523724538359033,
        "f1": 0.9532934131736527,
        "precision": 0.9408983451536643,
        "recall": 0.9660194174757282
    }
}