{
    "valid_loss": {
        "balanced_accuracy": 0.5588903790182725,
        "accuracy": 0.7831526271893244,
        "log_loss": 0.6768048620091263
    }
}