{
    "valid_loss": {
        "balanced_accuracy": 0.9391047676667675,
        "accuracy": 0.9568371418208197,
        "log_loss": 0.11388329809532305,
        "roc_auc": 0.9391047676667675,
        "f1": 0.9700704225352113,
        "precision": 0.9596914655386912,
        "recall": 0.9806763285024155
    }
}