{
    "balanced_accuracy": 0.9339666523543724,
    "accuracy": 0.9340659340659341,
    "log_loss": 0.1737114421400564,
    "roc_auc": 0.9339666523543725,
    "f1": 0.9360189573459715,
    "precision": 0.9122401847575058,
    "recall": 0.9610705596107056,
    "training_time": 0.132798433303833,
    "inference_time": 0.001012563705444336,
    "dataset": "sylvine",
    "model": "xgboost",
    "fold": "F4",
    "architecture_name": "A2",
    "fs_method": "linear_model",
    "fs_percent": 0.7,
    "fs_n_features": 14
}