{
    "balanced_accuracy": 0.7039682539682539,
    "accuracy": 0.9163059163059163
}