{
    "balanced_accuracy": 0.664924506387921,
    "accuracy": 0.6896551724137931
}