{
    "balanced_accuracy": 0.6862783520305688,
    "accuracy": 0.7609359104781281
}