{
    "balanced_accuracy": 0.7315676449534717,
    "accuracy": 0.7616580310880829
}