{
    "balanced_accuracy": 0.428527287913541,
    "accuracy": 0.5417545975278867
}