{
    "balanced_accuracy": 0.9425447363411383,
    "accuracy": 0.9426829268292682,
    "log_loss": 0.16556152260906273,
    "roc_auc": 0.9425447363411383,
    "f1": 0.9445100354191264,
    "precision": 0.9195402298850575,
    "recall": 0.970873786407767,
    "training_time": 0.08933043479919434,
    "inference_time": 0.0009176731109619141,
    "dataset": "sylvine",
    "model": "xgboost",
    "fold": "F1",
    "architecture_name": "A0",
    "fs_method": "linear_model",
    "fs_percent": 0.4,
    "fs_n_features": 8
}