{
    "balanced_accuracy": 0.9807905004762052,
    "accuracy": 0.9804305283757339,
    "log_loss": 0.06363547165206582,
    "roc_auc": 0.9807905004762052,
    "f1": 0.9795081967213115,
    "precision": 0.9715447154471545,
    "recall": 0.987603305785124,
    "inference_time": 0.011103630065917969,
    "training_time": 0,
    "dataset": "kr-vs-kp",
    "model": "mlp/simple_nd",
    "fold": "F4",
    "architecture_name": "A0",
    "fs_method": "linear_model",
    "fs_percent": 0.7,
    "fs_n_features": 25
}