{
    "balanced_accuracy": 0.9511656821277937,
    "accuracy": 0.9512195121951219,
    "log_loss": 0.16323304805474154,
    "roc_auc": 0.9511656821277938,
    "f1": 0.9523809523809523,
    "precision": 0.9324009324009324,
    "recall": 0.9732360097323601,
    "inference_time": 0.09502267837524414,
    "training_time": 48.70678048663669,
    "dataset": "sylvine",
    "model": "transformer/cls",
    "fold": "F2",
    "architecture_name": "A26",
    "fs_method": "f_classif",
    "fs_percent": 0.7,
    "fs_n_features": 14
}