{
    "valid_loss": {
        "balanced_accuracy": 0.7779162373014537,
        "accuracy": 0.8626823649859227,
        "log_loss": 0.30102324554515913,
        "roc_auc": 0.7779162373014537,
        "f1": 0.9124010123275369,
        "precision": 0.8855784469096672,
        "recall": 0.940899141269574
    }
}