{
    "balanced_accuracy": 0.9615709475752778,
    "accuracy": 0.9691693870148712,
    "log_loss": 0.0790870142169669,
    "roc_auc": 0.9615709475752778,
    "f1": 0.9784044715447154,
    "precision": 0.9774111675126903,
    "recall": 0.9793997965412004,
    "training_time": 1.7391014099121094,
    "inference_time": 0.00860142707824707,
    "dataset": "nomao",
    "model": "xgboost",
    "fold": "F4",
    "architecture_name": "A3",
    "fs_method": "random_4",
    "fs_percent": 0.9,
    "fs_n_features": 106
}