{
    "valid_loss": {
        "balanced_accuracy": 0.9518915265227668,
        "accuracy": 0.9659049691693871,
        "log_loss": 0.10875280912151802,
        "roc_auc": 0.9518915265227668,
        "f1": 0.9763045122258633,
        "precision": 0.9680079980004999,
        "recall": 0.984744469870328
    }
}