{
  "dropout": 0.38845687968554227,
  "embedding_size": 32,
  "n_head": 16,
  "n_hid": 128,
  "n_layers": 1,
  "numerical_passthrough": false,
  "optimizer__lr": 0.0011678729872778859
}