{
    "balanced_accuracy": 0.4354514888568789,
    "accuracy": 0.6396946564885496
}