{
    "valid_loss": {
        "balanced_accuracy": 0.7921717171717171,
        "accuracy": 0.8574536148432501,
        "log_loss": 0.3044361919115089,
        "roc_auc": 0.7921717171717172,
        "f1": 0.9072902796271638,
        "precision": 0.8971362738643844,
        "recall": 0.9176767676767676
    }
}