{
    "valid_loss": {
        "balanced_accuracy": 0.8046850269072492,
        "accuracy": 0.8071278825995807,
        "log_loss": 0.43476689148771075,
        "roc_auc": 0.8046850269072492,
        "f1": 0.8315018315018315,
        "precision": 0.7491749174917491,
        "recall": 0.934156378600823
    }
}