{
    "balanced_accuracy": 0.9287131274797309,
    "accuracy": 0.9551208285385501
}