{
    "balanced_accuracy": 0.7630380794701987,
    "accuracy": 0.8668341708542714
}