{
    "balanced_accuracy": 0.870473996050033,
    "accuracy": 0.8648648648648649,
    "log_loss": 0.31350992169409203,
    "roc_auc": 0.8704739960500327,
    "f1": 0.8571428571428571,
    "precision": 0.8035714285714286,
    "recall": 0.9183673469387755,
    "inference_time": 0.0026526451110839844,
    "training_time": 0,
    "dataset": "australian",
    "model": "mlp/simple_nnw",
    "fold": "F1",
    "architecture_name": "A0",
    "fs_method": "random_4",
    "fs_percent": 0.9,
    "fs_n_features": 12
}