{
    "valid_loss": {
        "balanced_accuracy": 0.793870939497417,
        "accuracy": 0.7949790794979079,
        "log_loss": 0.41549692056267395,
        "roc_auc": 0.7938709394974172,
        "f1": 0.810077519379845,
        "precision": 0.7655677655677655,
        "recall": 0.8600823045267489
    }
}