{
    "balanced_accuracy": 0.30734672759323234,
    "accuracy": 0.5513784461152882
}