{
    "valid_loss": {
        "balanced_accuracy": 0.7759016835016834,
        "accuracy": 0.8579654510556622,
        "log_loss": 0.3039297812497856,
        "roc_auc": 0.7759016835016834,
        "f1": 0.9090313063432224,
        "precision": 0.885659533695305,
        "recall": 0.9336700336700336
    }
}