{
    "balanced_accuracy": 0.5062505356546513,
    "accuracy": 0.8856673960612691
}