{
    "valid_loss": {
        "balanced_accuracy": 0.7826052548274771,
        "accuracy": 0.7861635220125787,
        "log_loss": 0.4570834546541265,
        "roc_auc": 0.7826052548274771,
        "f1": 0.8222996515679443,
        "precision": 0.7129909365558912,
        "recall": 0.9711934156378601
    }
}