{
    "balanced_accuracy": 0.8310480693459417,
    "accuracy": 0.8326359832635983,
    "log_loss": 0.39434143291798346,
    "roc_auc": 0.8310480693459418,
    "f1": 0.8490566037735849,
    "precision": 0.7839721254355401,
    "recall": 0.9259259259259259,
    "training_time": 0.16605854034423828,
    "inference_time": 0.0009427070617675781
}