{
    "balanced_accuracy": 0.7913105413105412,
    "accuracy": 0.7924528301886793,
    "log_loss": 0.42929201521141896,
    "roc_auc": 0.7913105413105413,
    "f1": 0.8070175438596491,
    "precision": 0.7666666666666667,
    "recall": 0.8518518518518519,
    "training_time": 0.08325314521789551,
    "inference_time": 0.0008518695831298828,
    "dataset": "jasmine",
    "model": "xgboost",
    "fold": "F4",
    "architecture_name": "A2",
    "fs_method": "f_classif",
    "fs_percent": 0.4,
    "fs_n_features": 57
}