{
    "valid_loss": {
        "balanced_accuracy": 0.8462295081967213,
        "accuracy": 0.8468468468468469,
        "log_loss": 0.37228222653128246,
        "roc_auc": 0.8462295081967213,
        "f1": 0.8316831683168316,
        "precision": 0.8235294117647058,
        "recall": 0.84
    }
}