{
    "valid_loss": {
        "balanced_accuracy": 0.9501302313112523,
        "accuracy": 0.9622846781504987,
        "log_loss": 0.10392310637796068,
        "roc_auc": 0.9501302313112524,
        "f1": 0.9736908676954212,
        "precision": 0.9687893279637554,
        "recall": 0.9786422578184591
    }
}