{
    "balanced_accuracy": 0.572294110725999,
    "accuracy": 0.6753180661577608
}