{
    "valid_loss": {
        "balanced_accuracy": 0.33139750651899985,
        "accuracy": 0.6183941163090454,
        "log_loss": 1.1100863472540785
    }
}