{
    "balanced_accuracy": 0.6919463087248323,
    "accuracy": 0.6923076923076923
}