{
    "balanced_accuracy": 0.7811807534029755,
    "accuracy": 0.7840670859538784,
    "log_loss": 0.43803788665221505,
    "roc_auc": 0.7811807534029755,
    "f1": 0.8150807899461401,
    "precision": 0.7229299363057324,
    "recall": 0.934156378600823,
    "training_time": 7.660849571228027,
    "inference_time": 0.012705087661743164,
    "dataset": "jasmine",
    "model": "mlp/full",
    "fold": "F4",
    "architecture_name": "A1",
    "fs_method": "f_classif",
    "fs_percent": 0.4,
    "fs_n_features": 57
}