{
    "balanced_accuracy": 0.6535549703752468,
    "accuracy": 0.6846846846846847,
    "log_loss": 0.5930049277497952,
    "roc_auc": 0.6535549703752469,
    "f1": 0.5205479452054794,
    "precision": 0.7916666666666666,
    "recall": 0.3877551020408163,
    "inference_time": 0.002655506134033203,
    "training_time": 0,
    "dataset": "australian",
    "model": "mlp/simple_nnw",
    "fold": "F1",
    "architecture_name": "A0",
    "fs_method": "random_4",
    "fs_percent": 0.4,
    "fs_n_features": 5
}