{
    "balanced_accuracy": 0.4895833333333333,
    "accuracy": 0.8918918918918919
}