{
    "valid_loss": {
        "balanced_accuracy": 0.9369212276555181,
        "accuracy": 0.9550317316409791,
        "log_loss": 0.1232928142962864,
        "roc_auc": 0.9369212276555182,
        "f1": 0.9688128772635815,
        "precision": 0.9584473749688978,
        "recall": 0.9794050343249427
    }
}