{
    "balanced_accuracy": 0.9328550800331807,
    "accuracy": 0.9354207436399217,
    "log_loss": 0.20332642371276885,
    "roc_auc": 0.9328550800331809,
    "f1": 0.928416485900217,
    "precision": 0.9771689497716894,
    "recall": 0.8842975206611571,
    "inference_time": 0.05964970588684082,
    "training_time": 44.06292521953585
}