{
    "balanced_accuracy": 0.8160399414754815,
    "accuracy": 0.948644793152639
}