{
    "balanced_accuracy": 0.4438094040551069,
    "accuracy": 0.656641604010025
}