{
    "valid_loss": {
        "balanced_accuracy": 0.7793117845117845,
        "accuracy": 0.8606525911708254,
        "log_loss": 0.3013515334609059,
        "roc_auc": 0.7793117845117845,
        "f1": 0.9107742728390004,
        "precision": 0.8871508379888268,
        "recall": 0.9356902356902357
    }
}