{
    "balanced_accuracy": 0.9461855130401675,
    "accuracy": 0.9463414634146341,
    "log_loss": 0.1423065297877468,
    "roc_auc": 0.9461855130401676,
    "f1": 0.9482352941176471,
    "precision": 0.9200913242009132,
    "recall": 0.9781553398058253,
    "training_time": 0.20955300331115723,
    "inference_time": 0.001239776611328125,
    "dataset": "sylvine",
    "model": "xgboost",
    "fold": "F1",
    "architecture_name": "A2",
    "fs_method": "none",
    "fs_percent": 1.0,
    "fs_n_features": 20
}