{
    "valid_loss": {
        "balanced_accuracy": 0.9402363883473224,
        "accuracy": 0.9562930721799057,
        "log_loss": 0.10853229976489769,
        "roc_auc": 0.9402363883473224,
        "f1": 0.9696205722929535,
        "precision": 0.9615,
        "recall": 0.9778794813119756
    }
}