{
    "balanced_accuracy": 0.7995534541633833,
    "accuracy": 0.801255230125523,
    "log_loss": 0.40091192465630604,
    "roc_auc": 0.7995534541633832,
    "f1": 0.8217636022514071,
    "precision": 0.7551724137931034,
    "recall": 0.9012345679012346,
    "training_time": 6.355070114135742,
    "inference_time": 0.010460853576660156,
    "dataset": "jasmine",
    "model": "mlp/full",
    "fold": "F0",
    "architecture_name": "A0",
    "fs_method": "f_classif",
    "fs_percent": 0.7,
    "fs_n_features": 100
}