{
    "valid_loss": {
        "balanced_accuracy": 0.8176638176638177,
        "accuracy": 0.8197064989517819,
        "log_loss": 0.41128983576008515,
        "roc_auc": 0.8176638176638177,
        "f1": 0.8395522388059702,
        "precision": 0.7679180887372014,
        "recall": 0.9259259259259259
    }
}