{
    "balanced_accuracy": 0.32289436773888386,
    "accuracy": 0.5385790679908327
}