{
    "balanced_accuracy": 0.705078125,
    "accuracy": 0.705078125
}