{
    "balanced_accuracy": 0.596847206035699,
    "accuracy": 0.710941475826972
}