{
    "balanced_accuracy": 0.737012987012987,
    "accuracy": 0.7447916666666666
}