{
    "balanced_accuracy": 0.9408256880733945,
    "accuracy": 0.9640287769784173
}