{
    "balanced_accuracy": 0.7386831275720165,
    "accuracy": 0.740041928721174,
    "log_loss": 0.4869903420386147,
    "roc_auc": 0.7386831275720165,
    "f1": 0.7606177606177607,
    "precision": 0.7163636363636363,
    "recall": 0.8106995884773662,
    "inference_time": 0.01145029067993164,
    "training_time": 0,
    "dataset": "jasmine",
    "model": "mlp/simple_nd_nnw",
    "fold": "F4",
    "architecture_name": "A1",
    "fs_method": "random_1",
    "fs_percent": 0.4,
    "fs_n_features": 57
}