{
    "balanced_accuracy": 0.160170545605484,
    "accuracy": 0.416412213740458
}