{
    "valid_loss": {
        "balanced_accuracy": 0.7469367003367003,
        "accuracy": 0.835572616762636,
        "log_loss": 0.35306977455535044,
        "roc_auc": 0.7469367003367003,
        "f1": 0.894525158007059,
        "precision": 0.8728175556623419,
        "recall": 0.9173400673400673
    }
}