{
    "valid_loss": {
        "balanced_accuracy": 0.7739919191919192,
        "accuracy": 0.8595009596928983,
        "log_loss": 0.3017702923504483,
        "roc_auc": 0.7739919191919191,
        "f1": 0.9103380695737384,
        "precision": 0.8839200761179828,
        "recall": 0.9383838383838384
    }
}