{
  "dropout": 0.1778338824036948,
  "embedding_size": 32,
  "n_head": 4,
  "n_hid": 64,
  "n_layers": 2,
  "numerical_passthrough": false,
  "optimizer__lr": 0.008687749737369242
}