{
    "balanced_accuracy": 0.7993035770813548,
    "accuracy": 0.80083857442348,
    "log_loss": 0.43063805064389976,
    "roc_auc": 0.7993035770813548,
    "f1": 0.8183556405353728,
    "precision": 0.7642857142857142,
    "recall": 0.8806584362139918,
    "training_time": 0.13392996788024902,
    "inference_time": 0.0009922981262207031,
    "dataset": "jasmine",
    "model": "xgboost",
    "fold": "F3",
    "architecture_name": "A3",
    "fs_method": "f_classif",
    "fs_percent": 0.8,
    "fs_n_features": 115
}