{
    "valid_loss": {
        "balanced_accuracy": 0.6010061681623333,
        "accuracy": 0.6665237431664701,
        "log_loss": 0.9758383892943128
    }
}