{
    "balanced_accuracy": 0.7920592592592592,
    "accuracy": 0.8578374920025592,
    "log_loss": 0.30296473725475914,
    "roc_auc": 0.7920592592592592,
    "f1": 0.9075937785910339,
    "precision": 0.8969258589511754,
    "recall": 0.9185185185185185,
    "inference_time": 0.8630294799804688,
    "training_time": 341.4070723056793,
    "dataset": "adult",
    "model": "transformer/cls",
    "fold": "F0",
    "architecture_name": "A14",
    "fs_method": "none",
    "fs_percent": 1.0,
    "fs_n_features": 14
}