{
    "balanced_accuracy": 0.8582073664040877,
    "accuracy": 0.855072463768116,
    "log_loss": 0.3775916836496535,
    "roc_auc": 0.8582073664040878,
    "f1": 0.84375,
    "precision": 0.8059701492537313,
    "recall": 0.8852459016393442,
    "inference_time": 0.003300905227661133,
    "training_time": 0,
    "dataset": "australian",
    "model": "mlp/simple_nnw",
    "architecture_name": "A0",
    "fs_method": "random_4",
    "fs_percent": 0.7,
    "fs_n_features": 9
}