{
    "valid_loss": {
        "balanced_accuracy": 0.7767158249158249,
        "accuracy": 0.8580934101087652,
        "log_loss": 0.3035246434731445,
        "roc_auc": 0.776715824915825,
        "f1": 0.9090610906109061,
        "precision": 0.8861710631494805,
        "recall": 0.9331649831649832
    }
}