{
    "balanced_accuracy": 0.7077661359073784,
    "accuracy": 0.764417845484222,
    "log_loss": 0.6628984813529009,
    "roc_auc": 0.7077661359073784,
    "f1": 0.8357982555934774,
    "precision": 0.8310708898944194,
    "recall": 0.8405797101449275,
    "inference_time": 0.1273665428161621,
    "training_time": 0,
    "dataset": "nomao",
    "model": "mlp/simple_nnw",
    "fold": "F3",
    "architecture_name": "A1",
    "fs_method": "f_classif",
    "fs_percent": 0.5,
    "fs_n_features": 59
}