{
    "balanced_accuracy": 0.7524318818436466,
    "accuracy": 0.8706365503080082
}