{
    "balanced_accuracy": 0.9507596266749663,
    "accuracy": 0.9626405513239028,
    "log_loss": 0.10149408378520502,
    "roc_auc": 0.9507596266749663,
    "f1": 0.9739306504682359,
    "precision": 0.9692695214105793,
    "recall": 0.9786368260427264,
    "inference_time": 0.8201708793640137,
    "training_time": 1132.1497830228602
}