{
    "balanced_accuracy": 0.5992478114478115,
    "accuracy": 0.7936020473448496,
    "log_loss": 0.40306827234521286,
    "roc_auc": 0.5992478114478115,
    "f1": 0.8775339761597449,
    "precision": 0.7991978979394274,
    "recall": 0.9728956228956229,
    "inference_time": 0.18263649940490723,
    "training_time": 0,
    "dataset": "adult",
    "model": "mlp/simple_nd_nn",
    "fold": "F1",
    "architecture_name": "A1",
    "fs_method": "random_3",
    "fs_percent": 0.6,
    "fs_n_features": 8
}