{
    "valid_loss": {
        "balanced_accuracy": 0.7684393795504907,
        "accuracy": 0.7714884696016772,
        "log_loss": 0.459807141445034,
        "roc_auc": 0.7684393795504907,
        "f1": 0.8057040998217468,
        "precision": 0.710691823899371,
        "recall": 0.9300411522633745
    }
}