{
    "balanced_accuracy": 0.6215728715728716,
    "accuracy": 0.6927083333333334
}