{
    "valid_loss": {
        "balanced_accuracy": 0.33582231725928047,
        "accuracy": 0.6179771021305633,
        "log_loss": 1.0989790471663352
    }
}