{
    "balanced_accuracy": 0.5879867214730587,
    "accuracy": 0.6522037386383125
}