{
    "balanced_accuracy": 0.5195104115076224,
    "accuracy": 0.6057280054879095
}