{
    "valid_loss": {
        "balanced_accuracy": 0.5592935353404935,
        "accuracy": 0.786518557834477,
        "log_loss": 0.6610851312626029
    }
}