{
    "balanced_accuracy": 0.7896644295302013,
    "accuracy": 0.7892976588628763
}