{
    "balanced_accuracy": 0.827606831967737,
    "accuracy": 0.8703220191470844
}