{
    "balanced_accuracy": 0.9576561491904514,
    "accuracy": 0.9569471624266145,
    "log_loss": 0.1175361747697486,
    "roc_auc": 0.9576561491904514,
    "f1": 0.9552845528455285,
    "precision": 0.94,
    "recall": 0.9710743801652892,
    "inference_time": 0.01210331916809082,
    "training_time": 0,
    "dataset": "kr-vs-kp",
    "model": "mlp/simple_nnw",
    "fold": "F4",
    "architecture_name": "A1",
    "fs_method": "linear_model",
    "fs_percent": 0.6,
    "fs_n_features": 21
}