{
    "valid_loss": {
        "balanced_accuracy": 0.33828179334677144,
        "accuracy": 0.6175835007771923,
        "log_loss": 1.1042847685891832
    }
}