{
    "valid_loss": {
        "balanced_accuracy": 0.9304942007449044,
        "accuracy": 0.9544877606527652,
        "log_loss": 0.12007324663347707,
        "roc_auc": 0.9304942007449044,
        "f1": 0.9686759016598028,
        "precision": 0.9512254901960784,
        "recall": 0.9867785405542843
    }
}