{
    "balanced_accuracy": 0.9803757411902055,
    "accuracy": 0.9804305283757339,
    "log_loss": 0.04760121387227396,
    "roc_auc": 0.9803757411902055,
    "f1": 0.9793388429752066,
    "precision": 0.9793388429752066,
    "recall": 0.9793388429752066,
    "training_time": 0.07927894592285156,
    "inference_time": 0.001148223876953125,
    "dataset": "kr-vs-kp",
    "model": "xgboost",
    "fold": "F1",
    "architecture_name": "A2",
    "fs_method": "linear_model",
    "fs_percent": 0.5,
    "fs_n_features": 18
}