{
    "balanced_accuracy": 0.8332812454219609,
    "accuracy": 0.8328125,
    "log_loss": 0.3257301090626473,
    "roc_auc": 0.8332812454219608,
    "f1": 0.8395802098950524,
    "precision": 0.8,
    "recall": 0.8832807570977917,
    "training_time": 0.01614975929260254,
    "inference_time": 0.0007238388061523438,
    "dataset": "kr-vs-kp",
    "model": "xgboost",
    "architecture_name": "A0",
    "fs_method": "random_4",
    "fs_percent": 0.5,
    "fs_n_features": 18
}