{
    "balanced_accuracy": 0.7711717089311712,
    "accuracy": 0.8099728014505893,
    "log_loss": 0.6961177135865845,
    "roc_auc": 0.771171708931171,
    "f1": 0.8661558109833972,
    "precision": 0.8701565306646138,
    "recall": 0.8621917111619629,
    "inference_time": 0.38637232780456543,
    "training_time": 438.9888441379252
}