{
    "balanced_accuracy": 0.769793265993266,
    "accuracy": 0.8281509916826616,
    "log_loss": 0.3726128951067018,
    "roc_auc": 0.769793265993266,
    "f1": 0.8863886304035191,
    "precision": 0.8908348920251657,
    "recall": 0.881986531986532,
    "inference_time": 0.19137001037597656,
    "training_time": 0,
    "dataset": "adult",
    "model": "mlp/simple_nd_nn",
    "fold": "F0",
    "architecture_name": "A1",
    "fs_method": "decision_tree",
    "fs_percent": 0.8,
    "fs_n_features": 11
}