{
    "balanced_accuracy": 0.6596401993582304,
    "accuracy": 0.7919799498746867
}