{
    "balanced_accuracy": 0.7457574503311258,
    "accuracy": 0.8567839195979899
}