{
    "valid_loss": {
        "balanced_accuracy": 0.3353924993057359,
        "accuracy": 0.6222087424650263,
        "log_loss": 1.1052914781448862
    }
}