{
    "balanced_accuracy": 0.5165369649805447,
    "accuracy": 0.5165692007797271
}