{
    "balanced_accuracy": 0.7431222764775214,
    "accuracy": 0.8500127975428717,
    "log_loss": 0.33698861105060385,
    "roc_auc": 0.7431222764775216,
    "f1": 0.9057877813504823,
    "precision": 0.8666359021688971,
    "recall": 0.9486445529550429,
    "inference_time": 0.15662837028503418,
    "training_time": 0,
    "dataset": "adult",
    "model": "mlp/simple_nnw",
    "fold": "F3",
    "architecture_name": "A0",
    "fs_method": "random_2",
    "fs_percent": 0.7,
    "fs_n_features": 9
}