{
    "valid_loss": {
        "balanced_accuracy": 0.33172149029924153,
        "accuracy": 0.6144893471832588,
        "log_loss": 1.1186435363306464
    }
}