{
    "valid_loss": {
        "balanced_accuracy": 0.9522707776833219,
        "accuracy": 0.9626405513239028,
        "log_loss": 0.09999804475099296,
        "roc_auc": 0.9522707776833219,
        "f1": 0.9738777580522445,
        "precision": 0.9711684370257967,
        "recall": 0.9766022380467956
    }
}