{
    "balanced_accuracy": 0.9218559351104434,
    "accuracy": 0.9392455567645992,
    "log_loss": 0.14213206740101242,
    "roc_auc": 0.9218559351104434,
    "f1": 0.9576324775515366,
    "precision": 0.9526925012581782,
    "recall": 0.9626239511823036,
    "inference_time": 0.11416029930114746,
    "training_time": 0,
    "dataset": "nomao",
    "model": "mlp/simple",
    "fold": "F3",
    "architecture_name": "A0",
    "fs_method": "linear_model",
    "fs_percent": 0.6,
    "fs_n_features": 70
}