{
    "valid_loss": {
        "balanced_accuracy": 0.7836737497895269,
        "accuracy": 0.8525723061172255,
        "log_loss": 0.3142734383666978,
        "roc_auc": 0.7836737497895268,
        "f1": 0.9042712315107196,
        "precision": 0.8926989335520918,
        "recall": 0.9161474995790537
    }
}