{
    "balanced_accuracy": 0.9506139603057089,
    "accuracy": 0.9630032644178455,
    "log_loss": 0.09975164313790819,
    "roc_auc": 0.9506139603057089,
    "f1": 0.9742098609355246,
    "precision": 0.9688207191350264,
    "recall": 0.9796592931604373,
    "inference_time": 2.1583187580108643,
    "training_time": 900.9000417391459,
    "dataset": "nomao",
    "model": "transformer/cls",
    "fold": "F3",
    "architecture_name": "A31",
    "fs_method": "none",
    "fs_percent": 1.0,
    "fs_n_features": 118
}