{
    "balanced_accuracy": 0.7797367615549434,
    "accuracy": 0.78125,
    "log_loss": 0.6546394684992414,
    "roc_auc": 0.7797367615549433,
    "f1": 0.7647058823529411,
    "precision": 0.7777777777777778,
    "recall": 0.7520661157024794,
    "inference_time": 0.010380268096923828,
    "training_time": 0,
    "dataset": "kr-vs-kp",
    "model": "mlp/simple_nd_nnw",
    "fold": "F0",
    "architecture_name": "A0",
    "fs_method": "random_2",
    "fs_percent": 0.4,
    "fs_n_features": 14
}