{
    "balanced_accuracy": 0.965105990232022,
    "accuracy": 0.9726151614073268,
    "log_loss": 0.07568960185991273,
    "roc_auc": 0.965105990232022,
    "f1": 0.9808399949245019,
    "precision": 0.9789766970618035,
    "recall": 0.9827103991863717,
    "training_time": 1.1585288047790527,
    "inference_time": 0.009210348129272461,
    "dataset": "nomao",
    "model": "xgboost",
    "fold": "F3",
    "architecture_name": "A1",
    "fs_method": "f_classif",
    "fs_percent": 0.8,
    "fs_n_features": 94
}