{
    "valid_loss": {
        "balanced_accuracy": 0.942119390434532,
        "accuracy": 0.9602901178603808,
        "log_loss": 0.11325069453613477,
        "roc_auc": 0.942119390434532,
        "f1": 0.9725047080979284,
        "precision": 0.9605654761904762,
        "recall": 0.984744469870328
    }
}