{
    "balanced_accuracy": 0.9218303826384924,
    "accuracy": 0.9219512195121952,
    "log_loss": 0.21696419771074768,
    "roc_auc": 0.9218303826384923,
    "f1": 0.9241706161137441,
    "precision": 0.9027777777777778,
    "recall": 0.9466019417475728,
    "inference_time": 0.01982283592224121,
    "training_time": 0,
    "dataset": "sylvine",
    "model": "mlp/simple_nd_nnw",
    "fold": "F1",
    "architecture_name": "A1",
    "fs_method": "random_3",
    "fs_percent": 0.8,
    "fs_n_features": 16
}