{
    "balanced_accuracy": 0.954636329017517,
    "accuracy": 0.9541463414634146,
    "log_loss": 0.1321618650668224,
    "roc_auc": 0.9546363290175173,
    "f1": 0.9550239234449761,
    "precision": 0.924074074074074,
    "recall": 0.9881188118811881,
    "training_time": 0.06779336929321289,
    "inference_time": 0.0009100437164306641,
    "dataset": "sylvine",
    "model": "xgboost",
    "architecture_name": "A3",
    "fs_method": "decision_tree",
    "fs_percent": 0.5,
    "fs_n_features": 10
}