{
    "balanced_accuracy": 0.9388281689217273,
    "accuracy": 0.957751586582049,
    "log_loss": 0.11437171994550836,
    "roc_auc": 0.9388281689217272,
    "f1": 0.9707543617421865,
    "precision": 0.958601883986118,
    "recall": 0.9832189168573608,
    "inference_time": 0.6943719387054443,
    "training_time": 438.9888441379252
}