{
    "valid_loss": {
        "balanced_accuracy": 0.7609171717171717,
        "accuracy": 0.8385156749840051,
        "log_loss": 0.3512902913153305,
        "roc_auc": 0.7609171717171717,
        "f1": 0.895477886367401,
        "precision": 0.8813172481252037,
        "recall": 0.9101010101010101
    }
}