{
    "balanced_accuracy": 0.5221521162426357,
    "accuracy": 0.6786259541984733
}