{
    "balanced_accuracy": 0.3640449284998512,
    "accuracy": 0.5939849624060151
}