{
    "balanced_accuracy": 0.5347552936743857,
    "accuracy": 0.6129032258064516
}