{
    "balanced_accuracy": 0.8043954119604237,
    "accuracy": 0.8075313807531381,
    "log_loss": 0.411903683183153,
    "roc_auc": 0.8043954119604237,
    "f1": 0.8397212543554007,
    "precision": 0.7280966767371602,
    "recall": 0.9917695473251029,
    "inference_time": 0.011165618896484375,
    "training_time": 0,
    "dataset": "jasmine",
    "model": "mlp/simple",
    "fold": "F1",
    "architecture_name": "A0",
    "fs_method": "f_classif",
    "fs_percent": 0.9,
    "fs_n_features": 129
}