{
    "valid_loss": {
        "balanced_accuracy": 0.7795166414098894,
        "accuracy": 0.8617865369848989,
        "log_loss": 0.30059727214457316,
        "roc_auc": 0.7795166414098894,
        "f1": 0.9116058274676706,
        "precision": 0.8869246695333652,
        "recall": 0.9376999494864455
    }
}