{
    "valid_loss": {
        "balanced_accuracy": 0.9426617647933657,
        "accuracy": 0.9426829268292682,
        "log_loss": 0.17297973074122808,
        "roc_auc": 0.9426617647933658,
        "f1": 0.9433051869722557,
        "precision": 0.9354066985645934,
        "recall": 0.9513381995133819
    }
}