{
    "valid_loss": {
        "balanced_accuracy": 0.9294752254830217,
        "accuracy": 0.9530286543344215,
        "log_loss": 0.111346999215161,
        "roc_auc": 0.9294752254830217,
        "f1": 0.9676371360739723,
        "precision": 0.951117661508229,
        "recall": 0.9847405900305188
    }
}