{
    "balanced_accuracy": 0.7405033238366572,
    "accuracy": 0.7442348008385744,
    "log_loss": 0.5111868102283025,
    "roc_auc": 0.7405033238366572,
    "f1": 0.7889273356401384,
    "precision": 0.6805970149253732,
    "recall": 0.9382716049382716,
    "inference_time": 0.012073755264282227,
    "training_time": 0,
    "dataset": "jasmine",
    "model": "mlp/simple_nd",
    "fold": "F3",
    "architecture_name": "A0",
    "fs_method": "random_5",
    "fs_percent": 0.6,
    "fs_n_features": 86
}