{
    "balanced_accuracy": 0.74113643558088,
    "accuracy": 0.7421383647798742,
    "log_loss": 0.6366612265763724,
    "roc_auc": 0.74113643558088,
    "f1": 0.7583497053045186,
    "precision": 0.7255639097744361,
    "recall": 0.7942386831275721,
    "inference_time": 0.060025930404663086,
    "training_time": 52.552779298079635
}