{
    "valid_loss": {
        "balanced_accuracy": 0.7911885521885522,
        "accuracy": 0.8587332053742802,
        "log_loss": 0.3043194477223605,
        "roc_auc": 0.7911885521885522,
        "f1": 0.9083513199402291,
        "precision": 0.8960039305601049,
        "recall": 0.921043771043771
    }
}