{
    "balanced_accuracy": 0.6582107154587302,
    "accuracy": 0.7687509067169592,
    "log_loss": 0.5464999854358571,
    "roc_auc": 0.6582107154587302,
    "f1": 0.8499058380414313,
    "precision": 0.7969274236270528,
    "recall": 0.9104296953802703,
    "inference_time": 0.1311655044555664,
    "training_time": 0,
    "dataset": "nomao",
    "model": "mlp/simple_nd_nnw",
    "architecture_name": "A0",
    "fs_method": "random_2",
    "fs_percent": 0.4,
    "fs_n_features": 47
}