{
    "balanced_accuracy": 0.7226229508196722,
    "accuracy": 0.7387387387387387,
    "log_loss": 0.5592969952046709,
    "roc_auc": 0.7226229508196721,
    "f1": 0.6588235294117647,
    "precision": 0.8,
    "recall": 0.56,
    "inference_time": 0.003210783004760742,
    "training_time": 0,
    "dataset": "australian",
    "model": "mlp/simple_nd_nnw",
    "fold": "F0",
    "architecture_name": "A1",
    "fs_method": "random_1",
    "fs_percent": 0.6,
    "fs_n_features": 8
}