{
    "balanced_accuracy": 0.853097721950181,
    "accuracy": 0.855072463768116,
    "log_loss": 0.3443156555928983,
    "roc_auc": 0.853097721950181,
    "f1": 0.8360655737704918,
    "precision": 0.8360655737704918,
    "recall": 0.8360655737704918,
    "training_time": 0.012055635452270508,
    "inference_time": 0.0005381107330322266,
    "dataset": "australian",
    "model": "xgboost",
    "architecture_name": "A0",
    "fs_method": "decision_tree",
    "fs_percent": 0.4,
    "fs_n_features": 5
}