{
    "balanced_accuracy": 0.5900069304156775,
    "accuracy": 0.7995495495495496
}