{
    "balanced_accuracy": 0.49679877180991994,
    "accuracy": 0.6156748413651175
}