{
    "balanced_accuracy": 0.591610101010101,
    "accuracy": 0.7964171465131158,
    "log_loss": 0.4838428872594407,
    "roc_auc": 0.591610101010101,
    "f1": 0.8803489508911785,
    "precision": 0.7955688459970096,
    "recall": 0.9853535353535353,
    "inference_time": 0.18648338317871094,
    "training_time": 0,
    "dataset": "adult",
    "model": "mlp/simple_nd",
    "fold": "F0",
    "architecture_name": "A0",
    "fs_method": "linear_model",
    "fs_percent": 0.4,
    "fs_n_features": 5
}