{
    "balanced_accuracy": 0.9254116695221778,
    "accuracy": 0.925609756097561,
    "log_loss": 0.20195513122660266,
    "roc_auc": 0.9254116695221777,
    "f1": 0.9288214702450408,
    "precision": 0.8943820224719101,
    "recall": 0.9660194174757282,
    "inference_time": 0.01806473731994629,
    "training_time": 0,
    "dataset": "sylvine",
    "model": "mlp/simple_nd",
    "fold": "F0",
    "architecture_name": "A0",
    "fs_method": "linear_model",
    "fs_percent": 0.9,
    "fs_n_features": 18
}