{
  "dropout": 0.17914561200381718,
  "embedding_size": 32,
  "n_head": 4,
  "n_hid": 128,
  "n_layers": 3,
  "numerical_passthrough": false,
  "optimizer__lr": 0.001655124617881332
}