{
    "valid_loss": {
        "balanced_accuracy": 0.5797732026774614,
        "accuracy": 0.6531246650230464,
        "log_loss": 1.0141123295201366
    }
}