{
    "balanced_accuracy": 0.7263298762127801,
    "accuracy": 0.7454545454545455,
    "log_loss": 0.5580912358965922,
    "roc_auc": 0.7263298762127802,
    "f1": 0.6585365853658537,
    "precision": 0.8181818181818182,
    "recall": 0.5510204081632653,
    "inference_time": 0.0029714107513427734,
    "training_time": 0,
    "dataset": "australian",
    "model": "mlp/simple_nd",
    "fold": "F2",
    "architecture_name": "A0",
    "fs_method": "random_1",
    "fs_percent": 0.7,
    "fs_n_features": 9
}