{
    "balanced_accuracy": 0.45776485605339834,
    "accuracy": 0.5490683229813664
}