{
    "balanced_accuracy": 0.7142857142857142,
    "accuracy": 0.7291666666666666
}