{
    "balanced_accuracy": 0.3896889931054083,
    "accuracy": 0.5786259541984733
}