{
    "balanced_accuracy": 0.6198219125048393,
    "accuracy": 0.6344827586206897
}