{
    "balanced_accuracy": 0.9626348066354319,
    "accuracy": 0.9704388828436706,
    "log_loss": 0.08752448334480616,
    "roc_auc": 0.9626348066354319,
    "f1": 0.9793120954435842,
    "precision": 0.9776989356310187,
    "recall": 0.9809305873379099,
    "training_time": 1.5368573665618896,
    "inference_time": 0.008008956909179688,
    "dataset": "nomao",
    "model": "xgboost",
    "fold": "F2",
    "architecture_name": "A3",
    "fs_method": "random_3",
    "fs_percent": 0.9,
    "fs_n_features": 106
}