{
    "balanced_accuracy": 0.8243849049995622,
    "accuracy": 0.8263598326359832,
    "log_loss": 0.40591427884569253,
    "roc_auc": 0.8243849049995622,
    "f1": 0.8465804066543438,
    "precision": 0.7684563758389261,
    "recall": 0.9423868312757202,
    "training_time": 0.05822324752807617,
    "inference_time": 0.0006554126739501953,
    "dataset": "jasmine",
    "model": "xgboost",
    "fold": "F1",
    "architecture_name": "A0",
    "fs_method": "decision_tree",
    "fs_percent": 0.7,
    "fs_n_features": 100
}