{
    "balanced_accuracy": 0.9445559596341252,
    "accuracy": 0.952819332566168
}