{
    "balanced_accuracy": 0.8874205419872867,
    "accuracy": 0.8818181818181818,
    "log_loss": 0.3020969729983894,
    "roc_auc": 0.8874205419872868,
    "f1": 0.8761904761904762,
    "precision": 0.8214285714285714,
    "recall": 0.9387755102040817,
    "inference_time": 0.0027043819427490234,
    "training_time": 0,
    "dataset": "australian",
    "model": "mlp/simple_nd_nn",
    "fold": "F3",
    "architecture_name": "A0",
    "fs_method": "f_classif",
    "fs_percent": 0.9,
    "fs_n_features": 12
}