{
    "valid_loss": {
        "balanced_accuracy": 0.5637570690822117,
        "accuracy": 0.7854272499810449,
        "log_loss": 0.6538163240562017
    }
}