{
    "balanced_accuracy": 0.3712110090024371,
    "accuracy": 0.6265664160401002
}