{
    "valid_loss": {
        "balanced_accuracy": 0.9438137979018794,
        "accuracy": 0.9597388465723613,
        "log_loss": 0.1030019657370528,
        "roc_auc": 0.9438137979018795,
        "f1": 0.9720332577475435,
        "precision": 0.963055416874688,
        "recall": 0.9811800610376399
    }
}