{
    "balanced_accuracy": 0.8059204264229964,
    "accuracy": 0.8060975609756098,
    "log_loss": 0.4108059502767624,
    "roc_auc": 0.8059204264229964,
    "f1": 0.813599062133646,
    "precision": 0.7868480725623582,
    "recall": 0.8422330097087378,
    "training_time": 0.20700883865356445,
    "inference_time": 0.0015544891357421875,
    "dataset": "sylvine",
    "model": "xgboost",
    "fold": "F1",
    "architecture_name": "A1",
    "fs_method": "random_3",
    "fs_percent": 0.6,
    "fs_n_features": 12
}