{
    "balanced_accuracy": 0.992357676119082,
    "accuracy": 0.9921722113502935,
    "log_loss": 0.01830817537917288,
    "roc_auc": 0.9923576761190821,
    "f1": 0.9917695473251029,
    "precision": 0.9877049180327869,
    "recall": 0.9958677685950413,
    "inference_time": 0.01108241081237793,
    "training_time": 0,
    "dataset": "kr-vs-kp",
    "model": "mlp/simple_nd",
    "fold": "F1",
    "architecture_name": "A0",
    "fs_method": "f_classif",
    "fs_percent": 0.9,
    "fs_n_features": 32
}