{
    "balanced_accuracy": 0.6554834054834056,
    "accuracy": 0.7135416666666666
}