{
    "balanced_accuracy": 0.9451015822853399,
    "accuracy": 0.9538662411141738,
    "log_loss": 0.1381513993528966,
    "roc_auc": 0.9451015822853399,
    "f1": 0.967833299615618,
    "precision": 0.9705822682085615,
    "recall": 0.9650998587855558,
    "inference_time": 0.8300189971923828,
    "training_time": 0,
    "dataset": "nomao",
    "model": "transformer/cls",
    "architecture_name": "A28",
    "fs_method": "random_3",
    "fs_percent": 0.7,
    "fs_n_features": 82
}