{
    "valid_loss": {
        "balanced_accuracy": 0.7800276094276095,
        "accuracy": 0.8609085092770313,
        "log_loss": 0.3020510415859341,
        "roc_auc": 0.7800276094276095,
        "f1": 0.910908941890009,
        "precision": 0.8875578980993452,
        "recall": 0.9355218855218855
    }
}