{
    "balanced_accuracy": 0.9671572091308489,
    "accuracy": 0.9667318982387475,
    "log_loss": 0.06774461189993604,
    "roc_auc": 0.9671572091308487,
    "f1": 0.9652351738241309,
    "precision": 0.9554655870445344,
    "recall": 0.9752066115702479,
    "training_time": 0.0623631477355957,
    "inference_time": 0.00079345703125,
    "dataset": "kr-vs-kp",
    "model": "xgboost",
    "fold": "F4",
    "architecture_name": "A2",
    "fs_method": "f_classif",
    "fs_percent": 0.7,
    "fs_n_features": 25
}