{
    "balanced_accuracy": 0.4911669932441807,
    "accuracy": 0.6725190839694657
}