{
    "balanced_accuracy": 0.44411764705882356,
    "accuracy": 0.8222222222222222
}