{
    "balanced_accuracy": 0.8953482204935193,
    "accuracy": 0.9051677243880326,
    "log_loss": 0.27569099200234104,
    "roc_auc": 0.8953482204935194,
    "f1": 0.9324899961275332,
    "precision": 0.9470372312532774,
    "recall": 0.9183829138062548,
    "inference_time": 0.10282659530639648,
    "training_time": 0,
    "dataset": "nomao",
    "model": "mlp/simple_nd_nnw",
    "fold": "F0",
    "architecture_name": "A0",
    "fs_method": "random_3",
    "fs_percent": 0.7,
    "fs_n_features": 82
}