{
    "balanced_accuracy": 0.7275042444821731,
    "accuracy": 0.7391304347826086
}