{
    "valid_loss": {
        "balanced_accuracy": 0.7716049382716049,
        "accuracy": 0.7735849056603774,
        "log_loss": 0.47210149517808614,
        "roc_auc": 0.771604938271605,
        "f1": 0.797752808988764,
        "precision": 0.7319587628865979,
        "recall": 0.8765432098765432
    }
}