{
    "balanced_accuracy": 0.7771830043492807,
    "accuracy": 0.7818181818181819,
    "log_loss": 0.49612456043071335,
    "roc_auc": 0.7771830043492807,
    "f1": 0.75,
    "precision": 0.7659574468085106,
    "recall": 0.7346938775510204,
    "training_time": 0.023835182189941406,
    "inference_time": 0.0005714893341064453,
    "dataset": "australian",
    "model": "xgboost",
    "fold": "F4",
    "architecture_name": "A2",
    "fs_method": "decision_tree",
    "fs_percent": 0.6,
    "fs_n_features": 8
}