{
    "valid_loss": {
        "balanced_accuracy": 0.7714477633720604,
        "accuracy": 0.8525723061172255,
        "log_loss": 0.3225892932237969,
        "roc_auc": 0.7714477633720603,
        "f1": 0.9053254437869822,
        "precision": 0.8842510836410339,
        "recall": 0.9274288600774541
    }
}