{
    "balanced_accuracy": 0.6332565284178188,
    "accuracy": 0.9147398843930635
}