{
    "valid_loss": {
        "balanced_accuracy": 0.58350164992375,
        "accuracy": 0.6747052518756699,
        "log_loss": 0.9529724711206701
    }
}