{
    "valid_loss": {
        "balanced_accuracy": 0.5997439479687717,
        "accuracy": 0.6748847679279666,
        "log_loss": 0.9440849795527225
    }
}