{
    "balanced_accuracy": 0.8131720430107527,
    "accuracy": 0.8705035971223022
}