{
    "valid_loss": {
        "balanced_accuracy": 0.9350972982025412,
        "accuracy": 0.9553943789664551,
        "log_loss": 0.11884502599235734,
        "roc_auc": 0.9350972982025411,
        "f1": 0.9691574724172518,
        "precision": 0.9559732871629978,
        "recall": 0.9827103991863717
    }
}