{
    "valid_loss": {
        "balanced_accuracy": 0.93530342921352,
        "accuracy": 0.9535727239753355,
        "log_loss": 0.12526935257966293,
        "roc_auc": 0.9353034292135199,
        "f1": 0.9677987421383648,
        "precision": 0.957679860592482,
        "recall": 0.9781337401474701
    }
}