{
    "balanced_accuracy": 0.8338552711135283,
    "accuracy": 0.8910244786944697,
    "log_loss": 0.2521391465963385,
    "roc_auc": 0.8338552711135284,
    "f1": 0.9268411442483262,
    "precision": 0.889070527790752,
    "recall": 0.9679633867276888,
    "inference_time": 0.1591644287109375,
    "training_time": 0,
    "dataset": "nomao",
    "model": "mlp/simple_nd",
    "fold": "F1",
    "architecture_name": "A1",
    "fs_method": "random_4",
    "fs_percent": 0.6,
    "fs_n_features": 70
}