{
    "balanced_accuracy": 0.4590184076444528,
    "accuracy": 0.6572519083969466
}