{
    "balanced_accuracy": 0.8225374310480693,
    "accuracy": 0.8242677824267782,
    "log_loss": 0.38841758561624967,
    "roc_auc": 0.8225374310480695,
    "f1": 0.8426966292134831,
    "precision": 0.7731958762886598,
    "recall": 0.9259259259259259,
    "training_time": 0.08843660354614258,
    "inference_time": 0.0009202957153320312,
    "dataset": "jasmine",
    "model": "xgboost",
    "fold": "F0",
    "architecture_name": "A0",
    "fs_method": "decision_tree",
    "fs_percent": 0.8,
    "fs_n_features": 115
}