{
    "valid_loss": {
        "balanced_accuracy": 0.9291406823714911,
        "accuracy": 0.9501269495828799,
        "log_loss": 0.12448094287409862,
        "roc_auc": 0.9291406823714911,
        "f1": 0.9654912787049819,
        "precision": 0.9529353480307159,
        "recall": 0.978382502543235
    }
}