{
    "valid_loss": {
        "balanced_accuracy": 0.885580461692874,
        "accuracy": 0.8909090909090909,
        "log_loss": 0.32240468781365067,
        "roc_auc": 0.885580461692874,
        "f1": 0.8723404255319149,
        "precision": 0.9111111111111111,
        "recall": 0.8367346938775511
    }
}