{
    "balanced_accuracy": 0.5183041722745626,
    "accuracy": 0.2671990171990172
}