{
    "balanced_accuracy": 0.8064516129032258,
    "accuracy": 0.9136690647482014
}