{
    "balanced_accuracy": 0.6914525772007648,
    "accuracy": 0.8889496717724289
}