{
    "valid_loss": {
        "balanced_accuracy": 0.7892173542122691,
        "accuracy": 0.8562835935500384,
        "log_loss": 0.31152594007898754,
        "roc_auc": 0.7892173542122691,
        "f1": 0.9066422811538781,
        "precision": 0.8954022988505748,
        "recall": 0.9181680417578717
    }
}