{
    "balanced_accuracy": 0.7379077441077441,
    "accuracy": 0.8420985284708893,
    "log_loss": 0.34708192686950873,
    "roc_auc": 0.7379077441077441,
    "f1": 0.9003231017770598,
    "precision": 0.8653726708074534,
    "recall": 0.9382154882154882,
    "inference_time": 0.19945859909057617,
    "training_time": 0,
    "dataset": "adult",
    "model": "mlp/simple_nd_nn",
    "fold": "F2",
    "architecture_name": "A1",
    "fs_method": "random_1",
    "fs_percent": 0.6,
    "fs_n_features": 8
}