{
    "balanced_accuracy": 0.5612252836224235,
    "accuracy": 0.6593208712056251,
    "log_loss": 0.9545994279774475
}