{
  "dropout": 0.1613691637709075,
  "embedding_size": 128,
  "n_head": 16,
  "n_hid": 512,
  "n_layers": 1,
  "optimizer__lr": 1.4259082602401539e-05
}