{
    "balanced_accuracy": 0.8116889939584975,
    "accuracy": 0.8138075313807531,
    "log_loss": 0.39678797944425476,
    "roc_auc": 0.8116889939584975,
    "f1": 0.8366972477064221,
    "precision": 0.7549668874172185,
    "recall": 0.9382716049382716,
    "training_time": 0.05879855155944824,
    "inference_time": 0.0006678104400634766,
    "dataset": "jasmine",
    "model": "xgboost",
    "fold": "F1",
    "architecture_name": "A0",
    "fs_method": "f_classif",
    "fs_percent": 0.7,
    "fs_n_features": 100
}