{
    "valid_loss": {
        "balanced_accuracy": 0.769863880974992,
        "accuracy": 0.7735849056603774,
        "log_loss": 0.4670524598427963,
        "roc_auc": 0.7698638809749921,
        "f1": 0.8131487889273357,
        "precision": 0.7014925373134329,
        "recall": 0.9670781893004116
    }
}