{
    "balanced_accuracy": 0.7946915824915826,
    "accuracy": 0.8399232245681382,
    "log_loss": 0.32204566914799204,
    "roc_auc": 0.7946915824915824,
    "f1": 0.8933049040511727,
    "precision": 0.9052722558340536,
    "recall": 0.8816498316498317,
    "inference_time": 0.8680133819580078,
    "training_time": 250.5688133239746,
    "dataset": "adult",
    "model": "transformer/cls",
    "fold": "F1",
    "architecture_name": "A22",
    "fs_method": "random_5",
    "fs_percent": 0.9,
    "fs_n_features": 12
}