{
    "balanced_accuracy": 0.7401076289965178,
    "accuracy": 0.740041928721174,
    "log_loss": 0.4934303053550892,
    "roc_auc": 0.7401076289965178,
    "f1": 0.7427385892116183,
    "precision": 0.7489539748953975,
    "recall": 0.7366255144032922,
    "inference_time": 0.012013435363769531,
    "training_time": 0,
    "dataset": "jasmine",
    "model": "mlp/simple_nnw",
    "fold": "F4",
    "architecture_name": "A1",
    "fs_method": "random_1",
    "fs_percent": 0.4,
    "fs_n_features": 57
}