{
    "valid_loss": {
        "balanced_accuracy": 0.9291054479418303,
        "accuracy": 0.9501269495828799,
        "log_loss": 0.1221549906514499,
        "roc_auc": 0.9291054479418304,
        "f1": 0.9654999372726132,
        "precision": 0.9529470034670628,
        "recall": 0.9783879989829647
    }
}