{
    "balanced_accuracy": 0.7855003940110323,
    "accuracy": 0.7866108786610879,
    "log_loss": 0.44438610372704934,
    "roc_auc": 0.7855003940110323,
    "f1": 0.8023255813953488,
    "precision": 0.7582417582417582,
    "recall": 0.8518518518518519,
    "training_time": 0.06500411033630371,
    "inference_time": 0.0008370876312255859,
    "dataset": "jasmine",
    "model": "xgboost",
    "fold": "F1",
    "architecture_name": "A2",
    "fs_method": "random_1",
    "fs_percent": 0.4,
    "fs_n_features": 57
}