{
    "balanced_accuracy": 0.7574923547400612,
    "accuracy": 0.8848920863309353
}