{
    "balanced_accuracy": 0.9532679979794383,
    "accuracy": 0.9640914036996736,
    "log_loss": 0.09560432205277473,
    "roc_auc": 0.9532679979794384,
    "f1": 0.9749240121580547,
    "precision": 0.9712339137017411,
    "recall": 0.9786422578184591,
    "training_time": 0.8052511215209961,
    "inference_time": 0.009832620620727539,
    "dataset": "nomao",
    "model": "xgboost",
    "fold": "F3",
    "architecture_name": "A2",
    "fs_method": "random_5",
    "fs_percent": 0.4,
    "fs_n_features": 47
}