{
    "balanced_accuracy": 0.8230732522071105,
    "accuracy": 0.8341968911917098
}