{
    "balanced_accuracy": 0.7534001431639227,
    "accuracy": 0.7616580310880829
}