{
    "balanced_accuracy": 0.3713098824950815,
    "accuracy": 0.5206654090207512
}