{
    "balanced_accuracy": 0.35628263315986164,
    "accuracy": 0.568922305764411
}