{
    "balanced_accuracy": 0.9254814127389217,
    "accuracy": 0.925609756097561,
    "log_loss": 0.21978261970717958,
    "roc_auc": 0.9254814127389217,
    "f1": 0.9294797687861271,
    "precision": 0.8854625550660793,
    "recall": 0.9781021897810219,
    "training_time": 11.799380540847778,
    "inference_time": 0.030820846557617188,
    "dataset": "sylvine",
    "model": "mlp/full_nd",
    "fold": "F3",
    "architecture_name": "A0",
    "fs_method": "none",
    "fs_percent": 1.0,
    "fs_n_features": 20
}