{
    "balanced_accuracy": 0.49677615728785784,
    "accuracy": 0.6608097784568373
}