{
    "balanced_accuracy": 0.5761154855643045,
    "accuracy": 0.6528497409326425
}