{
    "balanced_accuracy": 0.5261904761904762,
    "accuracy": 0.13728323699421965
}