{
    "balanced_accuracy": 0.7778080808080808,
    "accuracy": 0.8647472808701215,
    "log_loss": 0.28844964550238095,
    "roc_auc": 0.7778080808080808,
    "f1": 0.9139461043718962,
    "precision": 0.8849125019706764,
    "recall": 0.944949494949495,
    "training_time": 0.24314403533935547,
    "inference_time": 0.0028123855590820312
}