{
    "balanced_accuracy": 0.7191601049868765,
    "accuracy": 0.7357512953367875
}