{
    "balanced_accuracy": 0.6649107045225506,
    "accuracy": 0.900984682713348
}