{
    "balanced_accuracy": 0.5156546489563567,
    "accuracy": 0.7088607594936709
}