{
    "balanced_accuracy": 0.5039620217018846,
    "accuracy": 0.5024390243902439,
    "log_loss": 1.5236677909405167,
    "roc_auc": 0.5039620217018846,
    "f1": 0.2791519434628975,
    "precision": 0.512987012987013,
    "recall": 0.19174757281553398,
    "inference_time": 0.09537529945373535,
    "training_time": 52.79298280900524,
    "dataset": "sylvine",
    "model": "transformer/cls",
    "fold": "F0",
    "architecture_name": "A26",
    "fs_method": "random_1",
    "fs_percent": 0.4,
    "fs_n_features": 8
}