{
    "balanced_accuracy": 0.9496252494774193,
    "accuracy": 0.9621033544877606,
    "log_loss": 0.09875170535174352,
    "roc_auc": 0.9496252494774192,
    "f1": 0.9735744089012517,
    "precision": 0.9683098591549296,
    "recall": 0.9788965166539537,
    "training_time": 1.030179738998413,
    "inference_time": 0.006791353225708008,
    "dataset": "nomao",
    "model": "xgboost",
    "fold": "F1",
    "architecture_name": "A2",
    "fs_method": "random_3",
    "fs_percent": 0.6,
    "fs_n_features": 70
}