{
    "balanced_accuracy": 0.5679012345679012,
    "accuracy": 0.5833333333333334
}