{
    "balanced_accuracy": 0.8324456688093052,
    "accuracy": 0.8359375,
    "log_loss": 0.2762294489022995,
    "roc_auc": 0.8324456688093052,
    "f1": 0.8157894736842105,
    "precision": 0.8691588785046729,
    "recall": 0.768595041322314,
    "training_time": 0.08840417861938477,
    "inference_time": 0.0010793209075927734,
    "dataset": "kr-vs-kp",
    "model": "xgboost",
    "fold": "F0",
    "architecture_name": "A2",
    "fs_method": "random_4",
    "fs_percent": 0.6,
    "fs_n_features": 21
}