{
    "balanced_accuracy": 0.7354585858585858,
    "accuracy": 0.8236724248240563,
    "log_loss": 0.3697901684035135,
    "roc_auc": 0.735458585858586,
    "f1": 0.8863973619126133,
    "precision": 0.868497576736672,
    "recall": 0.9050505050505051,
    "inference_time": 0.19501256942749023,
    "training_time": 0,
    "dataset": "adult",
    "model": "mlp/simple_nd_nn",
    "fold": "F2",
    "architecture_name": "A1",
    "fs_method": "decision_tree",
    "fs_percent": 0.8,
    "fs_n_features": 11
}