{
    "balanced_accuracy": 0.6357824915824916,
    "accuracy": 0.8078055022392834,
    "log_loss": 0.4081406271719889,
    "roc_auc": 0.6357824915824917,
    "f1": 0.8843191620455946,
    "precision": 0.8150198750709824,
    "recall": 0.9664983164983165,
    "inference_time": 0.24855613708496094,
    "training_time": 0,
    "dataset": "adult",
    "model": "mlp/simple_nd",
    "fold": "F2",
    "architecture_name": "A0",
    "fs_method": "random_5",
    "fs_percent": 0.4,
    "fs_n_features": 5
}