{
  "dropout": 0.06513843844008041,
  "embedding_size": 64,
  "n_head": 32,
  "n_hid": 256,
  "n_layers": 1,
  "numerical_passthrough": false,
  "optimizer__lr": 0.030083386171702167
}