{
    "balanced_accuracy": 0.6989248919571196,
    "accuracy": 0.8324801638085487,
    "log_loss": 0.371954267145138,
    "roc_auc": 0.6989248919571196,
    "f1": 0.896611642050391,
    "precision": 0.8443915501338887,
    "recall": 0.9557164505809059,
    "inference_time": 0.1468360424041748,
    "training_time": 0,
    "dataset": "adult",
    "model": "mlp/simple_nnw",
    "fold": "F4",
    "architecture_name": "A0",
    "fs_method": "linear_model",
    "fs_percent": 0.8,
    "fs_n_features": 11
}