{
    "valid_loss": {
        "balanced_accuracy": 0.7695473251028806,
        "accuracy": 0.7714884696016772,
        "log_loss": 0.4438184154864839,
        "roc_auc": 0.7695473251028807,
        "f1": 0.7954971857410882,
        "precision": 0.7310344827586207,
        "recall": 0.8724279835390947
    }
}