{
    "balanced_accuracy": 0.7530680134680134,
    "accuracy": 0.8435060780550224,
    "log_loss": 0.33131337271806166,
    "roc_auc": 0.7530680134680134,
    "f1": 0.90004086636698,
    "precision": 0.8746624305003972,
    "recall": 0.926936026936027,
    "training_time": 0.25793957710266113,
    "inference_time": 0.005061149597167969
}