{
  "dropout": 0.17913676382771004,
  "embedding_size": 128,
  "n_head": 1,
  "n_hid": 128,
  "n_layers": 3,
  "optimizer__lr": 0.00022414390100493854
}