{
  "dropout": 0.18114598541735713,
  "embedding_size": 512,
  "n_head": 32,
  "n_hid": 512,
  "n_layers": 3,
  "numerical_passthrough": false,
  "optimizer__lr": 0.0004326047705242037
}