{
    "balanced_accuracy": 0.750553972776195,
    "accuracy": 0.7547169811320755,
    "log_loss": 0.4892622340520214,
    "roc_auc": 0.750553972776195,
    "f1": 0.801358234295416,
    "precision": 0.6820809248554913,
    "recall": 0.9711934156378601,
    "training_time": 6.676795959472656,
    "inference_time": 0.015810489654541016,
    "dataset": "jasmine",
    "model": "mlp/full",
    "fold": "F3",
    "architecture_name": "A1",
    "fs_method": "linear_model",
    "fs_percent": 0.4,
    "fs_n_features": 57
}