{
    "balanced_accuracy": 0.9688085655473286,
    "accuracy": 0.9686888454011742,
    "log_loss": 0.06824303700502303,
    "roc_auc": 0.9688085655473286,
    "f1": 0.9670781893004116,
    "precision": 0.9631147540983607,
    "recall": 0.9710743801652892,
    "training_time": 7.771141767501831,
    "inference_time": 0.01965498924255371,
    "dataset": "kr-vs-kp",
    "model": "mlp/full",
    "fold": "F2",
    "architecture_name": "A1",
    "fs_method": "f_classif",
    "fs_percent": 0.6,
    "fs_n_features": 21
}