{
    "balanced_accuracy": 0.5332072149248048,
    "accuracy": 0.5317073170731708,
    "log_loss": 1.142220888102164,
    "roc_auc": 0.5332072149248049,
    "f1": 0.3263157894736842,
    "precision": 0.5886075949367089,
    "recall": 0.22572815533980584,
    "inference_time": 0.020017147064208984,
    "training_time": 0,
    "dataset": "sylvine",
    "model": "mlp/simple_nd",
    "fold": "F1",
    "architecture_name": "A0",
    "fs_method": "random_3",
    "fs_percent": 0.8,
    "fs_n_features": 16
}