{
    "balanced_accuracy": 0.6366222222222222,
    "accuracy": 0.8140754958413308,
    "log_loss": 0.388512101435991,
    "roc_auc": 0.6366222222222222,
    "f1": 0.8888208738235519,
    "precision": 0.8147005190068733,
    "recall": 0.9777777777777777,
    "inference_time": 0.14480972290039062,
    "training_time": 0,
    "dataset": "adult",
    "model": "mlp/simple_nnw",
    "fold": "F2",
    "architecture_name": "A0",
    "fs_method": "linear_model",
    "fs_percent": 0.7,
    "fs_n_features": 9
}