{
    "balanced_accuracy": 0.738255033557047,
    "accuracy": 0.738255033557047
}