{
    "balanced_accuracy": 0.5502816180235535,
    "accuracy": 0.6445086705202312
}