{
    "balanced_accuracy": 0.3955803527964949,
    "accuracy": 0.5138055222088835
}