{
    "valid_loss": {
        "balanced_accuracy": 0.8000158277936056,
        "accuracy": 0.8029350104821803,
        "log_loss": 0.43535964252063003,
        "roc_auc": 0.8000158277936056,
        "f1": 0.8315412186379928,
        "precision": 0.7365079365079366,
        "recall": 0.9547325102880658
    }
}