{
    "balanced_accuracy": 0.9605018060091874,
    "accuracy": 0.9689936536718041,
    "log_loss": 0.08586639605573101,
    "roc_auc": 0.9605018060091874,
    "f1": 0.978307750856273,
    "precision": 0.9762025316455696,
    "recall": 0.9804220696669209,
    "training_time": 1.3521335124969482,
    "inference_time": 0.006933927536010742,
    "dataset": "nomao",
    "model": "xgboost",
    "fold": "F0",
    "architecture_name": "A2",
    "fs_method": "f_classif",
    "fs_percent": 0.8,
    "fs_n_features": 94
}