{
    "valid_loss": {
        "balanced_accuracy": 0.7704606060606061,
        "accuracy": 0.8441458733205375,
        "log_loss": 0.3438635954798199,
        "roc_auc": 0.7704606060606061,
        "f1": 0.8989547038327527,
        "precision": 0.8861629048086359,
        "recall": 0.9121212121212121
    }
}