{
    "valid_loss": {
        "balanced_accuracy": 0.754556228956229,
        "accuracy": 0.8429942418426104,
        "log_loss": 0.3353605759066816,
        "roc_auc": 0.754556228956229,
        "f1": 0.8995168290885267,
        "precision": 0.8757773879763993,
        "recall": 0.9245791245791246
    }
}