{
    "balanced_accuracy": 0.7193111217314125,
    "accuracy": 0.7869674185463659
}