{
    "balanced_accuracy": 0.7655094249582439,
    "accuracy": 0.7823834196891192
}