{
    "balanced_accuracy": 0.8927351254512554,
    "accuracy": 0.9205658324265505,
    "log_loss": 0.1907457691493238,
    "roc_auc": 0.8927351254512554,
    "f1": 0.945057701956849,
    "precision": 0.9324257425742575,
    "recall": 0.9580366225839267,
    "inference_time": 0.12179183959960938,
    "training_time": 0,
    "dataset": "nomao",
    "model": "mlp/simple",
    "fold": "F4",
    "architecture_name": "A0",
    "fs_method": "random_5",
    "fs_percent": 0.4,
    "fs_n_features": 47
}