{
    "balanced_accuracy": 0.7903602693602694,
    "accuracy": 0.8588611644273833,
    "log_loss": 0.3027520819238906,
    "roc_auc": 0.7903602693602694,
    "f1": 0.9085178734345194,
    "precision": 0.8953735491253882,
    "recall": 0.922053872053872,
    "inference_time": 0.7572286128997803,
    "training_time": 245.6887554327646,
    "dataset": "adult",
    "model": "transformer/cls",
    "fold": "F0",
    "architecture_name": "A25",
    "fs_method": "none",
    "fs_percent": 1.0,
    "fs_n_features": 14
}