{
    "balanced_accuracy": 0.9192786603692572,
    "accuracy": 0.9194139194139194,
    "log_loss": 0.237298192717272,
    "roc_auc": 0.9192786603692571,
    "f1": 0.9225352112676056,
    "precision": 0.891156462585034,
    "recall": 0.9562043795620438,
    "inference_time": 0.015367269515991211,
    "training_time": 0,
    "dataset": "sylvine",
    "model": "mlp/simple_nnw",
    "fold": "F4",
    "architecture_name": "A0",
    "fs_method": "linear_model",
    "fs_percent": 0.4,
    "fs_n_features": 8
}