{
    "balanced_accuracy": 0.8220955998733777,
    "accuracy": 0.8238993710691824,
    "log_loss": 0.418352730560207,
    "roc_auc": 0.8220955998733777,
    "f1": 0.8415094339622642,
    "precision": 0.7770034843205574,
    "recall": 0.9176954732510288,
    "training_time": 0.11865687370300293,
    "inference_time": 0.0015146732330322266
}