{
    "balanced_accuracy": 0.9486483913953931,
    "accuracy": 0.948780487804878,
    "log_loss": 0.14019407185975488,
    "roc_auc": 0.9486483913953931,
    "f1": 0.950354609929078,
    "precision": 0.9262672811059908,
    "recall": 0.9757281553398058,
    "training_time": 0.10059642791748047,
    "inference_time": 0.0009276866912841797,
    "dataset": "sylvine",
    "model": "xgboost",
    "fold": "F1",
    "architecture_name": "A0",
    "fs_method": "linear_model",
    "fs_percent": 0.7,
    "fs_n_features": 14
}