{
    "balanced_accuracy": 0.7939414141414142,
    "accuracy": 0.8551503518873961,
    "log_loss": 0.30507629031406935,
    "roc_auc": 0.7939414141414142,
    "f1": 0.9053669954857048,
    "precision": 0.8992029226170707,
    "recall": 0.9116161616161617,
    "inference_time": 0.5501987934112549,
    "training_time": 185.07815265655518,
    "dataset": "adult",
    "model": "transformer/cls",
    "fold": "F1",
    "architecture_name": "A24",
    "fs_method": "none",
    "fs_percent": 1.0,
    "fs_n_features": 14
}