{
    "balanced_accuracy": 0.38134733722493097,
    "accuracy": 0.4987137712227748
}