{
    "balanced_accuracy": 0.7731893050541516,
    "accuracy": 0.7721943048576214,
    "log_loss": 0.543977063577642,
    "roc_auc": 0.7731893050541517,
    "f1": 0.7622377622377622,
    "precision": 0.7389830508474576,
    "recall": 0.7870036101083032,
    "inference_time": 0.014756917953491211,
    "training_time": 0,
    "dataset": "jasmine",
    "model": "mlp/simple_nnw",
    "architecture_name": "A1",
    "fs_method": "random_4",
    "fs_percent": 0.9,
    "fs_n_features": 129
}