{
    "valid_loss": {
        "balanced_accuracy": 0.33497640195787076,
        "accuracy": 0.6177117294715293,
        "log_loss": 1.0969896928895375
    }
}