{
    "balanced_accuracy": 0.9414754677603641,
    "accuracy": 0.9538595473012188
}