{
    "valid_loss": {
        "balanced_accuracy": 0.7916270971826527,
        "accuracy": 0.7945492662473794,
        "log_loss": 0.43769441901479816,
        "roc_auc": 0.7916270971826527,
        "f1": 0.8243727598566308,
        "precision": 0.7301587301587301,
        "recall": 0.9465020576131687
    }
}