{
    "balanced_accuracy": 0.6451710437710438,
    "accuracy": 0.8145873320537428,
    "log_loss": 0.36489752627456046,
    "roc_auc": 0.6451710437710438,
    "f1": 0.8883925132866055,
    "precision": 0.8188272043163425,
    "recall": 0.9708754208754209,
    "inference_time": 0.1461048126220703,
    "training_time": 0,
    "dataset": "adult",
    "model": "mlp/simple_nnw",
    "fold": "F1",
    "architecture_name": "A0",
    "fs_method": "random_1",
    "fs_percent": 0.7,
    "fs_n_features": 9
}