{
    "balanced_accuracy": 0.5112296874318887,
    "accuracy": 0.5788819875776398
}