{
    "balanced_accuracy": 0.799062049062049,
    "accuracy": 0.8072916666666666
}