{
    "balanced_accuracy": 0.5510829828797386,
    "accuracy": 0.8801969365426696
}