{
    "balanced_accuracy": 0.7731353535353536,
    "accuracy": 0.8601407549584134,
    "log_loss": 0.30361415361391714,
    "roc_auc": 0.7731353535353536,
    "f1": 0.9108846310640033,
    "precision": 0.8831620553359684,
    "recall": 0.9404040404040404,
    "training_time": 0.2483043670654297,
    "inference_time": 0.005928516387939453,
    "dataset": "adult",
    "model": "xgboost",
    "fold": "F1",
    "architecture_name": "A0",
    "fs_method": "linear_model",
    "fs_percent": 0.8,
    "fs_n_features": 11
}