{
    "balanced_accuracy": 0.920604892442414,
    "accuracy": 0.9207317073170732,
    "log_loss": 0.21601811677163452,
    "roc_auc": 0.920604892442414,
    "f1": 0.9230769230769231,
    "precision": 0.9006928406466512,
    "recall": 0.9466019417475728,
    "inference_time": 0.018764257431030273,
    "training_time": 0,
    "dataset": "sylvine",
    "model": "mlp/simple_nd_nnw",
    "fold": "F1",
    "architecture_name": "A1",
    "fs_method": "decision_tree",
    "fs_percent": 0.8,
    "fs_n_features": 16
}