{
    "balanced_accuracy": 0.960355885175359,
    "accuracy": 0.9688066739209286,
    "log_loss": 0.08122476384379798,
    "roc_auc": 0.960355885175359,
    "f1": 0.9781781273788379,
    "precision": 0.9761965054444163,
    "recall": 0.9801678108314263,
    "training_time": 1.1314842700958252,
    "inference_time": 0.006897926330566406,
    "dataset": "nomao",
    "model": "xgboost",
    "fold": "F3",
    "architecture_name": "A3",
    "fs_method": "linear_model",
    "fs_percent": 0.5,
    "fs_n_features": 59
}