{
    "balanced_accuracy": 0.4088235294117647,
    "accuracy": 0.12222222222222222
}