{
    "balanced_accuracy": 0.8971089741620326,
    "accuracy": 0.9021526418786693,
    "log_loss": 0.3453012201421372,
    "roc_auc": 0.8971089741620326,
    "f1": 0.8858447488584474,
    "precision": 0.9897959183673469,
    "recall": 0.8016528925619835,
    "inference_time": 0.07497620582580566,
    "training_time": 93.5032592941733
}