{
    "balanced_accuracy": 0.7587822014051522,
    "accuracy": 0.7636363636363637,
    "log_loss": 0.4974461828826629,
    "roc_auc": 0.7587822014051523,
    "f1": 0.7291666666666666,
    "precision": 0.7446808510638298,
    "recall": 0.7142857142857143,
    "inference_time": 0.0036106109619140625,
    "training_time": 0,
    "dataset": "australian",
    "model": "mlp/simple_nd",
    "fold": "F3",
    "architecture_name": "A0",
    "fs_method": "f_classif",
    "fs_percent": 0.6,
    "fs_n_features": 8
}