{
    "valid_loss": {
        "balanced_accuracy": 0.813073757518202,
        "accuracy": 0.8155136268343816,
        "log_loss": 0.4153621785864746,
        "roc_auc": 0.813073757518202,
        "f1": 0.8388278388278388,
        "precision": 0.7557755775577558,
        "recall": 0.9423868312757202
    }
}