{
    "balanced_accuracy": 0.7761949984172206,
    "accuracy": 0.7777777777777778,
    "log_loss": 0.45305302954713683,
    "roc_auc": 0.7761949984172206,
    "f1": 0.7977099236641222,
    "precision": 0.7437722419928826,
    "recall": 0.8600823045267489,
    "training_time": 0.08125948905944824,
    "inference_time": 0.0007765293121337891,
    "dataset": "jasmine",
    "model": "xgboost",
    "fold": "F3",
    "architecture_name": "A2",
    "fs_method": "f_classif",
    "fs_percent": 0.5,
    "fs_n_features": 72
}