{
    "balanced_accuracy": 0.9155422937208095,
    "accuracy": 0.9111111111111111
}