{
    "valid_loss": {
        "balanced_accuracy": 0.7748496359607471,
        "accuracy": 0.7756813417190775,
        "log_loss": 0.4271978563576116,
        "roc_auc": 0.7748496359607471,
        "f1": 0.7881188118811882,
        "precision": 0.7595419847328244,
        "recall": 0.8189300411522634
    }
}