{
    "balanced_accuracy": 0.7146158555249464,
    "accuracy": 0.720703125,
    "log_loss": 1.4054169278680888,
    "roc_auc": 0.7146158555249464,
    "f1": 0.671264367816092,
    "precision": 0.7564766839378239,
    "recall": 0.6033057851239669,
    "inference_time": 0.00982356071472168,
    "training_time": 0,
    "dataset": "kr-vs-kp",
    "model": "mlp/simple_nd_nnw",
    "fold": "F0",
    "architecture_name": "A0",
    "fs_method": "random_4",
    "fs_percent": 0.5,
    "fs_n_features": 18
}