{
    "valid_loss": {
        "balanced_accuracy": 0.3295052421267839,
        "accuracy": 0.6175600879520813,
        "log_loss": 1.107523763332508
    }
}