{
    "balanced_accuracy": 0.5980671377149269,
    "accuracy": 0.6944726534165095,
    "log_loss": 0.7873225464936603,
    "roc_auc": 0.5980671377149269,
    "f1": 0.7938527799530148,
    "precision": 0.7710591367180072,
    "recall": 0.8180351018761347,
    "inference_time": 0.17485976219177246,
    "training_time": 0,
    "dataset": "nomao",
    "model": "mlp/simple_nnw",
    "architecture_name": "A1",
    "fs_method": "random_3",
    "fs_percent": 0.4,
    "fs_n_features": 47
}