{
    "balanced_accuracy": 0.8234426229508196,
    "accuracy": 0.8198198198198198,
    "log_loss": 0.36555438007273766,
    "roc_auc": 0.8234426229508196,
    "f1": 0.8113207547169812,
    "precision": 0.7678571428571429,
    "recall": 0.86,
    "inference_time": 0.015207052230834961,
    "training_time": 6.578398883342743,
    "dataset": "australian",
    "model": "transformer/cls",
    "fold": "F0",
    "architecture_name": "A25",
    "fs_method": "none",
    "fs_percent": 1.0,
    "fs_n_features": 14
}