{
    "balanced_accuracy": 0.9981412639405205,
    "accuracy": 0.9980430528375733,
    "log_loss": 0.004043506476807471,
    "roc_auc": 0.9981412639405204,
    "f1": 0.9979381443298969,
    "precision": 0.9958847736625515,
    "recall": 1.0,
    "inference_time": 0.0721433162689209,
    "training_time": 72.31470222412784
}