{
    "valid_loss": {
        "balanced_accuracy": 0.7903428411068081,
        "accuracy": 0.8457896083951881,
        "log_loss": 0.32659349383503505,
        "roc_auc": 0.7903428411068081,
        "f1": 0.8983894088877645,
        "precision": 0.8998310810810811,
        "recall": 0.8969523488802829
    }
}