{
    "balanced_accuracy": 0.6837270341207349,
    "accuracy": 0.689119170984456
}