{
    "balanced_accuracy": 0.5998095410847089,
    "accuracy": 0.4595419847328244
}