{
    "balanced_accuracy": 0.8234426229508196,
    "accuracy": 0.8198198198198198,
    "log_loss": 0.383990689530972,
    "roc_auc": 0.8234426229508196,
    "f1": 0.8113207547169812,
    "precision": 0.7678571428571429,
    "recall": 0.86,
    "inference_time": 0.0027883052825927734,
    "training_time": 0,
    "dataset": "australian",
    "model": "mlp/simple_nd_nn",
    "fold": "F0",
    "architecture_name": "A0",
    "fs_method": "random_4",
    "fs_percent": 0.6,
    "fs_n_features": 8
}