{
    "balanced_accuracy": 0.9766582690712464,
    "accuracy": 0.9765166340508806,
    "log_loss": 0.08272838978203119,
    "roc_auc": 0.9766582690712464,
    "f1": 0.9753086419753086,
    "precision": 0.9713114754098361,
    "recall": 0.9793388429752066,
    "inference_time": 0.010494709014892578,
    "training_time": 0,
    "dataset": "kr-vs-kp",
    "model": "mlp/simple_nd_nn",
    "fold": "F2",
    "architecture_name": "A0",
    "fs_method": "none",
    "fs_percent": 1.0,
    "fs_n_features": 36
}