{
    "balanced_accuracy": 0.961558910614269,
    "accuracy": 0.9697134566557852,
    "log_loss": 0.08367251351752726,
    "roc_auc": 0.961558910614269,
    "f1": 0.9788097957112042,
    "precision": 0.9769503546099291,
    "recall": 0.9806763285024155,
    "training_time": 1.0448493957519531,
    "inference_time": 0.008635997772216797,
    "dataset": "nomao",
    "model": "xgboost",
    "fold": "F2",
    "architecture_name": "A1",
    "fs_method": "random_5",
    "fs_percent": 0.8,
    "fs_n_features": 94
}