{
    "balanced_accuracy": 0.960563602799483,
    "accuracy": 0.9688123300090662,
    "log_loss": 0.08562879217126357,
    "roc_auc": 0.960563602799483,
    "f1": 0.9781725888324873,
    "precision": 0.9764378008614137,
    "recall": 0.9799135519959319,
    "training_time": 1.0267143249511719,
    "inference_time": 0.007552146911621094,
    "dataset": "nomao",
    "model": "xgboost",
    "fold": "F0",
    "architecture_name": "A2",
    "fs_method": "linear_model",
    "fs_percent": 0.5,
    "fs_n_features": 59
}