{
    "balanced_accuracy": 0.7622546107649997,
    "accuracy": 0.8488610186844125,
    "log_loss": 0.3327812075834632,
    "roc_auc": 0.7622546107649998,
    "f1": 0.9032997625481045,
    "precision": 0.8791839336946127,
    "recall": 0.9287758881966661,
    "training_time": 0.39995241165161133,
    "inference_time": 0.006539583206176758,
    "dataset": "adult",
    "model": "xgboost",
    "fold": "F3",
    "architecture_name": "A3",
    "fs_method": "f_classif",
    "fs_percent": 0.7,
    "fs_n_features": 9
}