{
    "balanced_accuracy": 0.9363815914715401,
    "accuracy": 0.9365853658536586,
    "log_loss": 0.177443104867932,
    "roc_auc": 0.9363815914715401,
    "f1": 0.9393939393939394,
    "precision": 0.9035874439461884,
    "recall": 0.9781553398058253,
    "inference_time": 0.08928751945495605,
    "training_time": 52.79298280900524
}