{
    "valid_loss": {
        "balanced_accuracy": 0.772010101010101,
        "accuracy": 0.8309660908509277,
        "log_loss": 0.3575755918666871,
        "roc_auc": 0.772010101010101,
        "f1": 0.8884196300363206,
        "precision": 0.8915070350906933,
        "recall": 0.8853535353535353
    }
}