{
    "balanced_accuracy": 0.485625101413682,
    "accuracy": 0.6010975818898988
}