{
    "balanced_accuracy": 0.8116393442622951,
    "accuracy": 0.8108108108108109,
    "log_loss": 0.35691111553740357,
    "roc_auc": 0.8116393442622951,
    "f1": 0.7961165048543689,
    "precision": 0.7735849056603774,
    "recall": 0.82,
    "inference_time": 0.0032196044921875,
    "training_time": 0,
    "dataset": "australian",
    "model": "mlp/simple_nd_nn",
    "fold": "F0",
    "architecture_name": "A0",
    "fs_method": "linear_model",
    "fs_percent": 0.8,
    "fs_n_features": 11
}