{
    "balanced_accuracy": 0.7207078747155511,
    "accuracy": 0.721875,
    "log_loss": 1.5658538532221002,
    "roc_auc": 0.7207078747155511,
    "f1": 0.6798561151079137,
    "precision": 0.7907949790794979,
    "recall": 0.5962145110410094,
    "inference_time": 0.015557050704956055,
    "training_time": 0,
    "dataset": "kr-vs-kp",
    "model": "mlp/simple_nnw",
    "architecture_name": "A1",
    "fs_method": "random_1",
    "fs_percent": 0.7,
    "fs_n_features": 25
}