{
    "balanced_accuracy": 0.6905060500661344,
    "accuracy": 0.7589013224821973
}