{
    "balanced_accuracy": 0.7800728078505856,
    "accuracy": 0.7819706498951782,
    "log_loss": 0.4593677753469409,
    "roc_auc": 0.7800728078505856,
    "f1": 0.8045112781954887,
    "precision": 0.740484429065744,
    "recall": 0.8806584362139918,
    "training_time": 0.10973811149597168,
    "inference_time": 0.0009007453918457031,
    "dataset": "jasmine",
    "model": "xgboost",
    "fold": "F3",
    "architecture_name": "A2",
    "fs_method": "random_1",
    "fs_percent": 0.8,
    "fs_n_features": 115
}