{
    "balanced_accuracy": 0.7645212121212122,
    "accuracy": 0.8476007677543186,
    "log_loss": 0.3247322965624024,
    "roc_auc": 0.7645212121212122,
    "f1": 0.9021444417056939,
    "precision": 0.8810784785748677,
    "recall": 0.9242424242424242,
    "training_time": 0.22572779655456543,
    "inference_time": 0.0029654502868652344,
    "dataset": "adult",
    "model": "xgboost",
    "fold": "F1",
    "architecture_name": "A0",
    "fs_method": "decision_tree",
    "fs_percent": 0.9,
    "fs_n_features": 12
}