{
    "valid_loss": {
        "balanced_accuracy": 0.3326873065317572,
        "accuracy": 0.6196072484646297,
        "log_loss": 1.1107984692844068
    }
}