{
    "valid_loss": {
        "balanced_accuracy": 0.7860082304526749,
        "accuracy": 0.7882599580712788,
        "log_loss": 0.4347258731701706,
        "roc_auc": 0.786008230452675,
        "f1": 0.8133086876155268,
        "precision": 0.738255033557047,
        "recall": 0.9053497942386831
    }
}