{
    "balanced_accuracy": 0.7792693602693602,
    "accuracy": 0.8614203454894434,
    "log_loss": 0.30248665807585084,
    "roc_auc": 0.7792693602693602,
    "f1": 0.911353032659409,
    "precision": 0.8868886410705751,
    "recall": 0.9372053872053872,
    "inference_time": 0.7286186218261719,
    "training_time": 285.51030695438385,
    "dataset": "adult",
    "model": "transformer/cls",
    "fold": "F2",
    "architecture_name": "A9",
    "fs_method": "none",
    "fs_percent": 1.0,
    "fs_n_features": 14
}