{
    "balanced_accuracy": 0.6012441051880841,
    "accuracy": 0.7996724332070836,
    "log_loss": 0.4324259630535295,
    "roc_auc": 0.6012441051880841,
    "f1": 0.8817022305506861,
    "precision": 0.8026634382566586,
    "recall": 0.9780072415180368,
    "inference_time": 0.22858500480651855,
    "training_time": 0,
    "dataset": "adult",
    "model": "mlp/simple_nd_nn",
    "architecture_name": "A1",
    "fs_method": "f_classif",
    "fs_percent": 0.4,
    "fs_n_features": 5
}