{
    "balanced_accuracy": 0.7153203971119133,
    "accuracy": 0.7169179229480737,
    "log_loss": 0.5572385652445081,
    "roc_auc": 0.7153203971119134,
    "f1": 0.6943942133815552,
    "precision": 0.6956521739130435,
    "recall": 0.6931407942238267,
    "inference_time": 0.012606382369995117,
    "training_time": 0,
    "dataset": "jasmine",
    "model": "mlp/simple_nd_nn",
    "architecture_name": "A0",
    "fs_method": "decision_tree",
    "fs_percent": 0.4,
    "fs_n_features": 57
}