{
    "balanced_accuracy": 0.9384057971014492,
    "accuracy": 0.8089887640449438
}