{
    "balanced_accuracy": 0.8005050505050505,
    "accuracy": 0.7760416666666666
}