{
    "valid_loss": {
        "balanced_accuracy": 0.5700971113970473,
        "accuracy": 0.6642015005359057,
        "log_loss": 0.9770927673673633
    }
}