{
  "dropout": 0.1389431760663073,
  "embedding_size": 64,
  "n_head": 8,
  "n_hid": 256,
  "n_layers": 3,
  "numerical_passthrough": true,
  "optimizer__lr": 0.0004722367026273653
}