{
    "balanced_accuracy": 0.7805218855218855,
    "accuracy": 0.8536148432501599,
    "log_loss": 0.3124493492584727,
    "roc_auc": 0.7805218855218856,
    "f1": 0.9053450273043191,
    "precision": 0.8901724698991214,
    "recall": 0.921043771043771,
    "inference_time": 0.18019676208496094,
    "training_time": 0,
    "dataset": "adult",
    "model": "mlp/simple_nd",
    "fold": "F2",
    "architecture_name": "A0",
    "fs_method": "random_3",
    "fs_percent": 0.9,
    "fs_n_features": 12
}