{
    "balanced_accuracy": 0.6912234042553191,
    "accuracy": 0.7985074626865671
}