{
    "balanced_accuracy": 0.9449957167332952,
    "accuracy": 0.9451219512195121,
    "log_loss": 0.17281877802039328,
    "roc_auc": 0.9449957167332952,
    "f1": 0.9467455621301775,
    "precision": 0.9237875288683602,
    "recall": 0.970873786407767,
    "training_time": 0.16924428939819336,
    "inference_time": 0.001013040542602539,
    "dataset": "sylvine",
    "model": "xgboost",
    "fold": "F0",
    "architecture_name": "A3",
    "fs_method": "random_5",
    "fs_percent": 0.8,
    "fs_n_features": 16
}