{
    "balanced_accuracy": 0.9051163044124348,
    "accuracy": 0.9088798607080674
}