{
    "balanced_accuracy": 0.6564068250250921,
    "accuracy": 0.6545454545454545,
    "log_loss": 0.6073022822329674,
    "roc_auc": 0.6564068250250921,
    "f1": 0.6346153846153846,
    "precision": 0.6,
    "recall": 0.673469387755102,
    "inference_time": 0.0032079219818115234,
    "training_time": 0,
    "dataset": "australian",
    "model": "mlp/simple_nd_nnw",
    "fold": "F2",
    "architecture_name": "A1",
    "fs_method": "random_1",
    "fs_percent": 0.4,
    "fs_n_features": 5
}