{
    "balanced_accuracy": 0.9617524464570262,
    "accuracy": 0.9680812477330432,
    "log_loss": 0.08550761848875438,
    "roc_auc": 0.9617524464570262,
    "f1": 0.9775967413441955,
    "precision": 0.9785932721712538,
    "recall": 0.9766022380467956,
    "training_time": 1.0579171180725098,
    "inference_time": 0.009926557540893555,
    "dataset": "nomao",
    "model": "xgboost",
    "fold": "F4",
    "architecture_name": "A3",
    "fs_method": "random_4",
    "fs_percent": 0.5,
    "fs_n_features": 59
}