{
    "balanced_accuracy": 0.9543184304226,
    "accuracy": 0.9671804170444243,
    "log_loss": 0.09210462118384943,
    "roc_auc": 0.9543184304226001,
    "f1": 0.9771608832807571,
    "precision": 0.969939879759519,
    "recall": 0.9844902110348335,
    "training_time": 1.473726511001587,
    "inference_time": 0.007048130035400391,
    "dataset": "nomao",
    "model": "xgboost",
    "fold": "F1",
    "architecture_name": "A2",
    "fs_method": "random_4",
    "fs_percent": 0.9,
    "fs_n_features": 106
}