{
    "balanced_accuracy": 0.7849794238683128,
    "accuracy": 0.7882599580712788,
    "log_loss": 0.46335405985785183,
    "roc_auc": 0.7849794238683128,
    "f1": 0.8218694885361552,
    "precision": 0.7191358024691358,
    "recall": 0.9588477366255144,
    "inference_time": 0.011429786682128906,
    "training_time": 0,
    "dataset": "jasmine",
    "model": "mlp/simple_nd",
    "fold": "F4",
    "architecture_name": "A0",
    "fs_method": "random_2",
    "fs_percent": 0.9,
    "fs_n_features": 129
}