{
    "balanced_accuracy": 0.4583179326055363,
    "accuracy": 0.5872776605366294
}