{
    "valid_loss": {
        "balanced_accuracy": 0.781717845117845,
        "accuracy": 0.8468330134357006,
        "log_loss": 0.3222137942650038,
        "roc_auc": 0.7817178451178451,
        "f1": 0.900008353521009,
        "precision": 0.8932183717459791,
        "recall": 0.9069023569023569
    }
}