{
    "valid_loss": {
        "balanced_accuracy": 0.7778183532581242,
        "accuracy": 0.8611466598413104,
        "log_loss": 0.30050393412060894,
        "roc_auc": 0.7778183532581242,
        "f1": 0.911261961233336,
        "precision": 0.8859732824427481,
        "recall": 0.9380367065162485
    }
}