{
    "balanced_accuracy": 0.6719094922737306,
    "accuracy": 0.8040201005025126
}