{
    "balanced_accuracy": 0.9266405467296408,
    "accuracy": 0.9267399267399268,
    "log_loss": 0.20433699689190593,
    "roc_auc": 0.9266405467296408,
    "f1": 0.9289099526066351,
    "precision": 0.9053117782909931,
    "recall": 0.9537712895377128,
    "inference_time": 0.0190579891204834,
    "training_time": 0,
    "dataset": "sylvine",
    "model": "mlp/simple",
    "fold": "F4",
    "architecture_name": "A0",
    "fs_method": "f_classif",
    "fs_percent": 0.7,
    "fs_n_features": 14
}