{
    "balanced_accuracy": 0.582116812173114,
    "accuracy": 0.6641543563460959
}