{
    "balanced_accuracy": 0.4706328889369676,
    "accuracy": 0.6867167919799498
}