{
    "balanced_accuracy": 0.5257452574525745,
    "accuracy": 0.5655172413793104
}