{
    "valid_loss": {
        "balanced_accuracy": 0.5943657792658448,
        "accuracy": 0.6722400857449089,
        "log_loss": 0.9507979851419578
    }
}