{
    "valid_loss": {
        "balanced_accuracy": 0.9346026494060138,
        "accuracy": 0.9523032281465361,
        "log_loss": 0.12096779951557884,
        "roc_auc": 0.9346026494060138,
        "f1": 0.9668807454980481,
        "precision": 0.9578343313373253,
        "recall": 0.9760996694635139
    }
}