{
    "balanced_accuracy": 0.5440645773979108,
    "accuracy": 0.8900437636761488
}