{
  "dropout": 0.1907098818708904,
  "embedding_size": 32,
  "n_head": 2,
  "n_hid": 64,
  "n_layers": 3,
  "numerical_passthrough": false,
  "optimizer__lr": 0.003477172901743508
}