{
    "balanced_accuracy": 0.8618037015249559,
    "accuracy": 0.9800285306704708
}