{
    "valid_loss": {
        "balanced_accuracy": 0.8143069783731722,
        "accuracy": 0.8158995815899581,
        "log_loss": 0.39383286931261036,
        "roc_auc": 0.8143069783731722,
        "f1": 0.8339622641509434,
        "precision": 0.7700348432055749,
        "recall": 0.9094650205761317
    }
}