{
    "balanced_accuracy": 0.7243925925925926,
    "accuracy": 0.8340371081253999,
    "log_loss": 0.3580523747071505,
    "roc_auc": 0.7243925925925927,
    "f1": 0.8954622390585959,
    "precision": 0.8589763414256997,
    "recall": 0.9351851851851852,
    "training_time": 0.33220410346984863,
    "inference_time": 0.0069806575775146484,
    "dataset": "adult",
    "model": "xgboost",
    "fold": "F1",
    "architecture_name": "A2",
    "fs_method": "f_classif",
    "fs_percent": 0.5,
    "fs_n_features": 7
}