{
    "balanced_accuracy": 0.627621412803532,
    "accuracy": 0.8015075376884422
}