{
    "balanced_accuracy": 0.9099576567428576,
    "accuracy": 0.9437896645512239,
    "log_loss": 0.18905816049300533,
    "roc_auc": 0.9099576567428576,
    "f1": 0.9616905585763718,
    "precision": 0.9355614330367877,
    "recall": 0.9893211289092296,
    "inference_time": 0.7593100070953369,
    "training_time": 479.9199761089525,
    "dataset": "nomao",
    "model": "transformer/cls",
    "fold": "F0",
    "architecture_name": "A28",
    "fs_method": "random_4",
    "fs_percent": 0.8,
    "fs_n_features": 94
}