{
    "valid_loss": {
        "balanced_accuracy": 0.9448844150905673,
        "accuracy": 0.9593834995466909,
        "log_loss": 0.10906948748014486,
        "roc_auc": 0.9448844150905672,
        "f1": 0.9717314487632509,
        "precision": 0.96467050864445,
        "recall": 0.9788965166539537
    }
}