{
    "balanced_accuracy": 0.9001582966298401,
    "accuracy": 0.9263692419296337,
    "log_loss": 0.2200816267043624,
    "roc_auc": 0.9001582966298403,
    "f1": 0.9490589711417817,
    "precision": 0.9368342828833292,
    "recall": 0.9616069158403254,
    "inference_time": 0.6311545372009277,
    "training_time": 415.6724113102617,
    "dataset": "nomao",
    "model": "transformer/cls",
    "fold": "F3",
    "architecture_name": "A28",
    "fs_method": "f_classif",
    "fs_percent": 0.7,
    "fs_n_features": 82
}