{
    "valid_loss": {
        "balanced_accuracy": 0.9380630645113581,
        "accuracy": 0.9566557852738484,
        "log_loss": 0.10200847243863363,
        "roc_auc": 0.938063064511358,
        "f1": 0.9699711018972232,
        "precision": 0.9585299230196176,
        "recall": 0.9816887080366226
    }
}