{
    "balanced_accuracy": 0.442965811965812,
    "accuracy": 0.6306532663316583
}