{
    "valid_loss": {
        "balanced_accuracy": 0.592240792070746,
        "accuracy": 0.6769560557341908,
        "log_loss": 0.9321113677517916
    }
}