{
    "valid_loss": {
        "balanced_accuracy": 0.5983598102388338,
        "accuracy": 0.6797427652733119,
        "log_loss": 0.9114877960430637
    }
}