{
    "balanced_accuracy": 0.7200868277718835,
    "accuracy": 0.9064551422319475
}