{
    "balanced_accuracy": 0.9461947187634179,
    "accuracy": 0.9462759462759462,
    "log_loss": 0.13620212704118675,
    "roc_auc": 0.9461947187634179,
    "f1": 0.9476190476190476,
    "precision": 0.9277389277389277,
    "recall": 0.9683698296836983,
    "training_time": 0.11097335815429688,
    "inference_time": 0.0011153221130371094,
    "dataset": "sylvine",
    "model": "xgboost",
    "fold": "F4",
    "architecture_name": "A0",
    "fs_method": "decision_tree",
    "fs_percent": 0.6,
    "fs_n_features": 12
}