{
    "balanced_accuracy": 0.652078924011743,
    "accuracy": 0.8070175438596491
}