{
    "balanced_accuracy": 0.8425894948143191,
    "accuracy": 0.8454545454545455,
    "log_loss": 0.31067405211027227,
    "roc_auc": 0.8425894948143191,
    "f1": 0.8247422680412371,
    "precision": 0.8333333333333334,
    "recall": 0.8163265306122449,
    "inference_time": 0.00878596305847168,
    "training_time": 3.0203840732574463,
    "dataset": "australian",
    "model": "transformer/cls",
    "fold": "F2",
    "architecture_name": "A0",
    "fs_method": "none",
    "fs_percent": 1.0,
    "fs_n_features": 14
}