{
    "balanced_accuracy": 0.6565656565656566,
    "accuracy": 0.8909090909090909
}