{
    "balanced_accuracy": 0.9376665714829622,
    "accuracy": 0.9378048780487804,
    "log_loss": 0.1800032510450186,
    "roc_auc": 0.9376665714829622,
    "f1": 0.9397874852420307,
    "precision": 0.9149425287356322,
    "recall": 0.9660194174757282,
    "training_time": 0.15564203262329102,
    "inference_time": 0.0010075569152832031,
    "dataset": "sylvine",
    "model": "xgboost",
    "fold": "F0",
    "architecture_name": "A2",
    "fs_method": "random_3",
    "fs_percent": 0.7,
    "fs_n_features": 14
}