{
    "valid_loss": {
        "balanced_accuracy": 0.90598862495818,
        "accuracy": 0.9090909090909091,
        "log_loss": 0.28270188769773574,
        "roc_auc": 0.90598862495818,
        "f1": 0.8958333333333334,
        "precision": 0.9148936170212766,
        "recall": 0.8775510204081632
    }
}