{
    "balanced_accuracy": 0.9480485071856246,
    "accuracy": 0.9617407071622847,
    "log_loss": 0.11187293078432002,
    "roc_auc": 0.9480485071856246,
    "f1": 0.9733619492488322,
    "precision": 0.9666499498495487,
    "recall": 0.9801678108314263,
    "inference_time": 0.7475683689117432,
    "training_time": 867.7632985481848,
    "dataset": "nomao",
    "model": "transformer/cls",
    "fold": "F1",
    "architecture_name": "A6",
    "fs_method": "none",
    "fs_percent": 1.0,
    "fs_n_features": 118
}