{
    "balanced_accuracy": 0.7341171717171717,
    "accuracy": 0.8429942418426104,
    "log_loss": 0.339149700583387,
    "roc_auc": 0.7341171717171717,
    "f1": 0.9013268998793728,
    "precision": 0.8628175519630485,
    "recall": 0.9434343434343434,
    "training_time": 0.26186466217041016,
    "inference_time": 0.004979133605957031
}