{
    "balanced_accuracy": 0.9352613638391662,
    "accuracy": 0.9353658536585366,
    "log_loss": 0.17045208229997275,
    "roc_auc": 0.9352613638391661,
    "f1": 0.9381563593932322,
    "precision": 0.9013452914798207,
    "recall": 0.9781021897810219,
    "training_time": 0.14734888076782227,
    "inference_time": 0.001050710678100586,
    "dataset": "sylvine",
    "model": "xgboost",
    "fold": "F2",
    "architecture_name": "A2",
    "fs_method": "random_5",
    "fs_percent": 0.7,
    "fs_n_features": 14
}