{
    "balanced_accuracy": 0.6410551555168993,
    "accuracy": 0.6964124208622249
}