{
    "balanced_accuracy": 0.7665673292574273,
    "accuracy": 0.7690802348336595,
    "log_loss": 0.4755728565154731,
    "roc_auc": 0.7665673292574273,
    "f1": 0.7467811158798283,
    "precision": 0.7767857142857143,
    "recall": 0.71900826446281,
    "training_time": 0.07523632049560547,
    "inference_time": 0.0010190010070800781,
    "dataset": "kr-vs-kp",
    "model": "xgboost",
    "fold": "F1",
    "architecture_name": "A1",
    "fs_method": "random_1",
    "fs_percent": 0.5,
    "fs_n_features": 18
}