{
    "balanced_accuracy": 0.6171235484485056,
    "accuracy": 0.6170731707317073,
    "log_loss": 0.6596961602632654,
    "roc_auc": 0.6171235484485056,
    "f1": 0.6142506142506142,
    "precision": 0.6218905472636815,
    "recall": 0.6067961165048543,
    "training_time": 0.1962437629699707,
    "inference_time": 0.0006923675537109375,
    "dataset": "sylvine",
    "model": "xgboost",
    "fold": "F1",
    "architecture_name": "A3",
    "fs_method": "random_4",
    "fs_percent": 0.5,
    "fs_n_features": 10
}