{
    "valid_loss": {
        "balanced_accuracy": 0.5683828229789468,
        "accuracy": 0.6433701361346339,
        "log_loss": 1.0145201969601811
    }
}