{
    "valid_loss": {
        "balanced_accuracy": 0.7857838383838385,
        "accuracy": 0.8591170825335892,
        "log_loss": 0.3035012335584444,
        "roc_auc": 0.7857838383838385,
        "f1": 0.9090909090909091,
        "precision": 0.8920758385999028,
        "recall": 0.9267676767676768
    }
}