{
    "balanced_accuracy": 0.7180672372292831,
    "accuracy": 0.8344214726151614,
    "log_loss": 0.4358765102215477,
    "roc_auc": 0.7180672372292831,
    "f1": 0.8951418398989319,
    "precision": 0.8162966066191872,
    "recall": 0.9908466819221968,
    "inference_time": 0.47773218154907227,
    "training_time": 394.1068742458637,
    "dataset": "nomao",
    "model": "transformer/cls",
    "fold": "F2",
    "architecture_name": "A28",
    "fs_method": "random_5",
    "fs_percent": 0.5,
    "fs_n_features": 59
}