{
    "balanced_accuracy": 0.8721198156682027,
    "accuracy": 0.8738738738738738,
    "log_loss": 0.2953920781757316,
    "roc_auc": 0.8721198156682027,
    "f1": 0.8571428571428571,
    "precision": 0.8571428571428571,
    "recall": 0.8571428571428571,
    "training_time": 0.0415501594543457,
    "inference_time": 0.0006163120269775391,
    "dataset": "australian",
    "model": "xgboost",
    "fold": "F1",
    "architecture_name": "A2",
    "fs_method": "random_2",
    "fs_percent": 0.6,
    "fs_n_features": 8
}