{
    "balanced_accuracy": 0.9095194647201946,
    "accuracy": 0.9096459096459096,
    "log_loss": 0.23997872994410072,
    "roc_auc": 0.9095194647201946,
    "f1": 0.9129411764705883,
    "precision": 0.8838268792710706,
    "recall": 0.9440389294403893,
    "inference_time": 0.018216371536254883,
    "training_time": 0,
    "dataset": "sylvine",
    "model": "mlp/simple_nd_nn",
    "fold": "F4",
    "architecture_name": "A0",
    "fs_method": "random_5",
    "fs_percent": 0.7,
    "fs_n_features": 14
}