{
    "balanced_accuracy": 0.7979257276681164,
    "accuracy": 0.8181818181818182,
    "log_loss": 0.5237644838428335,
    "roc_auc": 0.7979257276681164,
    "f1": 0.75,
    "precision": 0.967741935483871,
    "recall": 0.6122448979591837,
    "inference_time": 0.0026426315307617188,
    "training_time": 0,
    "dataset": "australian",
    "model": "mlp/simple_nnw",
    "fold": "F2",
    "architecture_name": "A0",
    "fs_method": "random_2",
    "fs_percent": 0.4,
    "fs_n_features": 5
}