{
    "valid_loss": {
        "balanced_accuracy": 0.9342049673784295,
        "accuracy": 0.9541167936162496,
        "log_loss": 0.10709220414196875,
        "roc_auc": 0.9342049673784294,
        "f1": 0.9682440065269236,
        "precision": 0.9558859975216852,
        "recall": 0.9809257375381485
    }
}