{
    "balanced_accuracy": 0.9181658100133258,
    "accuracy": 0.9182926829268293,
    "log_loss": 0.22952671193178822,
    "roc_auc": 0.9181658100133256,
    "f1": 0.9207100591715977,
    "precision": 0.8983833718244804,
    "recall": 0.9441747572815534,
    "inference_time": 0.017157554626464844,
    "training_time": 0,
    "dataset": "sylvine",
    "model": "mlp/simple_nd_nn",
    "fold": "F0",
    "architecture_name": "A0",
    "fs_method": "random_4",
    "fs_percent": 0.6,
    "fs_n_features": 12
}