{
    "balanced_accuracy": 0.7128882154882155,
    "accuracy": 0.817658349328215,
    "log_loss": 0.3895666234209558,
    "roc_auc": 0.7128882154882156,
    "f1": 0.8840237649548303,
    "precision": 0.8556798487474397,
    "recall": 0.9143097643097643,
    "training_time": 89.59866046905518,
    "inference_time": 0.1572883129119873,
    "dataset": "adult",
    "model": "mlp/full",
    "fold": "F2",
    "architecture_name": "A0",
    "fs_method": "f_classif",
    "fs_percent": 0.4,
    "fs_n_features": 5
}