{
    "balanced_accuracy": 0.5773244781783681,
    "accuracy": 0.7721518987341772
}