{
    "balanced_accuracy": 0.5583456425406204,
    "accuracy": 0.6126961483594865
}