{
    "balanced_accuracy": 0.773741690408357,
    "accuracy": 0.7756813417190775,
    "log_loss": 0.5434154427273122,
    "roc_auc": 0.773741690408357,
    "f1": 0.799249530956848,
    "precision": 0.7344827586206897,
    "recall": 0.8765432098765432,
    "inference_time": 0.07235836982727051,
    "training_time": 52.552779298079635
}