{
    "balanced_accuracy": 0.9647382920110192,
    "accuracy": 0.96484375,
    "log_loss": 0.0876760236330694,
    "roc_auc": 0.9647382920110192,
    "f1": 0.9628099173553719,
    "precision": 0.9628099173553719,
    "recall": 0.9628099173553719,
    "training_time": 0.08766698837280273,
    "inference_time": 0.001207113265991211
}