{
    "balanced_accuracy": 0.46385158913257135,
    "accuracy": 0.6149732620320856
}