{
    "balanced_accuracy": 0.12745009487497858,
    "accuracy": 0.35844899757655874
}