{
    "balanced_accuracy": 0.11711744340328901,
    "accuracy": 0.3903943599911875
}