{
    "balanced_accuracy": 0.443687070627716,
    "accuracy": 0.5416149068322982
}