{
    "valid_loss": {
        "balanced_accuracy": 0.5348210012101164,
        "accuracy": 0.7752672681780272,
        "log_loss": 0.6800661634060238
    }
}