{
    "valid_loss": {
        "balanced_accuracy": 0.7898860398860399,
        "accuracy": 0.7924528301886793,
        "log_loss": 0.4498057966192361,
        "roc_auc": 0.7898860398860399,
        "f1": 0.819672131147541,
        "precision": 0.7352941176470589,
        "recall": 0.9259259259259259
    }
}