{
    "balanced_accuracy": 0.6520104306042523,
    "accuracy": 0.653125,
    "log_loss": 3.713594534313183,
    "roc_auc": 0.6520104306042523,
    "f1": 0.6035714285714285,
    "precision": 0.6954732510288066,
    "recall": 0.5331230283911672,
    "inference_time": 0.013542652130126953,
    "training_time": 0,
    "dataset": "kr-vs-kp",
    "model": "mlp/simple_nd",
    "architecture_name": "A0",
    "fs_method": "random_2",
    "fs_percent": 0.4,
    "fs_n_features": 14
}