{
    "balanced_accuracy": 0.7966552841257333,
    "accuracy": 0.799163179916318,
    "log_loss": 0.42250516593684095,
    "roc_auc": 0.7966552841257333,
    "f1": 0.8273381294964028,
    "precision": 0.7348242811501597,
    "recall": 0.9465020576131687,
    "inference_time": 0.05194687843322754,
    "training_time": 28.621548670988815,
    "dataset": "jasmine",
    "model": "transformer/cls",
    "fold": "F1",
    "architecture_name": "A24",
    "fs_method": "linear_model",
    "fs_percent": 0.5,
    "fs_n_features": 72
}