{
    "valid_loss": {
        "balanced_accuracy": 0.5823192500148728,
        "accuracy": 0.6584137191854234,
        "log_loss": 0.9584960198740092
    }
}