{
    "balanced_accuracy": 0.7796343434343433,
    "accuracy": 0.8614203454894434,
    "log_loss": 0.29408061817009024,
    "roc_auc": 0.7796343434343435,
    "f1": 0.9113239990174404,
    "precision": 0.8871353419416547,
    "recall": 0.9368686868686869,
    "training_time": 0.30547118186950684,
    "inference_time": 0.010612249374389648
}