{
    "balanced_accuracy": 0.749362736959303,
    "accuracy": 0.75,
    "log_loss": 2.2596715924406894,
    "roc_auc": 0.7493627369593031,
    "f1": 0.7297297297297297,
    "precision": 0.7854545454545454,
    "recall": 0.6813880126182965,
    "inference_time": 0.01835036277770996,
    "training_time": 0,
    "dataset": "kr-vs-kp",
    "model": "mlp/simple",
    "architecture_name": "A0",
    "fs_method": "random_4",
    "fs_percent": 0.4,
    "fs_n_features": 14
}