{
    "balanced_accuracy": 0.8056562472638122,
    "accuracy": 0.8075313807531381,
    "log_loss": 0.4282460060677991,
    "roc_auc": 0.8056562472638122,
    "f1": 0.828996282527881,
    "precision": 0.7559322033898305,
    "recall": 0.9176954732510288,
    "inference_time": 0.011589527130126953,
    "training_time": 0,
    "dataset": "jasmine",
    "model": "mlp/simple_nd_nnw",
    "fold": "F0",
    "architecture_name": "A1",
    "fs_method": "linear_model",
    "fs_percent": 0.8,
    "fs_n_features": 115
}