{
    "valid_loss": {
        "balanced_accuracy": 0.3333667873043025,
        "accuracy": 0.6180150125104253,
        "log_loss": 1.1075096416238062
    }
}