{
    "balanced_accuracy": 0.5950350168350168,
    "accuracy": 0.7971849008317339,
    "log_loss": 0.4258366614566006,
    "roc_auc": 0.5950350168350169,
    "f1": 0.8805666490844699,
    "precision": 0.7970263265584504,
    "recall": 0.9836700336700337,
    "inference_time": 0.1479339599609375,
    "training_time": 0,
    "dataset": "adult",
    "model": "mlp/simple_nd_nnw",
    "fold": "F2",
    "architecture_name": "A0",
    "fs_method": "f_classif",
    "fs_percent": 0.6,
    "fs_n_features": 8
}