{
    "balanced_accuracy": 0.8096353295416527,
    "accuracy": 0.8,
    "log_loss": 0.3673853365440555,
    "roc_auc": 0.8096353295416528,
    "f1": 0.8,
    "precision": 0.7213114754098361,
    "recall": 0.8979591836734694,
    "inference_time": 0.0028269290924072266,
    "training_time": 0,
    "dataset": "australian",
    "model": "mlp/simple_nnw",
    "fold": "F3",
    "architecture_name": "A0",
    "fs_method": "random_2",
    "fs_percent": 0.9,
    "fs_n_features": 12
}