{
    "balanced_accuracy": 0.7317374843507248,
    "accuracy": 0.9757489300998573
}