{
    "valid_loss": {
        "balanced_accuracy": 0.8111823090307011,
        "accuracy": 0.866649603276171,
        "log_loss": 0.2924702547673058,
        "roc_auc": 0.8111823090307011,
        "f1": 0.9127595445411922,
        "precision": 0.9077435470441299,
        "recall": 0.9178312847280687
    }
}