{
    "balanced_accuracy": 0.39194740184373894,
    "accuracy": 0.6115288220551378
}