{
    "balanced_accuracy": 0.9311421429037516,
    "accuracy": 0.9475974614687217,
    "log_loss": 0.14783341074568526,
    "roc_auc": 0.9311421429037516,
    "f1": 0.9634962738411015,
    "precision": 0.9573293172690763,
    "recall": 0.9697431985761505,
    "training_time": 0.5664446353912354,
    "inference_time": 0.006832122802734375
}