{
    "balanced_accuracy": 0.8647342995169082,
    "accuracy": 0.8617886178861789
}