{
    "balanced_accuracy": 0.8609902977584476,
    "accuracy": 0.8636363636363636,
    "log_loss": 0.40269355206395124,
    "roc_auc": 0.8609902977584477,
    "f1": 0.845360824742268,
    "precision": 0.8541666666666666,
    "recall": 0.8367346938775511,
    "inference_time": 0.01789093017578125,
    "training_time": 5.902847051620483,
    "dataset": "australian",
    "model": "transformer/cls",
    "fold": "F4",
    "architecture_name": "A19",
    "fs_method": "linear_model",
    "fs_percent": 0.8,
    "fs_n_features": 11
}