{
    "balanced_accuracy": 0.7838893266789249,
    "accuracy": 0.7866108786610879,
    "log_loss": 0.5190364380417537,
    "roc_auc": 0.7838893266789247,
    "f1": 0.8185053380782918,
    "precision": 0.7210031347962382,
    "recall": 0.9465020576131687,
    "inference_time": 0.011418581008911133,
    "training_time": 0,
    "dataset": "jasmine",
    "model": "mlp/simple",
    "fold": "F1",
    "architecture_name": "A0",
    "fs_method": "random_4",
    "fs_percent": 0.4,
    "fs_n_features": 57
}