{
    "balanced_accuracy": 0.5704697986577181,
    "accuracy": 0.5719063545150501
}