{
    "valid_loss": {
        "balanced_accuracy": 0.9360693417397963,
        "accuracy": 0.9552049328980776,
        "log_loss": 0.11351291742428828,
        "roc_auc": 0.9360693417397963,
        "f1": 0.968981539620746,
        "precision": 0.9573200992555831,
        "recall": 0.9809305873379099
    }
}