{
    "balanced_accuracy": 0.819731543624161,
    "accuracy": 0.8193979933110368
}