{
    "balanced_accuracy": 0.9921502964760822,
    "accuracy": 0.9921722113502935,
    "log_loss": 0.040819700826685595,
    "roc_auc": 0.9921502964760822,
    "f1": 0.9917355371900827,
    "precision": 0.9917355371900827,
    "recall": 0.9917355371900827,
    "inference_time": 0.07451224327087402,
    "training_time": 93.5032592941733
}