{
    "balanced_accuracy": 0.84765625,
    "accuracy": 0.84765625
}