{
    "balanced_accuracy": 0.6438446346280448,
    "accuracy": 0.6666666666666666,
    "log_loss": 0.568324967596952,
    "roc_auc": 0.6438446346280448,
    "f1": 0.5432098765432098,
    "precision": 0.6875,
    "recall": 0.4489795918367347,
    "inference_time": 0.002663135528564453,
    "training_time": 0,
    "dataset": "australian",
    "model": "mlp/simple_nnw",
    "fold": "F1",
    "architecture_name": "A0",
    "fs_method": "random_4",
    "fs_percent": 0.8,
    "fs_n_features": 11
}