{
    "valid_loss": {
        "balanced_accuracy": 0.9291117199814154,
        "accuracy": 0.9512150888647081,
        "log_loss": 0.12242765916283702,
        "roc_auc": 0.9291117199814155,
        "f1": 0.9663118346900438,
        "precision": 0.9521224086870681,
        "recall": 0.9809305873379099
    }
}