{
    "balanced_accuracy": 0.9365017043527921,
    "accuracy": 0.9365853658536586,
    "log_loss": 0.16778422549499938,
    "roc_auc": 0.9365017043527921,
    "f1": 0.9388235294117647,
    "precision": 0.908883826879271,
    "recall": 0.9708029197080292,
    "training_time": 0.1598343849182129,
    "inference_time": 0.0011615753173828125,
    "dataset": "sylvine",
    "model": "xgboost",
    "fold": "F3",
    "architecture_name": "A3",
    "fs_method": "f_classif",
    "fs_percent": 0.6,
    "fs_n_features": 12
}