{
    "balanced_accuracy": 0.6176520789240117,
    "accuracy": 0.7919799498746867
}