{
    "balanced_accuracy": 0.6580086580086579,
    "accuracy": 0.6979166666666666
}