{
    "balanced_accuracy": 0.8271825838805041,
    "accuracy": 0.8623753399818677,
    "log_loss": 0.3481938009818324,
    "roc_auc": 0.8271825838805041,
    "f1": 0.9041061276058118,
    "precision": 0.8985434455047715,
    "recall": 0.9097381133994407,
    "inference_time": 0.1047980785369873,
    "training_time": 0,
    "dataset": "nomao",
    "model": "mlp/simple_nd_nnw",
    "fold": "F1",
    "architecture_name": "A0",
    "fs_method": "linear_model",
    "fs_percent": 0.8,
    "fs_n_features": 94
}