{
    "balanced_accuracy": 0.3954059640998482,
    "accuracy": 0.5420560747663551
}