{
    "valid_loss": {
        "balanced_accuracy": 0.9392024855006569,
        "accuracy": 0.957207615593835,
        "log_loss": 0.11476167812920596,
        "roc_auc": 0.9392024855006569,
        "f1": 0.9703368526897939,
        "precision": 0.9594829729057917,
        "recall": 0.9814391050088991
    }
}