{
    "balanced_accuracy": 0.797495840994659,
    "accuracy": 0.799163179916318,
    "log_loss": 0.43748443611687815,
    "roc_auc": 0.797495840994659,
    "f1": 0.8195488721804511,
    "precision": 0.754325259515571,
    "recall": 0.897119341563786,
    "inference_time": 0.014267921447753906,
    "training_time": 0,
    "dataset": "jasmine",
    "model": "mlp/simple",
    "fold": "F1",
    "architecture_name": "A1",
    "fs_method": "decision_tree",
    "fs_percent": 0.5,
    "fs_n_features": 72
}