{
    "valid_loss": {
        "balanced_accuracy": 0.3314136531569946,
        "accuracy": 0.6203275456820078,
        "log_loss": 1.1061993091343014
    }
}