{
    "balanced_accuracy": 0.9242694650675805,
    "accuracy": 0.9243902439024391,
    "log_loss": 0.21709673070988206,
    "roc_auc": 0.9242694650675805,
    "f1": 0.9265402843601895,
    "precision": 0.9050925925925926,
    "recall": 0.9490291262135923,
    "inference_time": 0.019421815872192383,
    "training_time": 0,
    "dataset": "sylvine",
    "model": "mlp/simple_nd_nnw",
    "fold": "F1",
    "architecture_name": "A1",
    "fs_method": "decision_tree",
    "fs_percent": 0.6,
    "fs_n_features": 12
}