{
    "balanced_accuracy": 0.6959273465703971,
    "accuracy": 0.6867671691792295,
    "log_loss": 0.5700945465927517,
    "roc_auc": 0.6959273465703972,
    "f1": 0.7091757387247278,
    "precision": 0.6229508196721312,
    "recall": 0.8231046931407943,
    "inference_time": 0.014467716217041016,
    "training_time": 0,
    "dataset": "jasmine",
    "model": "mlp/simple_nd_nnw",
    "architecture_name": "A1",
    "fs_method": "random_1",
    "fs_percent": 0.5,
    "fs_n_features": 72
}