{
    "balanced_accuracy": 0.95120552760637,
    "accuracy": 0.9630099728014506,
    "log_loss": 0.0955678263991552,
    "roc_auc": 0.95120552760637,
    "f1": 0.9741902834008097,
    "precision": 0.9695290858725761,
    "recall": 0.9788965166539537,
    "training_time": 0.4727449417114258,
    "inference_time": 0.0038270950317382812,
    "dataset": "nomao",
    "model": "xgboost",
    "fold": "F1",
    "architecture_name": "A0",
    "fs_method": "random_5",
    "fs_percent": 0.7,
    "fs_n_features": 82
}