{
    "balanced_accuracy": 0.5026559050772627,
    "accuracy": 0.7035175879396985
}