{
    "balanced_accuracy": 0.705916572772253,
    "accuracy": 0.6449643947100712
}