{
    "balanced_accuracy": 0.9421857864968777,
    "accuracy": 0.9445048966267682,
    "log_loss": 0.1419301829613901,
    "roc_auc": 0.9421857864968778,
    "f1": 0.9605670103092784,
    "precision": 0.9738698719623726,
    "recall": 0.9476226798881261,
    "inference_time": 0.6520035266876221,
    "training_time": 394.1068742458637,
    "dataset": "nomao",
    "model": "transformer/cls",
    "fold": "F2",
    "architecture_name": "A28",
    "fs_method": "random_4",
    "fs_percent": 0.7,
    "fs_n_features": 82
}