{
    "valid_loss": {
        "balanced_accuracy": 0.9307961130220703,
        "accuracy": 0.9524932003626473,
        "log_loss": 0.12358099593224212,
        "roc_auc": 0.9307961130220704,
        "f1": 0.9671843687374749,
        "precision": 0.9530980004937053,
        "recall": 0.9816933638443935
    }
}