{
    "balanced_accuracy": 0.7798353909465021,
    "accuracy": 0.7819706498951782,
    "log_loss": 0.4570774450143856,
    "roc_auc": 0.7798353909465021,
    "f1": 0.8066914498141264,
    "precision": 0.735593220338983,
    "recall": 0.8930041152263375,
    "inference_time": 0.012766599655151367,
    "training_time": 0,
    "dataset": "jasmine",
    "model": "mlp/simple_nd",
    "fold": "F2",
    "architecture_name": "A0",
    "fs_method": "random_3",
    "fs_percent": 0.4,
    "fs_n_features": 57
}