{
    "valid_loss": {
        "balanced_accuracy": 0.8,
        "accuracy": 0.993006993006993,
        "log_loss": 0.06642617427785844
    }
}