{
    "balanced_accuracy": 0.6049667178699436,
    "accuracy": 0.9161849710982659
}