{
    "balanced_accuracy": 0.37553346303616875,
    "accuracy": 0.631578947368421
}