{
    "balanced_accuracy": 0.5739421245926597,
    "accuracy": 0.6432858857828846
}