{
    "balanced_accuracy": 0.5587139049311576,
    "accuracy": 0.6397347000301478
}