{
    "balanced_accuracy": 0.6262626262626263,
    "accuracy": 0.8108108108108109
}