{
    "balanced_accuracy": 0.7305858585858587,
    "accuracy": 0.8276391554702495,
    "log_loss": 0.40263687972557377,
    "roc_auc": 0.7305858585858587,
    "f1": 0.8899779465817201,
    "precision": 0.8643503093764874,
    "recall": 0.9171717171717172,
    "inference_time": 0.8175661563873291,
    "training_time": 269.1218492984772,
    "dataset": "adult",
    "model": "transformer/cls",
    "fold": "F0",
    "architecture_name": "A22",
    "fs_method": "random_5",
    "fs_percent": 0.5,
    "fs_n_features": 7
}