{
    "valid_loss": {
        "balanced_accuracy": 0.9346481847539654,
        "accuracy": 0.9544795067101922,
        "log_loss": 0.10944629917018386,
        "roc_auc": 0.9346481847539654,
        "f1": 0.9684950420484498,
        "precision": 0.9561338289962825,
        "recall": 0.9811800610376399
    }
}