{
    "balanced_accuracy": 0.4681311060527779,
    "accuracy": 0.5613506180283389
}