{
    "balanced_accuracy": 0.8110161443494777,
    "accuracy": 0.8134171907756813,
    "log_loss": 0.40598666010034706,
    "roc_auc": 0.8110161443494777,
    "f1": 0.8366972477064221,
    "precision": 0.7549668874172185,
    "recall": 0.9382716049382716,
    "training_time": 0.08564496040344238,
    "inference_time": 0.0007848739624023438
}