{
    "balanced_accuracy": 0.9361840929171388,
    "accuracy": 0.9488574537540805,
    "log_loss": 0.1343807208189793,
    "roc_auc": 0.9361840929171387,
    "f1": 0.9642041127189642,
    "precision": 0.9624936644703497,
    "recall": 0.9659206510681587,
    "training_time": 0.5514068603515625,
    "inference_time": 0.007870912551879883,
    "dataset": "nomao",
    "model": "xgboost",
    "fold": "F4",
    "architecture_name": "A1",
    "fs_method": "random_3",
    "fs_percent": 0.4,
    "fs_n_features": 47
}