{
    "balanced_accuracy": 0.9396832467971366,
    "accuracy": 0.9393346379647749,
    "log_loss": 0.20403637446961612,
    "roc_auc": 0.9396832467971366,
    "f1": 0.9366053169734151,
    "precision": 0.9271255060728745,
    "recall": 0.9462809917355371,
    "inference_time": 0.012146472930908203,
    "training_time": 0,
    "dataset": "kr-vs-kp",
    "model": "mlp/simple_nnw",
    "fold": "F3",
    "architecture_name": "A1",
    "fs_method": "random_5",
    "fs_percent": 0.7,
    "fs_n_features": 25
}