{
    "balanced_accuracy": 0.9270494251193255,
    "accuracy": 0.9434167573449401,
    "log_loss": 0.14683077342455517,
    "roc_auc": 0.9270494251193255,
    "f1": 0.9605363015431319,
    "precision": 0.9557009816259754,
    "recall": 0.9654207983727434,
    "inference_time": 0.12820959091186523,
    "training_time": 0,
    "dataset": "nomao",
    "model": "mlp/simple",
    "fold": "F3",
    "architecture_name": "A0",
    "fs_method": "random_2",
    "fs_percent": 0.6,
    "fs_n_features": 70
}