{
    "balanced_accuracy": 0.4691996396099526,
    "accuracy": 0.5734097075670787
}