{
    "balanced_accuracy": 0.7470718581829693,
    "accuracy": 0.7463312368972747,
    "log_loss": 0.5120387695759362,
    "roc_auc": 0.7470718581829692,
    "f1": 0.7397849462365591,
    "precision": 0.7747747747747747,
    "recall": 0.7078189300411523,
    "inference_time": 0.011565208435058594,
    "training_time": 0,
    "dataset": "jasmine",
    "model": "mlp/simple_nd_nnw",
    "fold": "F3",
    "architecture_name": "A1",
    "fs_method": "random_5",
    "fs_percent": 0.5,
    "fs_n_features": 72
}