{
    "balanced_accuracy": 0.5263997165131112,
    "accuracy": 0.5454545454545454
}