{
    "balanced_accuracy": 0.5269656764901569,
    "accuracy": 0.546875
}