{
    "balanced_accuracy": 0.6677852348993288,
    "accuracy": 0.6677852348993288
}