{
  "dropout": 0.12395063621891995,
  "embedding_size": 512,
  "n_head": 8,
  "n_hid": 1024,
  "n_layers": 4,
  "numerical_passthrough": false,
  "optimizer__lr": 0.0096816917995353
}