{
    "valid_loss": {
        "balanced_accuracy": 0.5767534817631395,
        "accuracy": 0.6496945010183299,
        "log_loss": 0.9953165623573654
    }
}