{
    "balanced_accuracy": 0.9781022458447264,
    "accuracy": 0.9784735812133072,
    "log_loss": 0.05821163313575745,
    "roc_auc": 0.9781022458447264,
    "f1": 0.9771309771309772,
    "precision": 0.9832635983263598,
    "recall": 0.9710743801652892,
    "training_time": 0.07212257385253906,
    "inference_time": 0.0009779930114746094,
    "dataset": "kr-vs-kp",
    "model": "xgboost",
    "fold": "F2",
    "architecture_name": "A2",
    "fs_method": "random_5",
    "fs_percent": 0.8,
    "fs_n_features": 28
}