{
    "balanced_accuracy": 0.8782927604741855,
    "accuracy": 0.9062386652158143,
    "log_loss": 0.34014530904329054,
    "roc_auc": 0.8782927604741855,
    "f1": 0.9348948495151744,
    "precision": 0.9261477045908184,
    "recall": 0.9438087973557081,
    "inference_time": 0.38874197006225586,
    "training_time": 428.58462623755133,
    "dataset": "nomao",
    "model": "transformer/cls",
    "fold": "F2",
    "architecture_name": "A24",
    "fs_method": "decision_tree",
    "fs_percent": 0.4,
    "fs_n_features": 47
}