{
    "balanced_accuracy": 0.4256745801205638,
    "accuracy": 0.5652546732978906
}