{
    "valid_loss": {
        "balanced_accuracy": 0.9530788718627137,
        "accuracy": 0.9640914036996736,
        "log_loss": 0.09510584747200992,
        "roc_auc": 0.9530788718627137,
        "f1": 0.9749303621169917,
        "precision": 0.9709962168978562,
        "recall": 0.9788965166539537
    }
}