{
    "balanced_accuracy": 0.6063919191919193,
    "accuracy": 0.7964171465131158,
    "log_loss": 0.4371000307405423,
    "roc_auc": 0.6063919191919191,
    "f1": 0.8788732394366198,
    "precision": 0.802223766504517,
    "recall": 0.9717171717171718,
    "training_time": 0.21074295043945312,
    "inference_time": 0.00490880012512207
}