{
    "balanced_accuracy": 0.6986702127659574,
    "accuracy": 0.7686567164179104
}