{
    "balanced_accuracy": 0.9194665092314298,
    "accuracy": 0.9194139194139194,
    "log_loss": 0.22680560714601178,
    "roc_auc": 0.9194665092314298,
    "f1": 0.9185185185185185,
    "precision": 0.9323308270676691,
    "recall": 0.9051094890510949,
    "inference_time": 0.09709668159484863,
    "training_time": 40.771506491829356,
    "dataset": "sylvine",
    "model": "transformer/cls",
    "fold": "F4",
    "architecture_name": "A26",
    "fs_method": "random_5",
    "fs_percent": 0.8,
    "fs_n_features": 16
}