{
    "valid_loss": {
        "balanced_accuracy": 0.7681643097643098,
        "accuracy": 0.8295585412667946,
        "log_loss": 0.358600235242283,
        "roc_auc": 0.7681643097643098,
        "f1": 0.887689713322091,
        "precision": 0.8891891891891892,
        "recall": 0.8861952861952862
    }
}