{
    "valid_loss": {
        "balanced_accuracy": 0.9878106854281237,
        "accuracy": 0.9882583170254403,
        "log_loss": 0.022324869604108268,
        "roc_auc": 0.9878106854281237,
        "f1": 0.9875,
        "precision": 0.9957983193277311,
        "recall": 0.9793388429752066
    }
}