{
    "balanced_accuracy": 0.5537918871252204,
    "accuracy": 0.5833333333333334
}