{
    "balanced_accuracy": 0.9510755758614124,
    "accuracy": 0.9512195121951219,
    "log_loss": 0.1414046488325201,
    "roc_auc": 0.9510755758614126,
    "f1": 0.9528301886792453,
    "precision": 0.926605504587156,
    "recall": 0.9805825242718447,
    "training_time": 0.1612687110900879,
    "inference_time": 0.0010499954223632812,
    "dataset": "sylvine",
    "model": "xgboost",
    "fold": "F1",
    "architecture_name": "A2",
    "fs_method": "linear_model",
    "fs_percent": 0.8,
    "fs_n_features": 16
}