{
    "balanced_accuracy": 0.7463791968400264,
    "accuracy": 0.7477477477477478,
    "log_loss": 0.5809437254167207,
    "roc_auc": 0.7463791968400264,
    "f1": 0.72,
    "precision": 0.7058823529411765,
    "recall": 0.7346938775510204,
    "inference_time": 0.019721508026123047,
    "training_time": 8.986960237676447,
    "dataset": "australian",
    "model": "transformer/cls",
    "fold": "F1",
    "architecture_name": "A19",
    "fs_method": "f_classif",
    "fs_percent": 0.5,
    "fs_n_features": 7
}