{
    "balanced_accuracy": 0.7813050505050505,
    "accuracy": 0.8609085092770313,
    "log_loss": 0.3022971888376173,
    "roc_auc": 0.7813050505050505,
    "f1": 0.910806597193731,
    "precision": 0.8884264446934529,
    "recall": 0.9343434343434344,
    "inference_time": 0.8608217239379883,
    "training_time": 345.597547531128,
    "dataset": "adult",
    "model": "transformer/cls",
    "fold": "F2",
    "architecture_name": "A10",
    "fs_method": "none",
    "fs_percent": 1.0,
    "fs_n_features": 14
}