{
    "valid_loss": {
        "balanced_accuracy": 0.5703783518076544,
        "accuracy": 0.6586986815307107,
        "log_loss": 1.0037318932323906
    }
}