{
    "balanced_accuracy": 0.8144470711846599,
    "accuracy": 0.8158995815899581,
    "log_loss": 0.381789378282753,
    "roc_auc": 0.8144470711846599,
    "f1": 0.8326996197718631,
    "precision": 0.773851590106007,
    "recall": 0.9012345679012346,
    "inference_time": 0.10965633392333984,
    "training_time": 72.14371197873892
}