{
    "balanced_accuracy": 0.7388888888888889,
    "accuracy": 0.7368421052631579
}