{
    "balanced_accuracy": 0.828780316959986,
    "accuracy": 0.8305439330543933,
    "log_loss": 0.37239338516974685,
    "roc_auc": 0.8287803169599859,
    "f1": 0.8485981308411215,
    "precision": 0.7773972602739726,
    "recall": 0.934156378600823,
    "training_time": 0.08501410484313965,
    "inference_time": 0.0009109973907470703,
    "dataset": "jasmine",
    "model": "xgboost",
    "fold": "F0",
    "architecture_name": "A0",
    "fs_method": "linear_model",
    "fs_percent": 0.4,
    "fs_n_features": 57
}