{
  "dropout": 0.3266592472219892,
  "embedding_size": 512,
  "n_head": 4,
  "n_hid": 32,
  "n_layers": 2,
  "numerical_passthrough": true,
  "optimizer__lr": 0.00015745377978776856
}