{
    "valid_loss": {
        "balanced_accuracy": 0.817505539727762,
        "accuracy": 0.8197064989517819,
        "log_loss": 0.39491736197895855,
        "roc_auc": 0.8175055397277617,
        "f1": 0.8407407407407408,
        "precision": 0.7643097643097643,
        "recall": 0.934156378600823
    }
}