{
    "balanced_accuracy": 0.5068914417283105,
    "accuracy": 0.6978636826042727
}