{
    "valid_loss": {
        "balanced_accuracy": 0.935255414963801,
        "accuracy": 0.9353658536585366,
        "log_loss": 0.2015947231959626,
        "roc_auc": 0.935255414963801,
        "f1": 0.9383003492433062,
        "precision": 0.8995535714285714,
        "recall": 0.9805352798053528
    }
}