{
    "balanced_accuracy": 0.8060034573351174,
    "accuracy": 0.8046875,
    "log_loss": 2.0009205540646597,
    "roc_auc": 0.8060034573351172,
    "f1": 0.8275862068965517,
    "precision": 0.7352941176470589,
    "recall": 0.9463722397476341,
    "inference_time": 0.07514619827270508,
    "training_time": 0,
    "dataset": "kr-vs-kp",
    "model": "transformer/cls",
    "architecture_name": "A2",
    "fs_method": "random_4",
    "fs_percent": 0.5,
    "fs_n_features": 18
}