{
    "balanced_accuracy": 0.37994908955778517,
    "accuracy": 0.6466165413533834
}