{
    "balanced_accuracy": 0.9630820985836335,
    "accuracy": 0.9691693870148712,
    "log_loss": 0.08246743642905388,
    "roc_auc": 0.9630820985836336,
    "f1": 0.9783604887983707,
    "precision": 0.9793577981651376,
    "recall": 0.9773652085452695,
    "training_time": 0.9892520904541016,
    "inference_time": 0.007963418960571289,
    "dataset": "nomao",
    "model": "xgboost",
    "fold": "F4",
    "architecture_name": "A2",
    "fs_method": "random_2",
    "fs_percent": 0.5,
    "fs_n_features": 59
}