{
    "balanced_accuracy": 0.42013529585273296,
    "accuracy": 0.5557564798071127
}