{
    "balanced_accuracy": 0.9711764705882352,
    "accuracy": 0.9555555555555556
}