{
    "balanced_accuracy": 0.5140069046109382,
    "accuracy": 0.2725225225225225
}