{
    "balanced_accuracy": 0.7040479582146248,
    "accuracy": 0.8987964989059081
}