{
  "aggregator__cell": "GRU",
  "aggregator__dropout": 0.07229947476703377,
  "aggregator__hidden_size": 512,
  "aggregator__num_layers": 1,
  "dropout": 0.4233932396250738,
  "embedding_size": 128,
  "n_head": 4,
  "n_hid": 512,
  "n_layers": 1,
  "optimizer__lr": 0.003409895088739944
}