{
    "balanced_accuracy": 0.9146110056925996,
    "accuracy": 0.9482163406214039
}