{
    "balanced_accuracy": 0.9952681388012619,
    "accuracy": 0.9953125,
    "log_loss": 0.019686440087273337,
    "roc_auc": 0.9952681388012619,
    "f1": 0.9952456418383518,
    "precision": 1.0,
    "recall": 0.9905362776025236,
    "inference_time": 0.06977033615112305,
    "training_time": 0,
    "dataset": "kr-vs-kp",
    "model": "transformer/cls",
    "architecture_name": "A2",
    "fs_method": "random_2",
    "fs_percent": 0.9,
    "fs_n_features": 32
}