{
    "balanced_accuracy": 0.8243697478991596,
    "accuracy": 0.43333333333333335
}