{
    "valid_loss": {
        "balanced_accuracy": 0.7994754208754209,
        "accuracy": 0.8474728087012157,
        "log_loss": 0.32170119589953794,
        "roc_auc": 0.7994754208754209,
        "f1": 0.8988630578652639,
        "precision": 0.9060896339377352,
        "recall": 0.8917508417508417
    }
}