{
    "valid_loss": {
        "balanced_accuracy": 0.9413017031630171,
        "accuracy": 0.9413919413919414,
        "log_loss": 0.15756906186196704,
        "roc_auc": 0.941301703163017,
        "f1": 0.9429928741092637,
        "precision": 0.9211136890951276,
        "recall": 0.9659367396593674
    }
}