{
    "balanced_accuracy": 0.4891420680135261,
    "accuracy": 0.6125878922997771
}