{
    "valid_loss": {
        "balanced_accuracy": 0.9399107247534726,
        "accuracy": 0.9544795067101922,
        "log_loss": 0.11388438678520907,
        "roc_auc": 0.9399107247534726,
        "f1": 0.9682800454947554,
        "precision": 0.9625628140703517,
        "recall": 0.9740655987795576
    }
}