{
    "balanced_accuracy": 0.854633656741385,
    "accuracy": 0.8454545454545455,
    "log_loss": 0.31430509437888704,
    "roc_auc": 0.8546336567413851,
    "f1": 0.8440366972477065,
    "precision": 0.7666666666666667,
    "recall": 0.9387755102040817,
    "inference_time": 0.01887989044189453,
    "training_time": 6.814909049442834,
    "dataset": "australian",
    "model": "transformer/cls",
    "fold": "F3",
    "architecture_name": "A19",
    "fs_method": "random_4",
    "fs_percent": 0.8,
    "fs_n_features": 11
}