{
    "balanced_accuracy": 0.9336845986051798,
    "accuracy": 0.9354207436399217,
    "log_loss": 0.1471811686628759,
    "roc_auc": 0.9336845986051798,
    "f1": 0.929637526652452,
    "precision": 0.960352422907489,
    "recall": 0.9008264462809917,
    "training_time": 0.056426048278808594,
    "inference_time": 0.0008077621459960938,
    "dataset": "kr-vs-kp",
    "model": "xgboost",
    "fold": "F2",
    "architecture_name": "A2",
    "fs_method": "random_3",
    "fs_percent": 0.5,
    "fs_n_features": 18
}