{
    "valid_loss": {
        "balanced_accuracy": 0.9339764103766552,
        "accuracy": 0.9530286543344215,
        "log_loss": 0.11631591496923196,
        "roc_auc": 0.9339764103766552,
        "f1": 0.9674500439864271,
        "precision": 0.9565109343936382,
        "recall": 0.9786422578184591
    }
}