{
    "balanced_accuracy": 0.7737026173285199,
    "accuracy": 0.7688442211055276,
    "log_loss": 0.5978317141773298,
    "roc_auc": 0.7737026173285199,
    "f1": 0.7715231788079471,
    "precision": 0.7125382262996942,
    "recall": 0.8411552346570397,
    "inference_time": 0.014738321304321289,
    "training_time": 0,
    "dataset": "jasmine",
    "model": "mlp/simple_nnw",
    "architecture_name": "A1",
    "fs_method": "decision_tree",
    "fs_percent": 0.8,
    "fs_n_features": 115
}