{
    "balanced_accuracy": 0.5063332850628453,
    "accuracy": 0.13293216630196936
}