{
    "balanced_accuracy": 0.8624169040835707,
    "accuracy": 0.8648255813953488
}