{
    "valid_loss": {
        "balanced_accuracy": 0.5696236278128598,
        "accuracy": 0.6660235798499464,
        "log_loss": 0.9639770296783454
    }
}