{
    "valid_loss": {
        "balanced_accuracy": 0.5888344435055064,
        "accuracy": 0.67481243301179,
        "log_loss": 0.9469415536661734
    }
}