{
    "valid_loss": {
        "balanced_accuracy": 0.9277674662097849,
        "accuracy": 0.9280487804878049,
        "log_loss": 0.19570843437994456,
        "roc_auc": 0.9277674662097849,
        "f1": 0.9322617680826636,
        "precision": 0.8845315904139434,
        "recall": 0.9854368932038835
    }
}