{
    "balanced_accuracy": 0.47519571237601144,
    "accuracy": 0.6842105263157895
}