{
    "balanced_accuracy": 0.6139653171297876,
    "accuracy": 0.7969924812030075
}