{
    "balanced_accuracy": 0.7700902356902357,
    "accuracy": 0.8574536148432501,
    "log_loss": 0.30366812496757867,
    "roc_auc": 0.7700902356902357,
    "f1": 0.9091205743188122,
    "precision": 0.8819246597024375,
    "recall": 0.938047138047138,
    "inference_time": 1.0372576713562012,
    "training_time": 350.05373533566774,
    "dataset": "adult",
    "model": "transformer/cls",
    "fold": "F2",
    "architecture_name": "A15",
    "fs_method": "none",
    "fs_percent": 1.0,
    "fs_n_features": 14
}