{
    "valid_loss": {
        "balanced_accuracy": 0.9363577955454025,
        "accuracy": 0.9365853658536586,
        "log_loss": 0.18696236432027163,
        "roc_auc": 0.9363577955454025,
        "f1": 0.9396751740139211,
        "precision": 0.9,
        "recall": 0.9830097087378641
    }
}