{
    "valid_loss": {
        "balanced_accuracy": 0.9415896577406064,
        "accuracy": 0.9563009972801451,
        "log_loss": 0.11552231606096708,
        "roc_auc": 0.9415896577406065,
        "f1": 0.9695668645030938,
        "precision": 0.9631209232313096,
        "recall": 0.9760996694635139
    }
}