{
    "balanced_accuracy": 0.659765168097884,
    "accuracy": 0.8212183260813923,
    "log_loss": 0.3822119874694286,
    "roc_auc": 0.659765168097884,
    "f1": 0.891881433325594,
    "precision": 0.8252649670581496,
    "recall": 0.9701970028624347,
    "inference_time": 0.14563298225402832,
    "training_time": 0,
    "dataset": "adult",
    "model": "mlp/simple_nnw",
    "fold": "F3",
    "architecture_name": "A0",
    "fs_method": "random_4",
    "fs_percent": 0.6,
    "fs_n_features": 8
}