{
    "balanced_accuracy": 0.8072966128521684,
    "accuracy": 0.8092243186582809,
    "log_loss": 0.43479057042453356,
    "roc_auc": 0.8072966128521684,
    "f1": 0.8292682926829268,
    "precision": 0.7620689655172413,
    "recall": 0.9094650205761317,
    "training_time": 0.0883321762084961,
    "inference_time": 0.0008542537689208984,
    "dataset": "jasmine",
    "model": "xgboost",
    "fold": "F3",
    "architecture_name": "A1",
    "fs_method": "random_4",
    "fs_percent": 0.8,
    "fs_n_features": 115
}