{
    "balanced_accuracy": 0.7301043771043771,
    "accuracy": 0.8380038387715931,
    "log_loss": 0.3524990617736387,
    "roc_auc": 0.730104377104377,
    "f1": 0.8979361496291519,
    "precision": 0.8615408415841584,
    "recall": 0.9375420875420876,
    "training_time": 0.21451926231384277,
    "inference_time": 0.003674030303955078,
    "dataset": "adult",
    "model": "xgboost",
    "fold": "F2",
    "architecture_name": "A0",
    "fs_method": "f_classif",
    "fs_percent": 0.5,
    "fs_n_features": 7
}