{
    "balanced_accuracy": 0.9640919975873028,
    "accuracy": 0.969532100108814,
    "log_loss": 0.07926983939786492,
    "roc_auc": 0.9640919975873028,
    "f1": 0.9785987261146497,
    "precision": 0.9803471158754467,
    "recall": 0.9768565615462869,
    "training_time": 0.9551088809967041,
    "inference_time": 0.007869243621826172
}