{
    "balanced_accuracy": 0.9919498010407102,
    "accuracy": 0.9921875,
    "log_loss": 0.02533695084512761,
    "roc_auc": 0.9919498010407101,
    "f1": 0.991701244813278,
    "precision": 0.9958333333333333,
    "recall": 0.987603305785124,
    "training_time": 0.10252976417541504,
    "inference_time": 0.0013766288757324219
}