{
    "balanced_accuracy": 0.47765266208434926,
    "accuracy": 0.6381679389312978
}