{
    "balanced_accuracy": 0.4015664166647793,
    "accuracy": 0.5085921012963521
}