{
    "balanced_accuracy": 0.8268627966027493,
    "accuracy": 0.8284518828451883,
    "log_loss": 0.41114049904184335,
    "roc_auc": 0.8268627966027492,
    "f1": 0.8452830188679246,
    "precision": 0.7804878048780488,
    "recall": 0.9218106995884774,
    "training_time": 0.07512927055358887,
    "inference_time": 0.0008511543273925781,
    "dataset": "jasmine",
    "model": "xgboost",
    "fold": "F0",
    "architecture_name": "A1",
    "fs_method": "random_2",
    "fs_percent": 0.5,
    "fs_n_features": 72
}