{
    "balanced_accuracy": 0.7374960992310715,
    "accuracy": 0.8395188123880215,
    "log_loss": 0.34425585362248795,
    "roc_auc": 0.7374960992310715,
    "f1": 0.8984121840570317,
    "precision": 0.8657298985167837,
    "recall": 0.9336588651288096,
    "inference_time": 0.1839287281036377,
    "training_time": 0,
    "dataset": "adult",
    "model": "mlp/simple_nd",
    "fold": "F3",
    "architecture_name": "A0",
    "fs_method": "decision_tree",
    "fs_percent": 0.8,
    "fs_n_features": 11
}