{
    "balanced_accuracy": 0.7473884140550807,
    "accuracy": 0.750524109014675,
    "log_loss": 0.4665247663074635,
    "roc_auc": 0.7473884140550807,
    "f1": 0.7886323268206039,
    "precision": 0.69375,
    "recall": 0.9135802469135802,
    "training_time": 0.045496463775634766,
    "inference_time": 0.00064849853515625,
    "dataset": "jasmine",
    "model": "xgboost",
    "fold": "F2",
    "architecture_name": "A0",
    "fs_method": "random_3",
    "fs_percent": 0.4,
    "fs_n_features": 57
}