{
    "balanced_accuracy": 0.9052876136209469,
    "accuracy": 0.9055232558139535
}