{
    "balanced_accuracy": 0.4984126984126984,
    "accuracy": 0.9075144508670521
}