{
    "balanced_accuracy": 0.7356160353443505,
    "accuracy": 0.8395087001023541
}