{
    "balanced_accuracy": 0.7075945132151221,
    "accuracy": 0.7090909090909091,
    "log_loss": 0.5621182863140742,
    "roc_auc": 0.7075945132151221,
    "f1": 0.68,
    "precision": 0.6666666666666666,
    "recall": 0.6938775510204082,
    "inference_time": 0.010264396667480469,
    "training_time": 3.974736213684082,
    "dataset": "australian",
    "model": "transformer/cls",
    "fold": "F4",
    "architecture_name": "A16",
    "fs_method": "f_classif",
    "fs_percent": 0.7,
    "fs_n_features": 9
}