{
    "balanced_accuracy": 0.7395542105748256,
    "accuracy": 0.7299412915851272,
    "log_loss": 1.2831196495027737,
    "roc_auc": 0.7395542105748256,
    "f1": 0.7636986301369864,
    "precision": 0.652046783625731,
    "recall": 0.9214876033057852,
    "inference_time": 0.011919975280761719,
    "training_time": 0,
    "dataset": "kr-vs-kp",
    "model": "mlp/simple",
    "fold": "F2",
    "architecture_name": "A0",
    "fs_method": "random_5",
    "fs_percent": 0.5,
    "fs_n_features": 18
}