{
  "dropout": 0.47969683247863154,
  "embedding_size": 1024,
  "n_head": 32,
  "n_hid": 64,
  "n_layers": 4,
  "numerical_passthrough": false,
  "optimizer__lr": 0.008836027058473476
}