{
    "balanced_accuracy": 0.6122122916315879,
    "accuracy": 0.8066291272075762,
    "log_loss": 0.41663256043644675,
    "roc_auc": 0.6122122916315877,
    "f1": 0.8857294108749906,
    "precision": 0.8039538714991763,
    "recall": 0.9860245832631757,
    "inference_time": 0.14665675163269043,
    "training_time": 0,
    "dataset": "adult",
    "model": "mlp/simple_nnw",
    "fold": "F3",
    "architecture_name": "A0",
    "fs_method": "f_classif",
    "fs_percent": 0.5,
    "fs_n_features": 7
}