{
    "balanced_accuracy": 0.5321581196581197,
    "accuracy": 0.8763676148796499
}