{
    "balanced_accuracy": 0.7930171409328169,
    "accuracy": 0.8734323009982083,
    "log_loss": 0.2699125941240518,
    "roc_auc": 0.7930171409328169,
    "f1": 0.9192323397305022,
    "precision": 0.8924833491912464,
    "recall": 0.9476342818656339,
    "training_time": 0.2818920612335205,
    "inference_time": 0.005517005920410156,
    "dataset": "adult",
    "model": "xgboost",
    "fold": "F4",
    "architecture_name": "A1",
    "fs_method": "random_1",
    "fs_percent": 0.9,
    "fs_n_features": 12
}