{
    "balanced_accuracy": 0.5906072106261859,
    "accuracy": 0.759493670886076
}