{
    "balanced_accuracy": 0.7930815976322045,
    "accuracy": 0.856156501726122
}