{
    "valid_loss": {
        "balanced_accuracy": 0.7731818181818182,
        "accuracy": 0.972027972027972,
        "log_loss": 0.06309766361405185
    }
}