{
    "balanced_accuracy": 0.5250229461253642,
    "accuracy": 0.630801687763713
}