{
    "valid_loss": {
        "balanced_accuracy": 0.931442367622275,
        "accuracy": 0.9550317316409791,
        "log_loss": 0.12074423837229467,
        "roc_auc": 0.9314423676222748,
        "f1": 0.9690387016229712,
        "precision": 0.951925435369144,
        "recall": 0.9867785405542843
    }
}