{
    "balanced_accuracy": 0.523741567202906,
    "accuracy": 0.6814814814814815
}