{
    "valid_loss": {
        "balanced_accuracy": 0.3311206688201617,
        "accuracy": 0.6175835007771923,
        "log_loss": 1.1057099968124555
    }
}