{
    "valid_loss": {
        "balanced_accuracy": 0.9366241760107995,
        "accuracy": 0.9530286543344215,
        "log_loss": 0.12245730183294011,
        "roc_auc": 0.9366241760107995,
        "f1": 0.9673350990036574,
        "precision": 0.9597097097097097,
        "recall": 0.9750826341215357
    }
}