{
    "balanced_accuracy": 0.9486245954692556,
    "accuracy": 0.948780487804878,
    "log_loss": 0.14308718609714674,
    "roc_auc": 0.9486245954692556,
    "f1": 0.9505882352941176,
    "precision": 0.9223744292237442,
    "recall": 0.9805825242718447,
    "training_time": 0.24569416046142578,
    "inference_time": 0.0010502338409423828
}