{
    "balanced_accuracy": 0.8121092723929604,
    "accuracy": 0.8138075313807531,
    "log_loss": 0.40183434338670776,
    "roc_auc": 0.8121092723929604,
    "f1": 0.8330206378986866,
    "precision": 0.7655172413793103,
    "recall": 0.9135802469135802,
    "training_time": 0.08512663841247559,
    "inference_time": 0.0009548664093017578,
    "dataset": "jasmine",
    "model": "xgboost",
    "fold": "F1",
    "architecture_name": "A1",
    "fs_method": "random_4",
    "fs_percent": 0.5,
    "fs_n_features": 72
}