{
    "balanced_accuracy": 0.9400676405647954,
    "accuracy": 0.9546690843155031,
    "log_loss": 0.1185255859377364,
    "roc_auc": 0.9400676405647954,
    "f1": 0.9684104119282284,
    "precision": 0.9625722180356694,
    "recall": 0.9743198576150521,
    "training_time": 0.6467368602752686,
    "inference_time": 0.007422447204589844,
    "dataset": "nomao",
    "model": "xgboost",
    "fold": "F0",
    "architecture_name": "A1",
    "fs_method": "f_classif",
    "fs_percent": 0.4,
    "fs_n_features": 47
}