{
    "balanced_accuracy": 0.912063724352911,
    "accuracy": 0.9121951219512195,
    "log_loss": 0.24666717998766896,
    "roc_auc": 0.912063724352911,
    "f1": 0.9168591224018475,
    "precision": 0.8725274725274725,
    "recall": 0.9659367396593674,
    "inference_time": 0.015508174896240234,
    "training_time": 0,
    "dataset": "sylvine",
    "model": "mlp/simple_nnw",
    "fold": "F3",
    "architecture_name": "A0",
    "fs_method": "f_classif",
    "fs_percent": 0.7,
    "fs_n_features": 14
}