{
    "balanced_accuracy": 0.9450209444021325,
    "accuracy": 0.944390243902439,
    "log_loss": 0.15967091700265335,
    "roc_auc": 0.9450209444021326,
    "f1": 0.9459715639810427,
    "precision": 0.9072727272727272,
    "recall": 0.9881188118811881,
    "training_time": 0.09382367134094238,
    "inference_time": 0.00091552734375,
    "dataset": "sylvine",
    "model": "xgboost",
    "architecture_name": "A3",
    "fs_method": "linear_model",
    "fs_percent": 0.7,
    "fs_n_features": 14
}