{
    "balanced_accuracy": 0.45554808784495826,
    "accuracy": 0.6417112299465241
}