{
    "balanced_accuracy": 0.8248159035765582,
    "accuracy": 0.8485672832789264,
    "log_loss": 0.4289592246302698,
    "roc_auc": 0.8248159035765582,
    "f1": 0.8924107718077567,
    "precision": 0.904649947753396,
    "recall": 0.8804983473175693,
    "inference_time": 0.1336972713470459,
    "training_time": 0,
    "dataset": "nomao",
    "model": "mlp/simple_nd_nn",
    "fold": "F2",
    "architecture_name": "A1",
    "fs_method": "decision_tree",
    "fs_percent": 0.5,
    "fs_n_features": 59
}