{
    "balanced_accuracy": 0.5025632250888313,
    "accuracy": 0.7629807109062234,
    "log_loss": 0.6897547364059515
}