{
    "balanced_accuracy": 0.8405821344931415,
    "accuracy": 0.8454545454545455,
    "log_loss": 0.32189216530440484,
    "roc_auc": 0.8405821344931416,
    "f1": 0.8210526315789474,
    "precision": 0.8478260869565217,
    "recall": 0.7959183673469388,
    "inference_time": 0.01360011100769043,
    "training_time": 4.115733385086059,
    "dataset": "australian",
    "model": "transformer/cls",
    "fold": "F2",
    "architecture_name": "A10",
    "fs_method": "none",
    "fs_percent": 1.0,
    "fs_n_features": 14
}