{
    "balanced_accuracy": 0.5526041641133242,
    "accuracy": 0.383206106870229
}