{
    "balanced_accuracy": 0.38734813304301746,
    "accuracy": 0.5213984327908379
}