{
    "balanced_accuracy": 0.8333333333333334,
    "accuracy": 0.9473684210526315
}