{
    "valid_loss": {
        "balanced_accuracy": 0.7830800886356442,
        "accuracy": 0.7861635220125787,
        "log_loss": 0.4577540440514075,
        "roc_auc": 0.7830800886356442,
        "f1": 0.8185053380782918,
        "precision": 0.7210031347962382,
        "recall": 0.9465020576131687
    }
}