{
    "valid_loss": {
        "balanced_accuracy": 0.940514987402788,
        "accuracy": 0.9561117156329344,
        "log_loss": 0.11855593863399848,
        "roc_auc": 0.940514987402788,
        "f1": 0.9694675750693919,
        "precision": 0.9619429143715573,
        "recall": 0.9771108850457783
    }
}