{
    "balanced_accuracy": 0.9851301115241635,
    "accuracy": 0.9843444227005871,
    "log_loss": 0.06676446173614727,
    "roc_auc": 0.9851301115241636,
    "f1": 0.983739837398374,
    "precision": 0.968,
    "recall": 1.0,
    "inference_time": 0.011606216430664062,
    "training_time": 0,
    "dataset": "kr-vs-kp",
    "model": "mlp/simple_nd",
    "fold": "F1",
    "architecture_name": "A0",
    "fs_method": "decision_tree",
    "fs_percent": 0.6,
    "fs_n_features": 21
}