{
    "balanced_accuracy": 0.6710061231193101,
    "accuracy": 0.7633587786259542
}