{
    "balanced_accuracy": 0.3622208287855524,
    "accuracy": 0.47701863354037266
}