{
    "valid_loss": {
        "balanced_accuracy": 0.33169638624143494,
        "accuracy": 0.6183182955493214,
        "log_loss": 1.104935736603013
    }
}