{
    "valid_loss": {
        "balanced_accuracy": 0.9499563610784241,
        "accuracy": 0.9582879941965905,
        "log_loss": 0.11064326821832961,
        "roc_auc": 0.9499563610784241,
        "f1": 0.9707230142566191,
        "precision": 0.9719602345144023,
        "recall": 0.969488939740656
    }
}