{
    "balanced_accuracy": 0.8086580086580086,
    "accuracy": 0.891170431211499
}