{
    "valid_loss": {
        "balanced_accuracy": 0.8105413105413105,
        "accuracy": 0.8134171907756813,
        "log_loss": 0.41706854916463787,
        "roc_auc": 0.8105413105413105,
        "f1": 0.8402154398563735,
        "precision": 0.7452229299363057,
        "recall": 0.9629629629629629
    }
}