{
    "balanced_accuracy": 0.46384859584859583,
    "accuracy": 0.6909547738693468
}