{
    "valid_loss": {
        "balanced_accuracy": 0.9284813450838845,
        "accuracy": 0.9548504079782412,
        "log_loss": 0.11862392232205934,
        "roc_auc": 0.9284813450838845,
        "f1": 0.9690259982584899,
        "precision": 0.9486117876278617,
        "recall": 0.9903381642512077
    }
}