{
    "balanced_accuracy": 0.3238095238095238,
    "accuracy": 0.06666666666666667
}