{
    "balanced_accuracy": 0.47745550190991465,
    "accuracy": 0.5409429280397022
}