{
    "balanced_accuracy": 0.4897959183673469,
    "accuracy": 0.8807339449541285
}