{
    "valid_loss": {
        "balanced_accuracy": 0.8116189475527538,
        "accuracy": 0.8138075313807531,
        "log_loss": 0.4011350681657109,
        "roc_auc": 0.8116189475527537,
        "f1": 0.8372943327239488,
        "precision": 0.7532894736842105,
        "recall": 0.9423868312757202
    }
}