{
    "balanced_accuracy": 0.8799694189602447,
    "accuracy": 0.9064748201438849
}