{
    "balanced_accuracy": 0.6070460704607046,
    "accuracy": 0.6137931034482759
}