{
    "balanced_accuracy": 0.9656796707105496,
    "accuracy": 0.9715270221254987,
    "log_loss": 0.07735610192675842,
    "roc_auc": 0.9656796707105496,
    "f1": 0.9800229036773126,
    "precision": 0.980646804176216,
    "recall": 0.9793997965412004,
    "training_time": 1.1059393882751465,
    "inference_time": 0.008407354354858398,
    "dataset": "nomao",
    "model": "xgboost",
    "fold": "F4",
    "architecture_name": "A1",
    "fs_method": "decision_tree",
    "fs_percent": 0.8,
    "fs_n_features": 94
}