{
    "balanced_accuracy": 0.3824264954344173,
    "accuracy": 0.5314697307494426
}