{
    "balanced_accuracy": 0.5799801643719087,
    "accuracy": 0.6573486537472132
}