{
    "balanced_accuracy": 0.4036215092526363,
    "accuracy": 0.5633587786259542
}