{
    "balanced_accuracy": 0.7641540487162607,
    "accuracy": 0.7747747747747747,
    "log_loss": 0.47564875649535854,
    "roc_auc": 0.7641540487162608,
    "f1": 0.7252747252747253,
    "precision": 0.7857142857142857,
    "recall": 0.673469387755102,
    "training_time": 1.2545928955078125,
    "inference_time": 0.003788471221923828,
    "dataset": "australian",
    "model": "mlp/full",
    "fold": "F1",
    "architecture_name": "A0",
    "fs_method": "f_classif",
    "fs_percent": 0.7,
    "fs_n_features": 9
}