{
    "balanced_accuracy": 0.8206899570965764,
    "accuracy": 0.8221757322175732,
    "log_loss": 0.4103388953754401,
    "roc_auc": 0.8206899570965764,
    "f1": 0.8387096774193549,
    "precision": 0.778169014084507,
    "recall": 0.9094650205761317,
    "training_time": 0.14204192161560059,
    "inference_time": 0.001016855239868164,
    "dataset": "jasmine",
    "model": "xgboost",
    "fold": "F1",
    "architecture_name": "A2",
    "fs_method": "decision_tree",
    "fs_percent": 0.8,
    "fs_n_features": 115
}