{
    "balanced_accuracy": 0.47318660957246017,
    "accuracy": 0.5822328931572629
}