{
    "balanced_accuracy": 0.9604301893247149,
    "accuracy": 0.9680812477330432,
    "log_loss": 0.08341584408544163,
    "roc_auc": 0.9604301893247148,
    "f1": 0.9776365946632782,
    "precision": 0.9768918232605384,
    "recall": 0.978382502543235,
    "training_time": 1.027900218963623,
    "inference_time": 0.007224559783935547,
    "dataset": "nomao",
    "model": "xgboost",
    "fold": "F4",
    "architecture_name": "A3",
    "fs_method": "decision_tree",
    "fs_percent": 0.5,
    "fs_n_features": 59
}