{
    "balanced_accuracy": 0.7487661895942078,
    "accuracy": 0.8452777066803174,
    "log_loss": 0.33483576981087443,
    "roc_auc": 0.7487661895942077,
    "f1": 0.9017632241813602,
    "precision": 0.8713881909547738,
    "recall": 0.9343323791884156,
    "inference_time": 0.18663835525512695,
    "training_time": 0,
    "dataset": "adult",
    "model": "mlp/simple_nd_nn",
    "fold": "F3",
    "architecture_name": "A1",
    "fs_method": "random_3",
    "fs_percent": 0.8,
    "fs_n_features": 11
}