{
    "balanced_accuracy": 0.6289473684210526,
    "accuracy": 0.762962962962963
}