{
    "balanced_accuracy": 0.7640075973409306,
    "accuracy": 0.7651991614255765,
    "log_loss": 0.4688073355250332,
    "roc_auc": 0.7640075973409307,
    "f1": 0.7821011673151751,
    "precision": 0.7416974169741697,
    "recall": 0.8271604938271605,
    "inference_time": 0.05556678771972656,
    "training_time": 41.6348729878664,
    "dataset": "jasmine",
    "model": "transformer/cls",
    "fold": "F4",
    "architecture_name": "A24",
    "fs_method": "linear_model",
    "fs_percent": 0.6,
    "fs_n_features": 86
}