{
    "balanced_accuracy": 0.9391889912199314,
    "accuracy": 0.9390625,
    "log_loss": 0.2581705698273939,
    "roc_auc": 0.9391889912199314,
    "f1": 0.9393468118195957,
    "precision": 0.9263803680981595,
    "recall": 0.9526813880126183,
    "inference_time": 0.07600593566894531,
    "training_time": 0,
    "dataset": "kr-vs-kp",
    "model": "transformer/cls",
    "architecture_name": "A2",
    "fs_method": "random_4",
    "fs_percent": 0.7,
    "fs_n_features": 25
}