{
    "balanced_accuracy": 0.901456367591696,
    "accuracy": 0.9109539354370693,
    "log_loss": 0.22509172202595804,
    "roc_auc": 0.9014563675916959,
    "f1": 0.9367023333763053,
    "precision": 0.9500523012552301,
    "recall": 0.92372234935164,
    "inference_time": 0.1042475700378418,
    "training_time": 0,
    "dataset": "nomao",
    "model": "mlp/simple_nd_nnw",
    "fold": "F3",
    "architecture_name": "A0",
    "fs_method": "linear_model",
    "fs_percent": 0.6,
    "fs_n_features": 70
}