{
    "balanced_accuracy": 0.6223239794919964,
    "accuracy": 0.63125
}