{
    "balanced_accuracy": 0.7135912565374816,
    "accuracy": 0.8260825058859658,
    "log_loss": 0.36908825591678995,
    "roc_auc": 0.7135912565374816,
    "f1": 0.8905777033554454,
    "precision": 0.8567534076827757,
    "recall": 0.9271825130749631,
    "inference_time": 0.1765744686126709,
    "training_time": 0,
    "dataset": "adult",
    "model": "mlp/simple_nnw",
    "architecture_name": "A0",
    "fs_method": "decision_tree",
    "fs_percent": 0.8,
    "fs_n_features": 11
}