{
    "valid_loss": {
        "balanced_accuracy": 0.49897234594055245,
        "accuracy": 0.7585867010387444,
        "log_loss": 0.7109855145143382
    }
}