{
    "valid_loss": {
        "balanced_accuracy": 0.6091667544057597,
        "accuracy": 0.6759566941794405,
        "log_loss": 0.9354373884976012
    }
}