{
    "balanced_accuracy": 0.914550354255528,
    "accuracy": 0.9146341463414634,
    "log_loss": 0.2618857843039661,
    "roc_auc": 0.914550354255528,
    "f1": 0.9176470588235294,
    "precision": 0.8883826879271071,
    "recall": 0.948905109489051,
    "inference_time": 0.017279863357543945,
    "training_time": 0,
    "dataset": "sylvine",
    "model": "mlp/simple_nd",
    "fold": "F3",
    "architecture_name": "A0",
    "fs_method": "random_1",
    "fs_percent": 0.8,
    "fs_n_features": 16
}