{
    "valid_loss": {
        "balanced_accuracy": 0.7951279339956221,
        "accuracy": 0.8516764781162017,
        "log_loss": 0.32479682456165726,
        "roc_auc": 0.7951279339956221,
        "f1": 0.9025641025641026,
        "precision": 0.9012760241773002,
        "recall": 0.9038558679912443
    }
}