{
    "balanced_accuracy": 0.959661377407438,
    "accuracy": 0.9686253173739572,
    "log_loss": 0.08735975878259261,
    "roc_auc": 0.9596613774074378,
    "f1": 0.9780651705337898,
    "precision": 0.9754678806272129,
    "recall": 0.9806763285024155,
    "training_time": 1.4079313278198242,
    "inference_time": 0.008076667785644531,
    "dataset": "nomao",
    "model": "xgboost",
    "fold": "F2",
    "architecture_name": "A3",
    "fs_method": "linear_model",
    "fs_percent": 0.7,
    "fs_n_features": 82
}