{
    "balanced_accuracy": 0.7453757575757576,
    "accuracy": 0.8423544465770954,
    "log_loss": 0.3438683970764963,
    "roc_auc": 0.7453757575757574,
    "f1": 0.8998536823280767,
    "precision": 0.8700094309965419,
    "recall": 0.9318181818181818,
    "training_time": 0.22948503494262695,
    "inference_time": 0.003323078155517578,
    "dataset": "adult",
    "model": "xgboost",
    "fold": "F0",
    "architecture_name": "A0",
    "fs_method": "random_1",
    "fs_percent": 0.6,
    "fs_n_features": 8
}