{
    "balanced_accuracy": 0.9204621168855892,
    "accuracy": 0.9207317073170732,
    "log_loss": 0.21156792754481327,
    "roc_auc": 0.9204621168855892,
    "f1": 0.9252013808975834,
    "precision": 0.8796498905908097,
    "recall": 0.9757281553398058,
    "inference_time": 0.017316579818725586,
    "training_time": 0,
    "dataset": "sylvine",
    "model": "mlp/simple_nd",
    "fold": "F1",
    "architecture_name": "A0",
    "fs_method": "random_2",
    "fs_percent": 0.8,
    "fs_n_features": 16
}