{
    "balanced_accuracy": 0.7321428571428572,
    "accuracy": 0.7333333333333333
}