{
    "balanced_accuracy": 0.3534117213482846,
    "accuracy": 0.49168238724061053
}