{
    "balanced_accuracy": 0.7760367204811649,
    "accuracy": 0.779874213836478,
    "log_loss": 0.4866563739902431,
    "roc_auc": 0.7760367204811649,
    "f1": 0.8192771084337349,
    "precision": 0.7041420118343196,
    "recall": 0.9794238683127572,
    "inference_time": 0.00996541976928711,
    "training_time": 0,
    "dataset": "jasmine",
    "model": "mlp/simple_nd_nn",
    "fold": "F4",
    "architecture_name": "A0",
    "fs_method": "random_4",
    "fs_percent": 0.8,
    "fs_n_features": 115
}