{
    "balanced_accuracy": 0.33615218615223014,
    "accuracy": 0.5423987776928954
}