{
    "balanced_accuracy": 0.7601393939393939,
    "accuracy": 0.8525911708253359,
    "log_loss": 0.31550776820013193,
    "roc_auc": 0.760139393939394,
    "f1": 0.9062957540263543,
    "precision": 0.876770538243626,
    "recall": 0.9378787878787879,
    "inference_time": 0.17813944816589355,
    "training_time": 0,
    "dataset": "adult",
    "model": "mlp/simple",
    "fold": "F2",
    "architecture_name": "A0",
    "fs_method": "f_classif",
    "fs_percent": 0.9,
    "fs_n_features": 12
}