{
    "balanced_accuracy": 0.5489247783405702,
    "accuracy": 0.6099378881987577
}