{
    "valid_loss": {
        "balanced_accuracy": 0.9424261111461212,
        "accuracy": 0.9593761334784185,
        "log_loss": 0.10873526063610237,
        "roc_auc": 0.9424261111461212,
        "f1": 0.9718168092601912,
        "precision": 0.9616533864541833,
        "recall": 0.9821973550356052
    }
}