{
    "balanced_accuracy": 0.52470797977868,
    "accuracy": 0.6679389312977099
}