{
    "balanced_accuracy": 0.5049413218035824,
    "accuracy": 0.12308533916849015
}