{
    "balanced_accuracy": 0.9292776316834153,
    "accuracy": 0.9514052583862194,
    "log_loss": 0.1403492802617036,
    "roc_auc": 0.9292776316834153,
    "f1": 0.9664412722263962,
    "precision": 0.9521342215642734,
    "recall": 0.9811848461734045,
    "inference_time": 0.12916040420532227,
    "training_time": 0,
    "dataset": "nomao",
    "model": "mlp/simple",
    "fold": "F0",
    "architecture_name": "A0",
    "fs_method": "random_1",
    "fs_percent": 0.7,
    "fs_n_features": 82
}