{
    "balanced_accuracy": 0.9484702093397746,
    "accuracy": 0.9512195121951219
}