{
    "balanced_accuracy": 0.6324249520970833,
    "accuracy": 0.644927536231884,
    "log_loss": 2.465577341521408,
    "roc_auc": 0.6324249520970833,
    "f1": 0.5663716814159292,
    "precision": 0.6153846153846154,
    "recall": 0.5245901639344263,
    "inference_time": 0.0034627914428710938,
    "training_time": 0,
    "dataset": "australian",
    "model": "mlp/simple_nd",
    "architecture_name": "A0",
    "fs_method": "random_5",
    "fs_percent": 0.6,
    "fs_n_features": 8
}