{
    "valid_loss": {
        "balanced_accuracy": 0.7932318572150194,
        "accuracy": 0.8562835935500384,
        "log_loss": 0.3079485238325072,
        "roc_auc": 0.7932318572150192,
        "f1": 0.906299541093033,
        "precision": 0.8982798544492226,
        "recall": 0.9144637144300387
    }
}