{
    "balanced_accuracy": 0.9677932088541532,
    "accuracy": 0.9836932569413839
}