{
    "balanced_accuracy": 0.753748262894988,
    "accuracy": 0.8492449449705657,
    "log_loss": 0.33449492245759854,
    "roc_auc": 0.753748262894988,
    "f1": 0.904320987654321,
    "precision": 0.8735289502589048,
    "recall": 0.9373631924566426,
    "inference_time": 0.18361306190490723,
    "training_time": 0,
    "dataset": "adult",
    "model": "mlp/simple_nd_nn",
    "fold": "F3",
    "architecture_name": "A1",
    "fs_method": "random_3",
    "fs_percent": 0.9,
    "fs_n_features": 12
}