{
    "valid_loss": {
        "balanced_accuracy": 0.7700721333557838,
        "accuracy": 0.8527002815459431,
        "log_loss": 0.32912806366720443,
        "roc_auc": 0.7700721333557837,
        "f1": 0.905539597866229,
        "precision": 0.8832853025936599,
        "recall": 0.9289442667115676
    }
}