{
    "balanced_accuracy": 0.7524001132912073,
    "accuracy": 0.753125,
    "log_loss": 1.6051813588653245,
    "roc_auc": 0.7524001132912073,
    "f1": 0.7303754266211604,
    "precision": 0.7955390334572491,
    "recall": 0.6750788643533123,
    "inference_time": 0.015688657760620117,
    "training_time": 0,
    "dataset": "kr-vs-kp",
    "model": "mlp/simple_nd_nn",
    "architecture_name": "A1",
    "fs_method": "random_3",
    "fs_percent": 0.5,
    "fs_n_features": 18
}