{
    "balanced_accuracy": 0.5285688041934061,
    "accuracy": 0.6276703967446592
}