{
    "balanced_accuracy": 0.62936142198815,
    "accuracy": 0.6576576576576577,
    "log_loss": 0.6055593044439224,
    "roc_auc": 0.6293614219881501,
    "f1": 0.5,
    "precision": 0.7037037037037037,
    "recall": 0.3877551020408163,
    "inference_time": 0.0026688575744628906,
    "training_time": 0,
    "dataset": "australian",
    "model": "mlp/simple_nd_nn",
    "fold": "F1",
    "architecture_name": "A0",
    "fs_method": "random_1",
    "fs_percent": 0.5,
    "fs_n_features": 7
}