{
    "balanced_accuracy": 0.7922838843566624,
    "accuracy": 0.7924297924297924,
    "log_loss": 0.42116646719992157,
    "roc_auc": 0.7922838843566624,
    "f1": 0.8009367681498829,
    "precision": 0.7720090293453724,
    "recall": 0.8321167883211679,
    "training_time": 0.22529911994934082,
    "inference_time": 0.0014488697052001953,
    "dataset": "sylvine",
    "model": "xgboost",
    "fold": "F4",
    "architecture_name": "A1",
    "fs_method": "random_2",
    "fs_percent": 0.7,
    "fs_n_features": 14
}