{
    "balanced_accuracy": 0.7586213632057506,
    "accuracy": 0.759375,
    "log_loss": 0.5015666913540502,
    "roc_auc": 0.7586213632057505,
    "f1": 0.7363013698630136,
    "precision": 0.8052434456928839,
    "recall": 0.6782334384858044,
    "training_time": 0.017058610916137695,
    "inference_time": 0.0007061958312988281,
    "dataset": "kr-vs-kp",
    "model": "xgboost",
    "architecture_name": "A0",
    "fs_method": "random_4",
    "fs_percent": 0.4,
    "fs_n_features": 14
}