{
  "dropout": 0.43170260550178213,
  "embedding_size": 64,
  "n_head": 32,
  "n_hid": 64,
  "n_layers": 1,
  "numerical_passthrough": false,
  "optimizer__lr": 2.2502713507887755e-05
}