{
    "balanced_accuracy": 0.6111111487890225,
    "accuracy": 0.6688389641570914
}