{
    "balanced_accuracy": 0.8773837403813984,
    "accuracy": 0.8818181818181818,
    "log_loss": 0.3649616298292622,
    "roc_auc": 0.8773837403813985,
    "f1": 0.8631578947368421,
    "precision": 0.8913043478260869,
    "recall": 0.8367346938775511,
    "training_time": 0.027353763580322266,
    "inference_time": 0.0005998611450195312,
    "dataset": "australian",
    "model": "xgboost",
    "fold": "F4",
    "architecture_name": "A0",
    "fs_method": "random_2",
    "fs_percent": 0.9,
    "fs_n_features": 12
}