{
    "balanced_accuracy": 0.7619499841722064,
    "accuracy": 0.7651991614255765,
    "log_loss": 0.49132138726714825,
    "roc_auc": 0.7619499841722064,
    "f1": 0.8021201413427562,
    "precision": 0.7027863777089783,
    "recall": 0.934156378600823,
    "inference_time": 0.060375213623046875,
    "training_time": 61.831421852111816
}