{
    "balanced_accuracy": 0.8444262295081967,
    "accuracy": 0.8468468468468469,
    "log_loss": 0.3540708701144523,
    "roc_auc": 0.8444262295081966,
    "f1": 0.8282828282828283,
    "precision": 0.8367346938775511,
    "recall": 0.82,
    "training_time": 0.03792691230773926,
    "inference_time": 0.0005929470062255859,
    "dataset": "australian",
    "model": "xgboost",
    "fold": "F0",
    "architecture_name": "A2",
    "fs_method": "random_4",
    "fs_percent": 0.8,
    "fs_n_features": 11
}