{
    "balanced_accuracy": 0.7923818181818182,
    "accuracy": 0.8586052463211772,
    "log_loss": 0.30241923245505886,
    "roc_auc": 0.7923818181818182,
    "f1": 0.9081539356661956,
    "precision": 0.8968970612378919,
    "recall": 0.9196969696969697,
    "inference_time": 0.7922153472900391,
    "training_time": 367.4064381917318
}