{
    "valid_loss": {
        "balanced_accuracy": 0.7932405218457228,
        "accuracy": 0.7949790794979079,
        "log_loss": 0.42258167548009606,
        "roc_auc": 0.7932405218457228,
        "f1": 0.8164794007490637,
        "precision": 0.7491408934707904,
        "recall": 0.897119341563786
    }
}