{
    "balanced_accuracy": 0.5486945193011261,
    "accuracy": 0.5487804878048781,
    "log_loss": 0.6858098087129575,
    "roc_auc": 0.5486945193011261,
    "f1": 0.5647058823529412,
    "precision": 0.5466970387243736,
    "recall": 0.583941605839416,
    "training_time": 0.16353130340576172,
    "inference_time": 0.000576019287109375,
    "dataset": "sylvine",
    "model": "xgboost",
    "fold": "F3",
    "architecture_name": "A3",
    "fs_method": "random_3",
    "fs_percent": 0.4,
    "fs_n_features": 8
}