{
    "valid_loss": {
        "balanced_accuracy": 0.7840148148148147,
        "accuracy": 0.8597568777991043,
        "log_loss": 0.3038458996169048,
        "roc_auc": 0.7840148148148148,
        "f1": 0.9097199341021417,
        "precision": 0.8906451612903226,
        "recall": 0.9296296296296296
    }
}