{
    "balanced_accuracy": 0.3629016765196015,
    "accuracy": 0.45962732919254656
}