{
    "balanced_accuracy": 0.8383838383838383,
    "accuracy": 0.8541666666666666
}