{
    "valid_loss": {
        "balanced_accuracy": 0.5253466860469975,
        "accuracy": 0.7731821972856168,
        "log_loss": 0.6725720183389244
    }
}