{
    "valid_loss": {
        "balanced_accuracy": 0.9339068151532457,
        "accuracy": 0.9341463414634147,
        "log_loss": 0.1762442609197904,
        "roc_auc": 0.9339068151532457,
        "f1": 0.9375,
        "precision": 0.8960176991150443,
        "recall": 0.9830097087378641
    }
}