{
    "balanced_accuracy": 0.43110566883682055,
    "accuracy": 0.514621646065722
}