{
    "balanced_accuracy": 0.9046153846153846,
    "accuracy": 0.9056603773584906
}