{
    "balanced_accuracy": 0.7232142857142857,
    "accuracy": 0.7333333333333333
}