{
    "balanced_accuracy": 0.5652585358467711,
    "accuracy": 0.2875722543352601
}