{
    "balanced_accuracy": 0.38353597041040216,
    "accuracy": 0.5242689176967139
}