{
    "balanced_accuracy": 0.9498262897391967,
    "accuracy": 0.95,
    "log_loss": 0.1566082420585567,
    "roc_auc": 0.9498262897391967,
    "f1": 0.9519343493552169,
    "precision": 0.9206349206349206,
    "recall": 0.9854368932038835,
    "inference_time": 0.10330963134765625,
    "training_time": 51.5655393600464,
    "dataset": "sylvine",
    "model": "transformer/cls",
    "fold": "F1",
    "architecture_name": "A26",
    "fs_method": "f_classif",
    "fs_percent": 0.6,
    "fs_n_features": 12
}