{
    "balanced_accuracy": 0.7250789711191337,
    "accuracy": 0.7102177554438861,
    "log_loss": 1.061489001431349,
    "roc_auc": 0.7250789711191337,
    "f1": 0.7489114658925979,
    "precision": 0.6262135922330098,
    "recall": 0.9314079422382672,
    "inference_time": 0.012851715087890625,
    "training_time": 0,
    "dataset": "jasmine",
    "model": "mlp/simple_nd",
    "architecture_name": "A0",
    "fs_method": "f_classif",
    "fs_percent": 0.5,
    "fs_n_features": 72
}