{
    "balanced_accuracy": 0.9578391599108069,
    "accuracy": 0.9662737987307344,
    "log_loss": 0.08690356518015124,
    "roc_auc": 0.9578391599108069,
    "f1": 0.9763839512442865,
    "precision": 0.9751458280497084,
    "recall": 0.9776252224764811,
    "training_time": 0.5784528255462646,
    "inference_time": 0.0037283897399902344,
    "dataset": "nomao",
    "model": "xgboost",
    "fold": "F0",
    "architecture_name": "A0",
    "fs_method": "random_2",
    "fs_percent": 0.9,
    "fs_n_features": 106
}