{
    "valid_loss": {
        "balanced_accuracy": 0.5692994382998701,
        "accuracy": 0.6578778135048231,
        "log_loss": 0.9892853042559754
    }
}