{
    "balanced_accuracy": 0.7969257671480144,
    "accuracy": 0.7906197654941374,
    "log_loss": 0.5323880322843488,
    "roc_auc": 0.7969257671480146,
    "f1": 0.7967479674796748,
    "precision": 0.7248520710059172,
    "recall": 0.8844765342960289,
    "inference_time": 0.014742612838745117,
    "training_time": 0,
    "dataset": "jasmine",
    "model": "mlp/simple_nnw",
    "architecture_name": "A1",
    "fs_method": "linear_model",
    "fs_percent": 0.8,
    "fs_n_features": 115
}