{
    "balanced_accuracy": 0.9979338842975207,
    "accuracy": 0.998046875,
    "log_loss": 0.0061875710940768255,
    "roc_auc": 0.9979338842975207,
    "f1": 0.9979296066252588,
    "precision": 1.0,
    "recall": 0.9958677685950413,
    "inference_time": 0.4179706573486328,
    "training_time": 48.108043946952456,
    "dataset": "kr-vs-kp",
    "model": "transformer/cls",
    "fold": "F0",
    "architecture_name": "A0",
    "fs_method": "none",
    "fs_percent": 1.0,
    "fs_n_features": 36
}