{
    "balanced_accuracy": 0.133055705721099,
    "accuracy": 0.3400460997209754
}