{
    "balanced_accuracy": 0.7485234899328859,
    "accuracy": 0.7491638795986622
}