{
    "balanced_accuracy": 0.9502914327316517,
    "accuracy": 0.961733768589046,
    "log_loss": 0.10730044519495208,
    "roc_auc": 0.9502914327316516,
    "f1": 0.9732809927820691,
    "precision": 0.9694752774974773,
    "recall": 0.977116704805492,
    "inference_time": 0.8422811031341553,
    "training_time": 415.6724113102617,
    "dataset": "nomao",
    "model": "transformer/cls",
    "fold": "F3",
    "architecture_name": "A28",
    "fs_method": "random_5",
    "fs_percent": 0.9,
    "fs_n_features": 106
}