{
    "balanced_accuracy": 0.6683388037035223,
    "accuracy": 0.5615462868769074
}