{
    "balanced_accuracy": 0.7933806146572104,
    "accuracy": 0.7949790794979079,
    "log_loss": 0.41442092092388216,
    "roc_auc": 0.7933806146572103,
    "f1": 0.8150943396226416,
    "precision": 0.7526132404181185,
    "recall": 0.8888888888888888,
    "inference_time": 0.012256145477294922,
    "training_time": 0,
    "dataset": "jasmine",
    "model": "mlp/simple_nnw",
    "fold": "F0",
    "architecture_name": "A1",
    "fs_method": "random_1",
    "fs_percent": 0.9,
    "fs_n_features": 129
}