{
    "balanced_accuracy": 0.8224767358625626,
    "accuracy": 0.8238341968911918
}