{
    "balanced_accuracy": 0.4881578947368421,
    "accuracy": 0.6666666666666666
}