{
    "valid_loss": {
        "balanced_accuracy": 0.785074074074074,
        "accuracy": 0.8438899552143314,
        "log_loss": 0.3341879961187149,
        "roc_auc": 0.785074074074074,
        "f1": 0.8973927670311186,
        "precision": 0.8966386554621849,
        "recall": 0.8981481481481481
    }
}