{
  "dropout": 0.006750242023038866,
  "embedding_size": 512,
  "n_head": 2,
  "n_hid": 128,
  "n_layers": 3,
  "numerical_passthrough": true,
  "optimizer__lr": 4.6701286866549035e-05
}