{
    "valid_loss": {
        "balanced_accuracy": 0.33466436104609193,
        "accuracy": 0.6204412768215938,
        "log_loss": 1.103085900322046
    }
}