{
    "balanced_accuracy": 0.683892432474998,
    "accuracy": 0.6896551724137931
}