{
    "balanced_accuracy": 0.8985970938715953,
    "accuracy": 0.898635477582846
}