{
    "balanced_accuracy": 0.8385747741719638,
    "accuracy": 0.8454545454545455,
    "log_loss": 0.385647187065203,
    "roc_auc": 0.8385747741719639,
    "f1": 0.8172043010752689,
    "precision": 0.8636363636363636,
    "recall": 0.7755102040816326,
    "inference_time": 0.0033850669860839844,
    "training_time": 0,
    "dataset": "australian",
    "model": "mlp/simple_nd",
    "fold": "F4",
    "architecture_name": "A0",
    "fs_method": "random_3",
    "fs_percent": 0.9,
    "fs_n_features": 12
}