{
    "balanced_accuracy": 0.8945795586510483,
    "accuracy": 0.9100471527022126,
    "log_loss": 0.27805939132734847,
    "roc_auc": 0.8945795586510483,
    "f1": 0.9365566641084676,
    "precision": 0.9423423423423424,
    "recall": 0.9308415967454869,
    "inference_time": 0.5452251434326172,
    "training_time": 419.0826721191406
}