{
    "valid_loss": {
        "balanced_accuracy": 0.5145013547559052,
        "accuracy": 0.7596769913181939,
        "log_loss": 0.7086765432680663
    }
}