{
    "valid_loss": {
        "balanced_accuracy": 0.9328223249394703,
        "accuracy": 0.9329268292682927,
        "log_loss": 0.19953326128185622,
        "roc_auc": 0.9328223249394703,
        "f1": 0.9358226371061844,
        "precision": 0.899103139013453,
        "recall": 0.975669099756691
    }
}