{
    "balanced_accuracy": 0.9771349862258953,
    "accuracy": 0.9765625,
    "log_loss": 0.2720836047272658,
    "roc_auc": 0.9771349862258952,
    "f1": 0.9755102040816327,
    "precision": 0.9637096774193549,
    "recall": 0.987603305785124,
    "inference_time": 0.0631105899810791,
    "training_time": 94.40539535638449,
    "dataset": "kr-vs-kp",
    "model": "transformer/cls",
    "fold": "F0",
    "architecture_name": "A30",
    "fs_method": "f_classif",
    "fs_percent": 0.8,
    "fs_n_features": 28
}