{
    "balanced_accuracy": 0.955590033487972,
    "accuracy": 0.9549902152641878,
    "log_loss": 0.2243038756553908,
    "roc_auc": 0.9555900334879721,
    "f1": 0.9531568228105907,
    "precision": 0.9397590361445783,
    "recall": 0.9669421487603306,
    "inference_time": 0.05895566940307617,
    "training_time": 93.5032592941733
}