{
    "balanced_accuracy": 0.9498175182481752,
    "accuracy": 0.9499389499389499,
    "log_loss": 0.15415480135125348,
    "roc_auc": 0.9498175182481753,
    "f1": 0.9517078916372202,
    "precision": 0.9223744292237442,
    "recall": 0.9829683698296837,
    "inference_time": 0.10764813423156738,
    "training_time": 46.25260567665101,
    "dataset": "sylvine",
    "model": "transformer/cls",
    "fold": "F4",
    "architecture_name": "A18",
    "fs_method": "none",
    "fs_percent": 1.0,
    "fs_n_features": 20
}