{
    "balanced_accuracy": 0.3980089320680561,
    "accuracy": 0.6416040100250626
}