{
    "balanced_accuracy": 0.5720641359219303,
    "accuracy": 0.6954198473282442
}