{
    "valid_loss": {
        "balanced_accuracy": 0.3311465629526536,
        "accuracy": 0.6123516700155438,
        "log_loss": 1.1126535576026892
    }
}