{
    "balanced_accuracy": 0.7947815427720866,
    "accuracy": 0.7949790794979079,
    "log_loss": 0.4493988919341746,
    "roc_auc": 0.7947815427720866,
    "f1": 0.8,
    "precision": 0.7935222672064778,
    "recall": 0.8065843621399177,
    "inference_time": 0.10687661170959473,
    "training_time": 72.14371197873892
}