{
    "balanced_accuracy": 0.732519237203078,
    "accuracy": 0.7545454545454545,
    "log_loss": 0.5212429842561016,
    "roc_auc": 0.7325192372030781,
    "f1": 0.6582278481012658,
    "precision": 0.8666666666666667,
    "recall": 0.5306122448979592,
    "training_time": 0.02813100814819336,
    "inference_time": 0.0005180835723876953,
    "dataset": "australian",
    "model": "xgboost",
    "fold": "F2",
    "architecture_name": "A3",
    "fs_method": "linear_model",
    "fs_percent": 0.5,
    "fs_n_features": 7
}