{
    "balanced_accuracy": 0.47592178155082737,
    "accuracy": 0.5838509316770186
}