{
    "valid_loss": {
        "balanced_accuracy": 0.9361725944976589,
        "accuracy": 0.956119673617407,
        "log_loss": 0.12033258791528524,
        "roc_auc": 0.9361725944976588,
        "f1": 0.9696513669425634,
        "precision": 0.9566938876515714,
        "recall": 0.9829646580218663
    }
}