{
    "balanced_accuracy": 0.5257306397306397,
    "accuracy": 0.7617402431222009,
    "log_loss": 0.5360829669881243,
    "roc_auc": 0.5257306397306397,
    "f1": 0.8620536375759372,
    "precision": 0.7697803651759725,
    "recall": 0.9794612794612795,
    "inference_time": 0.15090537071228027,
    "training_time": 0,
    "dataset": "adult",
    "model": "mlp/simple_nd_nnw",
    "fold": "F0",
    "architecture_name": "A0",
    "fs_method": "random_3",
    "fs_percent": 0.4,
    "fs_n_features": 5
}