{
    "balanced_accuracy": 0.7814927550705821,
    "accuracy": 0.8353282553500181,
    "log_loss": 0.46898870988623265,
    "roc_auc": 0.7814927550705821,
    "f1": 0.8871769383697813,
    "precision": 0.8675577156743621,
    "recall": 0.9077040427154843,
    "inference_time": 0.3902592658996582,
    "training_time": 428.58462623755133
}