{
    "balanced_accuracy": 0.559427022841657,
    "accuracy": 0.5724137931034483
}