{
    "balanced_accuracy": 0.7842395587076438,
    "accuracy": 0.7866108786610879,
    "log_loss": 0.46028753692494645,
    "roc_auc": 0.7842395587076438,
    "f1": 0.8152173913043478,
    "precision": 0.7281553398058253,
    "recall": 0.9259259259259259,
    "inference_time": 0.012255191802978516,
    "training_time": 0,
    "dataset": "jasmine",
    "model": "mlp/simple_nd_nnw",
    "fold": "F0",
    "architecture_name": "A1",
    "fs_method": "linear_model",
    "fs_percent": 0.7,
    "fs_n_features": 100
}