{
    "balanced_accuracy": 0.9616829040122237,
    "accuracy": 0.9693507435618426,
    "log_loss": 0.08151334493228421,
    "roc_auc": 0.9616829040122237,
    "f1": 0.9785396825396825,
    "precision": 0.9774226281075596,
    "recall": 0.9796592931604373,
    "training_time": 1.3300151824951172,
    "inference_time": 0.00831747055053711
}