{
    "balanced_accuracy": 0.941373833276819,
    "accuracy": 0.9414634146341463,
    "log_loss": 0.16326289110960843,
    "roc_auc": 0.941373833276819,
    "f1": 0.9436619718309859,
    "precision": 0.9115646258503401,
    "recall": 0.9781021897810219,
    "training_time": 0.12336301803588867,
    "inference_time": 0.0012240409851074219
}