{
    "balanced_accuracy": 0.8098415200070046,
    "accuracy": 0.8117154811715481,
    "log_loss": 0.3885319851718772,
    "roc_auc": 0.8098415200070046,
    "f1": 0.8327137546468402,
    "precision": 0.7593220338983051,
    "recall": 0.9218106995884774,
    "training_time": 0.060578346252441406,
    "inference_time": 0.0007085800170898438,
    "dataset": "jasmine",
    "model": "xgboost",
    "fold": "F0",
    "architecture_name": "A0",
    "fs_method": "random_4",
    "fs_percent": 0.6,
    "fs_n_features": 86
}