{
    "valid_loss": {
        "balanced_accuracy": 0.5647588696781438,
        "accuracy": 0.6608788853161843,
        "log_loss": 0.9847735046749204
    }
}