{
  "dropout": 0.18808534692273915,
  "embedding_size": 32,
  "n_head": 32,
  "n_hid": 128,
  "n_layers": 1,
  "optimizer__lr": 0.039257315672959474
}