{
    "balanced_accuracy": 0.39116224783708187,
    "accuracy": 0.5315043714199578
}