{
    "balanced_accuracy": 0.1680515716531436,
    "accuracy": 0.43067961165048546
}