{
    "valid_loss": {
        "balanced_accuracy": 0.9396815540763191,
        "accuracy": 0.9584693507435619,
        "log_loss": 0.10437899512927598,
        "roc_auc": 0.9396815540763191,
        "f1": 0.9712564327852391,
        "precision": 0.9590976698066436,
        "recall": 0.9837274345283499
    }
}