{
    "balanced_accuracy": 0.4215987449243263,
    "accuracy": 0.6190476190476191
}