{
    "balanced_accuracy": 0.8409859031608441,
    "accuracy": 0.8430962343096234,
    "log_loss": 0.3782262563022572,
    "roc_auc": 0.840985903160844,
    "f1": 0.8623853211009175,
    "precision": 0.7781456953642384,
    "recall": 0.9670781893004116,
    "inference_time": 0.0856783390045166,
    "training_time": 33.21392076356071,
    "dataset": "jasmine",
    "model": "transformer/cls",
    "fold": "F0",
    "architecture_name": "A24",
    "fs_method": "random_3",
    "fs_percent": 0.9,
    "fs_n_features": 129
}