{
    "balanced_accuracy": 0.39165811965811964,
    "accuracy": 0.6206030150753769
}