{
    "balanced_accuracy": 0.5222047138047138,
    "accuracy": 0.7677543186180422,
    "log_loss": 0.4595234455087109,
    "roc_auc": 0.5222047138047139,
    "f1": 0.8668085418654142,
    "precision": 0.7683101339924548,
    "recall": 0.9942760942760943,
    "inference_time": 0.17205595970153809,
    "training_time": 0,
    "dataset": "adult",
    "model": "mlp/simple",
    "fold": "F2",
    "architecture_name": "A0",
    "fs_method": "random_1",
    "fs_percent": 0.4,
    "fs_n_features": 5
}