{
    "balanced_accuracy": 0.7884615384615385,
    "accuracy": 0.782608695652174
}