{
    "balanced_accuracy": 0.8333929849677881,
    "accuracy": 0.8238341968911918
}