{
    "balanced_accuracy": 0.6470402025957582,
    "accuracy": 0.6436058700209644,
    "log_loss": 0.71289284210828,
    "roc_auc": 0.6470402025957581,
    "f1": 0.5707070707070707,
    "precision": 0.738562091503268,
    "recall": 0.46502057613168724,
    "inference_time": 0.05861473083496094,
    "training_time": 61.831421852111816
}