{
    "balanced_accuracy": 0.9723599632690542,
    "accuracy": 0.97265625,
    "log_loss": 0.07402985187826469,
    "roc_auc": 0.9723599632690542,
    "f1": 0.970954356846473,
    "precision": 0.975,
    "recall": 0.9669421487603306,
    "training_time": 7.511840581893921,
    "inference_time": 0.012937784194946289,
    "dataset": "kr-vs-kp",
    "model": "mlp/full_nd_nnw",
    "fold": "F0",
    "architecture_name": "A1",
    "fs_method": "none",
    "fs_percent": 1.0,
    "fs_n_features": 36
}