{
    "balanced_accuracy": 0.8118991331757289,
    "accuracy": 0.8138075313807531,
    "log_loss": 0.4001859330982311,
    "roc_auc": 0.811899133175729,
    "f1": 0.8348794063079777,
    "precision": 0.7601351351351351,
    "recall": 0.9259259259259259,
    "training_time": 0.06691145896911621,
    "inference_time": 0.0006847381591796875,
    "dataset": "jasmine",
    "model": "xgboost",
    "fold": "F1",
    "architecture_name": "A0",
    "fs_method": "decision_tree",
    "fs_percent": 0.9,
    "fs_n_features": 129
}