{
    "balanced_accuracy": 0.8276972624798711,
    "accuracy": 0.8292682926829268
}