{
    "balanced_accuracy": 0.7916666666666666,
    "accuracy": 0.8666666666666667
}