{
    "balanced_accuracy": 0.8165747307591279,
    "accuracy": 0.8179916317991632,
    "log_loss": 0.39526012794205423,
    "roc_auc": 0.8165747307591279,
    "f1": 0.8342857142857143,
    "precision": 0.776595744680851,
    "recall": 0.9012345679012346,
    "training_time": 0.10059404373168945,
    "inference_time": 0.0008447170257568359,
    "dataset": "jasmine",
    "model": "xgboost",
    "fold": "F0",
    "architecture_name": "A1",
    "fs_method": "random_5",
    "fs_percent": 0.8,
    "fs_n_features": 115
}