{
    "balanced_accuracy": 0.7871377287452938,
    "accuracy": 0.7887029288702929,
    "log_loss": 0.4867357450389827,
    "roc_auc": 0.7871377287452938,
    "f1": 0.8090737240075614,
    "precision": 0.7482517482517482,
    "recall": 0.8806584362139918,
    "inference_time": 0.011340618133544922,
    "training_time": 0,
    "dataset": "jasmine",
    "model": "mlp/simple_nd_nnw",
    "fold": "F0",
    "architecture_name": "A1",
    "fs_method": "linear_model",
    "fs_percent": 0.4,
    "fs_n_features": 57
}