{
    "valid_loss": {
        "balanced_accuracy": 0.7863037037037037,
        "accuracy": 0.8579654510556622,
        "log_loss": 0.30336080261260884,
        "roc_auc": 0.7863037037037037,
        "f1": 0.9081733951025811,
        "precision": 0.8928106701366298,
        "recall": 0.924074074074074
    }
}