{
    "balanced_accuracy": 0.5942275042444821,
    "accuracy": 0.6086956521739131
}