{
    "balanced_accuracy": 0.9229998568770574,
    "accuracy": 0.9230769230769231,
    "log_loss": 0.237384085170716,
    "roc_auc": 0.9229998568770573,
    "f1": 0.9249106078665077,
    "precision": 0.9065420560747663,
    "recall": 0.9440389294403893,
    "inference_time": 0.019217967987060547,
    "training_time": 0,
    "dataset": "sylvine",
    "model": "mlp/simple_nd_nnw",
    "fold": "F4",
    "architecture_name": "A1",
    "fs_method": "random_4",
    "fs_percent": 0.9,
    "fs_n_features": 18
}