{
    "valid_loss": {
        "balanced_accuracy": 0.936495755477427,
        "accuracy": 0.9365853658536586,
        "log_loss": 0.20110178711605406,
        "roc_auc": 0.936495755477427,
        "f1": 0.9389671361502347,
        "precision": 0.9070294784580499,
        "recall": 0.9732360097323601
    }
}