{
    "valid_loss": {
        "balanced_accuracy": 0.7865622032288699,
        "accuracy": 0.7882599580712788,
        "log_loss": 0.43912143238814016,
        "roc_auc": 0.7865622032288698,
        "f1": 0.8083491461100569,
        "precision": 0.75,
        "recall": 0.8765432098765432
    }
}