{
    "balanced_accuracy": 0.5060318250122428,
    "accuracy": 0.5826086956521739
}