{
    "balanced_accuracy": 0.8568082970893276,
    "accuracy": 0.8545454545454545,
    "log_loss": 0.40986779081680175,
    "roc_auc": 0.8568082970893275,
    "f1": 0.8431372549019608,
    "precision": 0.8113207547169812,
    "recall": 0.8775510204081632,
    "training_time": 1.0087780952453613,
    "inference_time": 0.0028765201568603516,
    "dataset": "australian",
    "model": "mlp/full",
    "fold": "F4",
    "architecture_name": "A0",
    "fs_method": "linear_model",
    "fs_percent": 0.9,
    "fs_n_features": 12
}