{
    "valid_loss": {
        "balanced_accuracy": 0.7962171573282684,
        "accuracy": 0.7987421383647799,
        "log_loss": 0.42822000490761325,
        "roc_auc": 0.7962171573282684,
        "f1": 0.8248175182481752,
        "precision": 0.740983606557377,
        "recall": 0.9300411522633745
    }
}