{
    "valid_loss": {
        "balanced_accuracy": 0.7876153336700904,
        "accuracy": 0.8638341438443818,
        "log_loss": 0.3000988774935603,
        "roc_auc": 0.7876153336700904,
        "f1": 0.9125,
        "precision": 0.891818035685581,
        "recall": 0.934164000673514
    }
}