{
    "balanced_accuracy": 0.9145012373881591,
    "accuracy": 0.9146341463414634,
    "log_loss": 0.2253280957945594,
    "roc_auc": 0.914501237388159,
    "f1": 0.91725768321513,
    "precision": 0.8940092165898618,
    "recall": 0.941747572815534,
    "inference_time": 0.0192716121673584,
    "training_time": 0,
    "dataset": "sylvine",
    "model": "mlp/simple_nd_nnw",
    "fold": "F1",
    "architecture_name": "A1",
    "fs_method": "random_5",
    "fs_percent": 0.5,
    "fs_n_features": 10
}