{
    "valid_loss": {
        "balanced_accuracy": 0.7991331757289204,
        "accuracy": 0.801255230125523,
        "log_loss": 0.402779796460442,
        "roc_auc": 0.7991331757289206,
        "f1": 0.8256880733944955,
        "precision": 0.7450331125827815,
        "recall": 0.9259259259259259
    }
}