{
    "valid_loss": {
        "balanced_accuracy": 0.9448669415461068,
        "accuracy": 0.9571998549147624,
        "log_loss": 0.1127680229999023,
        "roc_auc": 0.9448669415461068,
        "f1": 0.9701038763617937,
        "precision": 0.9664310954063604,
        "recall": 0.9738046795523907
    }
}