{
    "balanced_accuracy": 0.9523248619836284,
    "accuracy": 0.9524390243902439,
    "log_loss": 0.1321263344441525,
    "roc_auc": 0.9523248619836284,
    "f1": 0.9537366548042705,
    "precision": 0.9327146171693735,
    "recall": 0.9757281553398058,
    "training_time": 0.11417889595031738,
    "inference_time": 0.0011513233184814453,
    "dataset": "sylvine",
    "model": "xgboost",
    "fold": "F1",
    "architecture_name": "A3",
    "fs_method": "decision_tree",
    "fs_percent": 0.4,
    "fs_n_features": 8
}