{
    "balanced_accuracy": 0.6694503672115613,
    "accuracy": 0.7098445595854922
}