{
    "balanced_accuracy": 0.864323718125967,
    "accuracy": 0.8813928182807399,
    "log_loss": 0.29649914719260967,
    "roc_auc": 0.864323718125967,
    "f1": 0.9157867628122586,
    "precision": 0.927490871152843,
    "recall": 0.9043743641912513,
    "inference_time": 0.13256239891052246,
    "training_time": 0,
    "dataset": "nomao",
    "model": "mlp/simple_nd_nn",
    "fold": "F4",
    "architecture_name": "A1",
    "fs_method": "decision_tree",
    "fs_percent": 0.5,
    "fs_n_features": 59
}