{
    "balanced_accuracy": 0.8052389996834441,
    "accuracy": 0.8071278825995807,
    "log_loss": 0.40740641717673426,
    "roc_auc": 0.8052389996834441,
    "f1": 0.8270676691729323,
    "precision": 0.7612456747404844,
    "recall": 0.9053497942386831,
    "training_time": 0.07938432693481445,
    "inference_time": 0.0008726119995117188,
    "dataset": "jasmine",
    "model": "xgboost",
    "fold": "F2",
    "architecture_name": "A1",
    "fs_method": "f_classif",
    "fs_percent": 0.6,
    "fs_n_features": 86
}