{
    "balanced_accuracy": 0.9902915604166027,
    "accuracy": 0.9902152641878669,
    "log_loss": 0.02742357589284967,
    "roc_auc": 0.9902915604166027,
    "f1": 0.9896907216494846,
    "precision": 0.9876543209876543,
    "recall": 0.9917355371900827,
    "training_time": 11.751163959503174,
    "inference_time": 0.02624654769897461,
    "dataset": "kr-vs-kp",
    "model": "mlp/full",
    "fold": "F2",
    "architecture_name": "A1",
    "fs_method": "decision_tree",
    "fs_percent": 0.7,
    "fs_n_features": 25
}