{
    "balanced_accuracy": 0.7868136891418527,
    "accuracy": 0.8296652676834886,
    "log_loss": 0.3838000312253908,
    "roc_auc": 0.7868136891418528,
    "f1": 0.8861209964412812,
    "precision": 0.9048218029350105,
    "recall": 0.8681775512940861,
    "inference_time": 0.5973291397094727,
    "training_time": 0,
    "dataset": "adult",
    "model": "mlp/simple",
    "architecture_name": "A0",
    "fs_method": "random_5",
    "fs_percent": 0.6,
    "fs_n_features": 8
}