{
    "balanced_accuracy": 0.7883823994935106,
    "accuracy": 0.790356394129979,
    "log_loss": 0.4630246716182259,
    "roc_auc": 0.7883823994935106,
    "f1": 0.8127340823970037,
    "precision": 0.7457044673539519,
    "recall": 0.8930041152263375,
    "inference_time": 0.14833855628967285,
    "training_time": 64.69809341430664,
    "dataset": "jasmine",
    "model": "transformer/cls",
    "fold": "F3",
    "architecture_name": "A23",
    "fs_method": "none",
    "fs_percent": 1.0,
    "fs_n_features": 144
}