{
    "balanced_accuracy": 0.9588351212071717,
    "accuracy": 0.9649981864345303,
    "log_loss": 0.08963041804758358,
    "roc_auc": 0.9588351212071717,
    "f1": 0.9754046132279852,
    "precision": 0.9775223499361431,
    "recall": 0.9732960325534079,
    "training_time": 0.4675118923187256,
    "inference_time": 0.004008293151855469,
    "dataset": "nomao",
    "model": "xgboost",
    "fold": "F4",
    "architecture_name": "A0",
    "fs_method": "linear_model",
    "fs_percent": 0.6,
    "fs_n_features": 70
}