{
    "valid_loss": {
        "balanced_accuracy": 0.9436869407957358,
        "accuracy": 0.9439024390243902,
        "log_loss": 0.1569456009703375,
        "roc_auc": 0.9436869407957359,
        "f1": 0.9465116279069767,
        "precision": 0.9084821428571429,
        "recall": 0.9878640776699029
    }
}