{
    "balanced_accuracy": 0.7414529914529915,
    "accuracy": 0.7421383647798742,
    "log_loss": 0.4924516810549361,
    "roc_auc": 0.7414529914529914,
    "f1": 0.7544910179640718,
    "precision": 0.7325581395348837,
    "recall": 0.7777777777777778,
    "inference_time": 0.05126833915710449,
    "training_time": 36.40366001129149,
    "dataset": "jasmine",
    "model": "transformer/cls",
    "fold": "F3",
    "architecture_name": "A24",
    "fs_method": "random_2",
    "fs_percent": 0.5,
    "fs_n_features": 72
}