{
    "valid_loss": {
        "balanced_accuracy": 0.7955061794914968,
        "accuracy": 0.8547478884054261,
        "log_loss": 0.30976078578198185,
        "roc_auc": 0.7955061794914968,
        "f1": 0.9049174834548044,
        "precision": 0.9004668222740914,
        "recall": 0.9094123589829938
    }
}