{
    "valid_loss": {
        "balanced_accuracy": 0.7824989898989899,
        "accuracy": 0.8591170825335892,
        "log_loss": 0.30494422270454347,
        "roc_auc": 0.78249898989899,
        "f1": 0.9093603358854038,
        "precision": 0.889801836636056,
        "recall": 0.9297979797979798
    }
}