{
    "balanced_accuracy": 0.9081955775010735,
    "accuracy": 0.9084249084249084,
    "log_loss": 0.22124509660301162,
    "roc_auc": 0.9081955775010734,
    "f1": 0.9140893470790378,
    "precision": 0.8636363636363636,
    "recall": 0.9708029197080292,
    "inference_time": 0.01790785789489746,
    "training_time": 0,
    "dataset": "sylvine",
    "model": "mlp/simple",
    "fold": "F4",
    "architecture_name": "A0",
    "fs_method": "linear_model",
    "fs_percent": 0.6,
    "fs_n_features": 12
}