{
    "valid_loss": {
        "balanced_accuracy": 0.3338993675027114,
        "accuracy": 0.6229054515126241,
        "log_loss": 1.1040029399980396
    }
}