{
    "valid_loss": {
        "balanced_accuracy": 0.5601967769958669,
        "accuracy": 0.7777230162641695,
        "log_loss": 0.6927607908726471
    }
}