{
    "balanced_accuracy": 0.9038644584047211,
    "accuracy": 0.9036585365853659,
    "log_loss": 0.2700460757609838,
    "roc_auc": 0.9038644584047211,
    "f1": 0.899873257287706,
    "precision": 0.9416445623342176,
    "recall": 0.8616504854368932,
    "inference_time": 0.10792136192321777,
    "training_time": 51.5655393600464,
    "dataset": "sylvine",
    "model": "transformer/cls",
    "fold": "F1",
    "architecture_name": "A26",
    "fs_method": "linear_model",
    "fs_percent": 0.4,
    "fs_n_features": 8
}