{
    "balanced_accuracy": 0.4298329322151227,
    "accuracy": 0.7658252427184467
}