{
    "valid_loss": {
        "balanced_accuracy": 0.9405186848999361,
        "accuracy": 0.9566557852738484,
        "log_loss": 0.11261133499961506,
        "roc_auc": 0.9405186848999361,
        "f1": 0.9698726837262069,
        "precision": 0.9615096225943515,
        "recall": 0.978382502543235
    }
}