{
    "balanced_accuracy": 0.6146185355862775,
    "accuracy": 0.9205202312138728
}