{
    "valid_loss": {
        "balanced_accuracy": 0.768785541898187,
        "accuracy": 0.8329920655234195,
        "log_loss": 0.35488578224254175,
        "roc_auc": 0.768785541898187,
        "f1": 0.890363773838528,
        "precision": 0.8884976525821596,
        "recall": 0.8922377504630409
    }
}