{
    "valid_loss": {
        "balanced_accuracy": 0.5813308604414427,
        "accuracy": 0.6543037838996677,
        "log_loss": 0.9927597626528643
    }
}