{
    "balanced_accuracy": 0.3684080851700836,
    "accuracy": 0.4868804664723032
}