{
    "balanced_accuracy": 0.6706975529367218,
    "accuracy": 0.8209642747466476,
    "log_loss": 0.3856422833558446,
    "roc_auc": 0.6706975529367218,
    "f1": 0.8907353033048041,
    "precision": 0.8338011695906433,
    "recall": 0.9560144830360735,
    "inference_time": 0.18355512619018555,
    "training_time": 0,
    "dataset": "adult",
    "model": "mlp/simple_nnw",
    "architecture_name": "A0",
    "fs_method": "random_4",
    "fs_percent": 0.8,
    "fs_n_features": 11
}