{
    "balanced_accuracy": 0.5234899328859061,
    "accuracy": 0.5234899328859061
}