{
    "balanced_accuracy": 0.5286198554537976,
    "accuracy": 0.5875776397515527
}