{
    "balanced_accuracy": 0.7462279098659512,
    "accuracy": 0.7832789263692419,
    "log_loss": 0.6600968211107351,
    "roc_auc": 0.7462279098659513,
    "f1": 0.8457467406738092,
    "precision": 0.8587155963302753,
    "recall": 0.8331637843336724,
    "inference_time": 0.10442852973937988,
    "training_time": 0,
    "dataset": "nomao",
    "model": "mlp/simple_nd_nnw",
    "fold": "F4",
    "architecture_name": "A0",
    "fs_method": "random_5",
    "fs_percent": 0.5,
    "fs_n_features": 59
}