{
    "balanced_accuracy": 0.7842976430976432,
    "accuracy": 0.8546385156749841,
    "log_loss": 0.31605123450929734,
    "roc_auc": 0.7842976430976432,
    "f1": 0.9058043117744611,
    "precision": 0.892483660130719,
    "recall": 0.9195286195286195,
    "training_time": 83.20645046234131,
    "inference_time": 0.16451454162597656,
    "dataset": "adult",
    "model": "mlp/full",
    "fold": "F0",
    "architecture_name": "A0",
    "fs_method": "f_classif",
    "fs_percent": 0.9,
    "fs_n_features": 12
}