{
    "balanced_accuracy": 0.7210119584837545,
    "accuracy": 0.7035175879396985,
    "log_loss": 1.1538018193276656,
    "roc_auc": 0.7210119584837545,
    "f1": 0.7510548523206751,
    "precision": 0.6152073732718893,
    "recall": 0.9638989169675091,
    "inference_time": 0.012857913970947266,
    "training_time": 0,
    "dataset": "jasmine",
    "model": "mlp/simple_nd",
    "architecture_name": "A0",
    "fs_method": "random_1",
    "fs_percent": 0.4,
    "fs_n_features": 57
}