{
    "balanced_accuracy": 0.6063053488241568,
    "accuracy": 0.7962631174814435,
    "log_loss": 0.43549326780177605,
    "roc_auc": 0.6063053488241568,
    "f1": 0.8787694182150472,
    "precision": 0.8021687751981093,
    "recall": 0.9715440309816468,
    "inference_time": 0.1739795207977295,
    "training_time": 0,
    "dataset": "adult",
    "model": "mlp/simple_nd",
    "fold": "F4",
    "architecture_name": "A0",
    "fs_method": "random_1",
    "fs_percent": 0.4,
    "fs_n_features": 5
}