{
    "balanced_accuracy": 0.8217790440012662,
    "accuracy": 0.8238993710691824,
    "log_loss": 0.3954777056844389,
    "roc_auc": 0.8217790440012661,
    "f1": 0.8438661710037175,
    "precision": 0.7694915254237288,
    "recall": 0.934156378600823,
    "training_time": 0.10649847984313965,
    "inference_time": 0.0008847713470458984
}