{
    "balanced_accuracy": 0.47901540551218413,
    "accuracy": 0.6267175572519084
}