{
    "valid_loss": {
        "balanced_accuracy": 0.5462176062034965,
        "accuracy": 0.7776935324891956,
        "log_loss": 0.7009927138071413
    }
}