{
    "balanced_accuracy": 0.9615810009524102,
    "accuracy": 0.9608610567514677,
    "log_loss": 0.1261248435005942,
    "roc_auc": 0.9615810009524102,
    "f1": 0.959349593495935,
    "precision": 0.944,
    "recall": 0.9752066115702479,
    "inference_time": 0.01233983039855957,
    "training_time": 0,
    "dataset": "kr-vs-kp",
    "model": "mlp/simple_nd_nn",
    "fold": "F3",
    "architecture_name": "A1",
    "fs_method": "random_1",
    "fs_percent": 0.9,
    "fs_n_features": 32
}