{
    "balanced_accuracy": 0.8751058406680012,
    "accuracy": 0.9111352919840406,
    "log_loss": 0.26452784586301265,
    "roc_auc": 0.8751058406680011,
    "f1": 0.9390395620801194,
    "precision": 0.9193666260657735,
    "recall": 0.9595728451563692,
    "inference_time": 0.5759515762329102,
    "training_time": 415.6724113102617,
    "dataset": "nomao",
    "model": "transformer/cls",
    "fold": "F3",
    "architecture_name": "A28",
    "fs_method": "decision_tree",
    "fs_percent": 0.6,
    "fs_n_features": 70
}