{
    "valid_loss": {
        "balanced_accuracy": 0.7889363722697056,
        "accuracy": 0.7924528301886793,
        "log_loss": 0.43359246731034934,
        "roc_auc": 0.7889363722697056,
        "f1": 0.8272251308900523,
        "precision": 0.7181818181818181,
        "recall": 0.9753086419753086
    }
}