{
    "balanced_accuracy": 0.9449497477180189,
    "accuracy": 0.9597461468721669,
    "log_loss": 0.10912655896004737,
    "roc_auc": 0.944949747718019,
    "f1": 0.9719979818365287,
    "precision": 0.9644555694618273,
    "recall": 0.9796592931604373,
    "inference_time": 0.6179373264312744,
    "training_time": 395.60341706871986,
    "dataset": "nomao",
    "model": "transformer/cls",
    "fold": "F0",
    "architecture_name": "A16",
    "fs_method": "none",
    "fs_percent": 1.0,
    "fs_n_features": 118
}