{
    "valid_loss": {
        "balanced_accuracy": 0.9363458975823339,
        "accuracy": 0.9365853658536586,
        "log_loss": 0.17423911688115368,
        "roc_auc": 0.9363458975823339,
        "f1": 0.9398148148148148,
        "precision": 0.8982300884955752,
        "recall": 0.9854368932038835
    }
}