{
    "balanced_accuracy": 0.7046420095516208,
    "accuracy": 0.70625,
    "log_loss": 1.6806126588627528,
    "roc_auc": 0.7046420095516207,
    "f1": 0.6425855513307985,
    "precision": 0.8086124401913876,
    "recall": 0.5331230283911672,
    "inference_time": 0.016262531280517578,
    "training_time": 0,
    "dataset": "kr-vs-kp",
    "model": "mlp/simple",
    "architecture_name": "A0",
    "fs_method": "random_5",
    "fs_percent": 0.4,
    "fs_n_features": 14
}