{
    "balanced_accuracy": 0.32687967581481797,
    "accuracy": 0.43714199577931867
}