{
    "balanced_accuracy": 0.7865909636863669,
    "accuracy": 0.862554389557205,
    "log_loss": 0.30110462960071005,
    "roc_auc": 0.786590963686367,
    "f1": 0.9116194865042792,
    "precision": 0.8915177852889103,
    "recall": 0.9326485940394006,
    "inference_time": 1.0249650478363037,
    "training_time": 374.8436365127563,
    "dataset": "adult",
    "model": "transformer/cls",
    "fold": "F3",
    "architecture_name": "A27",
    "fs_method": "none",
    "fs_percent": 1.0,
    "fs_n_features": 14
}