{
    "valid_loss": {
        "balanced_accuracy": 0.9368735742138468,
        "accuracy": 0.957388939256573,
        "log_loss": 0.12071176712913721,
        "roc_auc": 0.9368735742138466,
        "f1": 0.9705624451960416,
        "precision": 0.9565432098765432,
        "recall": 0.9849987287058225
    }
}