{
    "balanced_accuracy": 0.747986531986532,
    "accuracy": 0.8429942418426104,
    "log_loss": 0.3423526549575549,
    "roc_auc": 0.747986531986532,
    "f1": 0.9001058373361557,
    "precision": 0.8715119028850702,
    "recall": 0.9306397306397306,
    "training_time": 0.2275841236114502,
    "inference_time": 0.0038619041442871094,
    "dataset": "adult",
    "model": "xgboost",
    "fold": "F1",
    "architecture_name": "A0",
    "fs_method": "random_5",
    "fs_percent": 0.5,
    "fs_n_features": 7
}