{
    "valid_loss": {
        "balanced_accuracy": 0.5400782725610124,
        "accuracy": 0.7771543390074687,
        "log_loss": 0.6752056084921741
    }
}