{
    "balanced_accuracy": 0.8999994051124636,
    "accuracy": 0.9,
    "log_loss": 0.24283950341421043,
    "roc_auc": 0.8999994051124636,
    "f1": 0.9002433090024331,
    "precision": 0.9002433090024331,
    "recall": 0.9002433090024331,
    "inference_time": 0.10694742202758789,
    "training_time": 48.70678048663669
}