{
    "balanced_accuracy": 0.6314363143631436,
    "accuracy": 0.6413793103448275
}