{
    "balanced_accuracy": 0.39199184651092955,
    "accuracy": 0.6516290726817042
}