{
    "balanced_accuracy": 0.45677310612093225,
    "accuracy": 0.6967418546365914
}