{
    "balanced_accuracy": 0.6207399083778223,
    "accuracy": 0.7886977886977887
}