{
    "balanced_accuracy": 0.7425237508848952,
    "accuracy": 0.7426829268292683,
    "log_loss": 0.4993841065028645,
    "roc_auc": 0.7425237508848952,
    "f1": 0.7588571428571429,
    "precision": 0.7155172413793104,
    "recall": 0.8077858880778589,
    "training_time": 0.21772480010986328,
    "inference_time": 0.0011570453643798828,
    "dataset": "sylvine",
    "model": "xgboost",
    "fold": "F2",
    "architecture_name": "A2",
    "fs_method": "random_1",
    "fs_percent": 0.6,
    "fs_n_features": 12
}