{
    "balanced_accuracy": 0.5944743377483444,
    "accuracy": 0.7889447236180904
}