{
    "balanced_accuracy": 0.5026714577592475,
    "accuracy": 0.5863354037267081
}