{
    "balanced_accuracy": 0.3691162631768273,
    "accuracy": 0.4683229813664596
}