{
    "valid_loss": {
        "balanced_accuracy": 0.5726010928229825,
        "accuracy": 0.6458355665130239,
        "log_loss": 1.0050029665498814
    }
}