{
    "valid_loss": {
        "balanced_accuracy": 0.7804431273502834,
        "accuracy": 0.8615305861274636,
        "log_loss": 0.29932494903058693,
        "roc_auc": 0.7804431273502835,
        "f1": 0.911340544083907,
        "precision": 0.8876296887470072,
        "recall": 0.9363529213672336
    }
}