{
    "balanced_accuracy": 0.651006711409396,
    "accuracy": 0.6510067114093959
}