{
    "balanced_accuracy": 0.9144620811287478,
    "accuracy": 0.9097222222222222
}