{
    "balanced_accuracy": 0.3718747219348571,
    "accuracy": 0.6491228070175439
}