{
    "valid_loss": {
        "balanced_accuracy": 0.3301005505192223,
        "accuracy": 0.6113048752748502,
        "log_loss": 1.11212009929917
    }
}