{
    "balanced_accuracy": 0.8568082970893276,
    "accuracy": 0.8545454545454545,
    "log_loss": 0.43780907393618534,
    "roc_auc": 0.8568082970893275,
    "f1": 0.8431372549019608,
    "precision": 0.8113207547169812,
    "recall": 0.8775510204081632,
    "inference_time": 0.0181121826171875,
    "training_time": 5.902847051620483,
    "dataset": "australian",
    "model": "transformer/cls",
    "fold": "F4",
    "architecture_name": "A19",
    "fs_method": "random_4",
    "fs_percent": 0.5,
    "fs_n_features": 7
}