{
    "balanced_accuracy": 0.9412816553984101,
    "accuracy": 0.9577439245556765,
    "log_loss": 0.1053455953535368,
    "roc_auc": 0.9412816553984101,
    "f1": 0.9706512155183272,
    "precision": 0.9615672572997255,
    "recall": 0.9799084435401831,
    "training_time": 140.27362179756165,
    "inference_time": 0.13868212699890137,
    "dataset": "nomao",
    "model": "mlp/full",
    "fold": "F4",
    "architecture_name": "A0",
    "fs_method": "linear_model",
    "fs_percent": 0.8,
    "fs_n_features": 94
}