{
    "balanced_accuracy": 0.5599130794701987,
    "accuracy": 0.7688442211055276
}