{
    "valid_loss": {
        "balanced_accuracy": 0.7950080808080808,
        "accuracy": 0.8556621880998081,
        "log_loss": 0.3035750851145335,
        "roc_auc": 0.7950080808080809,
        "f1": 0.9056698444555946,
        "precision": 0.8998005982053838,
        "recall": 0.9116161616161617
    }
}