{
    "valid_loss": {
        "balanced_accuracy": 0.3370147669075619,
        "accuracy": 0.6187208552905941,
        "log_loss": 1.0984219321184996
    }
}