{
    "valid_loss": {
        "balanced_accuracy": 0.3268282810104895,
        "accuracy": 0.6162186753611101,
        "log_loss": 1.106083221234421
    }
}