{
    "balanced_accuracy": 0.758752861952862,
    "accuracy": 0.8446577095329495,
    "log_loss": 0.3309336971200031,
    "roc_auc": 0.758752861952862,
    "f1": 0.9004101722723544,
    "precision": 0.87808,
    "recall": 0.9239057239057239,
    "inference_time": 0.1432201862335205,
    "training_time": 0,
    "dataset": "adult",
    "model": "mlp/simple_nd_nnw",
    "fold": "F0",
    "architecture_name": "A0",
    "fs_method": "random_1",
    "fs_percent": 0.6,
    "fs_n_features": 8
}