{
    "valid_loss": {
        "balanced_accuracy": 0.7879198653198654,
        "accuracy": 0.853486884197057,
        "log_loss": 0.3189546367279917,
        "roc_auc": 0.7879198653198652,
        "f1": 0.9046071815379488,
        "precision": 0.8954313046346694,
        "recall": 0.913973063973064
    }
}