{
    "valid_loss": {
        "balanced_accuracy": 0.5220882532231883,
        "accuracy": 0.7672302676472819,
        "log_loss": 0.6843524619989896
    }
}