{
    "valid_loss": {
        "balanced_accuracy": 0.798720682494247,
        "accuracy": 0.8543639621192731,
        "log_loss": 0.3135778346289236,
        "roc_auc": 0.7987206824942471,
        "f1": 0.9043375924680565,
        "precision": 0.9029712942756422,
        "recall": 0.9057080316551608
    }
}