{
    "valid_loss": {
        "balanced_accuracy": 0.8075737676210489,
        "accuracy": 0.8096234309623431,
        "log_loss": 0.3973095598227479,
        "roc_auc": 0.8075737676210489,
        "f1": 0.8324125230202578,
        "precision": 0.7533333333333333,
        "recall": 0.9300411522633745
    }
}