{
    "balanced_accuracy": 0.8063567113212503,
    "accuracy": 0.8075313807531381,
    "log_loss": 0.41563824449324493,
    "roc_auc": 0.8063567113212504,
    "f1": 0.8223938223938224,
    "precision": 0.7745454545454545,
    "recall": 0.8765432098765432,
    "inference_time": 0.012099027633666992,
    "training_time": 0,
    "dataset": "jasmine",
    "model": "mlp/simple_nd",
    "fold": "F0",
    "architecture_name": "A0",
    "fs_method": "random_2",
    "fs_percent": 0.9,
    "fs_n_features": 129
}