{
    "balanced_accuracy": 0.7979599141016465,
    "accuracy": 0.7772020725388601
}