{
    "balanced_accuracy": 0.9401532457643251,
    "accuracy": 0.9402439024390243,
    "log_loss": 0.1615585211010028,
    "roc_auc": 0.9401532457643254,
    "f1": 0.9415971394517283,
    "precision": 0.9250585480093677,
    "recall": 0.9587378640776699,
    "training_time": 0.11623573303222656,
    "inference_time": 0.0011332035064697266,
    "dataset": "sylvine",
    "model": "xgboost",
    "fold": "F0",
    "architecture_name": "A0",
    "fs_method": "linear_model",
    "fs_percent": 0.9,
    "fs_n_features": 18
}