{
    "balanced_accuracy": 0.6079734186451142,
    "accuracy": 0.8057332992065523,
    "log_loss": 0.39154300444118445,
    "roc_auc": 0.6079734186451142,
    "f1": 0.8854858177429089,
    "precision": 0.8021046877135438,
    "recall": 0.9882135039568951,
    "inference_time": 0.14554595947265625,
    "training_time": 0,
    "dataset": "adult",
    "model": "mlp/simple_nd_nnw",
    "fold": "F4",
    "architecture_name": "A0",
    "fs_method": "f_classif",
    "fs_percent": 0.7,
    "fs_n_features": 9
}