{
    "valid_loss": {
        "balanced_accuracy": 0.9358600747090247,
        "accuracy": 0.956482320942883,
        "log_loss": 0.11637474547522483,
        "roc_auc": 0.9358600747090248,
        "f1": 0.9699323477825107,
        "precision": 0.9560385280316127,
        "recall": 0.9842359521993389
    }
}