{
    "balanced_accuracy": 0.6279692204750753,
    "accuracy": 0.6363636363636364,
    "log_loss": 0.6181739768056671,
    "roc_auc": 0.6279692204750752,
    "f1": 0.574468085106383,
    "precision": 0.6,
    "recall": 0.5510204081632653,
    "inference_time": 0.00398707389831543,
    "training_time": 0,
    "dataset": "australian",
    "model": "mlp/simple",
    "fold": "F4",
    "architecture_name": "A1",
    "fs_method": "random_2",
    "fs_percent": 0.5,
    "fs_n_features": 7
}