{
    "balanced_accuracy": 0.9454890460583061,
    "accuracy": 0.9631760644418872
}