{
    "balanced_accuracy": 0.692515520355923,
    "accuracy": 0.8093970723717883,
    "log_loss": 0.4100315849796261,
    "roc_auc": 0.6925155203559229,
    "f1": 0.8798709677419355,
    "precision": 0.8478179783662813,
    "recall": 0.9144428054177283,
    "inference_time": 0.22831964492797852,
    "training_time": 0,
    "dataset": "adult",
    "model": "mlp/simple_nd_nn",
    "architecture_name": "A1",
    "fs_method": "random_2",
    "fs_percent": 0.7,
    "fs_n_features": 9
}