{
    "balanced_accuracy": 0.6012906578452875,
    "accuracy": 0.6662646970153754
}