{
    "valid_loss": {
        "balanced_accuracy": 0.8212250712250713,
        "accuracy": 0.8238993710691824,
        "log_loss": 0.3963553663707478,
        "roc_auc": 0.8212250712250713,
        "f1": 0.8478260869565217,
        "precision": 0.7572815533980582,
        "recall": 0.9629629629629629
    }
}