{
    "balanced_accuracy": 0.9805831208332054,
    "accuracy": 0.9804305283757339,
    "log_loss": 0.03769575642242566,
    "roc_auc": 0.9805831208332053,
    "f1": 0.9794238683127572,
    "precision": 0.9754098360655737,
    "recall": 0.9834710743801653,
    "training_time": 9.49761962890625,
    "inference_time": 0.013337135314941406,
    "dataset": "kr-vs-kp",
    "model": "mlp/full",
    "fold": "F2",
    "architecture_name": "A1",
    "fs_method": "linear_model",
    "fs_percent": 0.7,
    "fs_n_features": 25
}