{
    "balanced_accuracy": 0.7121029082774049,
    "accuracy": 0.7123745819397993
}