{
    "balanced_accuracy": 0.03260869565217391,
    "accuracy": 0.10112359550561797
}