{
    "balanced_accuracy": 0.8033184484721128,
    "accuracy": 0.805439330543933,
    "log_loss": 0.41702718902817465,
    "roc_auc": 0.8033184484721128,
    "f1": 0.8293577981651377,
    "precision": 0.7483443708609272,
    "recall": 0.9300411522633745,
    "inference_time": 0.011639118194580078,
    "training_time": 0,
    "dataset": "jasmine",
    "model": "mlp/simple_nd",
    "fold": "F0",
    "architecture_name": "A0",
    "fs_method": "random_5",
    "fs_percent": 0.6,
    "fs_n_features": 86
}