{
    "valid_loss": {
        "balanced_accuracy": 0.5699045568832619,
        "accuracy": 0.6521972132904609,
        "log_loss": 1.000123299437241
    }
}