{
    "balanced_accuracy": 0.674000509294627,
    "accuracy": 0.837782340862423
}