{
    "valid_loss": {
        "balanced_accuracy": 0.7941603636975922,
        "accuracy": 0.8477092398259534,
        "log_loss": 0.32353073243052155,
        "roc_auc": 0.7941603636975921,
        "f1": 0.899544149924025,
        "precision": 0.9019807008633824,
        "recall": 0.8971207273951843
    }
}