{
    "balanced_accuracy": 0.7652013468013468,
    "accuracy": 0.8319897632757518,
    "log_loss": 0.35338494607126647,
    "roc_auc": 0.7652013468013468,
    "f1": 0.8899320982479672,
    "precision": 0.8862915344798797,
    "recall": 0.8936026936026936,
    "training_time": 83.62471771240234,
    "inference_time": 0.16599416732788086,
    "dataset": "adult",
    "model": "mlp/full",
    "fold": "F0",
    "architecture_name": "A0",
    "fs_method": "decision_tree",
    "fs_percent": 0.6,
    "fs_n_features": 8
}