{
    "balanced_accuracy": 0.15654093644846914,
    "accuracy": 0.456708526107072
}