{
    "balanced_accuracy": 0.5798951648459315,
    "accuracy": 0.6668362156663276
}