{
    "balanced_accuracy": 0.5306502334077228,
    "accuracy": 0.6862595419847328
}