{
    "balanced_accuracy": 0.7157046979865771,
    "accuracy": 0.7157190635451505
}