{
    "valid_loss": {
        "balanced_accuracy": 0.9391420906356223,
        "accuracy": 0.9579252811026479,
        "log_loss": 0.10398893233072712,
        "roc_auc": 0.9391420906356223,
        "f1": 0.9708689100954294,
        "precision": 0.9588293650793651,
        "recall": 0.9832146490335707
    }
}