{
    "valid_loss": {
        "balanced_accuracy": 0.9347741709024389,
        "accuracy": 0.9541251133272892,
        "log_loss": 0.11714012360265694,
        "roc_auc": 0.9347741709024388,
        "f1": 0.9682280547532337,
        "precision": 0.956575682382134,
        "recall": 0.9801678108314263
    }
}