{
    "valid_loss": {
        "balanced_accuracy": 0.547635010287518,
        "accuracy": 0.7799681552809159,
        "log_loss": 0.6813231202656552
    }
}