{
    "valid_loss": {
        "balanced_accuracy": 0.33708802505806934,
        "accuracy": 0.6180908332701494,
        "log_loss": 1.1097961952027326
    }
}