{
  "aggregator__cell": "LSTM",
  "aggregator__dropout": 0.030419240531293856,
  "aggregator__hidden_size": 128,
  "aggregator__num_layers": 1,
  "dropout": 0.24012812280108484,
  "embedding_size": 1024,
  "n_head": 4,
  "n_hid": 512,
  "n_layers": 2,
  "optimizer__lr": 0.03731766298932066
}