{
    "balanced_accuracy": 0.8761561074703832,
    "accuracy": 0.8765625,
    "log_loss": 0.5259342030275209,
    "roc_auc": 0.8761561074703832,
    "f1": 0.8698517298187809,
    "precision": 0.9103448275862069,
    "recall": 0.832807570977918,
    "inference_time": 0.013594388961791992,
    "training_time": 0,
    "dataset": "kr-vs-kp",
    "model": "mlp/simple",
    "architecture_name": "A0",
    "fs_method": "random_1",
    "fs_percent": 0.9,
    "fs_n_features": 32
}