{
    "balanced_accuracy": 0.6430472388556221,
    "accuracy": 0.646875
}