{
    "balanced_accuracy": 0.9234386900228484,
    "accuracy": 0.9229268292682927,
    "log_loss": 0.3239472842224607,
    "roc_auc": 0.9234386900228484,
    "f1": 0.9245463228271251,
    "precision": 0.8929889298892989,
    "recall": 0.9584158415841584,
    "inference_time": 0.11068058013916016,
    "training_time": 0,
    "dataset": "sylvine",
    "model": "transformer/cls",
    "architecture_name": "A26",
    "fs_method": "linear_model",
    "fs_percent": 0.6,
    "fs_n_features": 12
}