{
    "balanced_accuracy": 0.7932705169220408,
    "accuracy": 0.8704888661377016,
    "log_loss": 0.2908768750641177,
    "roc_auc": 0.7932705169220409,
    "f1": 0.9170355796032137,
    "precision": 0.893593225754913,
    "recall": 0.9417410338440815,
    "training_time": 0.5033907890319824,
    "inference_time": 0.008350610733032227
}