{
    "balanced_accuracy": 0.47236351521514636,
    "accuracy": 0.7343358395989975
}