{
    "balanced_accuracy": 0.7449609427609427,
    "accuracy": 0.8267434420985285,
    "log_loss": 0.36020906586925017,
    "roc_auc": 0.7449609427609428,
    "f1": 0.8878396288933068,
    "precision": 0.8739399869536856,
    "recall": 0.9021885521885522,
    "inference_time": 0.18471765518188477,
    "training_time": 0,
    "dataset": "adult",
    "model": "mlp/simple_nd_nn",
    "fold": "F1",
    "architecture_name": "A1",
    "fs_method": "random_4",
    "fs_percent": 0.7,
    "fs_n_features": 9
}