{
    "balanced_accuracy": 0.4567479396009215,
    "accuracy": 0.537888198757764
}