{
  "dropout": 0.17456173796597468,
  "embedding_size": 32,
  "n_head": 4,
  "n_hid": 512,
  "n_layers": 4,
  "numerical_passthrough": true,
  "optimizer__lr": 0.02250868710675253
}