{
    "balanced_accuracy": 0.913545645443375,
    "accuracy": 0.9322501088060351,
    "log_loss": 0.48072635931878377,
    "roc_auc": 0.913545645443375,
    "f1": 0.9530511712073992,
    "precision": 0.9498997995991983,
    "recall": 0.9562235222917087,
    "inference_time": 0.16953420639038086,
    "training_time": 0,
    "dataset": "nomao",
    "model": "mlp/simple_nd_nn",
    "architecture_name": "A1",
    "fs_method": "decision_tree",
    "fs_percent": 0.7,
    "fs_n_features": 82
}