{
    "balanced_accuracy": 0.9388686131386861,
    "accuracy": 0.938949938949939,
    "log_loss": 0.16864972908666898,
    "roc_auc": 0.9388686131386861,
    "f1": 0.9404761904761905,
    "precision": 0.9207459207459208,
    "recall": 0.9610705596107056,
    "training_time": 0.15433716773986816,
    "inference_time": 0.0010275840759277344,
    "dataset": "sylvine",
    "model": "xgboost",
    "fold": "F4",
    "architecture_name": "A2",
    "fs_method": "random_1",
    "fs_percent": 0.7,
    "fs_n_features": 14
}