{
    "balanced_accuracy": 0.19202898550724637,
    "accuracy": 0.5955056179775281
}