{
    "balanced_accuracy": 0.5174512591209057,
    "accuracy": 0.1526258205689278
}