{
    "balanced_accuracy": 0.73826911376775,
    "accuracy": 0.8354235986690556,
    "log_loss": 0.35572818121249866,
    "roc_auc": 0.73826911376775,
    "f1": 0.8952256802998207,
    "precision": 0.8672454617205998,
    "recall": 0.9250715608688331,
    "training_time": 0.32917118072509766,
    "inference_time": 0.005738258361816406,
    "dataset": "adult",
    "model": "xgboost",
    "fold": "F3",
    "architecture_name": "A2",
    "fs_method": "decision_tree",
    "fs_percent": 0.6,
    "fs_n_features": 8
}