{
    "balanced_accuracy": 0.9902915604166027,
    "accuracy": 0.9902152641878669,
    "log_loss": 0.04017607191488936,
    "roc_auc": 0.9902915604166027,
    "f1": 0.9896907216494846,
    "precision": 0.9876543209876543,
    "recall": 0.9917355371900827,
    "training_time": 0.0784921646118164,
    "inference_time": 0.0009837150573730469,
    "dataset": "kr-vs-kp",
    "model": "xgboost",
    "fold": "F2",
    "architecture_name": "A0",
    "fs_method": "decision_tree",
    "fs_percent": 0.8,
    "fs_n_features": 28
}