{
    "balanced_accuracy": 0.930371388289044,
    "accuracy": 0.9304878048780488,
    "log_loss": 0.1859348010277438,
    "roc_auc": 0.9303713882890439,
    "f1": 0.9337979094076655,
    "precision": 0.8933333333333333,
    "recall": 0.9781021897810219,
    "inference_time": 0.019319772720336914,
    "training_time": 0,
    "dataset": "sylvine",
    "model": "mlp/simple_nd",
    "fold": "F2",
    "architecture_name": "A0",
    "fs_method": "random_3",
    "fs_percent": 0.7,
    "fs_n_features": 14
}