{
    "balanced_accuracy": 0.7127177486251497,
    "accuracy": 0.6986301369863014,
    "log_loss": 0.8194543506740589,
    "roc_auc": 0.7127177486251497,
    "f1": 0.7547770700636943,
    "precision": 0.6139896373056994,
    "recall": 0.9793388429752066,
    "inference_time": 0.012413263320922852,
    "training_time": 0,
    "dataset": "kr-vs-kp",
    "model": "mlp/simple_nd_nn",
    "fold": "F1",
    "architecture_name": "A1",
    "fs_method": "random_1",
    "fs_percent": 0.4,
    "fs_n_features": 14
}