{
    "balanced_accuracy": 0.9661794831389852,
    "accuracy": 0.9655172413793104
}