{
    "balanced_accuracy": 0.9461974110032363,
    "accuracy": 0.9463414634146341,
    "log_loss": 0.1414002916471583,
    "roc_auc": 0.9461974110032362,
    "f1": 0.9481132075471698,
    "precision": 0.9220183486238532,
    "recall": 0.9757281553398058,
    "training_time": 0.1713120937347412,
    "inference_time": 0.001140594482421875,
    "dataset": "sylvine",
    "model": "xgboost",
    "fold": "F1",
    "architecture_name": "A1",
    "fs_method": "random_1",
    "fs_percent": 0.9,
    "fs_n_features": 18
}