{
    "balanced_accuracy": 0.6783360919828362,
    "accuracy": 0.5538493038493039
}