{
    "balanced_accuracy": 0.9942164121785615,
    "accuracy": 0.9941291585127201,
    "log_loss": 0.0177019938923083,
    "roc_auc": 0.9942164121785616,
    "f1": 0.9938144329896907,
    "precision": 0.9917695473251029,
    "recall": 0.9958677685950413,
    "training_time": 8.643007755279541,
    "inference_time": 0.01049947738647461,
    "dataset": "kr-vs-kp",
    "model": "mlp/full",
    "fold": "F4",
    "architecture_name": "A0",
    "fs_method": "linear_model",
    "fs_percent": 0.9,
    "fs_n_features": 32
}