{
    "balanced_accuracy": 0.8686868686868686,
    "accuracy": 0.6578947368421053
}