{
    "balanced_accuracy": 0.8189084034955929,
    "accuracy": 0.8295557570262919,
    "log_loss": 0.5588033437223983,
    "roc_auc": 0.8189084034955929,
    "f1": 0.8759567168118237,
    "precision": 0.910562414266118,
    "recall": 0.8438850750063565,
    "inference_time": 0.39589500427246094,
    "training_time": 438.9888441379252
}