{
    "balanced_accuracy": 0.9937494506353097,
    "accuracy": 0.99375,
    "log_loss": 0.018556121258502957,
    "roc_auc": 0.9937494506353097,
    "f1": 0.9936908517350158,
    "precision": 0.9936908517350158,
    "recall": 0.9936908517350158
}