{
    "balanced_accuracy": 0.8420695877105088,
    "accuracy": 0.8991730741331786,
    "log_loss": 0.2574629253086161,
    "roc_auc": 0.8420695877105088,
    "f1": 0.9327527818093856,
    "precision": 0.8962439568612868,
    "recall": 0.9723623159168853,
    "inference_time": 0.154433012008667,
    "training_time": 0,
    "dataset": "nomao",
    "model": "mlp/simple",
    "architecture_name": "A0",
    "fs_method": "random_1",
    "fs_percent": 0.4,
    "fs_n_features": 47
}