{
    "balanced_accuracy": 0.9254265425009234,
    "accuracy": 0.9305530371713508,
    "log_loss": 0.2010105711407628,
    "roc_auc": 0.9254265425009234,
    "f1": 0.9506252417171587,
    "precision": 0.9641736401673641,
    "recall": 0.9374523264683448,
    "inference_time": 0.5694310665130615,
    "training_time": 378.0595488037381
}