{
  "dropout": 0.09894918531775769,
  "embedding_size": 64,
  "n_head": 1,
  "n_hid": 64,
  "n_layers": 2,
  "numerical_passthrough": false,
  "optimizer__lr": 0.014349040720896373
}