{
    "balanced_accuracy": 0.34247184991048185,
    "accuracy": 0.4409937888198758
}