{
  "dropout": 0.2547856679786775,
  "embedding_size": 1024,
  "n_head": 16,
  "n_hid": 32,
  "n_layers": 3,
  "numerical_passthrough": false,
  "optimizer__lr": 0.007695870138747096
}