{
    "valid_loss": {
        "balanced_accuracy": 0.9326575290310299,
        "accuracy": 0.9329268292682927,
        "log_loss": 0.18447276561704146,
        "roc_auc": 0.9326575290310299,
        "f1": 0.9367088607594937,
        "precision": 0.8905908096280087,
        "recall": 0.9878640776699029
    }
}