{
    "valid_loss": {
        "balanced_accuracy": 0.5669488610276827,
        "accuracy": 0.6621650589496249,
        "log_loss": 0.9748683160827705
    }
}