{
    "balanced_accuracy": 0.5309834112725621,
    "accuracy": 0.6189327705758215
}