{
    "balanced_accuracy": 0.11426627085218932,
    "accuracy": 0.37064786249449094
}