{
    "balanced_accuracy": 0.7909103512472396,
    "accuracy": 0.8407310704960835
}