{
    "balanced_accuracy": 0.9000763941940413,
    "accuracy": 0.944558521560575
}