{
    "balanced_accuracy": 0.9216876070816676,
    "accuracy": 0.9219512195121952,
    "log_loss": 0.22073358018941994,
    "roc_auc": 0.9216876070816676,
    "f1": 0.9262672811059908,
    "precision": 0.881578947368421,
    "recall": 0.9757281553398058,
    "inference_time": 0.018784284591674805,
    "training_time": 0,
    "dataset": "sylvine",
    "model": "mlp/simple",
    "fold": "F0",
    "architecture_name": "A0",
    "fs_method": "random_2",
    "fs_percent": 0.4,
    "fs_n_features": 8
}