{
    "balanced_accuracy": 0.7736625514403292,
    "accuracy": 0.7756813417190775,
    "log_loss": 0.5347678056311331,
    "roc_auc": 0.7736625514403292,
    "f1": 0.8,
    "precision": 0.7328767123287672,
    "recall": 0.8806584362139918,
    "inference_time": 0.08666276931762695,
    "training_time": 65.96638478903935,
    "dataset": "jasmine",
    "model": "transformer/cls",
    "fold": "F3",
    "architecture_name": "A18",
    "fs_method": "decision_tree",
    "fs_percent": 0.6,
    "fs_n_features": 86
}