{
    "balanced_accuracy": 0.9791391440597254,
    "accuracy": 0.9784735812133072,
    "log_loss": 0.06944034207243298,
    "roc_auc": 0.9791391440597254,
    "f1": 0.9775967413441955,
    "precision": 0.963855421686747,
    "recall": 0.9917355371900827,
    "training_time": 0.08016037940979004,
    "inference_time": 0.0011653900146484375
}