{
    "valid_loss": {
        "balanced_accuracy": 0.580592482107184,
        "accuracy": 0.6664523043944266,
        "log_loss": 0.9740811437388486
    }
}