{
    "balanced_accuracy": 0.7353414141414141,
    "accuracy": 0.835700575815739,
    "log_loss": 0.3531414165097041,
    "roc_auc": 0.7353414141414142,
    "f1": 0.8957115009746589,
    "precision": 0.8653483992467044,
    "recall": 0.9282828282828283,
    "inference_time": 0.5211944580078125,
    "training_time": 243.1162618001302
}