{
    "valid_loss": {
        "balanced_accuracy": 0.9346555797482615,
        "accuracy": 0.9555676459920203,
        "log_loss": 0.1117859146190472,
        "roc_auc": 0.9346555797482616,
        "f1": 0.9693020924696153,
        "precision": 0.9552976043467523,
        "recall": 0.9837232960325534
    }
}