{
    "valid_loss": {
        "balanced_accuracy": 0.9449838187702265,
        "accuracy": 0.9451219512195121,
        "log_loss": 0.1544056320655327,
        "roc_auc": 0.9449838187702265,
        "f1": 0.9468713105076741,
        "precision": 0.9218390804597701,
        "recall": 0.9733009708737864
    }
}