{
    "balanced_accuracy": 0.965713232357369,
    "accuracy": 0.9647749510763209,
    "log_loss": 0.0954925551032285,
    "roc_auc": 0.965713232357369,
    "f1": 0.9635627530364372,
    "precision": 0.9444444444444444,
    "recall": 0.9834710743801653,
    "training_time": 0.07792234420776367,
    "inference_time": 0.001154184341430664
}