{
    "balanced_accuracy": 0.715213468013468,
    "accuracy": 0.8300703774792066,
    "log_loss": 0.36795231387992455,
    "roc_auc": 0.715213468013468,
    "f1": 0.8933161953727506,
    "precision": 0.8543331284572834,
    "recall": 0.936026936026936,
    "inference_time": 0.8248872756958008,
    "training_time": 269.1218492984772,
    "dataset": "adult",
    "model": "transformer/cls",
    "fold": "F0",
    "architecture_name": "A22",
    "fs_method": "random_5",
    "fs_percent": 0.6,
    "fs_n_features": 8
}