{
    "balanced_accuracy": 0.5857774457453584,
    "accuracy": 0.6836215666327569
}