{
    "balanced_accuracy": 0.5132827324478179,
    "accuracy": 0.7721518987341772
}