{
    "balanced_accuracy": 0.5714618135501887,
    "accuracy": 0.4053916581892167
}