{
    "balanced_accuracy": 0.7771070707070706,
    "accuracy": 0.8625719769673704,
    "log_loss": 0.2970201797984296,
    "roc_auc": 0.7771070707070706,
    "f1": 0.9123837493881547,
    "precision": 0.8850902184235517,
    "recall": 0.9414141414141414,
    "training_time": 0.3052549362182617,
    "inference_time": 0.00521540641784668
}