{
    "balanced_accuracy": 0.341039485506841,
    "accuracy": 0.43105590062111804
}