{
    "balanced_accuracy": 0.2990334543547203,
    "accuracy": 0.43423083519121936
}