{
    "balanced_accuracy": 0.94328963256857,
    "accuracy": 0.9597238204833142
}