{
    "valid_loss": {
        "balanced_accuracy": 0.8061434360442274,
        "accuracy": 0.8653698489889942,
        "log_loss": 0.2942747901804779,
        "roc_auc": 0.8061434360442273,
        "f1": 0.9121869782971619,
        "precision": 0.9044860122496275,
        "recall": 0.9200202054217882
    }
}