{
    "balanced_accuracy": 0.9440314547609846,
    "accuracy": 0.9584693507435619,
    "log_loss": 0.11112281088619382,
    "roc_auc": 0.9440314547609846,
    "f1": 0.9710895089003914,
    "precision": 0.9643931795386158,
    "recall": 0.9778794813119756,
    "training_time": 84.71562695503235,
    "inference_time": 0.12215805053710938,
    "dataset": "nomao",
    "model": "mlp/full",
    "fold": "F2",
    "architecture_name": "A0",
    "fs_method": "linear_model",
    "fs_percent": 0.9,
    "fs_n_features": 106
}