{
    "balanced_accuracy": 0.5684445284331683,
    "accuracy": 0.6124223602484472
}