{
    "balanced_accuracy": 0.830176440062273,
    "accuracy": 0.8592592592592593
}