{
    "balanced_accuracy": 0.5730787937743191,
    "accuracy": 0.5730994152046783
}