{
    "valid_loss": {
        "balanced_accuracy": 0.7620291231402343,
        "accuracy": 0.7631027253668763,
        "log_loss": 0.4532463847446103,
        "roc_auc": 0.7620291231402341,
        "f1": 0.7788649706457925,
        "precision": 0.7425373134328358,
        "recall": 0.8189300411522634
    }
}