{
    "balanced_accuracy": 0.7716049382716049,
    "accuracy": 0.7756813417190775,
    "log_loss": 0.545381818286765,
    "roc_auc": 0.7716049382716049,
    "f1": 0.817717206132879,
    "precision": 0.6976744186046512,
    "recall": 0.9876543209876543,
    "inference_time": 0.009885072708129883,
    "training_time": 0,
    "dataset": "jasmine",
    "model": "mlp/simple_nd_nn",
    "fold": "F4",
    "architecture_name": "A0",
    "fs_method": "random_1",
    "fs_percent": 0.4,
    "fs_n_features": 57
}