{
    "balanced_accuracy": 0.7283372365339578,
    "accuracy": 0.7454545454545455,
    "log_loss": 0.5168998494002635,
    "roc_auc": 0.7283372365339579,
    "f1": 0.6666666666666666,
    "precision": 0.8,
    "recall": 0.5714285714285714,
    "training_time": 0.02707529067993164,
    "inference_time": 0.0005891323089599609,
    "dataset": "australian",
    "model": "xgboost",
    "fold": "F2",
    "architecture_name": "A0",
    "fs_method": "f_classif",
    "fs_percent": 0.7,
    "fs_n_features": 9
}