{
    "balanced_accuracy": 0.9471105103075363,
    "accuracy": 0.949119373776908,
    "log_loss": 0.32884777410699567,
    "roc_auc": 0.9471105103075363,
    "f1": 0.944206008583691,
    "precision": 0.9821428571428571,
    "recall": 0.9090909090909091,
    "inference_time": 0.013014793395996094,
    "training_time": 0,
    "dataset": "kr-vs-kp",
    "model": "mlp/simple",
    "fold": "F1",
    "architecture_name": "A0",
    "fs_method": "random_4",
    "fs_percent": 0.9,
    "fs_n_features": 32
}