{
    "balanced_accuracy": 0.9639685333347052,
    "accuracy": 0.9698948132027566,
    "log_loss": 0.0814080066362319,
    "roc_auc": 0.9639685333347051,
    "f1": 0.9788696537678208,
    "precision": 0.9798674821610601,
    "recall": 0.9778738555442523,
    "training_time": 1.4191620349884033,
    "inference_time": 0.009405374526977539,
    "dataset": "nomao",
    "model": "xgboost",
    "fold": "F4",
    "architecture_name": "A2",
    "fs_method": "random_2",
    "fs_percent": 0.8,
    "fs_n_features": 94
}