{
    "valid_loss": {
        "balanced_accuracy": 0.7690700336700337,
        "accuracy": 0.8461932181701856,
        "log_loss": 0.3281963287130282,
        "roc_auc": 0.7690700336700337,
        "f1": 0.9006611570247934,
        "precision": 0.8845779220779221,
        "recall": 0.9173400673400673
    }
}