{
    "balanced_accuracy": 0.6129476584022039,
    "accuracy": 0.625,
    "log_loss": 1.241929543653654,
    "roc_auc": 0.612947658402204,
    "f1": 0.4973821989528796,
    "precision": 0.6785714285714286,
    "recall": 0.3925619834710744,
    "inference_time": 0.009887218475341797,
    "training_time": 0,
    "dataset": "kr-vs-kp",
    "model": "mlp/simple_nd_nnw",
    "fold": "F0",
    "architecture_name": "A0",
    "fs_method": "random_2",
    "fs_percent": 0.5,
    "fs_n_features": 18
}