{
    "balanced_accuracy": 0.7993231046931408,
    "accuracy": 0.7939698492462312,
    "log_loss": 0.45519356292844304,
    "roc_auc": 0.7993231046931408,
    "f1": 0.7973640856672158,
    "precision": 0.7333333333333333,
    "recall": 0.8736462093862816,
    "inference_time": 0.07981729507446289,
    "training_time": 0,
    "dataset": "jasmine",
    "model": "transformer/cls",
    "architecture_name": "A24",
    "fs_method": "decision_tree",
    "fs_percent": 0.7,
    "fs_n_features": 100
}