{
    "balanced_accuracy": 0.9953267377015558,
    "accuracy": 0.9953125,
    "log_loss": 0.027152762051829555,
    "roc_auc": 0.9953267377015559,
    "f1": 0.9952755905511811,
    "precision": 0.9937106918238994,
    "recall": 0.9968454258675079,
    "training_time": 0.02335667610168457,
    "inference_time": 0.0006701946258544922,
    "dataset": "kr-vs-kp",
    "model": "xgboost",
    "architecture_name": "A1",
    "fs_method": "linear_model",
    "fs_percent": 0.9,
    "fs_n_features": 32
}