{
    "valid_loss": {
        "balanced_accuracy": 0.9420844689343466,
        "accuracy": 0.9597388465723613,
        "log_loss": 0.1043126404034512,
        "roc_auc": 0.9420844689343467,
        "f1": 0.9721035436039206,
        "precision": 0.9609937888198757,
        "recall": 0.9834731756928553
    }
}