{
    "balanced_accuracy": 0.7861488904795991,
    "accuracy": 0.7616580310880829
}