{
    "balanced_accuracy": 0.581924203018169,
    "accuracy": 0.7005347593582888
}