{
    "valid_loss": {
        "balanced_accuracy": 0.7801824915824915,
        "accuracy": 0.8597568777991043,
        "log_loss": 0.30201290973450085,
        "roc_auc": 0.7801824915824916,
        "f1": 0.9100311935642752,
        "precision": 0.8880166613264979,
        "recall": 0.9331649831649832
    }
}