{
    "balanced_accuracy": 0.6480327868852459,
    "accuracy": 0.6666666666666666,
    "log_loss": 0.5743190667220714,
    "roc_auc": 0.6480327868852459,
    "f1": 0.5542168674698795,
    "precision": 0.696969696969697,
    "recall": 0.46,
    "training_time": 0.020308971405029297,
    "inference_time": 0.0005123615264892578,
    "dataset": "australian",
    "model": "xgboost",
    "fold": "F0",
    "architecture_name": "A0",
    "fs_method": "random_2",
    "fs_percent": 0.5,
    "fs_n_features": 7
}