{
    "balanced_accuracy": 0.8031725423615965,
    "accuracy": 0.8122959738846572,
    "log_loss": 0.5593613366399742,
    "roc_auc": 0.8031725423615965,
    "f1": 0.8623853211009175,
    "precision": 0.9038461538461539,
    "recall": 0.8245614035087719,
    "inference_time": 0.10340285301208496,
    "training_time": 0,
    "dataset": "nomao",
    "model": "mlp/simple_nd_nnw",
    "fold": "F3",
    "architecture_name": "A0",
    "fs_method": "decision_tree",
    "fs_percent": 0.5,
    "fs_n_features": 59
}