{
    "balanced_accuracy": 0.859010989010989,
    "accuracy": 0.8592162554426706
}