{
    "valid_loss": {
        "balanced_accuracy": 0.586681879608352,
        "accuracy": 0.6597706077821845,
        "log_loss": 0.9851449025016937
    }
}