{
    "balanced_accuracy": 0.7825261158594492,
    "accuracy": 0.7861635220125787,
    "log_loss": 0.4522651588322772,
    "roc_auc": 0.7825261158594492,
    "f1": 0.8229166666666666,
    "precision": 0.7117117117117117,
    "recall": 0.9753086419753086,
    "inference_time": 0.012424468994140625,
    "training_time": 0,
    "dataset": "jasmine",
    "model": "mlp/simple_nd",
    "fold": "F4",
    "architecture_name": "A0",
    "fs_method": "random_2",
    "fs_percent": 0.6,
    "fs_n_features": 86
}