{
    "balanced_accuracy": 0.8654132252603499,
    "accuracy": 0.919917864476386
}