{
    "balanced_accuracy": 0.7655030458785456,
    "accuracy": 0.7658536585365854,
    "log_loss": 0.4531609332467981,
    "roc_auc": 0.7655030458785456,
    "f1": 0.782312925170068,
    "precision": 0.7340425531914894,
    "recall": 0.837378640776699,
    "training_time": 0.12455177307128906,
    "inference_time": 0.0010960102081298828,
    "dataset": "sylvine",
    "model": "xgboost",
    "fold": "F1",
    "architecture_name": "A0",
    "fs_method": "random_4",
    "fs_percent": 0.9,
    "fs_n_features": 18
}