{
    "balanced_accuracy": 0.4811308349740459,
    "accuracy": 0.5751552795031056
}