{
    "balanced_accuracy": 0.9762479871175523,
    "accuracy": 0.975609756097561
}