{
    "balanced_accuracy": 0.82952776336274,
    "accuracy": 0.8296296296296296
}