{
    "balanced_accuracy": 0.7447178451178451,
    "accuracy": 0.8030710172744722,
    "log_loss": 0.37368576750601584,
    "roc_auc": 0.7447178451178452,
    "f1": 0.8686748016042325,
    "precision": 0.880775220626406,
    "recall": 0.8569023569023569,
    "inference_time": 0.1801612377166748,
    "training_time": 0,
    "dataset": "adult",
    "model": "mlp/simple",
    "fold": "F1",
    "architecture_name": "A0",
    "fs_method": "random_4",
    "fs_percent": 0.6,
    "fs_n_features": 8
}