{
    "balanced_accuracy": 0.5357142857142857,
    "accuracy": 0.23376623376623376
}