{
    "balanced_accuracy": 0.6317956192877403,
    "accuracy": 0.6426332288401254
}