{
    "balanced_accuracy": 1.0,
    "accuracy": 1.0,
    "log_loss": 0.0025198170895273644,
    "roc_auc": 1.0,
    "f1": 1.0,
    "precision": 1.0,
    "recall": 1.0,
    "inference_time": 0.06306791305541992,
    "training_time": 82.41880809177052
}