{
    "balanced_accuracy": 0.9608612668265555,
    "accuracy": 0.9689880304678999,
    "log_loss": 0.08300827436260985,
    "roc_auc": 0.9608612668265555,
    "f1": 0.9782967381647417,
    "precision": 0.9766852508869741,
    "recall": 0.9799135519959319,
    "training_time": 0.7854523658752441,
    "inference_time": 0.008503437042236328,
    "dataset": "nomao",
    "model": "xgboost",
    "fold": "F2",
    "architecture_name": "A1",
    "fs_method": "random_4",
    "fs_percent": 0.5,
    "fs_n_features": 59
}