{
    "balanced_accuracy": 0.5587321635829863,
    "accuracy": 0.7769423558897243
}