{
    "balanced_accuracy": 0.9389109988756625,
    "accuracy": 0.9390243902439024,
    "log_loss": 0.1588457761133717,
    "roc_auc": 0.9389109988756625,
    "f1": 0.9418604651162791,
    "precision": 0.9020044543429844,
    "recall": 0.9854014598540146,
    "training_time": 0.1129159927368164,
    "inference_time": 0.0009334087371826172,
    "dataset": "sylvine",
    "model": "xgboost",
    "fold": "F2",
    "architecture_name": "A0",
    "fs_method": "random_1",
    "fs_percent": 0.9,
    "fs_n_features": 18
}