{
    "balanced_accuracy": 0.6334455983931808,
    "accuracy": 0.7553407934893184
}