{
    "balanced_accuracy": 0.7206139305157995,
    "accuracy": 0.82300998208344,
    "log_loss": 0.39468126020912503,
    "roc_auc": 0.7206139305157995,
    "f1": 0.8873870206009282,
    "precision": 0.859192683695995,
    "recall": 0.9174945276982657,
    "inference_time": 0.9151356220245361,
    "training_time": 332.10831046104425,
    "dataset": "adult",
    "model": "transformer/cls",
    "fold": "F3",
    "architecture_name": "A22",
    "fs_method": "f_classif",
    "fs_percent": 0.6,
    "fs_n_features": 8
}