{
    "balanced_accuracy": 0.6932084309133489,
    "accuracy": 0.6909090909090909,
    "log_loss": 0.5573043286274149,
    "roc_auc": 0.693208430913349,
    "f1": 0.6730769230769231,
    "precision": 0.6363636363636364,
    "recall": 0.7142857142857143,
    "inference_time": 0.002949953079223633,
    "training_time": 0,
    "dataset": "australian",
    "model": "mlp/simple_nd_nn",
    "fold": "F3",
    "architecture_name": "A0",
    "fs_method": "random_4",
    "fs_percent": 0.6,
    "fs_n_features": 8
}