{
    "balanced_accuracy": 0.8180444507900247,
    "accuracy": 0.8182926829268292,
    "log_loss": 0.3976311610722745,
    "roc_auc": 0.8180444507900246,
    "f1": 0.8277456647398844,
    "precision": 0.7902869757174393,
    "recall": 0.8689320388349514,
    "training_time": 0.27820372581481934,
    "inference_time": 0.0012955665588378906,
    "dataset": "sylvine",
    "model": "xgboost",
    "fold": "F1",
    "architecture_name": "A2",
    "fs_method": "random_1",
    "fs_percent": 0.8,
    "fs_n_features": 16
}