{
    "balanced_accuracy": 0.5221198156682028,
    "accuracy": 0.22254335260115607
}