{
    "balanced_accuracy": 0.6813315490130478,
    "accuracy": 0.7,
    "log_loss": 0.6050480995798072,
    "roc_auc": 0.6813315490130479,
    "f1": 0.6024096385542169,
    "precision": 0.7352941176470589,
    "recall": 0.5102040816326531,
    "training_time": 0.030408382415771484,
    "inference_time": 0.0005960464477539062,
    "dataset": "australian",
    "model": "xgboost",
    "fold": "F4",
    "architecture_name": "A1",
    "fs_method": "random_1",
    "fs_percent": 0.7,
    "fs_n_features": 9
}