{
    "balanced_accuracy": 0.4362992962808433,
    "accuracy": 0.6274809160305344
}