{
    "balanced_accuracy": 0.614225509994325,
    "accuracy": 0.7834988228068379,
    "log_loss": 0.42521251616598943,
    "roc_auc": 0.614225509994325,
    "f1": 0.8683801107722945,
    "precision": 0.8101486298188574,
    "recall": 0.9356309507844978,
    "inference_time": 0.1800832748413086,
    "training_time": 0,
    "dataset": "adult",
    "model": "mlp/simple_nd_nnw",
    "architecture_name": "A0",
    "fs_method": "random_3",
    "fs_percent": 0.4,
    "fs_n_features": 5
}