{
    "valid_loss": {
        "balanced_accuracy": 0.6111199446932698,
        "accuracy": 0.6685604030442706,
        "log_loss": 0.9611364867200485
    }
}