{
    "balanced_accuracy": 0.96875,
    "accuracy": 0.9523809523809523
}