{
  "dropout": 0.35585854360536906,
  "embedding_size": 512,
  "n_head": 4,
  "n_hid": 128,
  "n_layers": 2,
  "numerical_passthrough": true,
  "optimizer__lr": 0.004313269816118553
}