{
    "balanced_accuracy": 0.7434762387958735,
    "accuracy": 0.7445573294629898
}