{
    "balanced_accuracy": 0.858032786885246,
    "accuracy": 0.8558558558558559,
    "log_loss": 0.3527345830103344,
    "roc_auc": 0.8580327868852459,
    "f1": 0.8461538461538461,
    "precision": 0.8148148148148148,
    "recall": 0.88,
    "training_time": 0.03257012367248535,
    "inference_time": 0.0005605220794677734,
    "dataset": "australian",
    "model": "xgboost",
    "fold": "F0",
    "architecture_name": "A3",
    "fs_method": "random_5",
    "fs_percent": 0.9,
    "fs_n_features": 12
}