{
    "balanced_accuracy": 0.9461736150770987,
    "accuracy": 0.9463414634146341,
    "log_loss": 0.14567021368429942,
    "roc_auc": 0.9461736150770987,
    "f1": 0.9483568075117371,
    "precision": 0.9181818181818182,
    "recall": 0.9805825242718447,
    "inference_time": 0.11341428756713867,
    "training_time": 53.11811676892368,
    "dataset": "sylvine",
    "model": "transformer/cls",
    "fold": "F1",
    "architecture_name": "A23",
    "fs_method": "none",
    "fs_percent": 1.0,
    "fs_n_features": 20
}