{
    "valid_loss": {
        "balanced_accuracy": 0.9475134016599677,
        "accuracy": 0.9610083424011607,
        "log_loss": 0.09622643263494943,
        "roc_auc": 0.9475134016599678,
        "f1": 0.9728432487053177,
        "precision": 0.9666164658634538,
        "recall": 0.9791507754894483
    }
}