{
    "balanced_accuracy": 0.6230263157894737,
    "accuracy": 0.7037037037037037
}