{
    "balanced_accuracy": 0.8079625292740047,
    "accuracy": 0.8181818181818182,
    "log_loss": 0.4192709088329361,
    "roc_auc": 0.8079625292740048,
    "f1": 0.7777777777777778,
    "precision": 0.8536585365853658,
    "recall": 0.7142857142857143,
    "training_time": 0.027254819869995117,
    "inference_time": 0.0005507469177246094,
    "dataset": "australian",
    "model": "xgboost",
    "fold": "F4",
    "architecture_name": "A2",
    "fs_method": "f_classif",
    "fs_percent": 0.9,
    "fs_n_features": 12
}