{
  "aggregator__cell": "LSTM",
  "aggregator__dropout": 0.010426149179971478,
  "aggregator__hidden_size": 512,
  "aggregator__num_layers": 2,
  "dropout": 0.2911092309869399,
  "embedding_size": 512,
  "n_head": 4,
  "n_hid": 64,
  "n_layers": 3,
  "optimizer__lr": 0.05106444685210945
}