{
    "balanced_accuracy": 0.8077885170795399,
    "accuracy": 0.8627379873073436,
    "log_loss": 0.3273570634163407,
    "roc_auc": 0.80778851707954,
    "f1": 0.9068307692307692,
    "precision": 0.8788167938931297,
    "recall": 0.9366895499618612,
    "inference_time": 0.13326764106750488,
    "training_time": 0,
    "dataset": "nomao",
    "model": "mlp/simple_nd_nn",
    "fold": "F0",
    "architecture_name": "A1",
    "fs_method": "random_4",
    "fs_percent": 0.7,
    "fs_n_features": 82
}