{
    "balanced_accuracy": 0.5135823429541596,
    "accuracy": 0.5362318840579711
}