{
    "balanced_accuracy": 0.9446743501729142,
    "accuracy": 0.9566557852738484,
    "log_loss": 0.11986920057051496,
    "roc_auc": 0.9446743501729142,
    "f1": 0.9697046520471543,
    "precision": 0.9666413949962093,
    "recall": 0.9727873855544252,
    "training_time": 1.2172491550445557,
    "inference_time": 0.009002923965454102,
    "dataset": "nomao",
    "model": "xgboost",
    "fold": "F4",
    "architecture_name": "A3",
    "fs_method": "f_classif",
    "fs_percent": 0.5,
    "fs_n_features": 59
}