{
  "dropout": 0.2791819913068766,
  "embedding_size": 512,
  "n_head": 32,
  "n_hid": 128,
  "n_layers": 4,
  "optimizer__lr": 1.3601352846836671e-05
}