{
    "valid_loss": {
        "balanced_accuracy": 0.6051147767791536,
        "accuracy": 0.6583771036552685,
        "log_loss": 1.002499116971637
    }
}