{
    "balanced_accuracy": 0.525572522467942,
    "accuracy": 0.2149890590809628
}