{
    "balanced_accuracy": 0.6841167393327782,
    "accuracy": 0.7466937945066124
}