{
    "balanced_accuracy": 0.8467714954834393,
    "accuracy": 0.8545454545454545,
    "log_loss": 0.3703015365697988,
    "roc_auc": 0.8467714954834393,
    "f1": 0.8260869565217391,
    "precision": 0.8837209302325582,
    "recall": 0.7755102040816326,
    "training_time": 0.03204989433288574,
    "inference_time": 0.0005450248718261719,
    "dataset": "australian",
    "model": "xgboost",
    "fold": "F4",
    "architecture_name": "A1",
    "fs_method": "random_2",
    "fs_percent": 0.9,
    "fs_n_features": 12
}