{
    "balanced_accuracy": 0.4392423932832461,
    "accuracy": 0.6267175572519084
}