{
    "valid_loss": {
        "balanced_accuracy": 0.5958248151252151,
        "accuracy": 0.6606281487833637,
        "log_loss": 0.9790072450962031
    }
}