{
    "balanced_accuracy": 0.9460144365016685,
    "accuracy": 0.9588395285584769,
    "log_loss": 0.11003021817192654,
    "roc_auc": 0.9460144365016684,
    "f1": 0.9712839974699558,
    "precision": 0.966515609264854,
    "recall": 0.9760996694635139,
    "training_time": 0.6982569694519043,
    "inference_time": 0.008429765701293945,
    "dataset": "nomao",
    "model": "xgboost",
    "fold": "F1",
    "architecture_name": "A1",
    "fs_method": "random_3",
    "fs_percent": 0.4,
    "fs_n_features": 47
}