{
    "balanced_accuracy": 0.6862385321100918,
    "accuracy": 0.8489208633093526
}