{
    "valid_loss": {
        "balanced_accuracy": 0.9266803182124865,
        "accuracy": 0.9490480507706256,
        "log_loss": 0.12718216168493274,
        "roc_auc": 0.9266803182124865,
        "f1": 0.9648002004259051,
        "precision": 0.9508641975308642,
        "recall": 0.9791507754894483
    }
}