{
    "balanced_accuracy": 0.14356668762249505,
    "accuracy": 0.39651825791580736
}