{
    "balanced_accuracy": 0.8098360655737705,
    "accuracy": 0.8108108108108109,
    "log_loss": 0.410276210284434,
    "roc_auc": 0.8098360655737705,
    "f1": 0.7920792079207921,
    "precision": 0.7843137254901961,
    "recall": 0.8,
    "training_time": 0.02220606803894043,
    "inference_time": 0.0005648136138916016,
    "dataset": "australian",
    "model": "xgboost",
    "fold": "F0",
    "architecture_name": "A0",
    "fs_method": "linear_model",
    "fs_percent": 0.7,
    "fs_n_features": 9
}