{
    "balanced_accuracy": 0.7467105263157895,
    "accuracy": 0.7586206896551724
}