{
    "balanced_accuracy": 0.7844262295081967,
    "accuracy": 0.7927927927927928,
    "log_loss": 0.5047113628091021,
    "roc_auc": 0.7844262295081966,
    "f1": 0.7526881720430108,
    "precision": 0.813953488372093,
    "recall": 0.7,
    "training_time": 0.04984402656555176,
    "inference_time": 0.0006306171417236328,
    "dataset": "australian",
    "model": "xgboost",
    "fold": "F0",
    "architecture_name": "A1",
    "fs_method": "random_4",
    "fs_percent": 0.9,
    "fs_n_features": 12
}