{
    "balanced_accuracy": 0.8216352558099591,
    "accuracy": 0.8545520493289808,
    "log_loss": 0.31105032964132673,
    "roc_auc": 0.8216352558099591,
    "f1": 0.898119918699187,
    "precision": 0.8974358974358975,
    "recall": 0.8988049834731757,
    "inference_time": 0.1331789493560791,
    "training_time": 0,
    "dataset": "nomao",
    "model": "mlp/simple_nd_nn",
    "fold": "F3",
    "architecture_name": "A1",
    "fs_method": "random_4",
    "fs_percent": 0.4,
    "fs_n_features": 47
}