{
    "balanced_accuracy": 0.9734791143752869,
    "accuracy": 0.9734375,
    "log_loss": 0.08152947691922342,
    "roc_auc": 0.9734791143752869,
    "f1": 0.9733124018838305,
    "precision": 0.96875,
    "recall": 0.9779179810725552,
    "training_time": 0.015001773834228516,
    "inference_time": 0.0005600452423095703,
    "dataset": "kr-vs-kp",
    "model": "xgboost",
    "architecture_name": "A0",
    "fs_method": "linear_model",
    "fs_percent": 0.9,
    "fs_n_features": 32
}