{
    "balanced_accuracy": 0.9474585950885208,
    "accuracy": 0.947560975609756,
    "log_loss": 0.1323606813102365,
    "roc_auc": 0.947458595088521,
    "f1": 0.9488703923900119,
    "precision": 0.9300699300699301,
    "recall": 0.9684466019417476,
    "training_time": 0.122222900390625,
    "inference_time": 0.0015587806701660156
}