{
    "balanced_accuracy": 0.7059217129474741,
    "accuracy": 0.7272727272727273,
    "log_loss": 0.5346753794233472,
    "roc_auc": 0.7059217129474741,
    "f1": 0.625,
    "precision": 0.8064516129032258,
    "recall": 0.5102040816326531,
    "inference_time": 0.004084587097167969,
    "training_time": 0,
    "dataset": "australian",
    "model": "mlp/simple",
    "fold": "F2",
    "architecture_name": "A1",
    "fs_method": "random_4",
    "fs_percent": 0.5,
    "fs_n_features": 7
}