{
    "valid_loss": {
        "balanced_accuracy": 0.5873131964991926,
        "accuracy": 0.6585914889055633,
        "log_loss": 0.9774544244916772
    }
}