{
    "balanced_accuracy": 0.7020357941834452,
    "accuracy": 0.7023411371237458
}