{
    "balanced_accuracy": 0.5894290392227475,
    "accuracy": 0.6539187103412794
}