{
    "balanced_accuracy": 0.583579091755254,
    "accuracy": 0.7182095625635809
}