{
    "balanced_accuracy": 0.8940968528352755,
    "accuracy": 0.9247370330068916,
    "log_loss": 0.2009519248344263,
    "roc_auc": 0.8940968528352755,
    "f1": 0.9482091601148134,
    "precision": 0.9311274509803922,
    "recall": 0.9659293160437326,
    "inference_time": 0.5867960453033447,
    "training_time": 415.6724113102617,
    "dataset": "nomao",
    "model": "transformer/cls",
    "fold": "F3",
    "architecture_name": "A28",
    "fs_method": "random_5",
    "fs_percent": 0.6,
    "fs_n_features": 70
}