{
    "balanced_accuracy": 0.1160517065258298,
    "accuracy": 0.3372137404580153
}