{
    "balanced_accuracy": 0.7591801202912314,
    "accuracy": 0.7610062893081762,
    "log_loss": 0.5025744123444295,
    "roc_auc": 0.7591801202912315,
    "f1": 0.7849056603773585,
    "precision": 0.7247386759581882,
    "recall": 0.8559670781893004,
    "inference_time": 0.024365901947021484,
    "training_time": 0,
    "dataset": "jasmine",
    "model": "mlp/simple_nd",
    "fold": "F2",
    "architecture_name": "A0",
    "fs_method": "random_5",
    "fs_percent": 0.5,
    "fs_n_features": 72
}