{
    "balanced_accuracy": 0.9958677685950413,
    "accuracy": 0.9960861056751468,
    "log_loss": 0.009992121756406852,
    "roc_auc": 0.9958677685950413,
    "f1": 0.995850622406639,
    "precision": 1.0,
    "recall": 0.9917355371900827,
    "inference_time": 0.07184648513793945,
    "training_time": 46.330300707566124
}