{
    "balanced_accuracy": 0.6450809039393732,
    "accuracy": 0.8070175438596491
}