{
    "balanced_accuracy": 0.9292929292929294,
    "accuracy": 0.8157894736842105
}