{
    "valid_loss": {
        "balanced_accuracy": 0.7913340067340067,
        "accuracy": 0.8461932181701856,
        "log_loss": 0.32428312807800735,
        "roc_auc": 0.7913340067340067,
        "f1": 0.8986167341430499,
        "precision": 0.9004394861392833,
        "recall": 0.8968013468013468
    }
}