{
    "balanced_accuracy": 0.9589005508306185,
    "accuracy": 0.9653608995284729,
    "log_loss": 0.08806770192253205,
    "roc_auc": 0.9589005508306185,
    "f1": 0.9756718889313464,
    "precision": 0.9772901250318959,
    "recall": 0.974059003051882,
    "training_time": 0.5174736976623535,
    "inference_time": 0.0038084983825683594,
    "dataset": "nomao",
    "model": "xgboost",
    "fold": "F4",
    "architecture_name": "A0",
    "fs_method": "random_2",
    "fs_percent": 0.8,
    "fs_n_features": 94
}