{
    "balanced_accuracy": 0.7581699346405228,
    "accuracy": 0.76875
}