{
    "valid_loss": {
        "balanced_accuracy": 0.7780151946818614,
        "accuracy": 0.779874213836478,
        "log_loss": 0.4327524779557684,
        "roc_auc": 0.7780151946818613,
        "f1": 0.8022598870056498,
        "precision": 0.7395833333333334,
        "recall": 0.8765432098765432
    }
}