{
    "balanced_accuracy": 0.9647246019787803,
    "accuracy": 0.9720710917664128,
    "log_loss": 0.07518671721201702,
    "roc_auc": 0.9647246019787802,
    "f1": 0.9804518913429805,
    "precision": 0.9789607097591888,
    "recall": 0.9819476226798881,
    "training_time": 1.4047348499298096,
    "inference_time": 0.007568836212158203
}