{
    "balanced_accuracy": 0.5023809523809524,
    "accuracy": 0.09393063583815028
}