{
    "valid_loss": {
        "balanced_accuracy": 0.32733788638831823,
        "accuracy": 0.6150200925013268,
        "log_loss": 1.1163385549665767
    }
}