{
    "valid_loss": {
        "balanced_accuracy": 0.3286400654062602,
        "accuracy": 0.6134278565471226,
        "log_loss": 1.1067965080606166
    }
}