{
    "balanced_accuracy": 0.9571792309156673,
    "accuracy": 0.9573170731707317,
    "log_loss": 0.13138812109263934,
    "roc_auc": 0.9571792309156673,
    "f1": 0.9586776859504132,
    "precision": 0.9333333333333333,
    "recall": 0.9854368932038835,
    "training_time": 32.49938464164734,
    "inference_time": 0.02408766746520996,
    "dataset": "sylvine",
    "model": "mlp/full",
    "fold": "F0",
    "architecture_name": "A1",
    "fs_method": "decision_tree",
    "fs_percent": 0.4,
    "fs_n_features": 8
}