{
    "valid_loss": {
        "balanced_accuracy": 0.7800006734006735,
        "accuracy": 0.8580934101087652,
        "log_loss": 0.30138331812135216,
        "roc_auc": 0.7800006734006734,
        "f1": 0.9087918414343285,
        "precision": 0.8884064962212574,
        "recall": 0.9301346801346801
    }
}