{
    "balanced_accuracy": 0.9237320944638018,
    "accuracy": 0.9241379310344827
}