{
    "balanced_accuracy": 0.9624028387968908,
    "accuracy": 0.9628180039138943,
    "log_loss": 0.06660056665018578,
    "roc_auc": 0.9624028387968909,
    "f1": 0.9604989604989606,
    "precision": 0.9665271966527197,
    "recall": 0.9545454545454546,
    "training_time": 14.564402341842651,
    "inference_time": 0.013406753540039062,
    "dataset": "kr-vs-kp",
    "model": "mlp/full",
    "fold": "F2",
    "architecture_name": "A1",
    "fs_method": "f_classif",
    "fs_percent": 0.5,
    "fs_n_features": 18
}