{
    "balanced_accuracy": 0.9474580251262181,
    "accuracy": 0.946875
}