{
    "balanced_accuracy": 0.5365443969610636,
    "accuracy": 0.887855579868709
}