{
    "valid_loss": {
        "balanced_accuracy": 0.7906828282828282,
        "accuracy": 0.8596289187460012,
        "log_loss": 0.3021494429631102,
        "roc_auc": 0.7906828282828282,
        "f1": 0.90907583920431,
        "precision": 0.8953469387755102,
        "recall": 0.9232323232323232
    }
}