{
    "balanced_accuracy": 0.7885406774295664,
    "accuracy": 0.7924528301886793,
    "log_loss": 0.4437390593989334,
    "roc_auc": 0.7885406774295662,
    "f1": 0.8301886792452831,
    "precision": 0.711764705882353,
    "recall": 0.9958847736625515,
    "inference_time": 0.0849919319152832,
    "training_time": 27.91110861301422,
    "dataset": "jasmine",
    "model": "transformer/cls",
    "fold": "F2",
    "architecture_name": "A24",
    "fs_method": "random_1",
    "fs_percent": 0.9,
    "fs_n_features": 129
}