{
  "dropout": 0.42281139792109096,
  "embedding_size": 128,
  "n_head": 8,
  "n_hid": 1024,
  "n_layers": 4,
  "optimizer__lr": 0.0013013661371451715
}