{
    "balanced_accuracy": 0.9413500377753585,
    "accuracy": 0.9414634146341463,
    "log_loss": 0.16651262051543883,
    "roc_auc": 0.9413500377753586,
    "f1": 0.9441860465116279,
    "precision": 0.9042316258351893,
    "recall": 0.9878345498783455,
    "inference_time": 0.10852694511413574,
    "training_time": 42.69020334879556
}