{
    "balanced_accuracy": 0.8000949667616335,
    "accuracy": 0.8029350104821803,
    "log_loss": 0.47009544411486154,
    "roc_auc": 0.8000949667616335,
    "f1": 0.8309352517985612,
    "precision": 0.7380191693290735,
    "recall": 0.9506172839506173,
    "inference_time": 0.011809110641479492,
    "training_time": 0,
    "dataset": "jasmine",
    "model": "mlp/simple_nd",
    "fold": "F4",
    "architecture_name": "A0",
    "fs_method": "decision_tree",
    "fs_percent": 0.7,
    "fs_n_features": 100
}