{
    "balanced_accuracy": 0.7912026936026937,
    "accuracy": 0.8584772872680743,
    "log_loss": 0.30260621934385173,
    "roc_auc": 0.7912026936026936,
    "f1": 0.9081547915628633,
    "precision": 0.8960996394624713,
    "recall": 0.9205387205387205,
    "inference_time": 0.7940607070922852,
    "training_time": 267.70493948459625
}