{
    "valid_loss": {
        "balanced_accuracy": 0.7563311174422286,
        "accuracy": 0.7589098532494759,
        "log_loss": 0.47073771340234555,
        "roc_auc": 0.7563311174422286,
        "f1": 0.7905282331511839,
        "precision": 0.7091503267973857,
        "recall": 0.8930041152263375
    }
}