{
    "balanced_accuracy": 0.9772727272727273,
    "accuracy": 0.9784735812133072,
    "log_loss": 0.13467299283796594,
    "roc_auc": 0.9772727272727273,
    "f1": 0.9767441860465116,
    "precision": 1.0,
    "recall": 0.9545454545454546,
    "inference_time": 0.05452609062194824,
    "training_time": 73.7256179397756,
    "dataset": "kr-vs-kp",
    "model": "transformer/cls",
    "fold": "F3",
    "architecture_name": "A30",
    "fs_method": "decision_tree",
    "fs_percent": 0.7,
    "fs_n_features": 25
}