{
  "dropout": 0.13644549821454094,
  "embedding_size": 512,
  "n_head": 4,
  "n_hid": 32,
  "n_layers": 4,
  "numerical_passthrough": true,
  "optimizer__lr": 0.004343636278657181
}