{
    "balanced_accuracy": 0.5667690235690236,
    "accuracy": 0.781957773512476,
    "log_loss": 0.4332014884380192,
    "roc_auc": 0.5667690235690236,
    "f1": 0.8723786698621929,
    "precision": 0.7857528332433891,
    "recall": 0.9804713804713805,
    "inference_time": 0.17415928840637207,
    "training_time": 0,
    "dataset": "adult",
    "model": "mlp/simple",
    "fold": "F2",
    "architecture_name": "A0",
    "fs_method": "random_2",
    "fs_percent": 0.4,
    "fs_n_features": 5
}