{
    "balanced_accuracy": 0.9559002433090025,
    "accuracy": 0.9560439560439561,
    "log_loss": 0.14340374718305107,
    "roc_auc": 0.9559002433090024,
    "f1": 0.9578454332552693,
    "precision": 0.9232505643340858,
    "recall": 0.9951338199513382,
    "inference_time": 0.06287312507629395,
    "training_time": 63.44626069623372
}