{
    "balanced_accuracy": 0.4222978465192823,
    "accuracy": 0.6766917293233082
}