{
    "balanced_accuracy": 0.8710270993643359,
    "accuracy": 0.8636363636363636,
    "log_loss": 0.3260585198631623,
    "roc_auc": 0.871027099364336,
    "f1": 0.8598130841121495,
    "precision": 0.7931034482758621,
    "recall": 0.9387755102040817,
    "inference_time": 0.018178939819335938,
    "training_time": 6.814909049442834,
    "dataset": "australian",
    "model": "transformer/cls",
    "fold": "F3",
    "architecture_name": "A19",
    "fs_method": "random_5",
    "fs_percent": 0.9,
    "fs_n_features": 12
}