{
    "balanced_accuracy": 0.39302999416042894,
    "accuracy": 0.6390977443609023
}