{
    "balanced_accuracy": 0.6778293879140056,
    "accuracy": 0.7566792916368104,
    "log_loss": 0.6081754540006156,
    "roc_auc": 0.6778293879140058,
    "f1": 0.8385080508186697,
    "precision": 0.8497659047094465,
    "recall": 0.8275445889768003,
    "inference_time": 0.20392274856567383,
    "training_time": 0,
    "dataset": "adult",
    "model": "mlp/simple_nd",
    "architecture_name": "A0",
    "fs_method": "linear_model",
    "fs_percent": 0.6,
    "fs_n_features": 8
}