{
    "balanced_accuracy": 0.7735042735042735,
    "accuracy": 0.7735849056603774,
    "log_loss": 0.48065956753009303,
    "roc_auc": 0.7735042735042734,
    "f1": 0.7777777777777778,
    "precision": 0.7777777777777778,
    "recall": 0.7777777777777778,
    "inference_time": 0.011400222778320312,
    "training_time": 0,
    "dataset": "jasmine",
    "model": "mlp/simple_nd_nnw",
    "fold": "F2",
    "architecture_name": "A1",
    "fs_method": "decision_tree",
    "fs_percent": 0.4,
    "fs_n_features": 57
}