{
    "balanced_accuracy": 0.66796875,
    "accuracy": 0.66796875
}