{
    "balanced_accuracy": 0.5057279403891698,
    "accuracy": 0.7604422604422605
}