{
    "balanced_accuracy": 0.7775131313131314,
    "accuracy": 0.8651311580294306,
    "log_loss": 0.2968489375678117,
    "roc_auc": 0.7775131313131314,
    "f1": 0.914253172795314,
    "precision": 0.884603274559194,
    "recall": 0.945959595959596,
    "training_time": 0.2596251964569092,
    "inference_time": 0.006669521331787109,
    "dataset": "adult",
    "model": "xgboost",
    "fold": "F2",
    "architecture_name": "A1",
    "fs_method": "random_1",
    "fs_percent": 0.6,
    "fs_n_features": 8
}