{
    "balanced_accuracy": 0.9921502964760822,
    "accuracy": 0.9921722113502935,
    "log_loss": 0.024348910066981894,
    "roc_auc": 0.9921502964760822,
    "f1": 0.9917355371900827,
    "precision": 0.9917355371900827,
    "recall": 0.9917355371900827,
    "inference_time": 0.06146812438964844,
    "training_time": 41.20778400557382,
    "dataset": "kr-vs-kp",
    "model": "transformer/cls",
    "fold": "F1",
    "architecture_name": "A15",
    "fs_method": "none",
    "fs_percent": 1.0,
    "fs_n_features": 36
}