{
    "balanced_accuracy": 0.9464995023377821,
    "accuracy": 0.960101559666304,
    "log_loss": 0.10450077593686556,
    "roc_auc": 0.9464995023377821,
    "f1": 0.9722081859525012,
    "precision": 0.9661059502887271,
    "recall": 0.9783879989829647,
    "inference_time": 1.1760361194610596,
    "training_time": 735.3586918403363
}