{
    "balanced_accuracy": 0.6537380471380472,
    "accuracy": 0.8048624440179143,
    "log_loss": 0.3882572581528315,
    "roc_auc": 0.6537380471380472,
    "f1": 0.8803264537393078,
    "precision": 0.8244891959429663,
    "recall": 0.9442760942760943,
    "inference_time": 0.18331050872802734,
    "training_time": 0,
    "dataset": "adult",
    "model": "mlp/simple_nd_nn",
    "fold": "F1",
    "architecture_name": "A1",
    "fs_method": "decision_tree",
    "fs_percent": 0.5,
    "fs_n_features": 7
}