{
    "balanced_accuracy": 0.5676937441643324,
    "accuracy": 0.3439306358381503
}