{
    "balanced_accuracy": 0.9400762129669387,
    "accuracy": 0.9401709401709402,
    "log_loss": 0.1599004497316554,
    "roc_auc": 0.9400762129669387,
    "f1": 0.9418742586002372,
    "precision": 0.9189814814814815,
    "recall": 0.9659367396593674,
    "training_time": 0.11372256278991699,
    "inference_time": 0.0009646415710449219,
    "dataset": "sylvine",
    "model": "xgboost",
    "fold": "F4",
    "architecture_name": "A0",
    "fs_method": "random_3",
    "fs_percent": 0.8,
    "fs_n_features": 16
}