{
    "balanced_accuracy": 0.72695411593946,
    "accuracy": 0.7683488586344559,
    "log_loss": 0.4864560573556802,
    "roc_auc": 0.7269541159394599,
    "f1": 0.841493310919661,
    "precision": 0.8807917888563049,
    "recall": 0.805551830494837,
    "inference_time": 0.1916954517364502,
    "training_time": 0,
    "dataset": "adult",
    "model": "mlp/simple",
    "architecture_name": "A0",
    "fs_method": "random_2",
    "fs_percent": 0.5,
    "fs_n_features": 7
}