{
    "balanced_accuracy": 0.9181063201979821,
    "accuracy": 0.9182926829268293,
    "log_loss": 0.2431356213838529,
    "roc_auc": 0.9181063201979821,
    "f1": 0.9216374269005848,
    "precision": 0.8893905191873589,
    "recall": 0.9563106796116505,
    "inference_time": 0.015358686447143555,
    "training_time": 0,
    "dataset": "sylvine",
    "model": "mlp/simple_nnw",
    "fold": "F0",
    "architecture_name": "A0",
    "fs_method": "random_1",
    "fs_percent": 0.7,
    "fs_n_features": 14
}