{
    "valid_loss": {
        "balanced_accuracy": 0.517411834828621,
        "accuracy": 0.7594874322326269,
        "log_loss": 0.7129212707195739
    }
}