{
    "balanced_accuracy": 0.8474034479813923,
    "accuracy": 0.8627130939426914,
    "log_loss": 0.33942117362545154,
    "roc_auc": 0.8474034479813923,
    "f1": 0.9017521090201168,
    "precision": 0.9209968186638389,
    "recall": 0.8832951945080092,
    "inference_time": 0.1287529468536377,
    "training_time": 0,
    "dataset": "nomao",
    "model": "mlp/simple_nnw",
    "fold": "F3",
    "architecture_name": "A1",
    "fs_method": "random_5",
    "fs_percent": 0.5,
    "fs_n_features": 59
}