{
    "balanced_accuracy": 0.5897820305874488,
    "accuracy": 0.8018423746161719
}