{
    "balanced_accuracy": 0.6116298811544991,
    "accuracy": 0.6376811594202898
}