{
    "valid_loss": {
        "balanced_accuracy": 0.5596014623198836,
        "accuracy": 0.6593783494105038,
        "log_loss": 0.983146002064751
    }
}