{
    "valid_loss": {
        "balanced_accuracy": 0.9405620519411722,
        "accuracy": 0.9581066376496191,
        "log_loss": 0.10245237747938134,
        "roc_auc": 0.9405620519411722,
        "f1": 0.970954356846473,
        "precision": 0.9604477611940299,
        "recall": 0.9816933638443935
    }
}