{
    "balanced_accuracy": 0.7587175319427739,
    "accuracy": 0.8433079434167573,
    "log_loss": 0.3382325941294427,
    "roc_auc": 0.7587175319427739,
    "f1": 0.8970448045757865,
    "precision": 0.8441354563803544,
    "recall": 0.9570302568014238,
    "inference_time": 0.13967442512512207,
    "training_time": 0,
    "dataset": "nomao",
    "model": "mlp/simple_nd_nn",
    "fold": "F2",
    "architecture_name": "A1",
    "fs_method": "random_2",
    "fs_percent": 0.6,
    "fs_n_features": 70
}