{
    "balanced_accuracy": 0.8242424242424242,
    "accuracy": 0.9158110882956879
}