{
    "balanced_accuracy": 0.7039170506912442,
    "accuracy": 0.7027027027027027,
    "log_loss": 0.5349721906873315,
    "roc_auc": 0.7039170506912443,
    "f1": 0.6796116504854369,
    "precision": 0.6481481481481481,
    "recall": 0.7142857142857143,
    "inference_time": 0.003245115280151367,
    "training_time": 0,
    "dataset": "australian",
    "model": "mlp/simple_nd_nnw",
    "fold": "F1",
    "architecture_name": "A1",
    "fs_method": "random_1",
    "fs_percent": 0.6,
    "fs_n_features": 8
}