{
    "valid_loss": {
        "balanced_accuracy": 0.9383545352394544,
        "accuracy": 0.9579252811026479,
        "log_loss": 0.11060145271498792,
        "roc_auc": 0.9383545352394544,
        "f1": 0.9709054426887384,
        "precision": 0.9579312051472407,
        "recall": 0.9842359521993389
    }
}