{
    "balanced_accuracy": 0.5749657081271738,
    "accuracy": 0.6566632756866735
}