{
    "balanced_accuracy": 0.9065174456879526,
    "accuracy": 0.9099099099099099,
    "log_loss": 0.26997422060217374,
    "roc_auc": 0.9065174456879526,
    "f1": 0.8958333333333334,
    "precision": 0.9148936170212766,
    "recall": 0.8775510204081632,
    "inference_time": 0.015733003616333008,
    "training_time": 4.993443489074707,
    "dataset": "australian",
    "model": "transformer/cls",
    "fold": "F1",
    "architecture_name": "A11",
    "fs_method": "none",
    "fs_percent": 1.0,
    "fs_n_features": 14
}