{
    "balanced_accuracy": 0.9370144706778369,
    "accuracy": 0.9365853658536586,
    "log_loss": 0.31385663113533935,
    "roc_auc": 0.9370144706778369,
    "f1": 0.9375600384245918,
    "precision": 0.9104477611940298,
    "recall": 0.9663366336633663,
    "training_time": 13.359143495559692,
    "inference_time": 0.020032167434692383,
    "dataset": "sylvine",
    "model": "mlp/full",
    "architecture_name": "A0",
    "fs_method": "linear_model",
    "fs_percent": 0.8,
    "fs_n_features": 16
}