{
    "valid_loss": {
        "balanced_accuracy": 0.7730936026936027,
        "accuracy": 0.8592450415866922,
        "log_loss": 0.30489066810180726,
        "roc_auc": 0.7730936026936026,
        "f1": 0.910218739797584,
        "precision": 0.8833967046894804,
        "recall": 0.9387205387205387
    }
}