{
    "valid_loss": {
        "balanced_accuracy": 0.3301514050670273,
        "accuracy": 0.6161428517268833,
        "log_loss": 1.1053537297970384
    }
}