{
    "balanced_accuracy": 0.49230769230769234,
    "accuracy": 0.5217391304347826
}