{
    "balanced_accuracy": 0.9145131353512279,
    "accuracy": 0.9146341463414634,
    "log_loss": 0.23931983258484416,
    "roc_auc": 0.9145131353512278,
    "f1": 0.9170616113744076,
    "precision": 0.8958333333333334,
    "recall": 0.9393203883495146,
    "inference_time": 0.015787601470947266,
    "training_time": 0,
    "dataset": "sylvine",
    "model": "mlp/simple_nnw",
    "fold": "F1",
    "architecture_name": "A0",
    "fs_method": "random_3",
    "fs_percent": 0.5,
    "fs_n_features": 10
}