{
    "balanced_accuracy": 0.9226517174153037,
    "accuracy": 0.9517241379310345
}