{
    "balanced_accuracy": 0.9644689544993702,
    "accuracy": 0.9647749510763209,
    "log_loss": 0.10389467423778506,
    "roc_auc": 0.9644689544993702,
    "f1": 0.9626556016597511,
    "precision": 0.9666666666666667,
    "recall": 0.9586776859504132,
    "inference_time": 0.010781049728393555,
    "training_time": 0,
    "dataset": "kr-vs-kp",
    "model": "mlp/simple_nd_nn",
    "fold": "F4",
    "architecture_name": "A0",
    "fs_method": "none",
    "fs_percent": 1.0,
    "fs_n_features": 36
}