{
    "valid_loss": {
        "balanced_accuracy": 0.9295354263560659,
        "accuracy": 0.9523118766999094,
        "log_loss": 0.12474427145112855,
        "roc_auc": 0.9295354263560659,
        "f1": 0.967104440275172,
        "precision": 0.9517479074347612,
        "recall": 0.9829646580218663
    }
}