{
    "valid_loss": {
        "balanced_accuracy": 0.3303153249440381,
        "accuracy": 0.6177730598627592,
        "log_loss": 1.101663375450017
    }
}