{
    "valid_loss": {
        "balanced_accuracy": 0.9451136228217327,
        "accuracy": 0.9602829162132753,
        "log_loss": 0.10784512454063974,
        "roc_auc": 0.9451136228217327,
        "f1": 0.9723937980587419,
        "precision": 0.96425,
        "recall": 0.9806763285024155
    }
}