{
    "balanced_accuracy": 0.6281043046357616,
    "accuracy": 0.7914572864321608
}