{
    "valid_loss": {
        "balanced_accuracy": 0.7850188552188553,
        "accuracy": 0.8415866922584773,
        "log_loss": 0.3307508333374611,
        "roc_auc": 0.7850188552188553,
        "f1": 0.8955802968960864,
        "precision": 0.8973968897903989,
        "recall": 0.8937710437710438
    }
}