{
    "balanced_accuracy": 0.8578098471986417,
    "accuracy": 0.8695652173913043
}