{
    "balanced_accuracy": 0.9169596487783984,
    "accuracy": 0.9170731707317074,
    "log_loss": 0.23848780969270403,
    "roc_auc": 0.9169596487783985,
    "f1": 0.9209302325581395,
    "precision": 0.8819599109131403,
    "recall": 0.9635036496350365,
    "inference_time": 0.01601433753967285,
    "training_time": 0,
    "dataset": "sylvine",
    "model": "mlp/simple_nd_nn",
    "fold": "F3",
    "architecture_name": "A0",
    "fs_method": "decision_tree",
    "fs_percent": 0.4,
    "fs_n_features": 8
}