{
    "balanced_accuracy": 0.9636455699378248,
    "accuracy": 0.9708015959376134,
    "log_loss": 0.08437436465282099,
    "roc_auc": 0.9636455699378249,
    "f1": 0.9795503619966975,
    "precision": 0.9786802030456853,
    "recall": 0.9804220696669209,
    "training_time": 1.6187717914581299,
    "inference_time": 0.008247852325439453,
    "dataset": "nomao",
    "model": "xgboost",
    "fold": "F2",
    "architecture_name": "A3",
    "fs_method": "random_4",
    "fs_percent": 0.9,
    "fs_n_features": 106
}