{
    "balanced_accuracy": 0.9254814127389217,
    "accuracy": 0.925609756097561,
    "log_loss": 0.19994994837296257,
    "roc_auc": 0.9254814127389217,
    "f1": 0.9294797687861271,
    "precision": 0.8854625550660793,
    "recall": 0.9781021897810219,
    "inference_time": 0.018702268600463867,
    "training_time": 0,
    "dataset": "sylvine",
    "model": "mlp/simple",
    "fold": "F3",
    "architecture_name": "A0",
    "fs_method": "random_1",
    "fs_percent": 0.8,
    "fs_n_features": 16
}