{
    "balanced_accuracy": 0.9578195688599989,
    "accuracy": 0.9662676822633297,
    "log_loss": 0.09295214326211898,
    "roc_auc": 0.9578195688599989,
    "f1": 0.9763839512442865,
    "precision": 0.9751458280497084,
    "recall": 0.9776252224764811,
    "training_time": 1.0817053318023682,
    "inference_time": 0.0074100494384765625,
    "dataset": "nomao",
    "model": "xgboost",
    "fold": "F2",
    "architecture_name": "A2",
    "fs_method": "decision_tree",
    "fs_percent": 0.7,
    "fs_n_features": 82
}