{
    "balanced_accuracy": 0.9650910934283695,
    "accuracy": 0.9647749510763209,
    "log_loss": 0.21298713970434974,
    "roc_auc": 0.9650910934283695,
    "f1": 0.9631147540983607,
    "precision": 0.9552845528455285,
    "recall": 0.9710743801652892,
    "inference_time": 0.05670571327209473,
    "training_time": 75.07244587796073,
    "dataset": "kr-vs-kp",
    "model": "transformer/cls",
    "fold": "F3",
    "architecture_name": "A2",
    "fs_method": "f_classif",
    "fs_percent": 0.8,
    "fs_n_features": 28
}