{
    "balanced_accuracy": 0.7959371835887075,
    "accuracy": 0.8717686204248785,
    "log_loss": 0.28012328770655986,
    "roc_auc": 0.7959371835887075,
    "f1": 0.9177879881851001,
    "precision": 0.895023203712594,
    "recall": 0.9417410338440815,
    "training_time": 0.22944021224975586,
    "inference_time": 0.0037889480590820312,
    "dataset": "adult",
    "model": "xgboost",
    "fold": "F4",
    "architecture_name": "A0",
    "fs_method": "f_classif",
    "fs_percent": 0.9,
    "fs_n_features": 12
}