{
    "balanced_accuracy": 0.6732794612794613,
    "accuracy": 0.8029430582213691,
    "log_loss": 0.42380539291081776,
    "roc_auc": 0.6732794612794613,
    "f1": 0.8768,
    "precision": 0.8353658536585366,
    "recall": 0.9225589225589226,
    "training_time": 0.14360451698303223,
    "inference_time": 0.0028772354125976562,
    "dataset": "adult",
    "model": "xgboost",
    "fold": "F2",
    "architecture_name": "A1",
    "fs_method": "random_5",
    "fs_percent": 0.4,
    "fs_n_features": 5
}