{
    "balanced_accuracy": 0.5070161443916317,
    "accuracy": 0.5969816498027782
}