{
    "balanced_accuracy": 0.7059217129474741,
    "accuracy": 0.7272727272727273,
    "log_loss": 0.5886976735820648,
    "roc_auc": 0.7059217129474741,
    "f1": 0.625,
    "precision": 0.8064516129032258,
    "recall": 0.5102040816326531,
    "training_time": 0.02041006088256836,
    "inference_time": 0.0004875659942626953,
    "dataset": "australian",
    "model": "xgboost",
    "fold": "F4",
    "architecture_name": "A1",
    "fs_method": "linear_model",
    "fs_percent": 0.4,
    "fs_n_features": 5
}