{
    "valid_loss": {
        "balanced_accuracy": 0.8997992639678822,
        "accuracy": 0.9,
        "log_loss": 0.29680454384128685,
        "roc_auc": 0.8997992639678823,
        "f1": 0.8888888888888888,
        "precision": 0.88,
        "recall": 0.8979591836734694
    }
}