{
    "balanced_accuracy": 0.5513179320922892,
    "accuracy": 0.8916849015317286
}