{
    "balanced_accuracy": 0.651766004415011,
    "accuracy": 0.8165829145728644
}