{
    "balanced_accuracy": 0.5124576553698629,
    "accuracy": 0.32264631043256997
}