{
    "balanced_accuracy": 0.558294930875576,
    "accuracy": 0.8973988439306358
}