{
    "balanced_accuracy": 0.40403644823247103,
    "accuracy": 0.5527353798662322
}