{
    "balanced_accuracy": 0.6764402985912331,
    "accuracy": 0.8232659329408754,
    "log_loss": 0.39730511032246374,
    "roc_auc": 0.6764402985912332,
    "f1": 0.8918474430260788,
    "precision": 0.8336749633967789,
    "recall": 0.9587472638491329,
    "training_time": 0.27150940895080566,
    "inference_time": 0.0048370361328125
}