{
    "valid_loss": {
        "balanced_accuracy": 0.7784108895220005,
        "accuracy": 0.779874213836478,
        "log_loss": 0.46118670922801447,
        "roc_auc": 0.7784108895220007,
        "f1": 0.7984644913627639,
        "precision": 0.7482014388489209,
        "recall": 0.8559670781893004
    }
}