{
    "valid_loss": {
        "balanced_accuracy": 0.9435583957971111,
        "accuracy": 0.9588395285584769,
        "log_loss": 0.11102825113469447,
        "roc_auc": 0.9435583957971111,
        "f1": 0.9713781364266801,
        "precision": 0.9634817408704353,
        "recall": 0.9794050343249427
    }
}