{
    "balanced_accuracy": 0.9328520693162958,
    "accuracy": 0.9329268292682927,
    "log_loss": 0.18151684260526038,
    "roc_auc": 0.9328520693162958,
    "f1": 0.935064935064935,
    "precision": 0.908256880733945,
    "recall": 0.9635036496350365,
    "training_time": 0.14584946632385254,
    "inference_time": 0.0010528564453125,
    "dataset": "sylvine",
    "model": "xgboost",
    "fold": "F3",
    "architecture_name": "A1",
    "fs_method": "linear_model",
    "fs_percent": 0.8,
    "fs_n_features": 16
}