{
    "balanced_accuracy": 0.9315272225395013,
    "accuracy": 0.9317073170731708,
    "log_loss": 0.19499857532565168,
    "roc_auc": 0.9315272225395013,
    "f1": 0.9344262295081968,
    "precision": 0.9027149321266968,
    "recall": 0.9684466019417476,
    "training_time": 0.0661783218383789,
    "inference_time": 0.0007178783416748047
}