{
    "balanced_accuracy": 0.8177977818058926,
    "accuracy": 0.8199608610567515,
    "log_loss": 0.2909397577598913,
    "roc_auc": 0.8177977818058927,
    "f1": 0.8034188034188035,
    "precision": 0.831858407079646,
    "recall": 0.7768595041322314,
    "training_time": 0.06910419464111328,
    "inference_time": 0.0008714199066162109,
    "dataset": "kr-vs-kp",
    "model": "xgboost",
    "fold": "F3",
    "architecture_name": "A0",
    "fs_method": "random_5",
    "fs_percent": 0.7,
    "fs_n_features": 25
}