{
    "valid_loss": {
        "balanced_accuracy": 0.7889363722697056,
        "accuracy": 0.790356394129979,
        "log_loss": 0.44855255163075597,
        "roc_auc": 0.7889363722697056,
        "f1": 0.8076923076923077,
        "precision": 0.7581227436823105,
        "recall": 0.8641975308641975
    }
}