{
    "valid_loss": {
        "balanced_accuracy": 0.33084823386356144,
        "accuracy": 0.6187353097278034,
        "log_loss": 1.1068368363986456
    }
}