{
    "valid_loss": {
        "balanced_accuracy": 0.7932390572390573,
        "accuracy": 0.8563019833653231,
        "log_loss": 0.30409480502694813,
        "roc_auc": 0.7932390572390572,
        "f1": 0.9063151747726704,
        "precision": 0.8982966760377047,
        "recall": 0.9144781144781144
    }
}