{
    "balanced_accuracy": 0.7704518518518519,
    "accuracy": 0.8310940499040307,
    "log_loss": 0.36899519624224464,
    "roc_auc": 0.7704518518518517,
    "f1": 0.8886827458256029,
    "precision": 0.8903345724907064,
    "recall": 0.8870370370370371,
    "inference_time": 0.18673038482666016,
    "training_time": 0,
    "dataset": "adult",
    "model": "mlp/simple_nd_nn",
    "fold": "F0",
    "architecture_name": "A1",
    "fs_method": "decision_tree",
    "fs_percent": 0.9,
    "fs_n_features": 12
}