{
    "balanced_accuracy": 0.7044701128136049,
    "accuracy": 0.829536728948042,
    "log_loss": 0.38497777375745035,
    "roc_auc": 0.7044701128136049,
    "f1": 0.893915259636827,
    "precision": 0.8481184826960858,
    "recall": 0.9449402256272099,
    "training_time": 0.3338308334350586,
    "inference_time": 0.007241249084472656,
    "dataset": "adult",
    "model": "xgboost",
    "fold": "F4",
    "architecture_name": "A2",
    "fs_method": "linear_model",
    "fs_percent": 0.7,
    "fs_n_features": 9
}