{
    "balanced_accuracy": 0.5503373118837571,
    "accuracy": 0.7185185185185186
}