{
    "balanced_accuracy": 0.708356290174472,
    "accuracy": 0.7109375,
    "log_loss": 0.49509827333068895,
    "roc_auc": 0.708356290174472,
    "f1": 0.6837606837606838,
    "precision": 0.7079646017699115,
    "recall": 0.6611570247933884,
    "training_time": 0.07258009910583496,
    "inference_time": 0.0009675025939941406,
    "dataset": "kr-vs-kp",
    "model": "xgboost",
    "fold": "F0",
    "architecture_name": "A0",
    "fs_method": "random_1",
    "fs_percent": 0.6,
    "fs_n_features": 21
}