{
    "balanced_accuracy": 0.45434094586911905,
    "accuracy": 0.6351145038167939
}