{
    "balanced_accuracy": 0.5706040268456376,
    "accuracy": 0.5719063545150501
}