{
    "balanced_accuracy": 0.5089517127649829,
    "accuracy": 0.8867614879649891
}