{
    "valid_loss": {
        "balanced_accuracy": 0.9440681214013706,
        "accuracy": 0.960101559666304,
        "log_loss": 0.09889114767329424,
        "roc_auc": 0.9440681214013706,
        "f1": 0.9722921914357683,
        "precision": 0.9630738522954092,
        "recall": 0.9816887080366226
    }
}