{
    "balanced_accuracy": 0.7410734611680239,
    "accuracy": 0.7405857740585774,
    "log_loss": 0.4920852203666473,
    "roc_auc": 0.7410734611680239,
    "f1": 0.7361702127659574,
    "precision": 0.762114537444934,
    "recall": 0.7119341563786008,
    "inference_time": 0.00972127914428711,
    "training_time": 0,
    "dataset": "jasmine",
    "model": "mlp/simple_nd_nn",
    "fold": "F1",
    "architecture_name": "A0",
    "fs_method": "decision_tree",
    "fs_percent": 0.4,
    "fs_n_features": 57
}