{
    "balanced_accuracy": 0.4168461538461539,
    "accuracy": 0.6331658291457286
}