{
    "valid_loss": {
        "balanced_accuracy": 0.7719569023569024,
        "accuracy": 0.8583493282149712,
        "log_loss": 0.3037992800831345,
        "roc_auc": 0.7719569023569024,
        "f1": 0.9096400293853563,
        "precision": 0.8829028680082396,
        "recall": 0.938047138047138
    }
}