{
    "balanced_accuracy": 0.7740219151186932,
    "accuracy": 0.8609247506799638,
    "log_loss": 0.44517920217333906,
    "roc_auc": 0.7740219151186932,
    "f1": 0.9093273436576428,
    "precision": 0.8497569597878922,
    "recall": 0.9778794813119756,
    "inference_time": 0.4753413200378418,
    "training_time": 479.9199761089525,
    "dataset": "nomao",
    "model": "transformer/cls",
    "fold": "F0",
    "architecture_name": "A28",
    "fs_method": "random_5",
    "fs_percent": 0.5,
    "fs_n_features": 59
}