{
    "balanced_accuracy": 0.4765822639218239,
    "accuracy": 0.588182092252035
}