{
    "balanced_accuracy": 0.8609902977584476,
    "accuracy": 0.8636363636363636,
    "log_loss": 0.38469475958168603,
    "roc_auc": 0.8609902977584477,
    "f1": 0.845360824742268,
    "precision": 0.8541666666666666,
    "recall": 0.8367346938775511,
    "training_time": 0.0230867862701416,
    "inference_time": 0.0005049705505371094,
    "dataset": "australian",
    "model": "xgboost",
    "fold": "F4",
    "architecture_name": "A0",
    "fs_method": "decision_tree",
    "fs_percent": 0.9,
    "fs_n_features": 12
}