{
    "balanced_accuracy": 0.692163644255423,
    "accuracy": 0.797911547911548
}