{
    "balanced_accuracy": 0.7671946759068284,
    "accuracy": 0.8046789989118607,
    "log_loss": 0.5423243845858883,
    "roc_auc": 0.7671946759068283,
    "f1": 0.8619761630142253,
    "precision": 0.8689922480620155,
    "recall": 0.855072463768116,
    "inference_time": 0.17252254486083984,
    "training_time": 0,
    "dataset": "nomao",
    "model": "mlp/simple_nd",
    "fold": "F3",
    "architecture_name": "A1",
    "fs_method": "f_classif",
    "fs_percent": 0.4,
    "fs_n_features": 47
}