{
    "balanced_accuracy": 0.9449481248810203,
    "accuracy": 0.9451219512195121,
    "log_loss": 0.1486695725483383,
    "roc_auc": 0.9449481248810204,
    "f1": 0.9472450175849941,
    "precision": 0.9160997732426304,
    "recall": 0.9805825242718447,
    "inference_time": 0.07433390617370605,
    "training_time": 57.610082838270415,
    "dataset": "sylvine",
    "model": "transformer/cls",
    "fold": "F1",
    "architecture_name": "A1",
    "fs_method": "none",
    "fs_percent": 1.0,
    "fs_n_features": 20
}