{
    "balanced_accuracy": 0.9919429168330824,
    "accuracy": 0.9921722113502935,
    "log_loss": 0.02244022245383562,
    "roc_auc": 0.9919429168330824,
    "f1": 0.991701244813278,
    "precision": 0.9958333333333333,
    "recall": 0.987603305785124,
    "inference_time": 0.07350659370422363,
    "training_time": 27.09239947168451
}