{
    "valid_loss": {
        "balanced_accuracy": 0.5376026171922726,
        "accuracy": 0.7730219509421087,
        "log_loss": 0.7106517742010486
    }
}