{
    "balanced_accuracy": 0.947492251589837,
    "accuracy": 0.947560975609756,
    "log_loss": 0.14045512917428474,
    "roc_auc": 0.947492251589837,
    "f1": 0.9491124260355029,
    "precision": 0.923963133640553,
    "recall": 0.975669099756691,
    "training_time": 0.10274171829223633,
    "inference_time": 0.0009286403656005859,
    "dataset": "sylvine",
    "model": "xgboost",
    "fold": "F3",
    "architecture_name": "A0",
    "fs_method": "decision_tree",
    "fs_percent": 0.7,
    "fs_n_features": 14
}