{
    "valid_loss": {
        "balanced_accuracy": 0.9371860940024809,
        "accuracy": 0.957026291931097,
        "log_loss": 0.11172577543707407,
        "roc_auc": 0.9371860940024808,
        "f1": 0.9702821316614421,
        "precision": 0.9571994062345374,
        "recall": 0.9837274345283499
    }
}