{
    "balanced_accuracy": 0.9147252090800477,
    "accuracy": 0.9568345323741008
}