{
    "balanced_accuracy": 0.8844634628044766,
    "accuracy": 0.8828828828828829,
    "log_loss": 0.3309915065118284,
    "roc_auc": 0.8844634628044766,
    "f1": 0.8712871287128713,
    "precision": 0.8461538461538461,
    "recall": 0.8979591836734694,
    "training_time": 0.03309011459350586,
    "inference_time": 0.0005505084991455078,
    "dataset": "australian",
    "model": "xgboost",
    "fold": "F1",
    "architecture_name": "A2",
    "fs_method": "decision_tree",
    "fs_percent": 0.7,
    "fs_n_features": 9
}