{
    "valid_loss": {
        "balanced_accuracy": 0.9462805107819017,
        "accuracy": 0.9613710554951034,
        "log_loss": 0.10133310731787132,
        "roc_auc": 0.9462805107819017,
        "f1": 0.9731501323585025,
        "precision": 0.9647588102974256,
        "recall": 0.9816887080366226
    }
}