{
    "valid_loss": {
        "balanced_accuracy": 0.5195621303096823,
        "accuracy": 0.768481310182728,
        "log_loss": 0.6985127882796348
    }
}