{
    "balanced_accuracy": 0.9242218732153056,
    "accuracy": 0.9243902439024391,
    "log_loss": 0.2197256535573873,
    "roc_auc": 0.9242218732153055,
    "f1": 0.9272300469483568,
    "precision": 0.8977272727272727,
    "recall": 0.9587378640776699,
    "training_time": 15.47933316230774,
    "inference_time": 0.017164945602416992,
    "dataset": "sylvine",
    "model": "mlp/full_nd_nn",
    "fold": "F0",
    "architecture_name": "A0",
    "fs_method": "none",
    "fs_percent": 1.0,
    "fs_n_features": 20
}