{
    "balanced_accuracy": 0.9093116147076434,
    "accuracy": 0.9394269133115706,
    "log_loss": 0.1710893725329383,
    "roc_auc": 0.9093116147076434,
    "f1": 0.958468042775429,
    "precision": 0.9379411048917011,
    "recall": 0.9799135519959319,
    "inference_time": 0.738595724105835,
    "training_time": 415.6724113102617,
    "dataset": "nomao",
    "model": "transformer/cls",
    "fold": "F3",
    "architecture_name": "A28",
    "fs_method": "f_classif",
    "fs_percent": 0.8,
    "fs_n_features": 94
}