{
    "valid_loss": {
        "balanced_accuracy": 0.9365254998542526,
        "accuracy": 0.9365853658536586,
        "log_loss": 0.18192028076311395,
        "roc_auc": 0.9365254998542527,
        "f1": 0.9382422802850356,
        "precision": 0.9164733178654292,
        "recall": 0.9610705596107056
    }
}