{
    "balanced_accuracy": 0.5350531727413702,
    "accuracy": 0.6382273138378053
}