{
    "balanced_accuracy": 0.7750870528648306,
    "accuracy": 0.7777777777777778,
    "log_loss": 0.4697762611040988,
    "roc_auc": 0.7750870528648306,
    "f1": 0.8079710144927537,
    "precision": 0.7216828478964401,
    "recall": 0.9176954732510288,
    "inference_time": 0.05114245414733887,
    "training_time": 41.6348729878664,
    "dataset": "jasmine",
    "model": "transformer/cls",
    "fold": "F4",
    "architecture_name": "A24",
    "fs_method": "random_4",
    "fs_percent": 0.5,
    "fs_n_features": 72
}