{
    "balanced_accuracy": 0.7921737055595324,
    "accuracy": 0.8031088082901554
}