{
    "balanced_accuracy": 0.8628303780528606,
    "accuracy": 0.8545454545454545,
    "log_loss": 0.32550506139966956,
    "roc_auc": 0.8628303780528606,
    "f1": 0.8518518518518519,
    "precision": 0.7796610169491526,
    "recall": 0.9387755102040817,
    "training_time": 1.7271380424499512,
    "inference_time": 0.004453420639038086,
    "dataset": "australian",
    "model": "mlp/full",
    "fold": "F3",
    "architecture_name": "A1",
    "fs_method": "f_classif",
    "fs_percent": 0.9,
    "fs_n_features": 12
}