{
    "balanced_accuracy": 0.6465992647058824,
    "accuracy": 0.705,
    "log_loss": 1.254303967968091,
    "roc_auc": 0.6465992647058824,
    "f1": 0.512396694214876,
    "precision": 0.543859649122807,
    "recall": 0.484375
}