{
    "balanced_accuracy": 0.7460526315789473,
    "accuracy": 0.7851851851851852
}