{
    "balanced_accuracy": 0.3874951616541711,
    "accuracy": 0.5232067510548524
}