{
    "balanced_accuracy": 0.8403743315508021,
    "accuracy": 0.9014373716632443
}