{
    "balanced_accuracy": 0.44072537557614117,
    "accuracy": 0.5192546583850932
}