{
    "balanced_accuracy": 0.5119617224880383,
    "accuracy": 0.888402625820569
}