{
    "balanced_accuracy": 0.9367049888285326,
    "accuracy": 0.9561117156329344,
    "log_loss": 0.11792164890306125,
    "roc_auc": 0.9367049888285326,
    "f1": 0.9696285140562249,
    "precision": 0.9573729863692689,
    "recall": 0.9822018815153827,
    "training_time": 234.4188106060028,
    "inference_time": 0.16654706001281738,
    "dataset": "nomao",
    "model": "mlp/full",
    "fold": "F3",
    "architecture_name": "A1",
    "fs_method": "linear_model",
    "fs_percent": 0.5,
    "fs_n_features": 59
}