{
    "valid_loss": {
        "balanced_accuracy": 0.544270511997366,
        "accuracy": 0.7812571081962242,
        "log_loss": 0.6607767767190001
    }
}