{
    "valid_loss": {
        "balanced_accuracy": 0.9299801749848563,
        "accuracy": 0.9532100108813928,
        "log_loss": 0.1174652138856878,
        "roc_auc": 0.9299801749848562,
        "f1": 0.96775,
        "precision": 0.9515732546705998,
        "recall": 0.9844862665310274
    }
}