{
    "balanced_accuracy": 0.9960751482380411,
    "accuracy": 0.9960861056751468,
    "log_loss": 0.02399119765703659,
    "roc_auc": 0.9960751482380412,
    "f1": 0.9958677685950413,
    "precision": 0.9958677685950413,
    "recall": 0.9958677685950413,
    "training_time": 0.10039710998535156,
    "inference_time": 0.0014462471008300781
}