{
    "balanced_accuracy": 0.8018219832735962,
    "accuracy": 0.9064748201438849
}