{
    "balanced_accuracy": 0.953809912751611,
    "accuracy": 0.9664551223934723,
    "log_loss": 0.08796928769446177,
    "roc_auc": 0.9538099127516111,
    "f1": 0.976644363085469,
    "precision": 0.9699097291875627,
    "recall": 0.9834731756928553,
    "training_time": 1.194380760192871,
    "inference_time": 0.00861501693725586,
    "dataset": "nomao",
    "model": "xgboost",
    "fold": "F1",
    "architecture_name": "A1",
    "fs_method": "random_5",
    "fs_percent": 0.9,
    "fs_n_features": 106
}