{
    "balanced_accuracy": 0.7982663514578408,
    "accuracy": 0.799163179916318,
    "log_loss": 0.43041956679013116,
    "roc_auc": 0.798266351457841,
    "f1": 0.8117647058823529,
    "precision": 0.7752808988764045,
    "recall": 0.8518518518518519,
    "inference_time": 0.011676311492919922,
    "training_time": 0,
    "dataset": "jasmine",
    "model": "mlp/simple_nd_nnw",
    "fold": "F0",
    "architecture_name": "A1",
    "fs_method": "decision_tree",
    "fs_percent": 0.9,
    "fs_n_features": 129
}