{
    "valid_loss": {
        "balanced_accuracy": 0.7817037037037038,
        "accuracy": 0.8470889315419066,
        "log_loss": 0.3190974746050095,
        "roc_auc": 0.7817037037037037,
        "f1": 0.9002087682672234,
        "precision": 0.8931234465617233,
        "recall": 0.9074074074074074
    }
}