{
    "balanced_accuracy": 0.42810712369459125,
    "accuracy": 0.5361001543474533
}