{
    "balanced_accuracy": 0.8095238095238095,
    "accuracy": 0.8020833333333334
}