{
    "valid_loss": {
        "balanced_accuracy": 0.9413857310275493,
        "accuracy": 0.9414634146341463,
        "log_loss": 0.16707561286817338,
        "roc_auc": 0.9413857310275493,
        "f1": 0.9433962264150944,
        "precision": 0.9153318077803204,
        "recall": 0.9732360097323601
    }
}