{
    "valid_loss": {
        "balanced_accuracy": 0.9428062268020956,
        "accuracy": 0.9593834995466909,
        "log_loss": 0.11092617124414252,
        "roc_auc": 0.9428062268020957,
        "f1": 0.9718097155801662,
        "precision": 0.9621230999252429,
        "recall": 0.9816933638443935
    }
}