{
    "balanced_accuracy": 0.5158730158730158,
    "accuracy": 0.2106782106782107
}