{
    "valid_loss": {
        "balanced_accuracy": 0.9523605558728345,
        "accuracy": 0.9524390243902439,
        "log_loss": 0.16507885313718934,
        "roc_auc": 0.9523605558728346,
        "f1": 0.953405017921147,
        "precision": 0.9388235294117647,
        "recall": 0.9684466019417476
    }
}