{
    "balanced_accuracy": 0.9623795060112705,
    "accuracy": 0.9625,
    "log_loss": 0.24300315234045217,
    "roc_auc": 0.9623795060112705,
    "f1": 0.9616613418530351,
    "precision": 0.9741100323624595,
    "recall": 0.9495268138801262,
    "inference_time": 0.07427430152893066,
    "training_time": 0,
    "dataset": "kr-vs-kp",
    "model": "transformer/cls",
    "architecture_name": "A2",
    "fs_method": "random_5",
    "fs_percent": 0.7,
    "fs_n_features": 25
}