{
    "balanced_accuracy": 0.9505769521919458,
    "accuracy": 0.9631912964641886,
    "log_loss": 0.0989647696042273,
    "roc_auc": 0.9505769521919457,
    "f1": 0.9743460128901807,
    "precision": 0.9685929648241206,
    "recall": 0.9801678108314263,
    "inference_time": 1.0123085975646973,
    "training_time": 566.4853946461398,
    "dataset": "nomao",
    "model": "transformer/cls",
    "fold": "F0",
    "architecture_name": "A13",
    "fs_method": "none",
    "fs_percent": 1.0,
    "fs_n_features": 118
}