{
    "balanced_accuracy": 0.28941176470588237,
    "accuracy": 0.15555555555555556
}