{
    "balanced_accuracy": 0.5916569879984515,
    "accuracy": 0.6275862068965518
}