{
    "balanced_accuracy": 0.7746913580246914,
    "accuracy": 0.7777777777777778,
    "log_loss": 0.4542647095280262,
    "roc_auc": 0.7746913580246914,
    "f1": 0.8113879003558719,
    "precision": 0.7147335423197492,
    "recall": 0.9382716049382716,
    "inference_time": 0.13652849197387695,
    "training_time": 63.23367387056351
}