{
    "balanced_accuracy": 0.9299837069875307,
    "accuracy": 0.9522704192659219,
    "log_loss": 0.12630011913753342,
    "roc_auc": 0.9299837069875307,
    "f1": 0.9672734507112305,
    "precision": 0.9540816326530612,
    "recall": 0.9808351825701029,
    "training_time": 66.7581033706665,
    "inference_time": 0.12567520141601562,
    "dataset": "nomao",
    "model": "mlp/full_nd_nnw",
    "architecture_name": "A0",
    "fs_method": "none",
    "fs_percent": 1.0,
    "fs_n_features": 118
}