{
    "valid_loss": {
        "balanced_accuracy": 0.33932951282901513,
        "accuracy": 0.6165598817151307,
        "log_loss": 1.1049076214351758
    }
}