{
    "balanced_accuracy": 0.7980149295616545,
    "accuracy": 0.8704888661377016,
    "log_loss": 0.2760735951573379,
    "roc_auc": 0.7980149295616547,
    "f1": 0.9166803886053022,
    "precision": 0.8968906073787659,
    "recall": 0.9373631924566426,
    "training_time": 0.5607376098632812,
    "inference_time": 0.009588003158569336
}