{
    "balanced_accuracy": 0.9556026440989033,
    "accuracy": 0.9644541167936163,
    "log_loss": 0.08935491939704622,
    "roc_auc": 0.9556026440989033,
    "f1": 0.9751142712036567,
    "precision": 0.9738777580522445,
    "recall": 0.9763539282990084,
    "training_time": 0.4275949001312256,
    "inference_time": 0.0035185813903808594,
    "dataset": "nomao",
    "model": "xgboost",
    "fold": "F2",
    "architecture_name": "A0",
    "fs_method": "random_1",
    "fs_percent": 0.6,
    "fs_n_features": 70
}