{
  "dropout": 0.31949930043322516,
  "embedding_size": 512,
  "n_head": 4,
  "n_hid": 256,
  "n_layers": 3,
  "numerical_passthrough": false,
  "optimizer__lr": 0.0007368096862837272
}