{
    "balanced_accuracy": 0.8719238686288365,
    "accuracy": 0.87279843444227,
    "log_loss": 0.24633846242980095,
    "roc_auc": 0.8719238686288365,
    "f1": 0.8643006263048016,
    "precision": 0.8734177215189873,
    "recall": 0.8553719008264463,
    "training_time": 0.07319283485412598,
    "inference_time": 0.0009243488311767578,
    "dataset": "kr-vs-kp",
    "model": "xgboost",
    "fold": "F2",
    "architecture_name": "A1",
    "fs_method": "random_2",
    "fs_percent": 0.5,
    "fs_n_features": 18
}