{
    "balanced_accuracy": 0.29275362318840575,
    "accuracy": 0.14444444444444443
}