{
    "valid_loss": {
        "balanced_accuracy": 0.7614751503640392,
        "accuracy": 0.7651991614255765,
        "log_loss": 0.4423073570801852,
        "roc_auc": 0.7614751503640392,
        "f1": 0.8062283737024222,
        "precision": 0.6955223880597015,
        "recall": 0.9588477366255144
    }
}