{
    "valid_loss": {
        "balanced_accuracy": 0.5208807880868985,
        "accuracy": 0.7627857603214923,
        "log_loss": 0.7161556434517286
    }
}