{
    "balanced_accuracy": 0.8595912284436875,
    "accuracy": 0.8623188405797102,
    "log_loss": 0.33202552312528405,
    "roc_auc": 0.8595912284436874,
    "f1": 0.8429752066115702,
    "precision": 0.85,
    "recall": 0.8360655737704918,
    "inference_time": 0.0034394264221191406,
    "training_time": 0,
    "dataset": "australian",
    "model": "mlp/simple_nd_nn",
    "architecture_name": "A0",
    "fs_method": "random_4",
    "fs_percent": 0.9,
    "fs_n_features": 12
}