{
    "balanced_accuracy": 0.8314988622046859,
    "accuracy": 0.83125,
    "log_loss": 0.37988840248159494,
    "roc_auc": 0.8314988622046859,
    "f1": 0.8343558282208589,
    "precision": 0.8119402985074626,
    "recall": 0.8580441640378549,
    "inference_time": 0.01517033576965332,
    "training_time": 0,
    "dataset": "kr-vs-kp",
    "model": "mlp/simple_nd_nn",
    "architecture_name": "A1",
    "fs_method": "random_2",
    "fs_percent": 0.7,
    "fs_n_features": 25
}