{
    "balanced_accuracy": 0.8946675444371297,
    "accuracy": 0.8918918918918919,
    "log_loss": 0.32428611858395634,
    "roc_auc": 0.8946675444371296,
    "f1": 0.8823529411764706,
    "precision": 0.8490566037735849,
    "recall": 0.9183673469387755,
    "training_time": 0.031112194061279297,
    "inference_time": 0.0005166530609130859,
    "dataset": "australian",
    "model": "xgboost",
    "fold": "F1",
    "architecture_name": "A2",
    "fs_method": "decision_tree",
    "fs_percent": 0.8,
    "fs_n_features": 11
}