{
    "valid_loss": {
        "balanced_accuracy": 0.5675918984602567,
        "accuracy": 0.7864427342002502,
        "log_loss": 0.6631162648471344
    }
}