{
    "balanced_accuracy": 0.9215727341964965,
    "accuracy": 0.9209756097560976,
    "log_loss": 0.22190614379317664,
    "roc_auc": 0.9215727341964965,
    "f1": 0.9230769230769231,
    "precision": 0.8868613138686131,
    "recall": 0.9623762376237623,
    "inference_time": 0.0197446346282959,
    "training_time": 0,
    "dataset": "sylvine",
    "model": "mlp/simple_nnw",
    "architecture_name": "A0",
    "fs_method": "random_4",
    "fs_percent": 0.8,
    "fs_n_features": 16
}