{
    "valid_loss": {
        "balanced_accuracy": 0.7700145254532189,
        "accuracy": 0.8587151266956744,
        "log_loss": 0.30185262751059583,
        "roc_auc": 0.7700145254532188,
        "f1": 0.9100684261974584,
        "precision": 0.881489663878807,
        "recall": 0.940562384239771
    }
}