{
    "valid_loss": {
        "balanced_accuracy": 0.788163170006174,
        "accuracy": 0.862170463271052,
        "log_loss": 0.3024571976557442,
        "roc_auc": 0.7881631700061738,
        "f1": 0.9112045510759337,
        "precision": 0.892730210016155,
        "recall": 0.9304596733456811
    }
}