{
    "balanced_accuracy": 0.7868576303530337,
    "accuracy": 0.8626823649859227,
    "log_loss": 0.30492892456340426,
    "roc_auc": 0.7868576303530337,
    "f1": 0.9116945107398569,
    "precision": 0.8916613007083065,
    "recall": 0.9326485940394006,
    "inference_time": 0.8612298965454102,
    "training_time": 332.10831046104425,
    "dataset": "adult",
    "model": "transformer/cls",
    "fold": "F3",
    "architecture_name": "A22",
    "fs_method": "random_2",
    "fs_percent": 0.9,
    "fs_n_features": 12
}