{
    "balanced_accuracy": 0.9881291431804647,
    "accuracy": 0.9949047676816692
}