{
    "balanced_accuracy": 0.9258895802606371,
    "accuracy": 0.9390642002176278,
    "log_loss": 0.15527803544716953,
    "roc_auc": 0.9258895802606371,
    "f1": 0.9572627830068685,
    "precision": 0.9577500636294223,
    "recall": 0.9567759979659293,
    "inference_time": 0.15747332572937012,
    "training_time": 0,
    "dataset": "nomao",
    "model": "mlp/simple_nd",
    "fold": "F3",
    "architecture_name": "A1",
    "fs_method": "random_4",
    "fs_percent": 0.6,
    "fs_n_features": 70
}