{
    "balanced_accuracy": 0.7614249158249158,
    "accuracy": 0.8326295585412667,
    "log_loss": 0.3518970505437876,
    "roc_auc": 0.7614249158249159,
    "f1": 0.8908180300500834,
    "precision": 0.8834437086092716,
    "recall": 0.8983164983164983,
    "inference_time": 0.14867377281188965,
    "training_time": 0,
    "dataset": "adult",
    "model": "mlp/simple_nd_nnw",
    "fold": "F1",
    "architecture_name": "A0",
    "fs_method": "random_4",
    "fs_percent": 0.9,
    "fs_n_features": 12
}