{
  "dropout": 0.1764782684150532,
  "embedding_size": 32,
  "n_head": 1,
  "n_hid": 128,
  "n_layers": 4,
  "optimizer__lr": 0.058010658023172915
}