{
    "balanced_accuracy": 0.6587655034046693,
    "accuracy": 0.6588693957115009
}