{
    "valid_loss": {
        "balanced_accuracy": 0.7995460515238255,
        "accuracy": 0.8658817507038649,
        "log_loss": 0.29090709879470944,
        "roc_auc": 0.7995460515238255,
        "f1": 0.9131011608623549,
        "precision": 0.8995262212056854,
        "recall": 0.9270921030476511
    }
}