{
    "balanced_accuracy": 0.7985652400995422,
    "accuracy": 0.8062622309197651,
    "log_loss": 0.7226881858447901,
    "roc_auc": 0.7985652400995423,
    "f1": 0.7614457831325301,
    "precision": 0.9132947976878613,
    "recall": 0.6528925619834711,
    "inference_time": 0.06272077560424805,
    "training_time": 93.5032592941733
}