{
    "valid_loss": {
        "balanced_accuracy": 0.7836639730639731,
        "accuracy": 0.8595009596928983,
        "log_loss": 0.30347648890191703,
        "roc_auc": 0.7836639730639731,
        "f1": 0.9095551894563426,
        "precision": 0.890483870967742,
        "recall": 0.9294612794612794
    }
}