{
    "valid_loss": {
        "balanced_accuracy": 0.9433588620776001,
        "accuracy": 0.957207615593835,
        "log_loss": 0.11531944252266632,
        "roc_auc": 0.9433588620776,
        "f1": 0.9701718907987866,
        "precision": 0.9645639607941694,
        "recall": 0.9758454106280193
    }
}