{
    "balanced_accuracy": 0.7956709956709956,
    "accuracy": 0.8706365503080082
}