{
    "balanced_accuracy": 0.7414529914529915,
    "accuracy": 0.7421383647798742,
    "log_loss": 0.49322126686452394,
    "roc_auc": 0.7414529914529914,
    "f1": 0.7544910179640718,
    "precision": 0.7325581395348837,
    "recall": 0.7777777777777778,
    "inference_time": 0.011398077011108398,
    "training_time": 0,
    "dataset": "jasmine",
    "model": "mlp/simple_nnw",
    "fold": "F4",
    "architecture_name": "A1",
    "fs_method": "decision_tree",
    "fs_percent": 0.4,
    "fs_n_features": 57
}