{
    "balanced_accuracy": 0.9413619355260888,
    "accuracy": 0.9414634146341463,
    "log_loss": 0.15130836165182382,
    "roc_auc": 0.9413619355260889,
    "f1": 0.9439252336448598,
    "precision": 0.9078651685393259,
    "recall": 0.9829683698296837,
    "training_time": 0.09678435325622559,
    "inference_time": 0.0010499954223632812
}