{
    "balanced_accuracy": 0.7958124552612742,
    "accuracy": 0.8031088082901554
}