{
    "balanced_accuracy": 0.9316771664316861,
    "accuracy": 0.9317073170731708,
    "log_loss": 0.18957696936428584,
    "roc_auc": 0.9316771664316861,
    "f1": 0.9326923076923077,
    "precision": 0.9216152019002375,
    "recall": 0.9440389294403893,
    "inference_time": 0.10605263710021973,
    "training_time": 48.34494694796474
}