{
    "balanced_accuracy": 0.7813650050184008,
    "accuracy": 0.7909090909090909,
    "log_loss": 0.47321817157535173,
    "roc_auc": 0.7813650050184008,
    "f1": 0.7472527472527473,
    "precision": 0.8095238095238095,
    "recall": 0.6938775510204082,
    "inference_time": 0.0026581287384033203,
    "training_time": 0,
    "dataset": "australian",
    "model": "mlp/simple_nd_nn",
    "fold": "F3",
    "architecture_name": "A0",
    "fs_method": "random_2",
    "fs_percent": 0.5,
    "fs_n_features": 7
}