{
    "balanced_accuracy": 0.6275167785234899,
    "accuracy": 0.62751677852349
}