{
    "valid_loss": {
        "balanced_accuracy": 0.3371186057924965,
        "accuracy": 0.6148305406020168,
        "log_loss": 1.1140298064357799
    }
}