{
    "valid_loss": {
        "balanced_accuracy": 0.7828558922558922,
        "accuracy": 0.8444017914267434,
        "log_loss": 0.32368709445358884,
        "roc_auc": 0.7828558922558922,
        "f1": 0.8980036906559302,
        "precision": 0.8948512203276496,
        "recall": 0.9011784511784512
    }
}