{
    "balanced_accuracy": 0.9602287557576117,
    "accuracy": 0.9686253173739572,
    "log_loss": 0.08623788997563679,
    "roc_auc": 0.9602287557576117,
    "f1": 0.9780484710062175,
    "precision": 0.9761904761904762,
    "recall": 0.9799135519959319,
    "training_time": 2.0059995651245117,
    "inference_time": 0.009020566940307617
}