{
    "balanced_accuracy": 0.9421641217856156,
    "accuracy": 0.9412915851272016,
    "log_loss": 0.11515940559684149,
    "roc_auc": 0.9421641217856155,
    "f1": 0.9392712550607287,
    "precision": 0.9206349206349206,
    "recall": 0.9586776859504132,
    "training_time": 0.06967639923095703,
    "inference_time": 0.0007941722869873047,
    "dataset": "kr-vs-kp",
    "model": "xgboost",
    "fold": "F4",
    "architecture_name": "A2",
    "fs_method": "random_4",
    "fs_percent": 0.7,
    "fs_n_features": 25
}