{
    "balanced_accuracy": 0.531578947368421,
    "accuracy": 0.6666666666666666
}