{
    "balanced_accuracy": 0.8937619757291888,
    "accuracy": 0.8985507246376812,
    "log_loss": 0.5210777661000126,
    "roc_auc": 0.8937619757291888,
    "f1": 0.8813559322033898,
    "precision": 0.9122807017543859,
    "recall": 0.8524590163934426
}