{
    "balanced_accuracy": 0.9355334115717664,
    "accuracy": 0.9546690843155031,
    "log_loss": 0.12715703598961156,
    "roc_auc": 0.9355334115717664,
    "f1": 0.9686008540567697,
    "precision": 0.9570613055348722,
    "recall": 0.9804220696669209,
    "training_time": 127.40922474861145,
    "inference_time": 0.12911295890808105,
    "dataset": "nomao",
    "model": "mlp/full",
    "fold": "F1",
    "architecture_name": "A0",
    "fs_method": "f_classif",
    "fs_percent": 0.8,
    "fs_n_features": 94
}