{
    "balanced_accuracy": 0.9713651668197123,
    "accuracy": 0.970703125,
    "log_loss": 0.09494135008599758,
    "roc_auc": 0.9713651668197123,
    "f1": 0.9694501018329938,
    "precision": 0.9558232931726908,
    "recall": 0.9834710743801653,
    "inference_time": 0.0128936767578125,
    "training_time": 0,
    "dataset": "kr-vs-kp",
    "model": "mlp/simple_nd_nn",
    "fold": "F0",
    "architecture_name": "A1",
    "fs_method": "random_4",
    "fs_percent": 0.9,
    "fs_n_features": 32
}