{
    "balanced_accuracy": 0.7733459955682178,
    "accuracy": 0.7756813417190775,
    "log_loss": 0.43728712878128845,
    "roc_auc": 0.7733459955682178,
    "f1": 0.8029465930018416,
    "precision": 0.7266666666666667,
    "recall": 0.897119341563786,
    "training_time": 5.885952472686768,
    "inference_time": 0.012137413024902344,
    "dataset": "jasmine",
    "model": "mlp/full_nd_nn",
    "fold": "F4",
    "architecture_name": "A1",
    "fs_method": "none",
    "fs_percent": 1.0,
    "fs_n_features": 144
}