{
    "valid_loss": {
        "balanced_accuracy": 0.803948866123807,
        "accuracy": 0.805439330543933,
        "log_loss": 0.4144283800451434,
        "roc_auc": 0.803948866123807,
        "f1": 0.8235294117647058,
        "precision": 0.7640845070422535,
        "recall": 0.8930041152263375
    }
}