{
    "balanced_accuracy": 0.525693691244226,
    "accuracy": 0.8758205689277899
}