{
    "balanced_accuracy": 0.5283472878202377,
    "accuracy": 0.5299145299145299,
    "log_loss": 1.221740920877758,
    "roc_auc": 0.5283472878202377,
    "f1": 0.6712211784799317,
    "precision": 0.5171052631578947,
    "recall": 0.9562043795620438,
    "inference_time": 0.10547757148742676,
    "training_time": 40.771506491829356,
    "dataset": "sylvine",
    "model": "transformer/cls",
    "fold": "F4",
    "architecture_name": "A26",
    "fs_method": "random_2",
    "fs_percent": 0.6,
    "fs_n_features": 12
}