{
    "valid_loss": {
        "balanced_accuracy": 0.947324275543243,
        "accuracy": 0.9610083424011607,
        "log_loss": 0.09853336552321117,
        "roc_auc": 0.9473242755432432,
        "f1": 0.9728501073367849,
        "precision": 0.9663823381836427,
        "recall": 0.9794050343249427
    }
}