{
    "balanced_accuracy": 0.5671698589574519,
    "accuracy": 0.6615776081424937
}