{
    "balanced_accuracy": 0.7578683798617027,
    "accuracy": 0.7089378990133488
}