{
    "balanced_accuracy": 0.96467633414237,
    "accuracy": 0.9647749510763209,
    "log_loss": 0.1519370359427774,
    "roc_auc": 0.96467633414237,
    "f1": 0.9628099173553719,
    "precision": 0.9628099173553719,
    "recall": 0.9628099173553719,
    "inference_time": 0.012051820755004883,
    "training_time": 0,
    "dataset": "kr-vs-kp",
    "model": "mlp/simple_nd",
    "fold": "F3",
    "architecture_name": "A0",
    "fs_method": "f_classif",
    "fs_percent": 0.5,
    "fs_n_features": 18
}