{
    "balanced_accuracy": 0.3987722985552618,
    "accuracy": 0.5204968944099378
}