{
    "balanced_accuracy": 0.9029240576496674,
    "accuracy": 0.987152034261242
}