{
    "balanced_accuracy": 0.5649194139194139,
    "accuracy": 0.7060301507537688
}