{
  "dropout": 0.3394864033618322,
  "embedding_size": 32,
  "n_head": 16,
  "n_hid": 128,
  "n_layers": 1,
  "numerical_passthrough": false,
  "optimizer__lr": 0.05439133853442684
}