{
    "valid_loss": {
        "balanced_accuracy": 0.5850168817899569,
        "accuracy": 0.6649158537892593,
        "log_loss": 0.9720688280860873
    }
}