{
    "valid_loss": {
        "balanced_accuracy": 0.9429890952771065,
        "accuracy": 0.9588320638375045,
        "log_loss": 0.1031179874768616,
        "roc_auc": 0.9429890952771065,
        "f1": 0.9713925645872716,
        "precision": 0.962777916562578,
        "recall": 0.9801627670396744
    }
}