{
    "balanced_accuracy": 0.7783317505539729,
    "accuracy": 0.7819706498951782,
    "log_loss": 0.4612827266588519,
    "roc_auc": 0.7783317505539726,
    "f1": 0.8194444444444444,
    "precision": 0.7087087087087087,
    "recall": 0.9711934156378601,
    "inference_time": 0.2434077262878418,
    "training_time": 77.999592369253,
    "dataset": "jasmine",
    "model": "transformer/cls",
    "fold": "F3",
    "architecture_name": "A31",
    "fs_method": "none",
    "fs_percent": 1.0,
    "fs_n_features": 144
}