{
    "balanced_accuracy": 0.5552631578947368,
    "accuracy": 0.6592592592592592
}