{
    "balanced_accuracy": 0.7057544329207093,
    "accuracy": 0.7181818181818181,
    "log_loss": 0.6047239623063579,
    "roc_auc": 0.7057544329207093,
    "f1": 0.651685393258427,
    "precision": 0.725,
    "recall": 0.5918367346938775,
    "inference_time": 0.0031893253326416016,
    "training_time": 0,
    "dataset": "australian",
    "model": "mlp/simple_nd_nnw",
    "fold": "F4",
    "architecture_name": "A1",
    "fs_method": "random_3",
    "fs_percent": 0.6,
    "fs_n_features": 8
}