{
    "balanced_accuracy": 0.8759052007899935,
    "accuracy": 0.8828828828828829,
    "log_loss": 0.26177631430556786,
    "roc_auc": 0.8759052007899935,
    "f1": 0.8602150537634409,
    "precision": 0.9090909090909091,
    "recall": 0.8163265306122449,
    "training_time": 0.03366732597351074,
    "inference_time": 0.0005586147308349609,
    "dataset": "australian",
    "model": "xgboost",
    "fold": "F1",
    "architecture_name": "A0",
    "fs_method": "linear_model",
    "fs_percent": 0.9,
    "fs_n_features": 12
}