{
    "balanced_accuracy": 0.5499979797979798,
    "accuracy": 0.7717210492642355,
    "log_loss": 0.474258760466257,
    "roc_auc": 0.5499979797979798,
    "f1": 0.8666865939321476,
    "precision": 0.779226014512228,
    "recall": 0.9762626262626263,
    "inference_time": 0.15018963813781738,
    "training_time": 0,
    "dataset": "adult",
    "model": "mlp/simple_nd_nnw",
    "fold": "F0",
    "architecture_name": "A0",
    "fs_method": "random_2",
    "fs_percent": 0.4,
    "fs_n_features": 5
}