{
    "balanced_accuracy": 0.7613168724279835,
    "accuracy": 0.7651991614255765,
    "log_loss": 0.4630997924501059,
    "roc_auc": 0.7613168724279835,
    "f1": 0.8075601374570447,
    "precision": 0.6932153392330384,
    "recall": 0.9670781893004116,
    "inference_time": 0.056732892990112305,
    "training_time": 27.91110861301422,
    "dataset": "jasmine",
    "model": "transformer/cls",
    "fold": "F2",
    "architecture_name": "A24",
    "fs_method": "linear_model",
    "fs_percent": 0.6,
    "fs_n_features": 86
}