{
    "valid_loss": {
        "balanced_accuracy": 0.7658303030303031,
        "accuracy": 0.8387715930902111,
        "log_loss": 0.3535557049208819,
        "roc_auc": 0.765830303030303,
        "f1": 0.8952095808383234,
        "precision": 0.8846153846153846,
        "recall": 0.906060606060606
    }
}