{
    "balanced_accuracy": 0.7422781144781145,
    "accuracy": 0.8307101727447217,
    "log_loss": 0.3688080027668809,
    "roc_auc": 0.7422781144781145,
    "f1": 0.8912096044733163,
    "precision": 0.8710818196431442,
    "recall": 0.9122895622895623,
    "inference_time": 0.5292747020721436,
    "training_time": 243.1162618001302
}