{
    "valid_loss": {
        "balanced_accuracy": 0.5863247456853731,
        "accuracy": 0.6724544480171489,
        "log_loss": 0.947849228752399
    }
}