{
    "balanced_accuracy": 0.9193323314727351,
    "accuracy": 0.9194139194139194,
    "log_loss": 0.23798286052220238,
    "roc_auc": 0.9193323314727352,
    "f1": 0.9214285714285714,
    "precision": 0.9020979020979021,
    "recall": 0.9416058394160584,
    "inference_time": 0.01729893684387207,
    "training_time": 0,
    "dataset": "sylvine",
    "model": "mlp/simple_nd_nn",
    "fold": "F4",
    "architecture_name": "A0",
    "fs_method": "decision_tree",
    "fs_percent": 0.6,
    "fs_n_features": 12
}