{
    "valid_loss": {
        "balanced_accuracy": 0.9907063197026023,
        "accuracy": 0.9902152641878669,
        "log_loss": 0.019463868282859228,
        "roc_auc": 0.9907063197026023,
        "f1": 0.9897750511247444,
        "precision": 0.979757085020243,
        "recall": 1.0
    }
}