{
    "balanced_accuracy": 0.6918261697748012,
    "accuracy": 0.684931506849315,
    "log_loss": 0.890977180358398,
    "roc_auc": 0.691826169774801,
    "f1": 0.7119856887298748,
    "precision": 0.6277602523659306,
    "recall": 0.8223140495867769,
    "inference_time": 0.012374639511108398,
    "training_time": 0,
    "dataset": "kr-vs-kp",
    "model": "mlp/simple_nd_nn",
    "fold": "F4",
    "architecture_name": "A1",
    "fs_method": "random_5",
    "fs_percent": 0.6,
    "fs_n_features": 21
}