{
    "balanced_accuracy": 0.10229728472164777,
    "accuracy": 0.4222999222999223
}