{
    "balanced_accuracy": 0.5928533575592398,
    "accuracy": 0.9219653179190751
}