{
    "balanced_accuracy": 0.7424384787472036,
    "accuracy": 0.7424749163879598
}