{
    "valid_loss": {
        "balanced_accuracy": 0.9411038540138099,
        "accuracy": 0.9593761334784185,
        "log_loss": 0.1008391998369606,
        "roc_auc": 0.9411038540138099,
        "f1": 0.9718663652348656,
        "precision": 0.9600496277915632,
        "recall": 0.9839776195320448
    }
}