{
    "balanced_accuracy": 0.826710816777042,
    "accuracy": 0.9095477386934674
}