{
    "valid_loss": {
        "balanced_accuracy": 0.7927350427350427,
        "accuracy": 0.7945492662473794,
        "log_loss": 0.4248436981116331,
        "roc_auc": 0.7927350427350426,
        "f1": 0.8150943396226416,
        "precision": 0.7526132404181185,
        "recall": 0.8888888888888888
    }
}