{
    "balanced_accuracy": 0.8823238973008558,
    "accuracy": 0.8828828828828829,
    "log_loss": 0.28132997959912137,
    "roc_auc": 0.8823238973008558,
    "f1": 0.8686868686868687,
    "precision": 0.86,
    "recall": 0.8775510204081632,
    "inference_time": 0.0035314559936523438,
    "training_time": 0,
    "dataset": "australian",
    "model": "mlp/simple_nd_nn",
    "fold": "F1",
    "architecture_name": "A1",
    "fs_method": "none",
    "fs_percent": 1.0,
    "fs_n_features": 14
}