{
    "balanced_accuracy": 0.38813314222009876,
    "accuracy": 0.6491228070175439
}