{
    "balanced_accuracy": 0.5439293389173594,
    "accuracy": 0.6278511404561825
}