{
    "balanced_accuracy": 0.6489104377104378,
    "accuracy": 0.8014075495841331,
    "log_loss": 0.4382095186244694,
    "roc_auc": 0.6489104377104378,
    "f1": 0.8782172002510985,
    "precision": 0.8224573780129336,
    "recall": 0.9420875420875421,
    "inference_time": 0.17691922187805176,
    "training_time": 0,
    "dataset": "adult",
    "model": "mlp/simple_nd",
    "fold": "F2",
    "architecture_name": "A0",
    "fs_method": "random_1",
    "fs_percent": 0.5,
    "fs_n_features": 7
}