{
    "balanced_accuracy": 0.9547401484865792,
    "accuracy": 0.9548780487804878,
    "log_loss": 0.13753526087288548,
    "roc_auc": 0.9547401484865792,
    "f1": 0.9563164108618654,
    "precision": 0.9310344827586207,
    "recall": 0.9830097087378641,
    "training_time": 0.15446782112121582,
    "inference_time": 0.0012488365173339844,
    "dataset": "sylvine",
    "model": "xgboost",
    "fold": "F1",
    "architecture_name": "A2",
    "fs_method": "f_classif",
    "fs_percent": 0.6,
    "fs_n_features": 12
}