{
    "valid_loss": {
        "balanced_accuracy": 0.5397426663748204,
        "accuracy": 0.7771248767912654,
        "log_loss": 0.6761336075057759
    }
}