{
    "balanced_accuracy": 0.6565656565656566,
    "accuracy": 0.868421052631579
}