{
    "balanced_accuracy": 0.9247181964573269,
    "accuracy": 0.926829268292683
}