{
    "balanced_accuracy": 0.5476787414651362,
    "accuracy": 0.6451723546561482
}