{
    "valid_loss": {
        "balanced_accuracy": 0.6111611308366747,
        "accuracy": 0.6903536977491962,
        "log_loss": 0.8982355981681094
    }
}