{
    "balanced_accuracy": 0.3324609574296672,
    "accuracy": 0.566412213740458
}