{
    "valid_loss": {
        "balanced_accuracy": 0.566986877022524,
        "accuracy": 0.6553054662379422,
        "log_loss": 0.9790594061416248
    }
}