{
    "balanced_accuracy": 0.6627946127946128,
    "accuracy": 0.799488163787588,
    "log_loss": 0.45500744526074266,
    "roc_auc": 0.6627946127946128,
    "f1": 0.8752686460240389,
    "precision": 0.8301373999698022,
    "recall": 0.9255892255892256,
    "inference_time": 0.14742374420166016,
    "training_time": 0,
    "dataset": "adult",
    "model": "mlp/simple_nnw",
    "fold": "F0",
    "architecture_name": "A0",
    "fs_method": "random_2",
    "fs_percent": 0.5,
    "fs_n_features": 7
}