{
    "balanced_accuracy": 0.9958677685950413,
    "accuracy": 0.99609375,
    "log_loss": 0.01708356937177087,
    "roc_auc": 0.9958677685950413,
    "f1": 0.995850622406639,
    "precision": 1.0,
    "recall": 0.9917355371900827,
    "training_time": 0.0938255786895752,
    "inference_time": 0.00125885009765625,
    "dataset": "kr-vs-kp",
    "model": "xgboost",
    "fold": "F0",
    "architecture_name": "A3",
    "fs_method": "none",
    "fs_percent": 1.0,
    "fs_n_features": 36
}