{
    "balanced_accuracy": 0.6785837502156288,
    "accuracy": 0.8457997698504027
}