{
    "balanced_accuracy": 0.547135114208285,
    "accuracy": 0.5793103448275863
}