{
    "balanced_accuracy": 0.5930831902115957,
    "accuracy": 0.794471461479396,
    "log_loss": 0.487359018524206,
    "roc_auc": 0.5930831902115956,
    "f1": 0.8787924528301887,
    "precision": 0.796334290794693,
    "recall": 0.9802997137565247,
    "inference_time": 0.16295957565307617,
    "training_time": 0,
    "dataset": "adult",
    "model": "mlp/simple",
    "fold": "F3",
    "architecture_name": "A0",
    "fs_method": "linear_model",
    "fs_percent": 0.4,
    "fs_n_features": 5
}