{
    "balanced_accuracy": 0.5269747231159162,
    "accuracy": 0.6595419847328244
}