{
    "balanced_accuracy": 0.9768656487142462,
    "accuracy": 0.9765166340508806,
    "log_loss": 0.07414409192197817,
    "roc_auc": 0.9768656487142462,
    "f1": 0.9754098360655737,
    "precision": 0.967479674796748,
    "recall": 0.9834710743801653,
    "training_time": 0.07356667518615723,
    "inference_time": 0.0011153221130371094,
    "dataset": "kr-vs-kp",
    "model": "xgboost",
    "fold": "F2",
    "architecture_name": "A3",
    "fs_method": "decision_tree",
    "fs_percent": 0.4,
    "fs_n_features": 14
}