{
    "balanced_accuracy": 0.9475416182733256,
    "accuracy": 0.9448275862068966
}