{
    "balanced_accuracy": 0.9340425531914893,
    "accuracy": 0.9477611940298507
}