{
    "balanced_accuracy": 0.5934535104364327,
    "accuracy": 0.7974683544303798
}