{
    "balanced_accuracy": 0.6615776762550503,
    "accuracy": 0.8161531374756884,
    "log_loss": 0.4219203077679195,
    "roc_auc": 0.6615776762550503,
    "f1": 0.8880299251870324,
    "precision": 0.8297797972736806,
    "recall": 0.9550757677350141,
    "training_time": 121.18300771713257,
    "inference_time": 0.19221806526184082,
    "dataset": "adult",
    "model": "mlp/full",
    "architecture_name": "A0",
    "fs_method": "linear_model",
    "fs_percent": 0.6,
    "fs_n_features": 8
}