{
    "balanced_accuracy": 0.35013602007562816,
    "accuracy": 0.583969465648855
}