{
    "balanced_accuracy": 0.5684626321393941,
    "accuracy": 0.5682926829268292,
    "log_loss": 1.1708918181793966,
    "roc_auc": 0.568462632139394,
    "f1": 0.5366492146596858,
    "precision": 0.5807365439093485,
    "recall": 0.49878345498783455,
    "inference_time": 0.09902596473693848,
    "training_time": 48.70678048663669,
    "dataset": "sylvine",
    "model": "transformer/cls",
    "fold": "F2",
    "architecture_name": "A26",
    "fs_method": "random_1",
    "fs_percent": 0.6,
    "fs_n_features": 12
}