{
    "valid_loss": {
        "balanced_accuracy": 0.9290163011736086,
        "accuracy": 0.9499546690843155,
        "log_loss": 0.13006106541098003,
        "roc_auc": 0.9290163011736086,
        "f1": 0.9653701380175659,
        "precision": 0.9529353480307159,
        "recall": 0.9781337401474701
    }
}