{
    "balanced_accuracy": 0.7842255892255892,
    "accuracy": 0.8592450415866922,
    "log_loss": 0.3044123122151545,
    "roc_auc": 0.7842255892255893,
    "f1": 0.909315746084089,
    "precision": 0.8909531502423264,
    "recall": 0.9284511784511784,
    "inference_time": 0.9810140132904053,
    "training_time": 345.2057288374218,
    "dataset": "adult",
    "model": "transformer/cls",
    "fold": "F2",
    "architecture_name": "A31",
    "fs_method": "none",
    "fs_percent": 1.0,
    "fs_n_features": 14
}