{
    "balanced_accuracy": 0.9268077601410935,
    "accuracy": 0.9236111111111112
}