{
    "balanced_accuracy": 0.8772141706924316,
    "accuracy": 0.8780487804878049
}