{
    "valid_loss": {
        "balanced_accuracy": 0.3315310012409661,
        "accuracy": 0.6196451588444917,
        "log_loss": 1.106496234977112
    }
}