{
    "balanced_accuracy": 0.7627406291932701,
    "accuracy": 0.7135544635544635
}