{
    "balanced_accuracy": 0.4910432507790051,
    "accuracy": 0.6144743611730407
}