{
    "balanced_accuracy": 0.9165594665128899,
    "accuracy": 0.9421577515865821,
    "log_loss": 0.14791703961026084,
    "roc_auc": 0.9165594665128899,
    "f1": 0.960129983752031,
    "precision": 0.9441986234021632,
    "recall": 0.9766081871345029,
    "training_time": 144.56212401390076,
    "inference_time": 0.10468792915344238,
    "dataset": "nomao",
    "model": "mlp/full_nnw",
    "fold": "F0",
    "architecture_name": "A0",
    "fs_method": "none",
    "fs_percent": 1.0,
    "fs_n_features": 118
}