{
    "valid_loss": {
        "balanced_accuracy": 0.9437226346849419,
        "accuracy": 0.9439024390243902,
        "log_loss": 0.14935281305110804,
        "roc_auc": 0.943722634684942,
        "f1": 0.9461358313817331,
        "precision": 0.9140271493212669,
        "recall": 0.9805825242718447
    }
}