{
    "balanced_accuracy": 0.7360855218855219,
    "accuracy": 0.8354446577095329,
    "log_loss": 0.349490753085484,
    "roc_auc": 0.7360855218855218,
    "f1": 0.8954471544715448,
    "precision": 0.865880503144654,
    "recall": 0.9271043771043771,
    "inference_time": 0.17360281944274902,
    "training_time": 0,
    "dataset": "adult",
    "model": "mlp/simple",
    "fold": "F2",
    "architecture_name": "A0",
    "fs_method": "random_2",
    "fs_percent": 0.9,
    "fs_n_features": 12
}