{
    "balanced_accuracy": 0.859985509496455,
    "accuracy": 0.9097008159564823,
    "log_loss": 0.27994910358960795,
    "roc_auc": 0.859985509496455,
    "f1": 0.939119804400978,
    "precision": 0.9044031080762891,
    "recall": 0.9766081871345029,
    "inference_time": 0.15247011184692383,
    "training_time": 0,
    "dataset": "nomao",
    "model": "mlp/simple_nd",
    "fold": "F0",
    "architecture_name": "A1",
    "fs_method": "random_4",
    "fs_percent": 0.8,
    "fs_n_features": 94
}