{
    "balanced_accuracy": 0.5723684210526316,
    "accuracy": 0.5924764890282131
}