{
    "balanced_accuracy": 0.814026792750197,
    "accuracy": 0.8158995815899581,
    "log_loss": 0.39820470658313395,
    "roc_auc": 0.8140267927501971,
    "f1": 0.8364312267657993,
    "precision": 0.7627118644067796,
    "recall": 0.9259259259259259,
    "training_time": 0.059456586837768555,
    "inference_time": 0.0007610321044921875,
    "dataset": "jasmine",
    "model": "xgboost",
    "fold": "F1",
    "architecture_name": "A0",
    "fs_method": "random_1",
    "fs_percent": 0.7,
    "fs_n_features": 100
}