{
    "balanced_accuracy": 0.7182090812145704,
    "accuracy": 0.8418223701049399,
    "log_loss": 0.3361805822707018,
    "roc_auc": 0.7182090812145703,
    "f1": 0.9018268467037331,
    "precision": 0.8535558562622162,
    "recall": 0.9558848290958074,
    "inference_time": 0.1777951717376709,
    "training_time": 0,
    "dataset": "adult",
    "model": "mlp/simple_nd",
    "fold": "F3",
    "architecture_name": "A0",
    "fs_method": "random_1",
    "fs_percent": 0.7,
    "fs_n_features": 9
}