{
    "valid_loss": {
        "balanced_accuracy": 0.5966333927084738,
        "accuracy": 0.6745980707395498,
        "log_loss": 0.9466889109613544
    }
}