{
    "balanced_accuracy": 0.9584489439091499,
    "accuracy": 0.9660863257163583,
    "log_loss": 0.08826264798046914,
    "roc_auc": 0.95844894390915,
    "f1": 0.9762298207703063,
    "precision": 0.9761057447890188,
    "recall": 0.9763539282990084,
    "training_time": 0.5613617897033691,
    "inference_time": 0.003738880157470703,
    "dataset": "nomao",
    "model": "xgboost",
    "fold": "F2",
    "architecture_name": "A0",
    "fs_method": "random_3",
    "fs_percent": 0.8,
    "fs_n_features": 94
}