{
    "balanced_accuracy": 0.94131064834693,
    "accuracy": 0.9413919413919414,
    "log_loss": 0.14909218939108485,
    "roc_auc": 0.9413106483469301,
    "f1": 0.9428571428571428,
    "precision": 0.9230769230769231,
    "recall": 0.9635036496350365,
    "training_time": 0.19249749183654785,
    "inference_time": 0.0011970996856689453,
    "dataset": "sylvine",
    "model": "xgboost",
    "fold": "F4",
    "architecture_name": "A2",
    "fs_method": "random_4",
    "fs_percent": 0.9,
    "fs_n_features": 18
}