{
    "balanced_accuracy": 0.5169207763076623,
    "accuracy": 0.18490153172866522
}