{
    "balanced_accuracy": 0.45058883768561186,
    "accuracy": 0.18497109826589594
}