{
    "valid_loss": {
        "balanced_accuracy": 0.937331227857891,
        "accuracy": 0.955386289445049,
        "log_loss": 0.11283887401930989,
        "roc_auc": 0.937331227857891,
        "f1": 0.9690643863179075,
        "precision": 0.9586961930828565,
        "recall": 0.9796592931604373
    }
}