{
    "valid_loss": {
        "balanced_accuracy": 0.3365387085866716,
        "accuracy": 0.6201379937826977,
        "log_loss": 1.1051709064376078
    }
}