{
    "balanced_accuracy": 0.7096012524865747,
    "accuracy": 0.8245470365441704,
    "log_loss": 0.45131018108263704,
    "roc_auc": 0.7096012524865747,
    "f1": 0.8897890946502057,
    "precision": 0.8547251389746757,
    "recall": 0.9278530240042913,
    "inference_time": 1.0889437198638916,
    "training_time": 0,
    "dataset": "adult",
    "model": "transformer/cls",
    "architecture_name": "A22",
    "fs_method": "random_4",
    "fs_percent": 0.5,
    "fs_n_features": 7
}