{
    "valid_loss": {
        "balanced_accuracy": 0.8061297412583488,
        "accuracy": 0.8639621192730995,
        "log_loss": 0.2945870139047076,
        "roc_auc": 0.8061297412583488,
        "f1": 0.9111129693118154,
        "precision": 0.9049833887043189,
        "recall": 0.9173261491833642
    }
}