{
    "valid_loss": {
        "balanced_accuracy": 0.6041040296559066,
        "accuracy": 0.6768488745980707,
        "log_loss": 0.9281679323323336
    }
}