{
    "balanced_accuracy": 0.5142764414833685,
    "accuracy": 0.3316378433367243
}