{
    "balanced_accuracy": 0.7468588426783409,
    "accuracy": 0.83849500895828,
    "log_loss": 0.35200622123151737,
    "roc_auc": 0.7468588426783409,
    "f1": 0.8967773597251758,
    "precision": 0.8719580085891522,
    "recall": 0.9230510186900152,
    "training_time": 0.37836527824401855,
    "inference_time": 0.0057408809661865234,
    "dataset": "adult",
    "model": "xgboost",
    "fold": "F3",
    "architecture_name": "A3",
    "fs_method": "random_3",
    "fs_percent": 0.6,
    "fs_n_features": 8
}