{
    "balanced_accuracy": 0.7685976574865463,
    "accuracy": 0.7693920335429769,
    "log_loss": 0.4506335058782102,
    "roc_auc": 0.7685976574865463,
    "f1": 0.7817460317460317,
    "precision": 0.7547892720306514,
    "recall": 0.8106995884773662,
    "training_time": 4.073080062866211,
    "inference_time": 0.009213685989379883,
    "dataset": "jasmine",
    "model": "mlp/full_nd_nnw",
    "fold": "F2",
    "architecture_name": "A0",
    "fs_method": "none",
    "fs_percent": 1.0,
    "fs_n_features": 144
}