{
    "balanced_accuracy": 0.9449781737512524,
    "accuracy": 0.945054945054945,
    "log_loss": 0.14879571200921932,
    "roc_auc": 0.9449781737512524,
    "f1": 0.9463647199046484,
    "precision": 0.927570093457944,
    "recall": 0.9659367396593674,
    "inference_time": 0.08958125114440918,
    "training_time": 46.00266981124878,
    "dataset": "sylvine",
    "model": "transformer/cls",
    "fold": "F4",
    "architecture_name": "A25",
    "fs_method": "none",
    "fs_percent": 1.0,
    "fs_n_features": 20
}