{
    "balanced_accuracy": 0.8085194629635319,
    "accuracy": 0.8062622309197651,
    "log_loss": 0.9172019661902004,
    "roc_auc": 0.8085194629635319,
    "f1": 0.8062622309197651,
    "precision": 0.7657992565055762,
    "recall": 0.8512396694214877,
    "inference_time": 0.011754989624023438,
    "training_time": 0,
    "dataset": "kr-vs-kp",
    "model": "mlp/simple",
    "fold": "F4",
    "architecture_name": "A0",
    "fs_method": "random_2",
    "fs_percent": 0.8,
    "fs_n_features": 28
}