{
    "balanced_accuracy": 0.839564955700769,
    "accuracy": 0.8886470801595938,
    "log_loss": 0.266867075791282,
    "roc_auc": 0.839564955700769,
    "f1": 0.9244028564393006,
    "precision": 0.8959427207637232,
    "recall": 0.9547304170905392,
    "inference_time": 0.12626171112060547,
    "training_time": 0,
    "dataset": "nomao",
    "model": "mlp/simple_nnw",
    "fold": "F4",
    "architecture_name": "A1",
    "fs_method": "random_2",
    "fs_percent": 0.5,
    "fs_n_features": 59
}