{
    "balanced_accuracy": 0.4570421502867461,
    "accuracy": 0.5366459627329192
}