{
  "dropout": 0.39940931961984977,
  "embedding_size": 32,
  "n_head": 32,
  "n_hid": 32,
  "n_layers": 3,
  "numerical_passthrough": true,
  "optimizer__lr": 4.002001527868097e-05
}