{
    "valid_loss": {
        "balanced_accuracy": 0.8110952833175056,
        "accuracy": 0.8134171907756813,
        "log_loss": 0.40586627952285476,
        "roc_auc": 0.8110952833175055,
        "f1": 0.8360957642725598,
        "precision": 0.7566666666666667,
        "recall": 0.934156378600823
    }
}