{
    "balanced_accuracy": 0.3926835981583686,
    "accuracy": 0.6065699006875478
}