{
    "valid_loss": {
        "balanced_accuracy": 0.3345641603712164,
        "accuracy": 0.6163324108124503,
        "log_loss": 1.1100767303273675
    }
}