{
    "balanced_accuracy": 0.5223700647157905,
    "accuracy": 0.7665847665847666
}