{
  "dropout": 0.22344788892690218,
  "embedding_size": 128,
  "n_head": 32,
  "n_hid": 128,
  "n_layers": 3,
  "numerical_passthrough": false,
  "optimizer__lr": 0.07383692265595636
}