{
    "balanced_accuracy": 0.9639953542392566,
    "accuracy": 0.9655172413793104
}