{
    "balanced_accuracy": 0.96105039294328,
    "accuracy": 0.9689880304678999,
    "log_loss": 0.08489410855670475,
    "roc_auc": 0.9610503929432799,
    "f1": 0.9782912276247302,
    "precision": 0.9769269776876268,
    "recall": 0.9796592931604373,
    "training_time": 1.8597352504730225,
    "inference_time": 0.008109569549560547
}