{
    "valid_loss": {
        "balanced_accuracy": 0.9261294728462239,
        "accuracy": 0.9517591585056221,
        "log_loss": 0.1205043581720293,
        "roc_auc": 0.9261294728462239,
        "f1": 0.9668411867364747,
        "precision": 0.9481662591687041,
        "recall": 0.986266531027467
    }
}