{
    "balanced_accuracy": 0.545067396437638,
    "accuracy": 0.8916849015317286
}