{
    "balanced_accuracy": 0.36679080424125765,
    "accuracy": 0.5862595419847328
}