{
    "balanced_accuracy": 0.9316712175563209,
    "accuracy": 0.9317073170731708,
    "log_loss": 0.19531503305781167,
    "roc_auc": 0.9316712175563209,
    "f1": 0.9328537170263789,
    "precision": 0.9196217494089834,
    "recall": 0.9464720194647201,
    "inference_time": 0.10724520683288574,
    "training_time": 48.70678048663669,
    "dataset": "sylvine",
    "model": "transformer/cls",
    "fold": "F2",
    "architecture_name": "A26",
    "fs_method": "decision_tree",
    "fs_percent": 0.4,
    "fs_n_features": 8
}