{
    "balanced_accuracy": 0.7941176470588236,
    "accuracy": 0.9666666666666667
}