{
    "balanced_accuracy": 0.962890625,
    "accuracy": 0.962890625
}