{
    "balanced_accuracy": 0.921698169191645,
    "accuracy": 0.9446862531737396,
    "log_loss": 0.1391683598606908,
    "roc_auc": 0.921698169191645,
    "f1": 0.9617746584785061,
    "precision": 0.9483440434997529,
    "recall": 0.9755911517925248,
    "inference_time": 0.1275947093963623,
    "training_time": 0,
    "dataset": "nomao",
    "model": "mlp/simple",
    "fold": "F2",
    "architecture_name": "A0",
    "fs_method": "random_2",
    "fs_percent": 0.8,
    "fs_n_features": 94
}