{
    "balanced_accuracy": 0.5940099446431195,
    "accuracy": 0.6739572736520855
}