{
    "balanced_accuracy": 0.9030608456501006,
    "accuracy": 0.929102447869447,
    "log_loss": 0.17491702728991848,
    "roc_auc": 0.9030608456501006,
    "f1": 0.9509717868338557,
    "precision": 0.938149430974765,
    "recall": 0.9641495041952708,
    "inference_time": 0.5379178524017334,
    "training_time": 438.9888441379252,
    "dataset": "nomao",
    "model": "transformer/cls",
    "fold": "F0",
    "architecture_name": "A24",
    "fs_method": "decision_tree",
    "fs_percent": 0.6,
    "fs_n_features": 70
}