{
    "balanced_accuracy": 0.5525488295391745,
    "accuracy": 0.8791028446389497
}