{
    "balanced_accuracy": 0.7582304526748971,
    "accuracy": 0.7589098532494759,
    "log_loss": 0.47164912460832503,
    "roc_auc": 0.7582304526748972,
    "f1": 0.7704590818363274,
    "precision": 0.748062015503876,
    "recall": 0.7942386831275721,
    "inference_time": 0.011664867401123047,
    "training_time": 0,
    "dataset": "jasmine",
    "model": "mlp/simple_nnw",
    "fold": "F4",
    "architecture_name": "A1",
    "fs_method": "random_5",
    "fs_percent": 0.7,
    "fs_n_features": 100
}