{
    "balanced_accuracy": 0.8807294478530567,
    "accuracy": 0.902430177729416,
    "log_loss": 0.23808639470688409,
    "roc_auc": 0.8807294478530567,
    "f1": 0.9316043732519705,
    "precision": 0.9316043732519705,
    "recall": 0.9316043732519705,
    "inference_time": 0.156585693359375,
    "training_time": 0,
    "dataset": "nomao",
    "model": "mlp/simple_nd",
    "fold": "F2",
    "architecture_name": "A1",
    "fs_method": "linear_model",
    "fs_percent": 0.4,
    "fs_n_features": 47
}