{
    "balanced_accuracy": 0.6764069264069263,
    "accuracy": 0.703125
}