{
    "balanced_accuracy": 0.8671796587487455,
    "accuracy": 0.8727272727272727,
    "log_loss": 0.31478917427941894,
    "roc_auc": 0.8671796587487455,
    "f1": 0.851063829787234,
    "precision": 0.8888888888888888,
    "recall": 0.8163265306122449,
    "inference_time": 0.01339578628540039,
    "training_time": 3.8958184719085693,
    "dataset": "australian",
    "model": "transformer/cls",
    "fold": "F2",
    "architecture_name": "A21",
    "fs_method": "none",
    "fs_percent": 1.0,
    "fs_n_features": 14
}