{
    "valid_loss": {
        "balanced_accuracy": 0.9473634113839711,
        "accuracy": 0.947560975609756,
        "log_loss": 0.1514056227676429,
        "roc_auc": 0.9473634113839712,
        "f1": 0.9498249708284714,
        "precision": 0.9146067415730337,
        "recall": 0.9878640776699029
    }
}