{
    "valid_loss": {
        "balanced_accuracy": 0.9463629648606571,
        "accuracy": 0.9582879941965905,
        "log_loss": 0.10752156617947728,
        "roc_auc": 0.9463629648606572,
        "f1": 0.9708639473017482,
        "precision": 0.9674324665488513,
        "recall": 0.9743198576150521
    }
}