{
    "balanced_accuracy": 0.520934864885083,
    "accuracy": 0.6217600964436407
}