{
    "balanced_accuracy": 0.4541877515338214,
    "accuracy": 0.6917293233082706
}