{
    "balanced_accuracy": 0.6864113576712001,
    "accuracy": 0.7357512953367875
}