{
  "dropout": 0.36999254930413394,
  "embedding_size": 1024,
  "n_head": 16,
  "n_hid": 1024,
  "n_layers": 2,
  "numerical_passthrough": false,
  "optimizer__lr": 0.0018642097816564576
}