{
    "balanced_accuracy": 0.6497592561846256,
    "accuracy": 0.6515625,
    "log_loss": 1.4442254794829459,
    "roc_auc": 0.6497592561846256,
    "f1": 0.5653021442495126,
    "precision": 0.7397959183673469,
    "recall": 0.45741324921135645,
    "inference_time": 0.012249231338500977,
    "training_time": 0,
    "dataset": "kr-vs-kp",
    "model": "mlp/simple_nd_nnw",
    "architecture_name": "A0",
    "fs_method": "random_2",
    "fs_percent": 0.5,
    "fs_n_features": 18
}