{
    "valid_loss": {
        "balanced_accuracy": 0.8007110063422573,
        "accuracy": 0.8662656769900179,
        "log_loss": 0.2901294424554193,
        "roc_auc": 0.8007110063422576,
        "f1": 0.9132995934622086,
        "precision": 0.9002289826627412,
        "recall": 0.9267553460178481
    }
}