{
    "balanced_accuracy": 0.7622665400443178,
    "accuracy": 0.7651991614255765,
    "log_loss": 0.45160700120732844,
    "roc_auc": 0.7622665400443178,
    "f1": 0.7992831541218638,
    "precision": 0.707936507936508,
    "recall": 0.9176954732510288,
    "inference_time": 0.011470317840576172,
    "training_time": 0,
    "dataset": "jasmine",
    "model": "mlp/simple_nd_nnw",
    "fold": "F4",
    "architecture_name": "A1",
    "fs_method": "f_classif",
    "fs_percent": 0.5,
    "fs_n_features": 72
}