{
    "valid_loss": {
        "balanced_accuracy": 0.7163636363636363,
        "accuracy": 0.9583333333333334,
        "log_loss": 0.12833049400769064
    }
}