{
    "balanced_accuracy": 0.8010921177587844,
    "accuracy": 0.6920131291028446
}