{
    "balanced_accuracy": 0.7954257676479899,
    "accuracy": 0.7987421383647799,
    "log_loss": 0.43683827999516106,
    "roc_auc": 0.7954257676479899,
    "f1": 0.8309859154929577,
    "precision": 0.7261538461538461,
    "recall": 0.9711934156378601,
    "training_time": 5.529033184051514,
    "inference_time": 0.010164737701416016,
    "dataset": "jasmine",
    "model": "mlp/full",
    "fold": "F4",
    "architecture_name": "A0",
    "fs_method": "linear_model",
    "fs_percent": 0.4,
    "fs_n_features": 57
}