{
    "balanced_accuracy": 0.5336299668874172,
    "accuracy": 0.7613065326633166
}