{
    "balanced_accuracy": 0.9144124803205953,
    "accuracy": 0.9145299145299145,
    "log_loss": 0.238660226938634,
    "roc_auc": 0.9144124803205953,
    "f1": 0.9174528301886793,
    "precision": 0.8901601830663616,
    "recall": 0.9464720194647201,
    "inference_time": 0.016088485717773438,
    "training_time": 0,
    "dataset": "sylvine",
    "model": "mlp/simple_nd_nn",
    "fold": "F4",
    "architecture_name": "A0",
    "fs_method": "f_classif",
    "fs_percent": 0.6,
    "fs_n_features": 12
}