{
    "valid_loss": {
        "balanced_accuracy": 0.5325943596122081,
        "accuracy": 0.7726514519675487,
        "log_loss": 0.6753253242603426
    }
}