{
    "balanced_accuracy": 0.7146417508417509,
    "accuracy": 0.8206014075495841,
    "log_loss": 0.415948980463578,
    "roc_auc": 0.7146417508417509,
    "f1": 0.8861273554256011,
    "precision": 0.8560891399874451,
    "recall": 0.9183501683501684,
    "inference_time": 0.9103667736053467,
    "training_time": 250.5688133239746,
    "dataset": "adult",
    "model": "transformer/cls",
    "fold": "F1",
    "architecture_name": "A22",
    "fs_method": "f_classif",
    "fs_percent": 0.4,
    "fs_n_features": 5
}