{
    "balanced_accuracy": 0.9186881188118812,
    "accuracy": 0.9180487804878049,
    "log_loss": 0.2229789270999485,
    "roc_auc": 0.9186881188118812,
    "f1": 0.9204545454545454,
    "precision": 0.8820326678765881,
    "recall": 0.9623762376237623,
    "inference_time": 0.01927018165588379,
    "training_time": 0,
    "dataset": "sylvine",
    "model": "mlp/simple_nnw",
    "architecture_name": "A0",
    "fs_method": "random_2",
    "fs_percent": 0.8,
    "fs_n_features": 16
}