{
    "balanced_accuracy": 0.9329805996472662,
    "accuracy": 0.9305555555555556
}