{
    "balanced_accuracy": 0.8115605602010978,
    "accuracy": 0.8809034907597536
}