{
    "balanced_accuracy": 0.494949494949495,
    "accuracy": 0.8990825688073395
}