{
    "balanced_accuracy": 0.5413714532152076,
    "accuracy": 0.6468873263591151
}