{
    "balanced_accuracy": 0.7394927647546776,
    "accuracy": 0.7455968688845401,
    "log_loss": 2.1643649542083803,
    "roc_auc": 0.7394927647546775,
    "f1": 0.6990740740740741,
    "precision": 0.7947368421052632,
    "recall": 0.6239669421487604,
    "inference_time": 0.061818599700927734,
    "training_time": 42.58640403747558,
    "dataset": "kr-vs-kp",
    "model": "transformer/cls",
    "fold": "F4",
    "architecture_name": "A2",
    "fs_method": "random_1",
    "fs_percent": 0.5,
    "fs_n_features": 18
}