{
    "valid_loss": {
        "balanced_accuracy": 0.9461498191509614,
        "accuracy": 0.9463414634146341,
        "log_loss": 0.17864683689745012,
        "roc_auc": 0.9461498191509613,
        "f1": 0.9485981308411215,
        "precision": 0.9144144144144144,
        "recall": 0.9854368932038835
    }
}