{
    "balanced_accuracy": 0.7621003311444126,
    "accuracy": 0.8483491169695418,
    "log_loss": 0.3261864107827462,
    "roc_auc": 0.7621003311444128,
    "f1": 0.9029245514868518,
    "precision": 0.8792278238672623,
    "recall": 0.9279339956221586,
    "training_time": 0.2893366813659668,
    "inference_time": 0.005085945129394531
}