{
    "balanced_accuracy": 0.5451940483524462,
    "accuracy": 0.6037267080745342
}