{
    "balanced_accuracy": 0.9534789644012944,
    "accuracy": 0.9536585365853658,
    "log_loss": 0.16419039316563908,
    "roc_auc": 0.9534789644012944,
    "f1": 0.955503512880562,
    "precision": 0.9230769230769231,
    "recall": 0.9902912621359223,
    "inference_time": 0.1152958869934082,
    "training_time": 61.79148781299591,
    "dataset": "sylvine",
    "model": "transformer/cls",
    "fold": "F0",
    "architecture_name": "A31",
    "fs_method": "none",
    "fs_percent": 1.0,
    "fs_n_features": 20
}