{
    "balanced_accuracy": 0.7241790927948025,
    "accuracy": 0.728125
}