{
    "balanced_accuracy": 0.5517826825127334,
    "accuracy": 0.5652173913043478
}