{
    "valid_loss": {
        "balanced_accuracy": 0.3311284994897431,
        "accuracy": 0.6184699370687694,
        "log_loss": 1.099142244363552
    }
}