{
    "balanced_accuracy": 0.5723432686229984,
    "accuracy": 0.6602641056422569
}