{
    "balanced_accuracy": 0.547569088367502,
    "accuracy": 0.22811816192560175
}