{
    "balanced_accuracy": 0.45294117647058824,
    "accuracy": 0.28888888888888886
}