{
    "balanced_accuracy": 0.6447132744206113,
    "accuracy": 0.6961109436237564
}