{
    "valid_loss": {
        "balanced_accuracy": 0.5553648741935384,
        "accuracy": 0.7850020851499412,
        "log_loss": 0.6593515982061847
    }
}