{
    "balanced_accuracy": 0.724290145549988,
    "accuracy": 0.7616580310880829
}