{
    "balanced_accuracy": 0.5164473684210527,
    "accuracy": 0.6148148148148148
}