{
    "balanced_accuracy": 0.5739853475373762,
    "accuracy": 0.6425557564798071
}