{
    "balanced_accuracy": 0.7485569985569986,
    "accuracy": 0.7552083333333334
}