{
    "balanced_accuracy": 0.92618059159315,
    "accuracy": 0.9259259259259259
}