{
    "balanced_accuracy": 0.9332704651644326,
    "accuracy": 0.9463184620964817,
    "log_loss": 0.13792452200097882,
    "roc_auc": 0.9332704651644325,
    "f1": 0.9624174707973591,
    "precision": 0.9609533468559838,
    "recall": 0.9638860630722279,
    "training_time": 0.31351161003112793,
    "inference_time": 0.0030961036682128906,
    "dataset": "nomao",
    "model": "xgboost",
    "fold": "F4",
    "architecture_name": "A0",
    "fs_method": "f_classif",
    "fs_percent": 0.4,
    "fs_n_features": 47
}