{
    "balanced_accuracy": 0.943882373204689,
    "accuracy": 0.9544795067101922,
    "log_loss": 0.11780128599187509,
    "roc_auc": 0.943882373204689,
    "f1": 0.9681107864312032,
    "precision": 0.9674961909598782,
    "recall": 0.9687261632341724,
    "training_time": 0.5676925182342529,
    "inference_time": 0.0021560192108154297
}