{
    "balanced_accuracy": 0.6813551291163231,
    "accuracy": 0.7253886010362695
}