{
    "balanced_accuracy": 0.8984529295589203,
    "accuracy": 0.9009009009009009,
    "log_loss": 0.28261014044304783,
    "roc_auc": 0.8984529295589203,
    "f1": 0.8865979381443299,
    "precision": 0.8958333333333334,
    "recall": 0.8775510204081632,
    "training_time": 0.046237945556640625,
    "inference_time": 0.0006725788116455078,
    "dataset": "australian",
    "model": "xgboost",
    "fold": "F1",
    "architecture_name": "A3",
    "fs_method": "random_1",
    "fs_percent": 0.6,
    "fs_n_features": 8
}