{
    "balanced_accuracy": 0.8034585412836004,
    "accuracy": 0.805439330543933,
    "log_loss": 0.39499278678870164,
    "roc_auc": 0.8034585412836004,
    "f1": 0.8280961182994455,
    "precision": 0.7516778523489933,
    "recall": 0.9218106995884774,
    "training_time": 0.06743764877319336,
    "inference_time": 0.0007047653198242188,
    "dataset": "jasmine",
    "model": "xgboost",
    "fold": "F0",
    "architecture_name": "A0",
    "fs_method": "random_2",
    "fs_percent": 0.8,
    "fs_n_features": 115
}