{
    "valid_loss": {
        "balanced_accuracy": 0.3297092096261844,
        "accuracy": 0.6159678519978771,
        "log_loss": 1.1137445963840582
    }
}