{
    "balanced_accuracy": 0.3569851806434589,
    "accuracy": 0.6240601503759399
}