{
    "balanced_accuracy": 0.7074380165289256,
    "accuracy": 0.70703125,
    "log_loss": 2.154540094748993,
    "roc_auc": 0.7074380165289256,
    "f1": 0.6975806451612904,
    "precision": 0.6811023622047244,
    "recall": 0.7148760330578512,
    "inference_time": 0.012577295303344727,
    "training_time": 0,
    "dataset": "kr-vs-kp",
    "model": "mlp/simple_nd",
    "fold": "F0",
    "architecture_name": "A0",
    "fs_method": "random_5",
    "fs_percent": 0.5,
    "fs_n_features": 18
}