{
    "balanced_accuracy": 0.818461930226636,
    "accuracy": 0.8952772073921971
}