{
    "balanced_accuracy": 0.9603527491555663,
    "accuracy": 0.9682626042800145,
    "log_loss": 0.08751647821691168,
    "roc_auc": 0.9603527491555662,
    "f1": 0.9777777777777777,
    "precision": 0.9766615930999493,
    "recall": 0.9788965166539537,
    "training_time": 1.0655686855316162,
    "inference_time": 0.007625102996826172,
    "dataset": "nomao",
    "model": "xgboost",
    "fold": "F2",
    "architecture_name": "A1",
    "fs_method": "decision_tree",
    "fs_percent": 0.8,
    "fs_n_features": 94
}