{
    "balanced_accuracy": 0.9960751482380411,
    "accuracy": 0.9960861056751468,
    "log_loss": 0.010105847856834445,
    "roc_auc": 0.9960751482380412,
    "f1": 0.9958677685950413,
    "precision": 0.9958677685950413,
    "recall": 0.9958677685950413,
    "inference_time": 0.03591513633728027,
    "training_time": 27.27670854680678
}