{
    "valid_loss": {
        "balanced_accuracy": 0.5473321975057572,
        "accuracy": 0.7768889562876748,
        "log_loss": 0.6894244261044901
    }
}