{
    "balanced_accuracy": 0.5853462157809983,
    "accuracy": 0.5934959349593496
}