{
    "balanced_accuracy": 0.6569664902998236,
    "accuracy": 0.6597222222222222
}