{
    "balanced_accuracy": 0.5336205258363462,
    "accuracy": 0.6377979763333905
}