{
    "balanced_accuracy": 0.8757824972463334,
    "accuracy": 0.8754080522306855,
    "log_loss": 0.2955175847475872,
    "roc_auc": 0.8757824972463334,
    "f1": 0.909235037653587,
    "precision": 0.9463696369636964,
    "recall": 0.8749046529366895,
    "inference_time": 0.1253652572631836,
    "training_time": 0,
    "dataset": "nomao",
    "model": "mlp/simple_nnw",
    "fold": "F2",
    "architecture_name": "A1",
    "fs_method": "random_4",
    "fs_percent": 0.4,
    "fs_n_features": 47
}