{
    "valid_loss": {
        "balanced_accuracy": 0.9413559866507237,
        "accuracy": 0.9414634146341463,
        "log_loss": 0.19423628686075942,
        "roc_auc": 0.9413559866507236,
        "f1": 0.9440559440559441,
        "precision": 0.9060402684563759,
        "recall": 0.9854014598540146
    }
}