{
    "balanced_accuracy": 0.4146041050101409,
    "accuracy": 0.5175784599554107
}