{
  "dropout": 0.2712547381711683,
  "embedding_size": 1024,
  "n_head": 4,
  "n_hid": 32,
  "n_layers": 2,
  "numerical_passthrough": false,
  "optimizer__lr": 0.0013797986845523324
}