{
    "balanced_accuracy": 0.6895144781144782,
    "accuracy": 0.8195777351247601,
    "log_loss": 0.3831971100695123,
    "roc_auc": 0.6895144781144782,
    "f1": 0.8878460069996819,
    "precision": 0.8415259348612787,
    "recall": 0.9395622895622896,
    "inference_time": 0.1864936351776123,
    "training_time": 0,
    "dataset": "adult",
    "model": "mlp/simple_nd_nn",
    "fold": "F2",
    "architecture_name": "A1",
    "fs_method": "random_4",
    "fs_percent": 0.5,
    "fs_n_features": 7
}