{
    "balanced_accuracy": 0.6544262295081967,
    "accuracy": 0.6756756756756757,
    "log_loss": 0.5878149004705869,
    "roc_auc": 0.6544262295081966,
    "f1": 0.55,
    "precision": 0.7333333333333333,
    "recall": 0.44,
    "inference_time": 0.003403186798095703,
    "training_time": 0,
    "dataset": "australian",
    "model": "mlp/simple_nd",
    "fold": "F0",
    "architecture_name": "A0",
    "fs_method": "random_5",
    "fs_percent": 0.4,
    "fs_n_features": 5
}