{
    "balanced_accuracy": 0.8502068918735586,
    "accuracy": 0.8502906976744186
}