{
    "balanced_accuracy": 0.5437020312024375,
    "accuracy": 0.19912472647702406
}