{
    "balanced_accuracy": 0.7357549857549857,
    "accuracy": 0.7358490566037735,
    "log_loss": 0.49942126676940574,
    "roc_auc": 0.7357549857549858,
    "f1": 0.7407407407407407,
    "precision": 0.7407407407407407,
    "recall": 0.7407407407407407,
    "inference_time": 0.011629819869995117,
    "training_time": 0,
    "dataset": "jasmine",
    "model": "mlp/simple_nnw",
    "fold": "F4",
    "architecture_name": "A1",
    "fs_method": "random_5",
    "fs_percent": 0.6,
    "fs_n_features": 86
}