{
    "balanced_accuracy": 0.36383936039835146,
    "accuracy": 0.6165413533834586
}