{
    "valid_loss": {
        "balanced_accuracy": 0.939718074845958,
        "accuracy": 0.9590208522212149,
        "log_loss": 0.11447128723122385,
        "roc_auc": 0.939718074845958,
        "f1": 0.9716578881364435,
        "precision": 0.9586735956446424,
        "recall": 0.9849987287058225
    }
}