{
    "balanced_accuracy": 0.8533762825101407,
    "accuracy": 0.8549222797927462
}