{
    "balanced_accuracy": 0.9446782178217822,
    "accuracy": 0.944390243902439,
    "log_loss": 0.382870822089394,
    "roc_auc": 0.9446782178217822,
    "f1": 0.944713870029098,
    "precision": 0.9258555133079848,
    "recall": 0.9643564356435643,
    "inference_time": 0.022431373596191406,
    "training_time": 0,
    "dataset": "sylvine",
    "model": "mlp/simple_nd",
    "architecture_name": "A0",
    "fs_method": "f_classif",
    "fs_percent": 0.9,
    "fs_n_features": 18
}