{
    "balanced_accuracy": 0.8218581829692941,
    "accuracy": 0.8238993710691824,
    "log_loss": 0.39131256631133904,
    "roc_auc": 0.821858182969294,
    "f1": 0.8432835820895522,
    "precision": 0.7713310580204779,
    "recall": 0.9300411522633745,
    "training_time": 0.07525777816772461,
    "inference_time": 0.0009038448333740234
}