{
    "balanced_accuracy": 0.963768115942029,
    "accuracy": 0.959349593495935
}