{
    "balanced_accuracy": 0.8102827050997783,
    "accuracy": 0.9828693790149893
}