{
    "balanced_accuracy": 0.7875180375180375,
    "accuracy": 0.796875
}