{
    "balanced_accuracy": 0.9552647689011325,
    "accuracy": 0.955078125,
    "log_loss": 0.10898083198428905,
    "roc_auc": 0.9552647689011324,
    "f1": 0.9527720739219713,
    "precision": 0.9469387755102041,
    "recall": 0.9586776859504132,
    "training_time": 0.08147692680358887,
    "inference_time": 0.0009610652923583984,
    "dataset": "kr-vs-kp",
    "model": "xgboost",
    "fold": "F0",
    "architecture_name": "A2",
    "fs_method": "random_3",
    "fs_percent": 0.6,
    "fs_n_features": 21
}