{
    "balanced_accuracy": 0.8082041852727433,
    "accuracy": 0.8096234309623431,
    "log_loss": 0.39626801234026937,
    "roc_auc": 0.8082041852727432,
    "f1": 0.8266666666666667,
    "precision": 0.7695035460992907,
    "recall": 0.8930041152263375,
    "training_time": 5.319858074188232,
    "inference_time": 0.011209964752197266,
    "dataset": "jasmine",
    "model": "mlp/full",
    "fold": "F0",
    "architecture_name": "A0",
    "fs_method": "linear_model",
    "fs_percent": 0.8,
    "fs_n_features": 115
}