{
    "valid_loss": {
        "balanced_accuracy": 0.8343927735028438,
        "accuracy": 0.8363636363636363,
        "log_loss": 0.42914139354134867,
        "roc_auc": 0.8343927735028438,
        "f1": 0.8163265306122449,
        "precision": 0.8163265306122449,
        "recall": 0.8163265306122449
    }
}