{
    "balanced_accuracy": 0.8449010006387055,
    "accuracy": 0.8478260869565217,
    "log_loss": 0.39217328331749945,
    "roc_auc": 0.8449010006387055,
    "f1": 0.8264462809917356,
    "precision": 0.8333333333333334,
    "recall": 0.819672131147541,
    "training_time": 0.011798858642578125,
    "inference_time": 0.0005230903625488281,
    "dataset": "australian",
    "model": "xgboost",
    "architecture_name": "A0",
    "fs_method": "decision_tree",
    "fs_percent": 0.6,
    "fs_n_features": 8
}