{
    "balanced_accuracy": 0.7690320119086453,
    "accuracy": 0.8492169106356843,
    "log_loss": 0.33631809722843914,
    "roc_auc": 0.7690320119086453,
    "f1": 0.9031749161901006,
    "precision": 0.8857658586900464,
    "recall": 0.9212820168968754,
    "training_time": 133.68183875083923,
    "inference_time": 0.18528199195861816,
    "dataset": "adult",
    "model": "mlp/full",
    "architecture_name": "A0",
    "fs_method": "f_classif",
    "fs_percent": 0.7,
    "fs_n_features": 9
}