{
    "balanced_accuracy": 0.9254873616142869,
    "accuracy": 0.925609756097561,
    "log_loss": 0.19461792093507024,
    "roc_auc": 0.9254873616142868,
    "f1": 0.929316338354577,
    "precision": 0.8871681415929203,
    "recall": 0.975669099756691,
    "training_time": 17.98310899734497,
    "inference_time": 0.02371358871459961,
    "dataset": "sylvine",
    "model": "mlp/full",
    "fold": "F2",
    "architecture_name": "A1",
    "fs_method": "decision_tree",
    "fs_percent": 0.8,
    "fs_n_features": 16
}