{
    "balanced_accuracy": 0.5945923404161199,
    "accuracy": 0.3978296478296478
}