{
    "balanced_accuracy": 0.6438779592523993,
    "accuracy": 0.8114921934988483,
    "log_loss": 0.43273142566717115,
    "roc_auc": 0.6438779592523993,
    "f1": 0.8862460421654181,
    "precision": 0.8185449358059914,
    "recall": 0.9661559185047988,
    "training_time": 83.74919700622559,
    "inference_time": 0.1573781967163086,
    "dataset": "adult",
    "model": "mlp/full",
    "fold": "F3",
    "architecture_name": "A0",
    "fs_method": "linear_model",
    "fs_percent": 0.4,
    "fs_n_features": 5
}