{
    "balanced_accuracy": 0.7544329207092673,
    "accuracy": 0.7454545454545455,
    "log_loss": 0.5148511213408827,
    "roc_auc": 0.7544329207092675,
    "f1": 0.7454545454545455,
    "precision": 0.6721311475409836,
    "recall": 0.8367346938775511,
    "training_time": 0.03448367118835449,
    "inference_time": 0.0005524158477783203,
    "dataset": "australian",
    "model": "xgboost",
    "fold": "F3",
    "architecture_name": "A3",
    "fs_method": "random_1",
    "fs_percent": 0.6,
    "fs_n_features": 8
}