{
    "balanced_accuracy": 0.7348636919795701,
    "accuracy": 0.8127719477860251,
    "log_loss": 0.3840238644593074,
    "roc_auc": 0.7348636919795701,
    "f1": 0.8777879876367889,
    "precision": 0.8710212201591512,
    "recall": 0.8846607172924735,
    "inference_time": 0.2074270248413086,
    "training_time": 0,
    "dataset": "adult",
    "model": "mlp/simple_nd",
    "fold": "F4",
    "architecture_name": "A0",
    "fs_method": "random_5",
    "fs_percent": 0.6,
    "fs_n_features": 8
}