{
    "balanced_accuracy": 0.8332457753261535,
    "accuracy": 0.8347280334728033,
    "log_loss": 0.39521430279809683,
    "roc_auc": 0.8332457753261536,
    "f1": 0.8500948766603416,
    "precision": 0.7887323943661971,
    "recall": 0.9218106995884774,
    "training_time": 0.07755327224731445,
    "inference_time": 0.0008933544158935547,
    "dataset": "jasmine",
    "model": "xgboost",
    "fold": "F0",
    "architecture_name": "A1",
    "fs_method": "random_5",
    "fs_percent": 0.5,
    "fs_n_features": 72
}