{
    "balanced_accuracy": 0.6595822337020607,
    "accuracy": 0.887855579868709
}