{
    "balanced_accuracy": 0.7669779286926994,
    "accuracy": 0.782608695652174
}