{
    "valid_loss": {
        "balanced_accuracy": 0.9388954486904251,
        "accuracy": 0.938949938949939,
        "log_loss": 0.1619782125136933,
        "roc_auc": 0.9388954486904251,
        "f1": 0.9400479616306955,
        "precision": 0.9267139479905437,
        "recall": 0.9537712895377128
    }
}