{
  "dropout": 0.10730528425756894,
  "embedding_size": 1024,
  "n_head": 16,
  "n_hid": 64,
  "n_layers": 1,
  "numerical_passthrough": false,
  "optimizer__lr": 0.025229520635155926
}