{
  "dropout": 0.06119296686073458,
  "embedding_size": 32,
  "n_head": 8,
  "n_hid": 32,
  "n_layers": 3,
  "numerical_passthrough": false,
  "optimizer__lr": 0.0006237974309217588
}