{
    "balanced_accuracy": 0.5306969717576705,
    "accuracy": 0.6913674560733384
}