{
    "balanced_accuracy": 0.5901315789473685,
    "accuracy": 0.7185185185185186
}