{
    "balanced_accuracy": 0.8328874160519936,
    "accuracy": 0.858386219401632,
    "log_loss": 0.36560911194742274,
    "roc_auc": 0.8328874160519937,
    "f1": 0.8999102909137511,
    "precision": 0.907235142118863,
    "recall": 0.8927027714213069,
    "inference_time": 0.1318659782409668,
    "training_time": 0,
    "dataset": "nomao",
    "model": "mlp/simple",
    "fold": "F1",
    "architecture_name": "A0",
    "fs_method": "random_2",
    "fs_percent": 0.4,
    "fs_n_features": 47
}