{
    "balanced_accuracy": 0.9339845427221984,
    "accuracy": 0.9340659340659341,
    "log_loss": 0.17575325163168168,
    "roc_auc": 0.9339845427221984,
    "f1": 0.9357142857142857,
    "precision": 0.916083916083916,
    "recall": 0.9562043795620438,
    "training_time": 0.14344382286071777,
    "inference_time": 0.0010063648223876953,
    "dataset": "sylvine",
    "model": "xgboost",
    "fold": "F4",
    "architecture_name": "A3",
    "fs_method": "random_5",
    "fs_percent": 0.5,
    "fs_n_features": 10
}