{
    "balanced_accuracy": 0.8750418200066912,
    "accuracy": 0.8636363636363636,
    "log_loss": 0.34952818065905517,
    "roc_auc": 0.8750418200066912,
    "f1": 0.8648648648648649,
    "precision": 0.7741935483870968,
    "recall": 0.9795918367346939,
    "training_time": 0.027281761169433594,
    "inference_time": 0.0005023479461669922,
    "dataset": "australian",
    "model": "xgboost",
    "fold": "F3",
    "architecture_name": "A3",
    "fs_method": "linear_model",
    "fs_percent": 0.6,
    "fs_n_features": 8
}