{
    "balanced_accuracy": 0.9352155910908053,
    "accuracy": 0.9353658536585366,
    "log_loss": 0.18144647767708283,
    "roc_auc": 0.9352155910908052,
    "f1": 0.9375736160188457,
    "precision": 0.9107551487414187,
    "recall": 0.9660194174757282,
    "training_time": 0.08531475067138672,
    "inference_time": 0.0007936954498291016
}