{
    "balanced_accuracy": 0.7938429882874327,
    "accuracy": 0.7966457023060797,
    "log_loss": 0.44188542696145156,
    "roc_auc": 0.7938429882874326,
    "f1": 0.8252252252252252,
    "precision": 0.7339743589743589,
    "recall": 0.9423868312757202,
    "inference_time": 0.15114116668701172,
    "training_time": 63.89383016933094,
    "dataset": "jasmine",
    "model": "transformer/cls",
    "fold": "F2",
    "architecture_name": "A29",
    "fs_method": "none",
    "fs_percent": 1.0,
    "fs_n_features": 144
}