{
    "balanced_accuracy": 0.506342972946613,
    "accuracy": 0.6867167919799498
}