{
    "balanced_accuracy": 0.5475040257648953,
    "accuracy": 0.5691056910569106
}