{
    "balanced_accuracy": 0.7291851153392828,
    "accuracy": 0.844637829536729,
    "log_loss": 0.34691743638536665,
    "roc_auc": 0.7291851153392827,
    "f1": 0.9029731457800512,
    "precision": 0.8594249201277955,
    "recall": 0.9511702306785654,
    "training_time": 0.28070497512817383,
    "inference_time": 0.0060384273529052734,
    "dataset": "adult",
    "model": "xgboost",
    "fold": "F3",
    "architecture_name": "A1",
    "fs_method": "f_classif",
    "fs_percent": 0.6,
    "fs_n_features": 8
}