{
    "valid_loss": {
        "balanced_accuracy": 0.5697751564945857,
        "accuracy": 0.7851916442355082,
        "log_loss": 0.6563568312093689
    }
}