{
    "balanced_accuracy": 0.9457026713124274,
    "accuracy": 0.9448275862068966
}