{
    "balanced_accuracy": 0.43248555254123755,
    "accuracy": 0.5271823014920254
}