{
    "balanced_accuracy": 0.5596454150522484,
    "accuracy": 0.578125
}