{
    "valid_loss": {
        "balanced_accuracy": 0.3344533506235093,
        "accuracy": 0.6157258217386359,
        "log_loss": 1.1082445698665289
    }
}