{
    "balanced_accuracy": 0.8628225516852204,
    "accuracy": 0.9158110882956879
}