{
    "balanced_accuracy": 0.8303780528604885,
    "accuracy": 0.8363636363636363,
    "log_loss": 0.3915915023705014,
    "roc_auc": 0.8303780528604885,
    "f1": 0.8085106382978723,
    "precision": 0.8444444444444444,
    "recall": 0.7755102040816326,
    "inference_time": 0.003305673599243164,
    "training_time": 0,
    "dataset": "australian",
    "model": "mlp/simple_nd",
    "fold": "F4",
    "architecture_name": "A0",
    "fs_method": "random_5",
    "fs_percent": 0.7,
    "fs_n_features": 9
}