{
    "balanced_accuracy": 0.965083412700851,
    "accuracy": 0.9667318982387475,
    "log_loss": 0.06799850938275541,
    "roc_auc": 0.9650834127008511,
    "f1": 0.9637526652452025,
    "precision": 0.9955947136563876,
    "recall": 0.9338842975206612,
    "inference_time": 0.010621070861816406,
    "training_time": 0,
    "dataset": "kr-vs-kp",
    "model": "mlp/simple",
    "fold": "F1",
    "architecture_name": "A0",
    "fs_method": "decision_tree",
    "fs_percent": 0.6,
    "fs_n_features": 21
}