{
    "balanced_accuracy": 0.39936911304045475,
    "accuracy": 0.6934368555137692
}