{
    "balanced_accuracy": 0.39655152251365056,
    "accuracy": 0.4782608695652174
}