{
    "balanced_accuracy": 0.8016110673321075,
    "accuracy": 0.803347280334728,
    "log_loss": 0.44475133655138827,
    "roc_auc": 0.8016110673321075,
    "f1": 0.8239700374531835,
    "precision": 0.7560137457044673,
    "recall": 0.9053497942386831,
    "inference_time": 0.010500431060791016,
    "training_time": 0,
    "dataset": "jasmine",
    "model": "mlp/simple_nd",
    "fold": "F1",
    "architecture_name": "A0",
    "fs_method": "decision_tree",
    "fs_percent": 0.6,
    "fs_n_features": 86
}