{
    "balanced_accuracy": 0.9880180650711236,
    "accuracy": 0.9882583170254403,
    "log_loss": 0.022017920863912795,
    "roc_auc": 0.9880180650711236,
    "f1": 0.9875518672199171,
    "precision": 0.9916666666666667,
    "recall": 0.9834710743801653,
    "training_time": 10.346485376358032,
    "inference_time": 0.010433673858642578,
    "dataset": "kr-vs-kp",
    "model": "mlp/full",
    "fold": "F3",
    "architecture_name": "A0",
    "fs_method": "linear_model",
    "fs_percent": 0.8,
    "fs_n_features": 28
}