{
    "valid_loss": {
        "balanced_accuracy": 0.7730622663748106,
        "accuracy": 0.8514205272587663,
        "log_loss": 0.32663275101299616,
        "roc_auc": 0.7730622663748107,
        "f1": 0.9043105579823622,
        "precision": 0.8856958346787214,
        "recall": 0.9237245327496212
    }
}