{
    "balanced_accuracy": 0.8405821344931415,
    "accuracy": 0.8454545454545455,
    "log_loss": 0.39420624477522703,
    "roc_auc": 0.8405821344931416,
    "f1": 0.8210526315789474,
    "precision": 0.8478260869565217,
    "recall": 0.7959183673469388,
    "inference_time": 0.0037610530853271484,
    "training_time": 0,
    "dataset": "australian",
    "model": "mlp/simple_nd",
    "fold": "F4",
    "architecture_name": "A0",
    "fs_method": "linear_model",
    "fs_percent": 0.7,
    "fs_n_features": 9
}