{
    "valid_loss": {
        "balanced_accuracy": 0.34192048872891495,
        "accuracy": 0.6220950070136861,
        "log_loss": 1.0996934161196972
    }
}