{
    "valid_loss": {
        "balanced_accuracy": 0.5601265688666778,
        "accuracy": 0.7850102358025628,
        "log_loss": 0.6533629650073908
    }
}