{
    "valid_loss": {
        "balanced_accuracy": 0.7783582491582491,
        "accuracy": 0.8580934101087652,
        "log_loss": 0.3062367277521165,
        "roc_auc": 0.7783582491582491,
        "f1": 0.908926665024226,
        "precision": 0.8872855539522206,
        "recall": 0.9316498316498316
    }
}