{
    "balanced_accuracy": 0.6780970982769265,
    "accuracy": 0.82134630151011,
    "log_loss": 0.364211124794463,
    "roc_auc": 0.6780970982769265,
    "f1": 0.8902688256563434,
    "precision": 0.8348813209494325,
    "recall": 0.9535275298871864,
    "inference_time": 0.19000005722045898,
    "training_time": 0,
    "dataset": "adult",
    "model": "mlp/simple_nd_nn",
    "fold": "F4",
    "architecture_name": "A1",
    "fs_method": "random_4",
    "fs_percent": 0.6,
    "fs_n_features": 8
}