{
    "balanced_accuracy": 0.6065873775211647,
    "accuracy": 0.6754068716094033
}