{
    "valid_loss": {
        "balanced_accuracy": 0.9437089271869276,
        "accuracy": 0.9571998549147624,
        "log_loss": 0.10644997219570004,
        "roc_auc": 0.9437089271869276,
        "f1": 0.9701568032372281,
        "precision": 0.9650314465408805,
        "recall": 0.9753368929570303
    }
}