{
    "balanced_accuracy": 0.6582,
    "accuracy": 0.8099808061420346,
    "log_loss": 0.42808291455045283,
    "roc_auc": 0.6581999999999999,
    "f1": 0.8837209302325582,
    "precision": 0.8260869565217391,
    "recall": 0.95,
    "training_time": 0.33153343200683594,
    "inference_time": 0.0045490264892578125,
    "dataset": "adult",
    "model": "xgboost",
    "fold": "F2",
    "architecture_name": "A3",
    "fs_method": "linear_model",
    "fs_percent": 0.6,
    "fs_n_features": 8
}