{
    "valid_loss": {
        "balanced_accuracy": 0.5007983097705606,
        "accuracy": 0.7607855030707408,
        "log_loss": 0.6939680844204692
    }
}