{
    "balanced_accuracy": 0.7350993377483444,
    "accuracy": 0.8567839195979899
}