{
    "balanced_accuracy": 0.947947709607054,
    "accuracy": 0.9471624266144814,
    "log_loss": 0.12692974265154652,
    "roc_auc": 0.947947709607054,
    "f1": 0.9452332657200812,
    "precision": 0.9282868525896414,
    "recall": 0.9628099173553719,
    "training_time": 0.06736040115356445,
    "inference_time": 0.0008444786071777344,
    "dataset": "kr-vs-kp",
    "model": "xgboost",
    "fold": "F2",
    "architecture_name": "A0",
    "fs_method": "random_3",
    "fs_percent": 0.6,
    "fs_n_features": 21
}