{
    "balanced_accuracy": 0.6405152224824355,
    "accuracy": 0.6636363636363637,
    "log_loss": 0.6422493570175599,
    "roc_auc": 0.6405152224824356,
    "f1": 0.5316455696202531,
    "precision": 0.7,
    "recall": 0.42857142857142855,
    "inference_time": 0.0032663345336914062,
    "training_time": 0,
    "dataset": "australian",
    "model": "mlp/simple_nd_nn",
    "fold": "F4",
    "architecture_name": "A0",
    "fs_method": "random_5",
    "fs_percent": 0.4,
    "fs_n_features": 5
}