{
    "balanced_accuracy": 0.975629051583766,
    "accuracy": 0.974559686888454,
    "log_loss": 0.09433333700312481,
    "roc_auc": 0.975629051583766,
    "f1": 0.9737373737373738,
    "precision": 0.9525691699604744,
    "recall": 0.9958677685950413,
    "inference_time": 0.011068582534790039,
    "training_time": 0,
    "dataset": "kr-vs-kp",
    "model": "mlp/simple",
    "fold": "F4",
    "architecture_name": "A0",
    "fs_method": "linear_model",
    "fs_percent": 0.5,
    "fs_n_features": 18
}