{
    "valid_loss": {
        "balanced_accuracy": 0.9570662004128931,
        "accuracy": 0.9668117519042437,
        "log_loss": 0.09144807682072861,
        "roc_auc": 0.9570662004128931,
        "f1": 0.9768090229375238,
        "precision": 0.9737241030823648,
        "recall": 0.9799135519959319
    }
}