{
    "balanced_accuracy": 0.12544716853051138,
    "accuracy": 0.3048632954270506
}