{
    "valid_loss": {
        "balanced_accuracy": 0.7374626262626263,
        "accuracy": 0.8319897632757518,
        "log_loss": 0.35789454176240937,
        "roc_auc": 0.7374626262626263,
        "f1": 0.8926673751328374,
        "precision": 0.8676307007786429,
        "recall": 0.9191919191919192
    }
}