{
    "valid_loss": {
        "balanced_accuracy": 0.8052310489981478,
        "accuracy": 0.8653698489889942,
        "log_loss": 0.2948260033813775,
        "roc_auc": 0.8052310489981478,
        "f1": 0.9122602168473728,
        "precision": 0.9038175508180466,
        "recall": 0.9208620979962957
    }
}