{
    "balanced_accuracy": 0.5550649974078316,
    "accuracy": 0.6923664122137405
}