{
    "balanced_accuracy": 0.5265229815175098,
    "accuracy": 0.5263157894736842
}