{
    "valid_loss": {
        "balanced_accuracy": 0.5755406317227206,
        "accuracy": 0.7867460287371574,
        "log_loss": 0.6809692400597962
    }
}