{
    "balanced_accuracy": 0.3628146587751175,
    "accuracy": 0.5679389312977099
}