{
    "balanced_accuracy": 0.9597354936655478,
    "accuracy": 0.9673617407071623,
    "log_loss": 0.08623339559819712,
    "roc_auc": 0.9597354936655477,
    "f1": 0.97712833545108,
    "precision": 0.9766319532639065,
    "recall": 0.9776252224764811,
    "training_time": 0.6803674697875977,
    "inference_time": 0.004181623458862305,
    "dataset": "nomao",
    "model": "xgboost",
    "fold": "F0",
    "architecture_name": "A0",
    "fs_method": "none",
    "fs_percent": 1.0,
    "fs_n_features": 118
}