{
    "balanced_accuracy": 0.7822363636363636,
    "accuracy": 0.8490083173384517,
    "log_loss": 0.3207029678320029,
    "roc_auc": 0.7822363636363636,
    "f1": 0.9016502750458409,
    "precision": 0.8928689336414658,
    "recall": 0.9106060606060606,
    "inference_time": 0.8586499691009521,
    "training_time": 284.9610357284546,
    "dataset": "adult",
    "model": "transformer/cls",
    "fold": "F2",
    "architecture_name": "A22",
    "fs_method": "random_2",
    "fs_percent": 0.8,
    "fs_n_features": 11
}