{
    "balanced_accuracy": 0.692794082557862,
    "accuracy": 0.7202072538860104
}