{
    "balanced_accuracy": 0.622865275142315,
    "accuracy": 0.810126582278481
}