{
    "balanced_accuracy": 0.551058201058201,
    "accuracy": 0.5887096774193549
}