{
    "balanced_accuracy": 0.9333509964471265,
    "accuracy": 0.9483227561196736,
    "log_loss": 0.13492578627606983,
    "roc_auc": 0.9333509964471265,
    "f1": 0.9639377451600658,
    "precision": 0.9594458438287153,
    "recall": 0.9684719043986778,
    "training_time": 0.6756279468536377,
    "inference_time": 0.007024049758911133
}