{
    "balanced_accuracy": 0.596267878991974,
    "accuracy": 0.8012541592014333,
    "log_loss": 0.41932691926527843,
    "roc_auc": 0.596267878991974,
    "f1": 0.8833821431253285,
    "precision": 0.7972350230414746,
    "recall": 0.9904024246506146,
    "inference_time": 0.1954338550567627,
    "training_time": 0,
    "dataset": "adult",
    "model": "mlp/simple_nd_nn",
    "fold": "F3",
    "architecture_name": "A1",
    "fs_method": "f_classif",
    "fs_percent": 0.6,
    "fs_n_features": 8
}