{
    "balanced_accuracy": 0.8303483635342042,
    "accuracy": 0.8553037171350861,
    "log_loss": 0.42050989067032474,
    "roc_auc": 0.8303483635342043,
    "f1": 0.8975609756097561,
    "precision": 0.9064039408866995,
    "recall": 0.8888888888888888,
    "inference_time": 0.10405278205871582,
    "training_time": 0,
    "dataset": "nomao",
    "model": "mlp/simple_nd_nnw",
    "fold": "F0",
    "architecture_name": "A0",
    "fs_method": "linear_model",
    "fs_percent": 0.5,
    "fs_n_features": 59
}