{
    "balanced_accuracy": 0.5351210013226866,
    "accuracy": 0.7121057985757884
}