{
    "balanced_accuracy": 0.9364813404417365,
    "accuracy": 0.935609756097561,
    "log_loss": 0.33747103117078797,
    "roc_auc": 0.9364813404417365,
    "f1": 0.9384328358208955,
    "precision": 0.8871252204585538,
    "recall": 0.996039603960396,
    "inference_time": 0.10570001602172852,
    "training_time": 0,
    "dataset": "sylvine",
    "model": "transformer/cls",
    "architecture_name": "A26",
    "fs_method": "decision_tree",
    "fs_percent": 0.5,
    "fs_n_features": 10
}