{
    "balanced_accuracy": 0.6881317398383975,
    "accuracy": 0.675146771037182,
    "log_loss": 1.1584664184746098,
    "roc_auc": 0.6881317398383975,
    "f1": 0.7313915857605178,
    "precision": 0.601063829787234,
    "recall": 0.9338842975206612,
    "inference_time": 0.009888172149658203,
    "training_time": 0,
    "dataset": "kr-vs-kp",
    "model": "mlp/simple_nd_nnw",
    "fold": "F3",
    "architecture_name": "A0",
    "fs_method": "random_2",
    "fs_percent": 0.6,
    "fs_n_features": 21
}