{
    "balanced_accuracy": 0.7507935267748141,
    "accuracy": 0.7515625,
    "log_loss": 1.4993282051764845,
    "roc_auc": 0.7507935267748143,
    "f1": 0.7272727272727273,
    "precision": 0.7969924812030075,
    "recall": 0.668769716088328,
    "inference_time": 0.015298604965209961,
    "training_time": 0,
    "dataset": "kr-vs-kp",
    "model": "mlp/simple_nnw",
    "architecture_name": "A1",
    "fs_method": "random_1",
    "fs_percent": 0.8,
    "fs_n_features": 28
}