{
    "valid_loss": {
        "balanced_accuracy": 0.7994344726946174,
        "accuracy": 0.8629383158433581,
        "log_loss": 0.2953140868337632,
        "roc_auc": 0.7994344726946174,
        "f1": 0.9108762586336024,
        "precision": 0.9004606778545574,
        "recall": 0.9215356120559016
    }
}