{
    "balanced_accuracy": 0.7957708256159848,
    "accuracy": 0.8631942667007935,
    "log_loss": 0.29137113904348894,
    "roc_auc": 0.7957708256159848,
    "f1": 0.9113672166487025,
    "precision": 0.8977458346945443,
    "recall": 0.9254083178986361,
    "inference_time": 1.0542171001434326,
    "training_time": 389.2080661058426,
    "dataset": "adult",
    "model": "transformer/cls",
    "fold": "F4",
    "architecture_name": "A19",
    "fs_method": "none",
    "fs_percent": 1.0,
    "fs_n_features": 14
}