{
    "balanced_accuracy": 0.5038776061557293,
    "accuracy": 0.5863354037267081
}