{
    "balanced_accuracy": 0.7922602089268755,
    "accuracy": 0.7945492662473794,
    "log_loss": 0.4353492350674148,
    "roc_auc": 0.7922602089268757,
    "f1": 0.8191881918819188,
    "precision": 0.7424749163879598,
    "recall": 0.9135802469135802,
    "training_time": 0.09344744682312012,
    "inference_time": 0.0008287429809570312,
    "dataset": "jasmine",
    "model": "xgboost",
    "fold": "F2",
    "architecture_name": "A3",
    "fs_method": "f_classif",
    "fs_percent": 0.5,
    "fs_n_features": 72
}