{
    "valid_loss": {
        "balanced_accuracy": 0.33096617422330693,
        "accuracy": 0.6145651679429828,
        "log_loss": 1.1023176369197376
    }
}