{
    "valid_loss": {
        "balanced_accuracy": 0.3322520722448116,
        "accuracy": 0.6175600879520813,
        "log_loss": 1.1007251093396613
    }
}