{
    "balanced_accuracy": 0.9277793641728536,
    "accuracy": 0.9280487804878049,
    "log_loss": 0.19507513583263972,
    "roc_auc": 0.9277793641728536,
    "f1": 0.9321058688147296,
    "precision": 0.8862144420131292,
    "recall": 0.9830097087378641,
    "inference_time": 0.01774740219116211,
    "training_time": 0,
    "dataset": "sylvine",
    "model": "mlp/simple",
    "fold": "F0",
    "architecture_name": "A0",
    "fs_method": "linear_model",
    "fs_percent": 0.7,
    "fs_n_features": 14
}