{
    "balanced_accuracy": 0.9412659224273652,
    "accuracy": 0.9413919413919414,
    "log_loss": 0.1592030349495422,
    "roc_auc": 0.9412659224273652,
    "f1": 0.9435294117647058,
    "precision": 0.9134396355353075,
    "recall": 0.975669099756691,
    "inference_time": 0.08728647232055664,
    "training_time": 52.42213720745511
}