{
  "dropout": 0.44915606122497104,
  "embedding_size": 64,
  "n_head": 32,
  "n_hid": 64,
  "n_layers": 1,
  "numerical_passthrough": false,
  "optimizer__lr": 0.0035442060011330323
}