{
    "balanced_accuracy": 0.8588156574105053,
    "accuracy": 0.8545454545454545,
    "log_loss": 0.3804934605102243,
    "roc_auc": 0.8588156574105053,
    "f1": 0.8461538461538461,
    "precision": 0.8,
    "recall": 0.8979591836734694,
    "inference_time": 0.004039764404296875,
    "training_time": 0,
    "dataset": "australian",
    "model": "mlp/simple",
    "fold": "F2",
    "architecture_name": "A1",
    "fs_method": "random_5",
    "fs_percent": 0.5,
    "fs_n_features": 7
}