{
    "balanced_accuracy": 0.9278103720817121,
    "accuracy": 0.9278752436647173
}