{
    "valid_loss": {
        "balanced_accuracy": 0.9378087410118667,
        "accuracy": 0.9562930721799057,
        "log_loss": 0.10751360803229593,
        "roc_auc": 0.9378087410118667,
        "f1": 0.9697122030916174,
        "precision": 0.9585093167701864,
        "recall": 0.9811800610376399
    }
}