{
    "balanced_accuracy": 0.533106227106227,
    "accuracy": 0.7160804020100503
}