{
    "balanced_accuracy": 0.8101917520357237,
    "accuracy": 0.8117154811715481,
    "log_loss": 0.3898632373610062,
    "roc_auc": 0.8101917520357238,
    "f1": 0.8295454545454546,
    "precision": 0.7684210526315789,
    "recall": 0.9012345679012346,
    "training_time": 0.1018669605255127,
    "inference_time": 0.0009319782257080078,
    "dataset": "jasmine",
    "model": "xgboost",
    "fold": "F0",
    "architecture_name": "A1",
    "fs_method": "random_3",
    "fs_percent": 0.7,
    "fs_n_features": 100
}