{
    "balanced_accuracy": 0.6758861952861953,
    "accuracy": 0.8135636596289187,
    "log_loss": 0.39582111945939913,
    "roc_auc": 0.6758861952861953,
    "f1": 0.8846488797403215,
    "precision": 0.8350022418173666,
    "recall": 0.9405723905723906,
    "training_time": 0.21121907234191895,
    "inference_time": 0.0037584304809570312,
    "dataset": "adult",
    "model": "xgboost",
    "fold": "F2",
    "architecture_name": "A1",
    "fs_method": "random_4",
    "fs_percent": 0.6,
    "fs_n_features": 8
}