{
    "balanced_accuracy": 0.9304427747934253,
    "accuracy": 0.9304878048780488,
    "log_loss": 0.19389343985347007,
    "roc_auc": 0.9304427747934253,
    "f1": 0.931899641577061,
    "precision": 0.9154929577464789,
    "recall": 0.948905109489051,
    "inference_time": 0.09604763984680176,
    "training_time": 48.70678048663669,
    "dataset": "sylvine",
    "model": "transformer/cls",
    "fold": "F2",
    "architecture_name": "A26",
    "fs_method": "decision_tree",
    "fs_percent": 0.5,
    "fs_n_features": 10
}