{
    "balanced_accuracy": 0.719016393442623,
    "accuracy": 0.7387387387387387,
    "log_loss": 0.5550035291322065,
    "roc_auc": 0.7190163934426229,
    "f1": 0.6419753086419753,
    "precision": 0.8387096774193549,
    "recall": 0.52,
    "inference_time": 0.002861499786376953,
    "training_time": 0,
    "dataset": "australian",
    "model": "mlp/simple",
    "fold": "F0",
    "architecture_name": "A0",
    "fs_method": "decision_tree",
    "fs_percent": 0.4,
    "fs_n_features": 5
}