{
    "balanced_accuracy": 0.7273120794516009,
    "accuracy": 0.7928140034803972,
    "log_loss": 0.5834105341033989,
    "roc_auc": 0.727312079451601,
    "f1": 0.8625560233600434,
    "precision": 0.8737102765167148,
    "recall": 0.8516829824326136,
    "inference_time": 0.20682430267333984,
    "training_time": 0,
    "dataset": "adult",
    "model": "mlp/simple_nd",
    "architecture_name": "A0",
    "fs_method": "random_4",
    "fs_percent": 0.6,
    "fs_n_features": 8
}