{
    "balanced_accuracy": 0.8812311809969889,
    "accuracy": 0.8727272727272727,
    "log_loss": 0.3145149508605116,
    "roc_auc": 0.8812311809969889,
    "f1": 0.8703703703703703,
    "precision": 0.7966101694915254,
    "recall": 0.9591836734693877,
    "training_time": 0.031385183334350586,
    "inference_time": 0.0005800724029541016,
    "dataset": "australian",
    "model": "xgboost",
    "fold": "F3",
    "architecture_name": "A1",
    "fs_method": "linear_model",
    "fs_percent": 0.9,
    "fs_n_features": 12
}