{
    "valid_loss": {
        "balanced_accuracy": 0.5418666589309176,
        "accuracy": 0.7719604200629336,
        "log_loss": 0.6885141447872674
    }
}