{
    "balanced_accuracy": 0.7676767676767677,
    "accuracy": 0.918918918918919
}