{
    "valid_loss": {
        "balanced_accuracy": 0.7962282828282827,
        "accuracy": 0.8583493282149712,
        "log_loss": 0.30368563262925075,
        "roc_auc": 0.7962282828282828,
        "f1": 0.9076345431789737,
        "precision": 0.8997518610421836,
        "recall": 0.9156565656565656
    }
}