{
    "balanced_accuracy": 0.5911135060990546,
    "accuracy": 0.45523906408952186
}