{
    "balanced_accuracy": 0.6439574204678914,
    "accuracy": 0.7981369638652882,
    "log_loss": 0.520282973130225,
    "roc_auc": 0.6439574204678914,
    "f1": 0.8763015932756242,
    "precision": 0.8232174425456689,
    "recall": 0.9367037682714229,
    "inference_time": 0.1896371841430664,
    "training_time": 0,
    "dataset": "adult",
    "model": "mlp/simple",
    "architecture_name": "A0",
    "fs_method": "linear_model",
    "fs_percent": 0.4,
    "fs_n_features": 5
}