{
    "balanced_accuracy": 0.9510279840091376,
    "accuracy": 0.9512195121951219,
    "log_loss": 0.14195666774210153,
    "roc_auc": 0.9510279840091376,
    "f1": 0.9532710280373832,
    "precision": 0.918918918918919,
    "recall": 0.9902912621359223,
    "inference_time": 0.06984138488769531,
    "training_time": 42.15486267450694,
    "dataset": "sylvine",
    "model": "transformer/cls",
    "fold": "F1",
    "architecture_name": "A20",
    "fs_method": "none",
    "fs_percent": 1.0,
    "fs_n_features": 20
}