{
    "balanced_accuracy": 0.5223033864208096,
    "accuracy": 0.5900621118012422
}