{
    "valid_loss": {
        "balanced_accuracy": 0.7893320671098449,
        "accuracy": 0.7924528301886793,
        "log_loss": 0.4490472691038115,
        "roc_auc": 0.7893320671098449,
        "f1": 0.8241563055062167,
        "precision": 0.725,
        "recall": 0.9547325102880658
    }
}