{
    "valid_loss": {
        "balanced_accuracy": 0.9413073481819912,
        "accuracy": 0.9414634146341463,
        "log_loss": 0.16087386547153032,
        "roc_auc": 0.9413073481819911,
        "f1": 0.9435294117647058,
        "precision": 0.9155251141552512,
        "recall": 0.9733009708737864
    }
}