{
    "balanced_accuracy": 0.9831190694827059,
    "accuracy": 0.982421875,
    "log_loss": 0.0859674538894773,
    "roc_auc": 0.9831190694827059,
    "f1": 0.9816700610997964,
    "precision": 0.9678714859437751,
    "recall": 0.9958677685950413,
    "inference_time": 0.011404752731323242,
    "training_time": 0,
    "dataset": "kr-vs-kp",
    "model": "mlp/simple",
    "fold": "F0",
    "architecture_name": "A0",
    "fs_method": "linear_model",
    "fs_percent": 0.6,
    "fs_n_features": 21
}