{
    "valid_loss": {
        "balanced_accuracy": 0.7487898989898989,
        "accuracy": 0.8350607805502239,
        "log_loss": 0.35661201075915855,
        "roc_auc": 0.748789898989899,
        "f1": 0.8939531057178116,
        "precision": 0.8741753821399839,
        "recall": 0.9146464646464646
    }
}