{
    "balanced_accuracy": 0.30236012170190885,
    "accuracy": 0.43131538329617564
}