{
    "balanced_accuracy": 0.9290468012022328,
    "accuracy": 0.9291819291819292,
    "log_loss": 0.20665229051556824,
    "roc_auc": 0.9290468012022327,
    "f1": 0.931924882629108,
    "precision": 0.9002267573696145,
    "recall": 0.9659367396593674,
    "inference_time": 0.0988471508026123,
    "training_time": 40.771506491829356,
    "dataset": "sylvine",
    "model": "transformer/cls",
    "fold": "F4",
    "architecture_name": "A26",
    "fs_method": "random_2",
    "fs_percent": 0.5,
    "fs_n_features": 10
}