{
    "balanced_accuracy": 0.5577639751552794,
    "accuracy": 0.32222222222222224
}