{
    "balanced_accuracy": 0.7740582462804685,
    "accuracy": 0.7777777777777778,
    "log_loss": 0.4648933022856648,
    "roc_auc": 0.7740582462804684,
    "f1": 0.8166089965397924,
    "precision": 0.7044776119402985,
    "recall": 0.9711934156378601,
    "training_time": 4.7844462394714355,
    "inference_time": 0.011408090591430664,
    "dataset": "jasmine",
    "model": "mlp/full",
    "fold": "F3",
    "architecture_name": "A0",
    "fs_method": "linear_model",
    "fs_percent": 0.8,
    "fs_n_features": 115
}