{
    "balanced_accuracy": 0.7682352941176471,
    "accuracy": 0.9333333333333333
}