{
    "balanced_accuracy": 0.6536361632293146,
    "accuracy": 0.7451678535096643
}