{
    "balanced_accuracy": 0.9167740088736225,
    "accuracy": 0.9169719169719169,
    "log_loss": 0.20979806548145247,
    "roc_auc": 0.9167740088736225,
    "f1": 0.9214780600461894,
    "precision": 0.8769230769230769,
    "recall": 0.9708029197080292,
    "inference_time": 0.017762184143066406,
    "training_time": 0,
    "dataset": "sylvine",
    "model": "mlp/simple_nd",
    "fold": "F4",
    "architecture_name": "A0",
    "fs_method": "random_2",
    "fs_percent": 0.8,
    "fs_n_features": 16
}