{
    "valid_loss": {
        "balanced_accuracy": 0.9307237087203066,
        "accuracy": 0.9510426110607434,
        "log_loss": 0.12527232810790412,
        "roc_auc": 0.9307237087203066,
        "f1": 0.9661059502887271,
        "precision": 0.9541284403669725,
        "recall": 0.9783879989829647
    }
}