{
    "balanced_accuracy": 0.8649240293243048,
    "accuracy": 0.9040797824116047,
    "log_loss": 0.2581889718625257,
    "roc_auc": 0.8649240293243049,
    "f1": 0.934326505276226,
    "precision": 0.9129063561377971,
    "recall": 0.9567759979659293,
    "inference_time": 0.10395431518554688,
    "training_time": 0,
    "dataset": "nomao",
    "model": "mlp/simple_nd_nnw",
    "fold": "F1",
    "architecture_name": "A0",
    "fs_method": "random_3",
    "fs_percent": 0.8,
    "fs_n_features": 94
}