{
    "balanced_accuracy": 0.9143918899121993,
    "accuracy": 0.9140625,
    "log_loss": 0.2298712301478559,
    "roc_auc": 0.9143918899121992,
    "f1": 0.9162861491628614,
    "precision": 0.8852941176470588,
    "recall": 0.9495268138801262,
    "inference_time": 0.014735937118530273,
    "training_time": 0,
    "dataset": "kr-vs-kp",
    "model": "mlp/simple_nd_nn",
    "architecture_name": "A1",
    "fs_method": "random_1",
    "fs_percent": 0.8,
    "fs_n_features": 28
}