{
    "balanced_accuracy": 0.7184518518518519,
    "accuracy": 0.8408189379398593,
    "log_loss": 0.3420867248302738,
    "roc_auc": 0.7184518518518519,
    "f1": 0.9010656911086369,
    "precision": 0.8539342779620138,
    "recall": 0.9537037037037037,
    "inference_time": 0.8488378524780273,
    "training_time": 250.5688133239746,
    "dataset": "adult",
    "model": "transformer/cls",
    "fold": "F1",
    "architecture_name": "A22",
    "fs_method": "random_3",
    "fs_percent": 0.7,
    "fs_n_features": 9
}