{
    "balanced_accuracy": 0.5272433719525657,
    "accuracy": 0.6793893129770993
}