{
    "balanced_accuracy": 0.7569345681091093,
    "accuracy": 0.8493729203992834,
    "log_loss": 0.335471847765475,
    "roc_auc": 0.7569345681091092,
    "f1": 0.9041452887042919,
    "precision": 0.8755520504731861,
    "recall": 0.9346691362182186,
    "training_time": 118.13322043418884,
    "inference_time": 0.22257113456726074,
    "dataset": "adult",
    "model": "mlp/full",
    "fold": "F3",
    "architecture_name": "A1",
    "fs_method": "linear_model",
    "fs_percent": 0.8,
    "fs_n_features": 11
}