{
    "balanced_accuracy": 0.6009485094850948,
    "accuracy": 0.6068965517241379
}