{
    "balanced_accuracy": 0.5358498168498168,
    "accuracy": 0.7487437185929648
}