{
    "balanced_accuracy": 0.9220921015240574,
    "accuracy": 0.9474066013783098,
    "log_loss": 0.12849745646545338,
    "roc_auc": 0.9220921015240574,
    "f1": 0.9637952559300874,
    "precision": 0.9467745891586952,
    "recall": 0.9814391050088991,
    "inference_time": 0.825096845626831,
    "training_time": 415.6724113102617,
    "dataset": "nomao",
    "model": "transformer/cls",
    "fold": "F3",
    "architecture_name": "A28",
    "fs_method": "decision_tree",
    "fs_percent": 0.9,
    "fs_n_features": 106
}