{
    "balanced_accuracy": 0.7972857017774275,
    "accuracy": 0.799163179916318,
    "log_loss": 0.4640052228571396,
    "roc_auc": 0.7972857017774275,
    "f1": 0.8215613382899628,
    "precision": 0.7491525423728813,
    "recall": 0.9094650205761317,
    "inference_time": 0.011600017547607422,
    "training_time": 0,
    "dataset": "jasmine",
    "model": "mlp/simple_nnw",
    "fold": "F0",
    "architecture_name": "A1",
    "fs_method": "random_5",
    "fs_percent": 0.5,
    "fs_n_features": 72
}