{
    "balanced_accuracy": 0.3876638020987401,
    "accuracy": 0.6221374045801527
}