{
    "valid_loss": {
        "balanced_accuracy": 0.3332789451868802,
        "accuracy": 0.6165219698980172,
        "log_loss": 1.1039841515203919
    }
}