{
    "valid_loss": {
        "balanced_accuracy": 0.9409655997726201,
        "accuracy": 0.9575625680087051,
        "log_loss": 0.11441947210364489,
        "roc_auc": 0.9409655997726201,
        "f1": 0.9705289672544081,
        "precision": 0.9613273453093812,
        "recall": 0.9799084435401831
    }
}