{
    "balanced_accuracy": 0.2857142857142857,
    "accuracy": 0.044444444444444446
}