{
    "balanced_accuracy": 0.5333333333333333,
    "accuracy": 0.5942028985507246
}