{
    "balanced_accuracy": 0.8588156574105053,
    "accuracy": 0.8545454545454545,
    "log_loss": 0.3480646848302128,
    "roc_auc": 0.8588156574105053,
    "f1": 0.8461538461538461,
    "precision": 0.8,
    "recall": 0.8979591836734694,
    "inference_time": 0.01865863800048828,
    "training_time": 6.814909049442834,
    "dataset": "australian",
    "model": "transformer/cls",
    "fold": "F3",
    "architecture_name": "A19",
    "fs_method": "decision_tree",
    "fs_percent": 0.5,
    "fs_n_features": 7
}