{
    "balanced_accuracy": 0.9940090325355617,
    "accuracy": 0.9941291585127201,
    "log_loss": 0.03575487322442963,
    "roc_auc": 0.9940090325355617,
    "f1": 0.9937888198757764,
    "precision": 0.995850622406639,
    "recall": 0.9917355371900827,
    "training_time": 0.06906342506408691,
    "inference_time": 0.0009205341339111328,
    "dataset": "kr-vs-kp",
    "model": "xgboost",
    "fold": "F4",
    "architecture_name": "A0",
    "fs_method": "random_3",
    "fs_percent": 0.9,
    "fs_n_features": 32
}