{
    "balanced_accuracy": 0.8619157340355497,
    "accuracy": 0.8648648648648649,
    "log_loss": 0.2714406367291344,
    "roc_auc": 0.8619157340355497,
    "f1": 0.845360824742268,
    "precision": 0.8541666666666666,
    "recall": 0.8367346938775511,
    "training_time": 0.054570913314819336,
    "inference_time": 0.0007088184356689453,
    "dataset": "australian",
    "model": "xgboost",
    "fold": "F1",
    "architecture_name": "A3",
    "fs_method": "none",
    "fs_percent": 1.0,
    "fs_n_features": 14
}