{
    "balanced_accuracy": 0.7246944827973284,
    "accuracy": 0.8400307141028922,
    "log_loss": 0.3563471367945893,
    "roc_auc": 0.7246944827973284,
    "f1": 0.8999359590137688,
    "precision": 0.8577750648557912,
    "recall": 0.9464556322613235,
    "inference_time": 0.1895911693572998,
    "training_time": 0,
    "dataset": "adult",
    "model": "mlp/simple_nd",
    "fold": "F3",
    "architecture_name": "A0",
    "fs_method": "random_4",
    "fs_percent": 0.9,
    "fs_n_features": 12
}