{
    "balanced_accuracy": 0.7854542576764798,
    "accuracy": 0.7882599580712788,
    "log_loss": 0.450599242764726,
    "roc_auc": 0.7854542576764798,
    "f1": 0.818018018018018,
    "precision": 0.7275641025641025,
    "recall": 0.934156378600823,
    "training_time": 0.07355070114135742,
    "inference_time": 0.0008509159088134766,
    "dataset": "jasmine",
    "model": "xgboost",
    "fold": "F2",
    "architecture_name": "A1",
    "fs_method": "random_2",
    "fs_percent": 0.6,
    "fs_n_features": 86
}