{
    "balanced_accuracy": 0.9408274799640545,
    "accuracy": 0.9547366893950384,
    "log_loss": 0.1265102117342778,
    "roc_auc": 0.9408274799640546,
    "f1": 0.9686558167570826,
    "precision": 0.9647788673203922,
    "recall": 0.9725640508371999,
    "inference_time": 0.13428759574890137,
    "training_time": 0,
    "dataset": "nomao",
    "model": "mlp/simple",
    "architecture_name": "A0",
    "fs_method": "linear_model",
    "fs_percent": 0.9,
    "fs_n_features": 106
}