{
    "balanced_accuracy": 0.815199236459079,
    "accuracy": 0.8238341968911918
}