{
    "valid_loss": {
        "balanced_accuracy": 0.9926605504587156,
        "accuracy": 0.972027972027972,
        "log_loss": 0.03875458076691573
    }
}