{
    "balanced_accuracy": 0.9217833118648919,
    "accuracy": 0.9218559218559218,
    "log_loss": 0.23838510939749605,
    "roc_auc": 0.9217833118648919,
    "f1": 0.9236276849642004,
    "precision": 0.9063231850117096,
    "recall": 0.9416058394160584,
    "inference_time": 0.019003868103027344,
    "training_time": 0,
    "dataset": "sylvine",
    "model": "mlp/simple_nd_nnw",
    "fold": "F4",
    "architecture_name": "A1",
    "fs_method": "random_5",
    "fs_percent": 0.7,
    "fs_n_features": 14
}