{
    "balanced_accuracy": 0.5075901328273245,
    "accuracy": 0.6962025316455697
}