{
    "balanced_accuracy": 0.8793911007025761,
    "accuracy": 0.8818181818181818,
    "log_loss": 0.30067059066699847,
    "roc_auc": 0.8793911007025762,
    "f1": 0.865979381443299,
    "precision": 0.875,
    "recall": 0.8571428571428571,
    "training_time": 4.434454679489136,
    "inference_time": 0.0031223297119140625,
    "dataset": "australian",
    "model": "mlp/full_nnw",
    "fold": "F2",
    "architecture_name": "A0",
    "fs_method": "none",
    "fs_percent": 1.0,
    "fs_n_features": 14
}