{
    "balanced_accuracy": 0.7900443178220956,
    "accuracy": 0.7924528301886793,
    "log_loss": 0.4468227795351888,
    "roc_auc": 0.7900443178220955,
    "f1": 0.818348623853211,
    "precision": 0.7384105960264901,
    "recall": 0.9176954732510288,
    "training_time": 0.05120420455932617,
    "inference_time": 0.0007653236389160156,
    "dataset": "jasmine",
    "model": "xgboost",
    "fold": "F3",
    "architecture_name": "A0",
    "fs_method": "random_4",
    "fs_percent": 0.6,
    "fs_n_features": 86
}