{
    "valid_loss": {
        "balanced_accuracy": 0.8160109109277656,
        "accuracy": 0.8667775787048887,
        "log_loss": 0.29332990741464643,
        "roc_auc": 0.8160109109277656,
        "f1": 0.9124695198856471,
        "precision": 0.9113201209271078,
        "recall": 0.9136218218555312
    }
}