{
    "balanced_accuracy": 0.9328947368421052,
    "accuracy": 0.9259259259259259
}