{
    "balanced_accuracy": 0.5228310390437466,
    "accuracy": 0.7075279755849441
}