{
    "balanced_accuracy": 0.9486790522251769,
    "accuracy": 0.948780487804878,
    "log_loss": 0.1700437568963419,
    "roc_auc": 0.9486790522251768,
    "f1": 0.9509345794392523,
    "precision": 0.9146067415730337,
    "recall": 0.9902676399026764,
    "inference_time": 0.07075095176696777,
    "training_time": 44.51996356248857,
    "dataset": "sylvine",
    "model": "transformer/cls",
    "fold": "F3",
    "architecture_name": "A24",
    "fs_method": "none",
    "fs_percent": 1.0,
    "fs_n_features": 20
}