{
    "balanced_accuracy": 0.5032894736842105,
    "accuracy": 0.6370370370370371
}