{
    "balanced_accuracy": 0.7681575757575758,
    "accuracy": 0.8461932181701856,
    "log_loss": 0.3250874153243125,
    "roc_auc": 0.7681575757575758,
    "f1": 0.9007431874483898,
    "precision": 0.8839546191247974,
    "recall": 0.9181818181818182,
    "inference_time": 0.1469273567199707,
    "training_time": 0,
    "dataset": "adult",
    "model": "mlp/simple_nd_nnw",
    "fold": "F2",
    "architecture_name": "A0",
    "fs_method": "random_1",
    "fs_percent": 0.9,
    "fs_n_features": 12
}