{
    "balanced_accuracy": 0.8037805286048845,
    "accuracy": 0.8090909090909091,
    "log_loss": 0.4735488564368043,
    "roc_auc": 0.8037805286048846,
    "f1": 0.7789473684210526,
    "precision": 0.8043478260869565,
    "recall": 0.7551020408163265,
    "training_time": 2.023803472518921,
    "inference_time": 0.004563331604003906,
    "dataset": "australian",
    "model": "mlp/full",
    "fold": "F3",
    "architecture_name": "A1",
    "fs_method": "f_classif",
    "fs_percent": 0.5,
    "fs_n_features": 7
}