{
    "balanced_accuracy": 0.7874328562608744,
    "accuracy": 0.8638341438443818,
    "log_loss": 0.299705623341388,
    "roc_auc": 0.7874328562608746,
    "f1": 0.9125143890807433,
    "precision": 0.891692109914832,
    "recall": 0.9343323791884156,
    "inference_time": 0.5639686584472656,
    "training_time": 192.9031047821045,
    "dataset": "adult",
    "model": "transformer/cls",
    "fold": "F3",
    "architecture_name": "A28",
    "fs_method": "none",
    "fs_percent": 1.0,
    "fs_n_features": 14
}