{
    "balanced_accuracy": 0.7773551102879273,
    "accuracy": 0.8612746352700281,
    "log_loss": 0.3010206214655102,
    "roc_auc": 0.7773551102879273,
    "f1": 0.9113944744155632,
    "precision": 0.8856235107227959,
    "recall": 0.9387102205758545,
    "inference_time": 0.9531850814819336,
    "training_time": 374.27512264251703
}