{
    "valid_loss": {
        "balanced_accuracy": 0.94142142427974,
        "accuracy": 0.9414634146341463,
        "log_loss": 0.16131211866964637,
        "roc_auc": 0.9414214242797398,
        "f1": 0.9425837320574163,
        "precision": 0.9270588235294117,
        "recall": 0.9586374695863747
    }
}