{
    "balanced_accuracy": 0.8891875746714457,
    "accuracy": 0.8992805755395683
}