{
    "balanced_accuracy": 0.5577249575551783,
    "accuracy": 0.5652173913043478
}