{
    "valid_loss": {
        "balanced_accuracy": 0.9284636658981043,
        "accuracy": 0.9521305530371713,
        "log_loss": 0.1333140665535966,
        "roc_auc": 0.9284636658981043,
        "f1": 0.967016491754123,
        "precision": 0.9506263817243921,
        "recall": 0.9839816933638444
    }
}