{
    "balanced_accuracy": 0.8621594092182328,
    "accuracy": 0.9301848049281314
}