{
    "balanced_accuracy": 0.6752585840457186,
    "accuracy": 0.8308400460299195
}