{
    "balanced_accuracy": 0.9585387977427179,
    "accuracy": 0.9834765366820886
}