{
    "balanced_accuracy": 0.9590449954086318,
    "accuracy": 0.95703125,
    "log_loss": 0.32766362631362667,
    "roc_auc": 0.9590449954086319,
    "f1": 0.9563492063492064,
    "precision": 0.9198473282442748,
    "recall": 0.9958677685950413,
    "inference_time": 0.012490987777709961,
    "training_time": 0,
    "dataset": "kr-vs-kp",
    "model": "mlp/simple_nd",
    "fold": "F0",
    "architecture_name": "A0",
    "fs_method": "random_5",
    "fs_percent": 0.7,
    "fs_n_features": 25
}