{
    "balanced_accuracy": 0.6900501073729419,
    "accuracy": 0.7357512953367875
}