{
    "balanced_accuracy": 0.5710590222785344,
    "accuracy": 0.9693295292439372
}