{
    "balanced_accuracy": 0.9917355371900827,
    "accuracy": 0.9921722113502935,
    "log_loss": 0.027799529874581112,
    "roc_auc": 0.9917355371900827,
    "f1": 0.9916666666666667,
    "precision": 1.0,
    "recall": 0.9834710743801653,
    "training_time": 0.0921015739440918,
    "inference_time": 0.001051187515258789,
    "dataset": "kr-vs-kp",
    "model": "xgboost",
    "fold": "F1",
    "architecture_name": "A2",
    "fs_method": "linear_model",
    "fs_percent": 0.9,
    "fs_n_features": 32
}