{
    "balanced_accuracy": 0.5167002979045445,
    "accuracy": 0.6842105263157895
}