{
  "aggregator__cell": "LSTM",
  "aggregator__dropout": 0.07714892842272797,
  "aggregator__hidden_size": 128,
  "aggregator__num_layers": 1,
  "dropout": 0.32690710853894617,
  "embedding_size": 512,
  "n_head": 32,
  "n_hid": 32,
  "n_layers": 2,
  "optimizer__lr": 0.002322776380141716
}