{
    "balanced_accuracy": 0.6865942028985508,
    "accuracy": 0.8764044943820225
}