{
    "balanced_accuracy": 0.9601806944682951,
    "accuracy": 0.968083563034963,
    "log_loss": 0.08894285094836504,
    "roc_auc": 0.9601806944682951,
    "f1": 0.9778181084896148,
    "precision": 0.9774239064704696,
    "recall": 0.9782126286060117,
    "training_time": 0.4755065441131592,
    "inference_time": 0.004065036773681641,
    "dataset": "nomao",
    "model": "xgboost",
    "architecture_name": "A1",
    "fs_method": "random_5",
    "fs_percent": 0.9,
    "fs_n_features": 106
}