{
  "dropout": 0.18011222308093178,
  "embedding_size": 128,
  "n_head": 1,
  "n_hid": 128,
  "n_layers": 3,
  "numerical_passthrough": false,
  "optimizer__lr": 0.00734661820241459
}