{
    "balanced_accuracy": 0.5534509600415153,
    "accuracy": 0.7037037037037037
}