{
    "balanced_accuracy": 0.8088002532446977,
    "accuracy": 0.8113207547169812,
    "log_loss": 0.4277929558332946,
    "roc_auc": 0.8088002532446977,
    "f1": 0.8357664233576643,
    "precision": 0.7508196721311475,
    "recall": 0.9423868312757202,
    "training_time": 0.15453171730041504,
    "inference_time": 0.0009684562683105469
}