{
    "balanced_accuracy": 0.9890761883368655,
    "accuracy": 0.9890625,
    "log_loss": 0.044339981382547314,
    "roc_auc": 0.9890761883368655,
    "f1": 0.988976377952756,
    "precision": 0.9874213836477987,
    "recall": 0.9905362776025236,
    "inference_time": 0.01436614990234375,
    "training_time": 0,
    "dataset": "kr-vs-kp",
    "model": "mlp/simple_nd",
    "architecture_name": "A0",
    "fs_method": "linear_model",
    "fs_percent": 0.8,
    "fs_n_features": 28
}