{
    "balanced_accuracy": 0.7327025303390006,
    "accuracy": 0.8407043407043407
}