{
    "balanced_accuracy": 0.9425361385430084,
    "accuracy": 0.9426129426129426,
    "log_loss": 0.14870025241385035,
    "roc_auc": 0.9425361385430086,
    "f1": 0.9439809296781884,
    "precision": 0.9252336448598131,
    "recall": 0.9635036496350365,
    "training_time": 0.20602202415466309,
    "inference_time": 0.0015099048614501953
}