{
    "balanced_accuracy": 0.9611921782139072,
    "accuracy": 0.9686310063463281,
    "log_loss": 0.08274091318207301,
    "roc_auc": 0.9611921782139072,
    "f1": 0.9780205818828611,
    "precision": 0.9773996952767903,
    "recall": 0.9786422578184591,
    "training_time": 1.4337952136993408,
    "inference_time": 0.008016347885131836,
    "dataset": "nomao",
    "model": "xgboost",
    "fold": "F0",
    "architecture_name": "A2",
    "fs_method": "random_2",
    "fs_percent": 0.8,
    "fs_n_features": 94
}