{
    "valid_loss": {
        "balanced_accuracy": 0.5368005593349179,
        "accuracy": 0.768632951702176,
        "log_loss": 0.7055798945301242
    }
}