{
    "balanced_accuracy": 0.7039622895622896,
    "accuracy": 0.8124120281509917,
    "log_loss": 0.3917817002222392,
    "roc_auc": 0.7039622895622896,
    "f1": 0.8808711197789696,
    "precision": 0.8513980521520578,
    "recall": 0.9124579124579124,
    "inference_time": 0.1464862823486328,
    "training_time": 0,
    "dataset": "adult",
    "model": "mlp/simple_nd_nnw",
    "fold": "F1",
    "architecture_name": "A0",
    "fs_method": "random_5",
    "fs_percent": 0.5,
    "fs_n_features": 7
}