{
    "valid_loss": {
        "balanced_accuracy": 0.9449213606852155,
        "accuracy": 0.9597388465723613,
        "log_loss": 0.10232232556450101,
        "roc_auc": 0.9449213606852155,
        "f1": 0.9719979818365287,
        "precision": 0.9644555694618273,
        "recall": 0.9796592931604373
    }
}