{
    "balanced_accuracy": 0.9256188118811881,
    "accuracy": 0.9248780487804878,
    "log_loss": 0.34243388403337344,
    "roc_auc": 0.9256188118811881,
    "f1": 0.9275634995296331,
    "precision": 0.8835125448028673,
    "recall": 0.9762376237623762,
    "inference_time": 0.12586092948913574,
    "training_time": 0,
    "dataset": "sylvine",
    "model": "transformer/cls",
    "architecture_name": "A26",
    "fs_method": "random_1",
    "fs_percent": 0.9,
    "fs_n_features": 18
}