{
    "balanced_accuracy": 0.9458815939045746,
    "accuracy": 0.9452054794520548,
    "log_loss": 0.11060473403121941,
    "roc_auc": 0.9458815939045746,
    "f1": 0.943089430894309,
    "precision": 0.928,
    "recall": 0.9586776859504132,
    "training_time": 0.05550837516784668,
    "inference_time": 0.0007262229919433594,
    "dataset": "kr-vs-kp",
    "model": "xgboost",
    "fold": "F4",
    "architecture_name": "A1",
    "fs_method": "random_4",
    "fs_percent": 0.7,
    "fs_n_features": 25
}