{
    "balanced_accuracy": 0.5510127394697546,
    "accuracy": 0.6552906877036528
}