{
    "balanced_accuracy": 0.3785483715109884,
    "accuracy": 0.5195901145268234
}