{
    "balanced_accuracy": 0.9857445697256444,
    "accuracy": 0.9863013698630136,
    "log_loss": 0.08947709368902898,
    "roc_auc": 0.9857445697256444,
    "f1": 0.9853862212943633,
    "precision": 0.9957805907172996,
    "recall": 0.9752066115702479,
    "inference_time": 0.061897993087768555,
    "training_time": 73.7256179397756
}