{
    "balanced_accuracy": 0.7967953769372209,
    "accuracy": 0.799163179916318,
    "log_loss": 0.4377802919154155,
    "roc_auc": 0.7967953769372209,
    "f1": 0.8260869565217391,
    "precision": 0.7378640776699029,
    "recall": 0.9382716049382716,
    "inference_time": 0.010581254959106445,
    "training_time": 0,
    "dataset": "jasmine",
    "model": "mlp/simple_nd",
    "fold": "F1",
    "architecture_name": "A0",
    "fs_method": "random_2",
    "fs_percent": 0.7,
    "fs_n_features": 100
}