{
    "balanced_accuracy": 0.8224121557454891,
    "accuracy": 0.8238993710691824,
    "log_loss": 0.40399177828637467,
    "roc_auc": 0.8224121557454891,
    "f1": 0.8390804597701149,
    "precision": 0.7849462365591398,
    "recall": 0.9012345679012346,
    "inference_time": 0.07759499549865723,
    "training_time": 128.82203801472986,
    "dataset": "jasmine",
    "model": "transformer/cls",
    "fold": "F4",
    "architecture_name": "A6",
    "fs_method": "none",
    "fs_percent": 1.0,
    "fs_n_features": 144
}