{
    "balanced_accuracy": 0.5208613728129206,
    "accuracy": 0.2710892710892711
}