{
    "balanced_accuracy": 0.9082825590251333,
    "accuracy": 0.9073170731707317,
    "log_loss": 0.470709938008997,
    "roc_auc": 0.9082825590251333,
    "f1": 0.9119555143651529,
    "precision": 0.8571428571428571,
    "recall": 0.9742574257425742,
    "inference_time": 0.020411014556884766,
    "training_time": 0,
    "dataset": "sylvine",
    "model": "mlp/simple",
    "architecture_name": "A0",
    "fs_method": "linear_model",
    "fs_percent": 0.7,
    "fs_n_features": 14
}