{
    "balanced_accuracy": 0.907008929274578,
    "accuracy": 0.9358114233907525,
    "log_loss": 0.18151182054495843,
    "roc_auc": 0.907008929274578,
    "f1": 0.9558603491271821,
    "precision": 0.9378517249816491,
    "recall": 0.9745741164505467,
    "training_time": 159.29629588127136,
    "inference_time": 0.10739636421203613,
    "dataset": "nomao",
    "model": "mlp/full",
    "fold": "F0",
    "architecture_name": "A0",
    "fs_method": "f_classif",
    "fs_percent": 0.4,
    "fs_n_features": 47
}