{
    "balanced_accuracy": 0.6874222222222222,
    "accuracy": 0.8211132437619961,
    "log_loss": 0.4077231753369363,
    "roc_auc": 0.6874222222222222,
    "f1": 0.889205896338564,
    "precision": 0.8400718778077269,
    "recall": 0.9444444444444444,
    "training_time": 0.42360448837280273,
    "inference_time": 0.007428407669067383,
    "dataset": "adult",
    "model": "xgboost",
    "fold": "F1",
    "architecture_name": "A3",
    "fs_method": "linear_model",
    "fs_percent": 0.6,
    "fs_n_features": 8
}