{
    "balanced_accuracy": 0.4323182459437861,
    "accuracy": 0.5272836900813989
}