{
    "balanced_accuracy": 0.5051546391752577,
    "accuracy": 0.7593984962406015
}