{
    "valid_loss": {
        "balanced_accuracy": 0.9364534134821811,
        "accuracy": 0.9365079365079365,
        "log_loss": 0.17675657433954106,
        "roc_auc": 0.9364534134821813,
        "f1": 0.9376498800959233,
        "precision": 0.9243498817966903,
        "recall": 0.9513381995133819
    }
}