{
    "valid_loss": {
        "balanced_accuracy": 0.9339040360669815,
        "accuracy": 0.9340659340659341,
        "log_loss": 0.17608921385551615,
        "roc_auc": 0.9339040360669815,
        "f1": 0.9370629370629371,
        "precision": 0.8993288590604027,
        "recall": 0.9781021897810219
    }
}