{
    "balanced_accuracy": 0.5034266803091886,
    "accuracy": 0.6110444177671068
}