{
    "valid_loss": {
        "balanced_accuracy": 0.7823245791245792,
        "accuracy": 0.8391554702495202,
        "log_loss": 0.3520126388107898,
        "roc_auc": 0.7823245791245792,
        "f1": 0.8939150983205334,
        "precision": 0.8962599424606532,
        "recall": 0.8915824915824916
    }
}