{
    "balanced_accuracy": 0.9487772281790531,
    "accuracy": 0.9471624266144814,
    "log_loss": 0.2445759400388719,
    "roc_auc": 0.9487772281790531,
    "f1": 0.9461077844311377,
    "precision": 0.915057915057915,
    "recall": 0.9793388429752066,
    "inference_time": 0.05873608589172363,
    "training_time": 73.7256179397756
}