{
    "balanced_accuracy": 0.727822196839901,
    "accuracy": 0.7280487804878049,
    "log_loss": 0.5419991147560896,
    "roc_auc": 0.727822196839901,
    "f1": 0.7409988385598142,
    "precision": 0.7104677060133631,
    "recall": 0.7742718446601942,
    "training_time": 0.2569553852081299,
    "inference_time": 0.0011072158813476562,
    "dataset": "sylvine",
    "model": "xgboost",
    "fold": "F0",
    "architecture_name": "A3",
    "fs_method": "random_1",
    "fs_percent": 0.6,
    "fs_n_features": 12
}