{
    "balanced_accuracy": 0.5285277795480952,
    "accuracy": 0.3450381679389313
}