{
    "balanced_accuracy": 0.8711943793911007,
    "accuracy": 0.8727272727272727,
    "log_loss": 0.2995509961506305,
    "roc_auc": 0.8711943793911008,
    "f1": 0.8571428571428571,
    "precision": 0.8571428571428571,
    "recall": 0.8571428571428571,
    "training_time": 12.227587938308716,
    "inference_time": 0.0026502609252929688,
    "dataset": "australian",
    "model": "mlp/full_nd_nnw",
    "fold": "F2",
    "architecture_name": "A0",
    "fs_method": "none",
    "fs_percent": 1.0,
    "fs_n_features": 14
}