{
    "balanced_accuracy": 0.6529218855218855,
    "accuracy": 0.8097248880358285,
    "log_loss": 0.3806724311113545,
    "roc_auc": 0.6529218855218855,
    "f1": 0.8840545808966862,
    "precision": 0.8233841684822077,
    "recall": 0.9543771043771043,
    "inference_time": 0.19088149070739746,
    "training_time": 0,
    "dataset": "adult",
    "model": "mlp/simple_nd_nn",
    "fold": "F2",
    "architecture_name": "A1",
    "fs_method": "random_2",
    "fs_percent": 0.7,
    "fs_n_features": 9
}