{
    "balanced_accuracy": 0.9624381049115645,
    "accuracy": 0.9625,
    "log_loss": 0.09961355855070636,
    "roc_auc": 0.9624381049115645,
    "f1": 0.9619047619047619,
    "precision": 0.9680511182108626,
    "recall": 0.9558359621451105,
    "inference_time": 0.015183687210083008,
    "training_time": 0,
    "dataset": "kr-vs-kp",
    "model": "mlp/simple_nd_nn",
    "architecture_name": "A1",
    "fs_method": "decision_tree",
    "fs_percent": 0.6,
    "fs_n_features": 21
}