{
    "balanced_accuracy": 0.7632621014542227,
    "accuracy": 0.87468671679198
}