{
    "balanced_accuracy": 0.9626178991674091,
    "accuracy": 0.9608610567514677,
    "log_loss": 0.25918140365121933,
    "roc_auc": 0.9626178991674091,
    "f1": 0.9601593625498008,
    "precision": 0.926923076923077,
    "recall": 0.9958677685950413,
    "inference_time": 0.012271881103515625,
    "training_time": 0,
    "dataset": "kr-vs-kp",
    "model": "mlp/simple_nd",
    "fold": "F1",
    "architecture_name": "A0",
    "fs_method": "f_classif",
    "fs_percent": 0.4,
    "fs_n_features": 14
}