{
    "balanced_accuracy": 0.7792989898989899,
    "accuracy": 0.8575815738963531,
    "log_loss": 0.30279512482794785,
    "roc_auc": 0.7792989898989899,
    "f1": 0.9084628670120898,
    "precision": 0.8880849011095031,
    "recall": 0.9297979797979798,
    "inference_time": 0.9809894561767578,
    "training_time": 371.3241508007049,
    "dataset": "adult",
    "model": "transformer/cls",
    "fold": "F2",
    "architecture_name": "A3",
    "fs_method": "none",
    "fs_percent": 1.0,
    "fs_n_features": 14
}