{
    "balanced_accuracy": 0.6988727858293076,
    "accuracy": 0.7073170731707317
}