{
    "valid_loss": {
        "balanced_accuracy": 0.7911829086769986,
        "accuracy": 0.7928870292887029,
        "log_loss": 0.41735764642719547,
        "roc_auc": 0.7911829086769986,
        "f1": 0.8142589118198874,
        "precision": 0.7482758620689656,
        "recall": 0.8930041152263375
    }
}