{
    "balanced_accuracy": 0.09788796885830302,
    "accuracy": 0.3297846600532301
}