{
    "balanced_accuracy": 0.4118904456313322,
    "accuracy": 0.6666666666666666
}