{
    "balanced_accuracy": 0.6858736059479553,
    "accuracy": 0.6692759295499021,
    "log_loss": 3.4676489050628208,
    "roc_auc": 0.6858736059479553,
    "f1": 0.7411944869831547,
    "precision": 0.5888077858880778,
    "recall": 1.0,
    "inference_time": 0.012036323547363281,
    "training_time": 0,
    "dataset": "kr-vs-kp",
    "model": "mlp/simple_nd",
    "fold": "F4",
    "architecture_name": "A0",
    "fs_method": "random_1",
    "fs_percent": 0.5,
    "fs_n_features": 18
}