{
    "valid_loss": {
        "balanced_accuracy": 0.3302862348633178,
        "accuracy": 0.6158920312381531,
        "log_loss": 1.1054250188028099
    }
}