{
    "balanced_accuracy": 0.7869976359338061,
    "accuracy": 0.7887029288702929,
    "log_loss": 0.42616688921632034,
    "roc_auc": 0.7869976359338061,
    "f1": 0.8105065666041276,
    "precision": 0.7448275862068966,
    "recall": 0.8888888888888888,
    "training_time": 3.660107374191284,
    "inference_time": 0.00942087173461914,
    "dataset": "jasmine",
    "model": "mlp/full_nnw",
    "fold": "F0",
    "architecture_name": "A0",
    "fs_method": "none",
    "fs_percent": 1.0,
    "fs_n_features": 144
}