{
    "balanced_accuracy": 0.9230669434353918,
    "accuracy": 0.9407407407407408
}