{
    "balanced_accuracy": 0.9624381049115645,
    "accuracy": 0.9625,
    "log_loss": 0.17787126918579937,
    "roc_auc": 0.9624381049115645,
    "f1": 0.9619047619047619,
    "precision": 0.9680511182108626,
    "recall": 0.9558359621451105,
    "inference_time": 0.0632016658782959,
    "training_time": 0,
    "dataset": "kr-vs-kp",
    "model": "transformer/cls",
    "architecture_name": "A2",
    "fs_method": "f_classif",
    "fs_percent": 0.8,
    "fs_n_features": 28
}