{
    "valid_loss": {
        "balanced_accuracy": 0.3280257448085961,
        "accuracy": 0.6138069603457427,
        "log_loss": 1.1217742824778962
    }
}