{
    "balanced_accuracy": 0.9731481765952872,
    "accuracy": 0.9726027397260274,
    "log_loss": 0.09796573981324858,
    "roc_auc": 0.9731481765952872,
    "f1": 0.9714285714285714,
    "precision": 0.9596774193548387,
    "recall": 0.9834710743801653,
    "inference_time": 0.011269807815551758,
    "training_time": 0,
    "dataset": "kr-vs-kp",
    "model": "mlp/simple_nd",
    "fold": "F4",
    "architecture_name": "A0",
    "fs_method": "linear_model",
    "fs_percent": 0.5,
    "fs_n_features": 18
}