{
    "balanced_accuracy": 0.6942729401745795,
    "accuracy": 0.7101449275362319,
    "log_loss": 0.539639701040958,
    "roc_auc": 0.6942729401745795,
    "f1": 0.6296296296296297,
    "precision": 0.723404255319149,
    "recall": 0.5573770491803278,
    "inference_time": 0.0034019947052001953,
    "training_time": 0,
    "dataset": "australian",
    "model": "mlp/simple_nd_nn",
    "architecture_name": "A0",
    "fs_method": "linear_model",
    "fs_percent": 0.5,
    "fs_n_features": 7
}