{
    "valid_loss": {
        "balanced_accuracy": 0.9386025220353638,
        "accuracy": 0.9571998549147624,
        "log_loss": 0.10847574246799793,
        "roc_auc": 0.9386025220353638,
        "f1": 0.9703592062295906,
        "precision": 0.9587987093571606,
        "recall": 0.9822018815153827
    }
}