{
    "balanced_accuracy": 0.5474452661209254,
    "accuracy": 0.6340250385868633
}