{
    "balanced_accuracy": 0.9486278087877487,
    "accuracy": 0.9487179487179487,
    "log_loss": 0.14274989848655223,
    "roc_auc": 0.9486278087877488,
    "f1": 0.9501187648456056,
    "precision": 0.9280742459396751,
    "recall": 0.9732360097323601,
    "training_time": 0.11338281631469727,
    "inference_time": 0.0010085105895996094,
    "dataset": "sylvine",
    "model": "xgboost",
    "fold": "F4",
    "architecture_name": "A0",
    "fs_method": "decision_tree",
    "fs_percent": 0.9,
    "fs_n_features": 18
}