{
    "balanced_accuracy": 0.5161454988454807,
    "accuracy": 0.6987277353689567
}