{
    "balanced_accuracy": 0.915079365079365,
    "accuracy": 0.9112903225806451
}