{
    "balanced_accuracy": 0.8798149102946498,
    "accuracy": 0.887131872914551,
    "log_loss": 0.2837000916505967,
    "roc_auc": 0.8798149102946498,
    "f1": 0.9195116904614111,
    "precision": 0.9437247823317052,
    "recall": 0.8965099858785556,
    "inference_time": 0.15319204330444336,
    "training_time": 0,
    "dataset": "nomao",
    "model": "mlp/simple",
    "architecture_name": "A0",
    "fs_method": "random_3",
    "fs_percent": 0.4,
    "fs_n_features": 47
}