{
    "balanced_accuracy": 0.9266371597182562,
    "accuracy": 0.926829268292683,
    "log_loss": 0.20221576984040782,
    "roc_auc": 0.9266371597182562,
    "f1": 0.9299065420560748,
    "precision": 0.8963963963963963,
    "recall": 0.9660194174757282,
    "training_time": 11.879395484924316,
    "inference_time": 0.0401613712310791,
    "dataset": "sylvine",
    "model": "mlp/full",
    "fold": "F0",
    "architecture_name": "A1",
    "fs_method": "decision_tree",
    "fs_percent": 0.7,
    "fs_n_features": 14
}