{
    "valid_loss": {
        "balanced_accuracy": 0.3366586387920745,
        "accuracy": 0.6163324108124503,
        "log_loss": 1.1099195186330615
    }
}