{
    "balanced_accuracy": 0.5800220750551877,
    "accuracy": 0.7939698492462312
}