{
    "balanced_accuracy": 0.7424507829600943,
    "accuracy": 0.8406705912464807,
    "log_loss": 0.3449888644711394,
    "roc_auc": 0.7424507829600941,
    "f1": 0.8988380596408548,
    "precision": 0.8685615577889447,
    "recall": 0.9313015659201885,
    "inference_time": 0.18082666397094727,
    "training_time": 0,
    "dataset": "adult",
    "model": "mlp/simple",
    "fold": "F3",
    "architecture_name": "A0",
    "fs_method": "decision_tree",
    "fs_percent": 0.8,
    "fs_n_features": 11
}