{
    "valid_loss": {
        "balanced_accuracy": 0.6074176574967062,
        "accuracy": 0.6781350482315113,
        "log_loss": 0.928501652390335
    }
}