{
    "balanced_accuracy": 0.6701777485187623,
    "accuracy": 0.6936936936936937,
    "log_loss": 0.5194832300285808,
    "roc_auc": 0.6701777485187623,
    "f1": 0.575,
    "precision": 0.7419354838709677,
    "recall": 0.46938775510204084,
    "inference_time": 0.002664327621459961,
    "training_time": 0,
    "dataset": "australian",
    "model": "mlp/simple_nnw",
    "fold": "F1",
    "architecture_name": "A0",
    "fs_method": "random_2",
    "fs_percent": 0.7,
    "fs_n_features": 9
}