{
    "balanced_accuracy": 0.3870617656307447,
    "accuracy": 0.49110642146517935
}