{
    "balanced_accuracy": 0.7713282034125125,
    "accuracy": 0.7909090909090909,
    "log_loss": 0.47164774095032785,
    "roc_auc": 0.7713282034125125,
    "f1": 0.7160493827160493,
    "precision": 0.90625,
    "recall": 0.5918367346938775,
    "inference_time": 0.0028061866760253906,
    "training_time": 0,
    "dataset": "australian",
    "model": "mlp/simple_nnw",
    "fold": "F3",
    "architecture_name": "A0",
    "fs_method": "f_classif",
    "fs_percent": 0.7,
    "fs_n_features": 9
}