{
    "balanced_accuracy": 0.9637434955616774,
    "accuracy": 0.962890625,
    "log_loss": 0.17140437929778024,
    "roc_auc": 0.9637434955616775,
    "f1": 0.9614604462474645,
    "precision": 0.9442231075697212,
    "recall": 0.9793388429752066,
    "inference_time": 0.011114835739135742,
    "training_time": 0,
    "dataset": "kr-vs-kp",
    "model": "mlp/simple_nd",
    "fold": "F0",
    "architecture_name": "A0",
    "fs_method": "f_classif",
    "fs_percent": 0.6,
    "fs_n_features": 21
}