{
    "balanced_accuracy": 0.7347827424913835,
    "accuracy": 0.9728958630527818
}