{
    "balanced_accuracy": 0.7709461279461279,
    "accuracy": 0.8584772872680743,
    "log_loss": 0.3068443407106067,
    "roc_auc": 0.7709461279461279,
    "f1": 0.9098173515981736,
    "precision": 0.8821948134092347,
    "recall": 0.9392255892255892,
    "training_time": 0.24094867706298828,
    "inference_time": 0.004471778869628906,
    "dataset": "adult",
    "model": "xgboost",
    "fold": "F2",
    "architecture_name": "A1",
    "fs_method": "f_classif",
    "fs_percent": 0.8,
    "fs_n_features": 11
}