{
    "balanced_accuracy": 0.38994944568408996,
    "accuracy": 0.5544503515691991
}