{
  "dropout": 0.07044547695414577,
  "embedding_size": 32,
  "n_head": 8,
  "n_hid": 512,
  "n_layers": 2,
  "numerical_passthrough": false,
  "optimizer__lr": 0.0003266083379957609
}