{
    "balanced_accuracy": 0.935551015392178,
    "accuracy": 0.9354207436399217,
    "log_loss": 0.1598443461832365,
    "roc_auc": 0.935551015392178,
    "f1": 0.9322381930184805,
    "precision": 0.926530612244898,
    "recall": 0.9380165289256198,
    "inference_time": 0.009965658187866211,
    "training_time": 0,
    "dataset": "kr-vs-kp",
    "model": "mlp/simple_nd_nnw",
    "fold": "F2",
    "architecture_name": "A0",
    "fs_method": "f_classif",
    "fs_percent": 0.7,
    "fs_n_features": 25
}