{
    "balanced_accuracy": 0.7967253305314772,
    "accuracy": 0.799163179916318,
    "log_loss": 0.41658106782487897,
    "roc_auc": 0.796725330531477,
    "f1": 0.8267148014440433,
    "precision": 0.7363344051446945,
    "recall": 0.9423868312757202,
    "inference_time": 0.07015061378479004,
    "training_time": 28.621548670988815,
    "dataset": "jasmine",
    "model": "transformer/cls",
    "fold": "F1",
    "architecture_name": "A24",
    "fs_method": "f_classif",
    "fs_percent": 0.8,
    "fs_n_features": 115
}