{
    "balanced_accuracy": 0.8755308045888859,
    "accuracy": 0.8771217176846076,
    "log_loss": 0.2897133841920693,
    "roc_auc": 0.875530804588886,
    "f1": 0.9114294677402489,
    "precision": 0.9461571862787668,
    "recall": 0.8791607827314908,
    "inference_time": 0.14281272888183594,
    "training_time": 0,
    "dataset": "nomao",
    "model": "mlp/simple_nd_nnw",
    "architecture_name": "A0",
    "fs_method": "random_1",
    "fs_percent": 0.4,
    "fs_n_features": 47
}