{
    "valid_loss": {
        "balanced_accuracy": 0.742590963686367,
        "accuracy": 0.8414384438187867,
        "log_loss": 0.34660453321233625,
        "roc_auc": 0.7425909636863669,
        "f1": 0.899407323211821,
        "precision": 0.8684540608341172,
        "recall": 0.9326485940394006
    }
}