{
    "balanced_accuracy": 0.6099184199227137,
    "accuracy": 0.7251908396946565
}