{
    "balanced_accuracy": 0.8014709745206199,
    "accuracy": 0.803347280334728,
    "log_loss": 0.4650983427735381,
    "roc_auc": 0.80147097452062,
    "f1": 0.8252788104089219,
    "precision": 0.752542372881356,
    "recall": 0.9135802469135802,
    "inference_time": 0.013170719146728516,
    "training_time": 0,
    "dataset": "jasmine",
    "model": "mlp/simple_nd_nnw",
    "fold": "F0",
    "architecture_name": "A1",
    "fs_method": "linear_model",
    "fs_percent": 0.5,
    "fs_n_features": 72
}