{
    "valid_loss": {
        "balanced_accuracy": 0.3358895197243007,
        "accuracy": 0.6145884672252341,
        "log_loss": 1.1078020180298425
    }
}