{
    "valid_loss": {
        "balanced_accuracy": 0.770870112813605,
        "accuracy": 0.8614026106987458,
        "log_loss": 0.30372351467841613,
        "roc_auc": 0.770870112813605,
        "f1": 0.9120013000731291,
        "precision": 0.8812814070351759,
        "recall": 0.9449402256272099
    }
}