{
    "valid_loss": {
        "balanced_accuracy": 0.785053872053872,
        "accuracy": 0.8591170825335892,
        "log_loss": 0.30369429865746517,
        "roc_auc": 0.7850538720538721,
        "f1": 0.9091509200429079,
        "precision": 0.8915682149215083,
        "recall": 0.9274410774410774
    }
}