{
    "balanced_accuracy": 0.7991508417508417,
    "accuracy": 0.8516954574536149,
    "log_loss": 0.31646138195585144,
    "roc_auc": 0.7991508417508417,
    "f1": 0.9022188475491437,
    "precision": 0.904278707931676,
    "recall": 0.9001683501683502,
    "inference_time": 0.8448035717010498,
    "training_time": 269.1218492984772,
    "dataset": "adult",
    "model": "transformer/cls",
    "fold": "F0",
    "architecture_name": "A22",
    "fs_method": "random_3",
    "fs_percent": 0.7,
    "fs_n_features": 9
}