{
    "balanced_accuracy": 0.6098684210526316,
    "accuracy": 0.725925925925926
}