{
    "valid_loss": {
        "balanced_accuracy": 0.9270687781400404,
        "accuracy": 0.9506799637352674,
        "log_loss": 0.12692349349075505,
        "roc_auc": 0.9270687781400404,
        "f1": 0.966,
        "precision": 0.9500860585197934,
        "recall": 0.9824561403508771
    }
}