{
    "balanced_accuracy": 0.5643487285936689,
    "accuracy": 0.6518518518518519
}