{
    "balanced_accuracy": 0.4096994467989174,
    "accuracy": 0.5259818212999485
}