{
    "balanced_accuracy": 0.6625503355704698,
    "accuracy": 0.6622073578595318
}