{
    "valid_loss": {
        "balanced_accuracy": 0.32550070803998277,
        "accuracy": 0.6159299416180151,
        "log_loss": 1.112830840656239
    }
}