{
    "balanced_accuracy": 0.6966593129530413,
    "accuracy": 0.7021943573667712
}