{
    "valid_loss": {
        "balanced_accuracy": 0.9449005330287454,
        "accuracy": 0.9451219512195121,
        "log_loss": 0.17513464384028,
        "roc_auc": 0.9449005330287455,
        "f1": 0.9477351916376306,
        "precision": 0.9086859688195991,
        "recall": 0.9902912621359223
    }
}