{
    "balanced_accuracy": 0.6956283511408556,
    "accuracy": 0.69375
}