{
    "balanced_accuracy": 0.6873536299765808,
    "accuracy": 0.7,
    "log_loss": 0.5855664856643511,
    "roc_auc": 0.6873536299765808,
    "f1": 0.6292134831460674,
    "precision": 0.7,
    "recall": 0.5714285714285714,
    "inference_time": 0.0026679039001464844,
    "training_time": 0,
    "dataset": "australian",
    "model": "mlp/simple_nnw",
    "fold": "F2",
    "architecture_name": "A0",
    "fs_method": "f_classif",
    "fs_percent": 0.4,
    "fs_n_features": 5
}