{
    "balanced_accuracy": 0.8108578664134221,
    "accuracy": 0.8134171907756813,
    "log_loss": 0.4246924224742828,
    "roc_auc": 0.810857866413422,
    "f1": 0.8378870673952641,
    "precision": 0.7516339869281046,
    "recall": 0.9465020576131687,
    "training_time": 0.11054205894470215,
    "inference_time": 0.0009157657623291016,
    "dataset": "jasmine",
    "model": "xgboost",
    "fold": "F2",
    "architecture_name": "A2",
    "fs_method": "random_2",
    "fs_percent": 0.8,
    "fs_n_features": 115
}