{
    "balanced_accuracy": 0.8166666666666667,
    "accuracy": 0.920863309352518
}