{
    "balanced_accuracy": 0.710263860358085,
    "accuracy": 0.8436140261069874,
    "log_loss": 0.3129740631112047,
    "roc_auc": 0.710263860358085,
    "f1": 0.9038098236775819,
    "precision": 0.8486326681448633,
    "recall": 0.9666610540495033,
    "training_time": 0.22222304344177246,
    "inference_time": 0.003832578659057617,
    "dataset": "adult",
    "model": "xgboost",
    "fold": "F4",
    "architecture_name": "A0",
    "fs_method": "random_1",
    "fs_percent": 0.5,
    "fs_n_features": 7
}