{
    "balanced_accuracy": 0.7754880395128247,
    "accuracy": 0.8620424878423343,
    "log_loss": 0.302113348627079,
    "roc_auc": 0.7754880395128247,
    "f1": 0.91211478884722,
    "precision": 0.8841473051999368,
    "recall": 0.941909412358983,
    "inference_time": 0.9946465492248535,
    "training_time": 333.20568895339966,
    "dataset": "adult",
    "model": "transformer/cls",
    "fold": "F3",
    "architecture_name": "A19",
    "fs_method": "none",
    "fs_percent": 1.0,
    "fs_n_features": 14
}