{
    "valid_loss": {
        "balanced_accuracy": 0.7810469551551888,
        "accuracy": 0.8605067826977221,
        "log_loss": 0.3027359612068266,
        "roc_auc": 0.7810469551551888,
        "f1": 0.9105237235265146,
        "precision": 0.8883549575524587,
        "recall": 0.9338272436437111
    }
}