{
    "balanced_accuracy": 0.6186006734006734,
    "accuracy": 0.8066538707613564,
    "log_loss": 0.3716029593224583,
    "roc_auc": 0.6186006734006735,
    "f1": 0.8851387305207146,
    "precision": 0.8069300069300069,
    "recall": 0.9801346801346801,
    "inference_time": 0.17406392097473145,
    "training_time": 0,
    "dataset": "adult",
    "model": "mlp/simple",
    "fold": "F2",
    "architecture_name": "A0",
    "fs_method": "random_3",
    "fs_percent": 0.4,
    "fs_n_features": 5
}