{
    "balanced_accuracy": 0.9291488944015134,
    "accuracy": 0.9292682926829269,
    "log_loss": 0.18605541807322923,
    "roc_auc": 0.9291488944015135,
    "f1": 0.9327146171693735,
    "precision": 0.8913525498891353,
    "recall": 0.9781021897810219,
    "training_time": 15.744401931762695,
    "inference_time": 0.03993511199951172,
    "dataset": "sylvine",
    "model": "mlp/full",
    "fold": "F2",
    "architecture_name": "A1",
    "fs_method": "linear_model",
    "fs_percent": 0.7,
    "fs_n_features": 14
}