{
    "balanced_accuracy": 0.134395213258208,
    "accuracy": 0.3377411136722067
}