{
    "balanced_accuracy": 0.9532389956225681,
    "accuracy": 0.9532163742690059
}