{
    "valid_loss": {
        "balanced_accuracy": 0.7949084175084176,
        "accuracy": 0.8591170825335892,
        "log_loss": 0.3016837717567479,
        "roc_auc": 0.7949084175084176,
        "f1": 0.9083340271417867,
        "precision": 0.8985340141657058,
        "recall": 0.9183501683501684
    }
}