{
    "balanced_accuracy": 0.544949494949495,
    "accuracy": 0.908256880733945
}