{
    "balanced_accuracy": 0.7467232339955849,
    "accuracy": 0.8366834170854272
}