{
    "balanced_accuracy": 0.4596031626658114,
    "accuracy": 0.7433206106870229
}