{
    "balanced_accuracy": 0.7542794612794612,
    "accuracy": 0.8331413947536789,
    "log_loss": 0.3508332070060175,
    "roc_auc": 0.7542794612794613,
    "f1": 0.8919277308138571,
    "precision": 0.8783872020894548,
    "recall": 0.9058922558922559,
    "inference_time": 0.14399933815002441,
    "training_time": 0,
    "dataset": "adult",
    "model": "mlp/simple_nd_nnw",
    "fold": "F1",
    "architecture_name": "A0",
    "fs_method": "random_1",
    "fs_percent": 0.5,
    "fs_n_features": 7
}