{
    "balanced_accuracy": 0.6553901822898887,
    "accuracy": 0.8120300751879699
}