{
    "balanced_accuracy": 0.5301974448315911,
    "accuracy": 0.5310344827586206
}