{
    "balanced_accuracy": 0.5670184878587197,
    "accuracy": 0.7688442211055276
}