{
    "balanced_accuracy": 0.9496252494774193,
    "accuracy": 0.9621033544877606,
    "log_loss": 0.09575629381666549,
    "roc_auc": 0.9496252494774192,
    "f1": 0.9735744089012517,
    "precision": 0.9683098591549296,
    "recall": 0.9788965166539537,
    "training_time": 0.504551887512207,
    "inference_time": 0.00362396240234375,
    "dataset": "nomao",
    "model": "xgboost",
    "fold": "F1",
    "architecture_name": "A0",
    "fs_method": "linear_model",
    "fs_percent": 0.6,
    "fs_n_features": 70
}