{
    "balanced_accuracy": 0.9450879471828579,
    "accuracy": 0.9453125,
    "log_loss": 0.14321050611650302,
    "roc_auc": 0.9450879471828579,
    "f1": 0.9434571890145396,
    "precision": 0.9668874172185431,
    "recall": 0.9211356466876972,
    "inference_time": 0.015279531478881836,
    "training_time": 0,
    "dataset": "kr-vs-kp",
    "model": "mlp/simple_nnw",
    "architecture_name": "A1",
    "fs_method": "f_classif",
    "fs_percent": 0.8,
    "fs_n_features": 28
}