{
    "balanced_accuracy": 0.5591081978065496,
    "accuracy": 0.8796498905908097
}