{
    "balanced_accuracy": 0.917265549844364,
    "accuracy": 0.9380530973451328,
    "log_loss": 0.17908916592632887,
    "roc_auc": 0.917265549844364,
    "f1": 0.9572615353818437,
    "precision": 0.9499404052443385,
    "recall": 0.9646963889449264,
    "inference_time": 0.19894933700561523,
    "training_time": 0,
    "dataset": "nomao",
    "model": "mlp/simple_nnw",
    "architecture_name": "A1",
    "fs_method": "linear_model",
    "fs_percent": 0.9,
    "fs_n_features": 106
}