{
    "balanced_accuracy": 0.9797003642898301,
    "accuracy": 0.9796875,
    "log_loss": 0.07615103699208947,
    "roc_auc": 0.9797003642898302,
    "f1": 0.9795275590551181,
    "precision": 0.9779874213836478,
    "recall": 0.9810725552050473,
    "training_time": 11.731598138809204,
    "inference_time": 0.028472423553466797,
    "dataset": "kr-vs-kp",
    "model": "mlp/full",
    "architecture_name": "A1",
    "fs_method": "decision_tree",
    "fs_percent": 0.4,
    "fs_n_features": 14
}