{
    "balanced_accuracy": 0.3813957480187007,
    "accuracy": 0.5475904647573315
}