{
    "valid_loss": {
        "balanced_accuracy": 0.8138651471984806,
        "accuracy": 0.8155136268343816,
        "log_loss": 0.3973694070974161,
        "roc_auc": 0.8138651471984806,
        "f1": 0.8326996197718631,
        "precision": 0.773851590106007,
        "recall": 0.9012345679012346
    }
}