{
    "balanced_accuracy": 0.5015873015873016,
    "accuracy": 0.898989898989899
}