{
  "dropout": 0.008625029177330417,
  "embedding_size": 64,
  "n_head": 32,
  "n_hid": 256,
  "n_layers": 1,
  "numerical_passthrough": false,
  "optimizer__lr": 0.028898321200506356
}