{
    "valid_loss": {
        "balanced_accuracy": 0.33488390265456897,
        "accuracy": 0.6191757970959548,
        "log_loss": 1.1044440200951426
    }
}