{
    "balanced_accuracy": 0.524167260196648,
    "accuracy": 0.16083150984682712
}