{
    "balanced_accuracy": 0.770666727097338,
    "accuracy": 0.8097914777878513,
    "log_loss": 0.5640406840933987,
    "roc_auc": 0.7706667270973382,
    "f1": 0.8660794076343674,
    "precision": 0.8697435897435898,
    "recall": 0.8624459699974574,
    "inference_time": 0.16791272163391113,
    "training_time": 0,
    "dataset": "nomao",
    "model": "mlp/simple_nd",
    "fold": "F1",
    "architecture_name": "A1",
    "fs_method": "f_classif",
    "fs_percent": 0.5,
    "fs_n_features": 59
}