{
    "balanced_accuracy": 0.7467380394780863,
    "accuracy": 0.7636363636363637,
    "log_loss": 0.5387979627121059,
    "roc_auc": 0.7467380394780864,
    "f1": 0.6904761904761905,
    "precision": 0.8285714285714286,
    "recall": 0.5918367346938775,
    "inference_time": 0.00408172607421875,
    "training_time": 0,
    "dataset": "australian",
    "model": "mlp/simple",
    "fold": "F2",
    "architecture_name": "A1",
    "fs_method": "random_5",
    "fs_percent": 0.9,
    "fs_n_features": 12
}