{
    "balanced_accuracy": 0.5032644824311491,
    "accuracy": 0.8845733041575492
}