{
    "balanced_accuracy": 0.6314208091790858,
    "accuracy": 0.8092947077490019,
    "log_loss": 0.4076080170837548,
    "roc_auc": 0.6314208091790858,
    "f1": 0.8858246001103144,
    "precision": 0.8156884875846501,
    "recall": 0.9691564972509051,
    "inference_time": 0.18340158462524414,
    "training_time": 0,
    "dataset": "adult",
    "model": "mlp/simple_nnw",
    "architecture_name": "A0",
    "fs_method": "linear_model",
    "fs_percent": 0.8,
    "fs_n_features": 11
}