{
  "dropout": 0.4344931548146273,
  "embedding_size": 512,
  "n_head": 32,
  "n_hid": 32,
  "n_layers": 3,
  "numerical_passthrough": false,
  "optimizer__lr": 0.01111794624446021
}