{
    "balanced_accuracy": 0.828780316959986,
    "accuracy": 0.8305439330543933,
    "log_loss": 0.4073591157315758,
    "roc_auc": 0.8287803169599859,
    "f1": 0.8485981308411215,
    "precision": 0.7773972602739726,
    "recall": 0.934156378600823,
    "inference_time": 0.013410091400146484,
    "training_time": 0,
    "dataset": "jasmine",
    "model": "mlp/simple",
    "fold": "F0",
    "architecture_name": "A1",
    "fs_method": "f_classif",
    "fs_percent": 0.8,
    "fs_n_features": 115
}