{
    "balanced_accuracy": 0.7718423551756886,
    "accuracy": 0.7735849056603774,
    "log_loss": 0.46773160831206484,
    "roc_auc": 0.7718423551756884,
    "f1": 0.7954545454545454,
    "precision": 0.7368421052631579,
    "recall": 0.8641975308641975,
    "training_time": 0.07536077499389648,
    "inference_time": 0.0007231235504150391,
    "dataset": "jasmine",
    "model": "xgboost",
    "fold": "F3",
    "architecture_name": "A2",
    "fs_method": "decision_tree",
    "fs_percent": 0.4,
    "fs_n_features": 57
}