{
    "balanced_accuracy": 0.4574521406861959,
    "accuracy": 0.5217391304347826
}