{
    "balanced_accuracy": 0.8890501712791663,
    "accuracy": 0.914777878513146,
    "log_loss": 0.2193672752357544,
    "roc_auc": 0.8890501712791663,
    "f1": 0.9407911312673217,
    "precision": 0.932334581772784,
    "recall": 0.9494024917365879,
    "inference_time": 0.13715147972106934,
    "training_time": 0,
    "dataset": "nomao",
    "model": "mlp/simple_nd_nn",
    "fold": "F0",
    "architecture_name": "A1",
    "fs_method": "random_4",
    "fs_percent": 0.8,
    "fs_n_features": 94
}