{
    "valid_loss": {
        "balanced_accuracy": 0.7948717948717948,
        "accuracy": 0.7966457023060797,
        "log_loss": 0.4121724708390372,
        "roc_auc": 0.7948717948717948,
        "f1": 0.8166351606805293,
        "precision": 0.7552447552447552,
        "recall": 0.8888888888888888
    }
}