{
    "valid_loss": {
        "balanced_accuracy": 0.9315024184846563,
        "accuracy": 0.954842219804135,
        "log_loss": 0.10710022104654478,
        "roc_auc": 0.9315024184846564,
        "f1": 0.968894440974391,
        "precision": 0.9521237417137245,
        "recall": 0.986266531027467
    }
}