{
    "balanced_accuracy": 0.5998149716957706,
    "accuracy": 0.6627486437613019
}