{
  "dropout": 0.2766308214254002,
  "embedding_size": 128,
  "n_head": 32,
  "n_hid": 512,
  "n_layers": 4,
  "optimizer__lr": 0.009104450002474685
}