{
    "balanced_accuracy": 0.6127538829151733,
    "accuracy": 0.7913669064748201
}