{
    "balanced_accuracy": 0.7720545454545454,
    "accuracy": 0.8598848368522073,
    "log_loss": 0.30686554069982874,
    "roc_auc": 0.7720545454545454,
    "f1": 0.9107797604497678,
    "precision": 0.8825201326385599,
    "recall": 0.9409090909090909,
    "training_time": 0.2589724063873291,
    "inference_time": 0.005007505416870117,
    "dataset": "adult",
    "model": "xgboost",
    "fold": "F0",
    "architecture_name": "A1",
    "fs_method": "linear_model",
    "fs_percent": 0.8,
    "fs_n_features": 11
}