{
    "balanced_accuracy": 0.9710820608928077,
    "accuracy": 0.9706457925636007,
    "log_loss": 0.07068298581981766,
    "roc_auc": 0.9710820608928078,
    "f1": 0.9693251533742331,
    "precision": 0.9595141700404858,
    "recall": 0.9793388429752066,
    "training_time": 0.06925487518310547,
    "inference_time": 0.0009665489196777344,
    "dataset": "kr-vs-kp",
    "model": "xgboost",
    "fold": "F4",
    "architecture_name": "A2",
    "fs_method": "f_classif",
    "fs_percent": 0.4,
    "fs_n_features": 14
}