{
    "balanced_accuracy": 0.9452249770431589,
    "accuracy": 0.943359375,
    "log_loss": 0.2805760748787858,
    "roc_auc": 0.9452249770431589,
    "f1": 0.9423459244532804,
    "precision": 0.9080459770114943,
    "recall": 0.9793388429752066,
    "inference_time": 0.012736797332763672,
    "training_time": 0,
    "dataset": "kr-vs-kp",
    "model": "mlp/simple_nd",
    "fold": "F0",
    "architecture_name": "A0",
    "fs_method": "random_4",
    "fs_percent": 0.8,
    "fs_n_features": 28
}