{
    "balanced_accuracy": 0.6450956596230726,
    "accuracy": 0.6451219512195122,
    "log_loss": 0.6280086005886761,
    "roc_auc": 0.6450956596230726,
    "f1": 0.6481257557436517,
    "precision": 0.6457831325301204,
    "recall": 0.6504854368932039,
    "training_time": 0.18623113632202148,
    "inference_time": 0.0008246898651123047,
    "dataset": "sylvine",
    "model": "xgboost",
    "fold": "F0",
    "architecture_name": "A3",
    "fs_method": "random_4",
    "fs_percent": 0.4,
    "fs_n_features": 8
}