{
    "balanced_accuracy": 0.8743589743589744,
    "accuracy": 0.8840579710144928
}