{
    "balanced_accuracy": 0.4573756954378626,
    "accuracy": 0.5391304347826087
}