{
    "balanced_accuracy": 0.40836120965985884,
    "accuracy": 0.5107185731435432
}