{
    "balanced_accuracy": 0.6957671957671958,
    "accuracy": 0.7013888888888888
}