{
    "balanced_accuracy": 0.9970370370370369,
    "accuracy": 0.9888888888888889,
    "log_loss": 0.03234444091942412
}