{
    "balanced_accuracy": 0.47902198367800464,
    "accuracy": 0.7629414610546686
}