{
    "balanced_accuracy": 0.8049360021987699,
    "accuracy": 0.7910284463894968
}