{
    "balanced_accuracy": 0.8152127333945516,
    "accuracy": 0.81640625,
    "log_loss": 1.6785391597630759,
    "roc_auc": 0.8152127333945516,
    "f1": 0.803347280334728,
    "precision": 0.8135593220338984,
    "recall": 0.7933884297520661,
    "inference_time": 0.05755758285522461,
    "training_time": 76.73010635375977,
    "dataset": "kr-vs-kp",
    "model": "transformer/cls",
    "fold": "F0",
    "architecture_name": "A2",
    "fs_method": "random_3",
    "fs_percent": 0.5,
    "fs_n_features": 18
}