{
    "valid_loss": {
        "balanced_accuracy": 0.8213042101930991,
        "accuracy": 0.8238993710691824,
        "log_loss": 0.39482702519478213,
        "roc_auc": 0.8213042101930991,
        "f1": 0.8472727272727273,
        "precision": 0.758957654723127,
        "recall": 0.9588477366255144
    }
}