{
    "balanced_accuracy": 0.7508602414820732,
    "accuracy": 0.7553816046966731,
    "log_loss": 0.46566817105226516,
    "roc_auc": 0.7508602414820731,
    "f1": 0.7203579418344519,
    "precision": 0.7853658536585366,
    "recall": 0.6652892561983471,
    "training_time": 0.09291768074035645,
    "inference_time": 0.001203775405883789,
    "dataset": "kr-vs-kp",
    "model": "xgboost",
    "fold": "F4",
    "architecture_name": "A2",
    "fs_method": "random_3",
    "fs_percent": 0.6,
    "fs_n_features": 21
}