{
    "valid_loss": {
        "balanced_accuracy": 0.7597919191919191,
        "accuracy": 0.8440179142674344,
        "log_loss": 0.33203834425071393,
        "roc_auc": 0.7597919191919192,
        "f1": 0.8998274303558221,
        "precision": 0.8789532830309841,
        "recall": 0.9217171717171717
    }
}