{
    "valid_loss": {
        "balanced_accuracy": 0.6866666666666668,
        "accuracy": 0.9652777777777778,
        "log_loss": 0.09002161236788325
    }
}