{
    "balanced_accuracy": 0.3827101864969005,
    "accuracy": 0.48779017184202594
}