{
    "balanced_accuracy": 0.7357023569023569,
    "accuracy": 0.8456813819577735,
    "log_loss": 0.320570659406949,
    "roc_auc": 0.7357023569023569,
    "f1": 0.9031947343072725,
    "precision": 0.86314820497085,
    "recall": 0.9471380471380472,
    "inference_time": 0.1739945411682129,
    "training_time": 0,
    "dataset": "adult",
    "model": "mlp/simple",
    "fold": "F2",
    "architecture_name": "A0",
    "fs_method": "random_3",
    "fs_percent": 0.9,
    "fs_n_features": 12
}