{
    "balanced_accuracy": 0.8269328430084931,
    "accuracy": 0.8284518828451883,
    "log_loss": 0.4041486039848241,
    "roc_auc": 0.8269328430084932,
    "f1": 0.8446969696969697,
    "precision": 0.7824561403508772,
    "recall": 0.9176954732510288,
    "training_time": 0.1083977222442627,
    "inference_time": 0.0008935928344726562,
    "dataset": "jasmine",
    "model": "xgboost",
    "fold": "F0",
    "architecture_name": "A2",
    "fs_method": "random_2",
    "fs_percent": 0.5,
    "fs_n_features": 72
}