{
    "balanced_accuracy": 0.9388596679547732,
    "accuracy": 0.938949938949939,
    "log_loss": 0.1640828322195384,
    "roc_auc": 0.9388596679547732,
    "f1": 0.9406175771971497,
    "precision": 0.9187935034802784,
    "recall": 0.9635036496350365,
    "training_time": 0.09201264381408691,
    "inference_time": 0.0008594989776611328,
    "dataset": "sylvine",
    "model": "xgboost",
    "fold": "F4",
    "architecture_name": "A0",
    "fs_method": "random_5",
    "fs_percent": 0.8,
    "fs_n_features": 16
}