{
    "balanced_accuracy": 0.8055161544523246,
    "accuracy": 0.8075313807531381,
    "log_loss": 0.40668770597708487,
    "roc_auc": 0.8055161544523247,
    "f1": 0.8302583025830258,
    "precision": 0.7525083612040134,
    "recall": 0.9259259259259259,
    "inference_time": 0.09166169166564941,
    "training_time": 47.56159996986389,
    "dataset": "jasmine",
    "model": "transformer/cls",
    "fold": "F1",
    "architecture_name": "A18",
    "fs_method": "linear_model",
    "fs_percent": 0.8,
    "fs_n_features": 115
}