{
    "valid_loss": {
        "balanced_accuracy": 0.8183760683760684,
        "accuracy": 0.8197064989517819,
        "log_loss": 0.39463821947297756,
        "roc_auc": 0.8183760683760684,
        "f1": 0.833976833976834,
        "precision": 0.7854545454545454,
        "recall": 0.8888888888888888
    }
}