{
    "balanced_accuracy": 0.7103174603174602,
    "accuracy": 0.7760416666666666
}