{
    "balanced_accuracy": 0.37282703103379916,
    "accuracy": 0.48619447779111646
}