{
    "valid_loss": {
        "balanced_accuracy": 0.3300020153664454,
        "accuracy": 0.6151950562990484,
        "log_loss": 1.1055307205316443
    }
}