{
    "balanced_accuracy": 0.9361671744097486,
    "accuracy": 0.935609756097561,
    "log_loss": 0.3024024404714459,
    "roc_auc": 0.9361671744097486,
    "f1": 0.9371428571428572,
    "precision": 0.9027522935779817,
    "recall": 0.9742574257425742,
    "training_time": 11.777237176895142,
    "inference_time": 0.01985907554626465,
    "dataset": "sylvine",
    "model": "mlp/full",
    "architecture_name": "A0",
    "fs_method": "decision_tree",
    "fs_percent": 0.8,
    "fs_n_features": 16
}