{
    "balanced_accuracy": 0.7716658017644007,
    "accuracy": 0.7777777777777778
}