{
    "valid_loss": {
        "balanced_accuracy": 0.9444159790340191,
        "accuracy": 0.9595574900253899,
        "log_loss": 0.10696703093420157,
        "roc_auc": 0.9444159790340191,
        "f1": 0.9718824864455933,
        "precision": 0.9639819909954978,
        "recall": 0.9799135519959319
    }
}