{
    "balanced_accuracy": 0.8571428571428572,
    "accuracy": 0.8666666666666667
}