{
    "balanced_accuracy": 0.9504462869370425,
    "accuracy": 0.9624660018132366,
    "log_loss": 0.09892151587132103,
    "roc_auc": 0.9504462869370425,
    "f1": 0.9738140417457305,
    "precision": 0.9690332326283988,
    "recall": 0.9786422578184591,
    "inference_time": 0.8397386074066162,
    "training_time": 931.6111649166453
}