{
    "balanced_accuracy": 0.9526039512015899,
    "accuracy": 0.9650045330915684,
    "log_loss": 0.1003688209830448,
    "roc_auc": 0.95260395120159,
    "f1": 0.9756159191408718,
    "precision": 0.9696132596685083,
    "recall": 0.9816933638443935,
    "training_time": 1.0334925651550293,
    "inference_time": 0.007619142532348633,
    "dataset": "nomao",
    "model": "xgboost",
    "fold": "F1",
    "architecture_name": "A2",
    "fs_method": "random_4",
    "fs_percent": 0.6,
    "fs_n_features": 70
}