{
    "valid_loss": {
        "balanced_accuracy": 0.781830303030303,
        "accuracy": 0.8464491362763915,
        "log_loss": 0.31994501100648154,
        "roc_auc": 0.7818303030303029,
        "f1": 0.8996990972918756,
        "precision": 0.8934262948207171,
        "recall": 0.906060606060606
    }
}