{
  "dropout": 0.07196504079523088,
  "embedding_size": 32,
  "n_head": 32,
  "n_hid": 128,
  "n_layers": 1,
  "numerical_passthrough": false,
  "optimizer__lr": 0.002569169874564771
}