{
    "valid_loss": {
        "balanced_accuracy": 0.9404812391234391,
        "accuracy": 0.9550235763511062,
        "log_loss": 0.10879046510238789,
        "roc_auc": 0.940481239123439,
        "f1": 0.9686631286328027,
        "precision": 0.9628234112032152,
        "recall": 0.9745741164505467
    }
}