{
    "balanced_accuracy": 0.9657391762947916,
    "accuracy": 0.965625,
    "log_loss": 0.07760594080631115,
    "roc_auc": 0.9657391762947916,
    "f1": 0.9657320872274143,
    "precision": 0.9538461538461539,
    "recall": 0.9779179810725552,
    "training_time": 6.940633296966553,
    "inference_time": 0.012672901153564453,
    "dataset": "kr-vs-kp",
    "model": "mlp/full",
    "architecture_name": "A0",
    "fs_method": "f_classif",
    "fs_percent": 0.6,
    "fs_n_features": 21
}