{
    "balanced_accuracy": 0.8962605369454905,
    "accuracy": 0.8963414634146342,
    "log_loss": 0.2470808887377918,
    "roc_auc": 0.8962605369454905,
    "f1": 0.8998822143698468,
    "precision": 0.8721461187214612,
    "recall": 0.9294403892944039,
    "inference_time": 0.016358375549316406,
    "training_time": 0,
    "dataset": "sylvine",
    "model": "mlp/simple_nd_nn",
    "fold": "F2",
    "architecture_name": "A0",
    "fs_method": "random_4",
    "fs_percent": 0.9,
    "fs_n_features": 18
}