{
    "balanced_accuracy": 0.6610336700336701,
    "accuracy": 0.8148432501599489,
    "log_loss": 0.41810142060048766,
    "roc_auc": 0.6610336700336701,
    "f1": 0.8870678217435417,
    "precision": 0.8268587225374654,
    "recall": 0.9567340067340068,
    "training_time": 79.1966073513031,
    "inference_time": 0.15884160995483398,
    "dataset": "adult",
    "model": "mlp/full",
    "fold": "F0",
    "architecture_name": "A0",
    "fs_method": "linear_model",
    "fs_percent": 0.4,
    "fs_n_features": 5
}