{
  "dropout": 0.019990033193671815,
  "embedding_size": 1024,
  "n_head": 16,
  "n_hid": 512,
  "n_layers": 2,
  "optimizer__lr": 0.002621374876266361
}