{
    "balanced_accuracy": 0.7448846354726719,
    "accuracy": 0.7455968688845401,
    "log_loss": 0.4979873622267799,
    "roc_auc": 0.744884635472672,
    "f1": 0.731404958677686,
    "precision": 0.731404958677686,
    "recall": 0.731404958677686,
    "training_time": 0.09868216514587402,
    "inference_time": 0.0013005733489990234,
    "dataset": "kr-vs-kp",
    "model": "xgboost",
    "fold": "F3",
    "architecture_name": "A2",
    "fs_method": "random_4",
    "fs_percent": 0.4,
    "fs_n_features": 14
}