{
    "balanced_accuracy": 0.9086570111915734,
    "accuracy": 0.9099099099099099,
    "log_loss": 0.28010565354528755,
    "roc_auc": 0.9086570111915734,
    "f1": 0.8979591836734694,
    "precision": 0.8979591836734694,
    "recall": 0.8979591836734694,
    "training_time": 0.04115867614746094,
    "inference_time": 0.0006124973297119141,
    "dataset": "australian",
    "model": "xgboost",
    "fold": "F1",
    "architecture_name": "A1",
    "fs_method": "random_1",
    "fs_percent": 0.6,
    "fs_n_features": 8
}