{
    "balanced_accuracy": 0.791991962732222,
    "accuracy": 0.8754799078576914,
    "log_loss": 0.2738949138938471,
    "roc_auc": 0.7919919627322218,
    "f1": 0.920810612842842,
    "precision": 0.8911468178954002,
    "recall": 0.9525172587977774,
    "training_time": 0.2458183765411377,
    "inference_time": 0.005521059036254883,
    "dataset": "adult",
    "model": "xgboost",
    "fold": "F4",
    "architecture_name": "A1",
    "fs_method": "random_2",
    "fs_percent": 0.6,
    "fs_n_features": 8
}