{
    "balanced_accuracy": 0.9609375,
    "accuracy": 0.9609375
}