{
    "balanced_accuracy": 0.6629307460689193,
    "accuracy": 0.6818181818181818,
    "log_loss": 0.5893214160096867,
    "roc_auc": 0.6629307460689194,
    "f1": 0.5783132530120482,
    "precision": 0.7058823529411765,
    "recall": 0.4897959183673469,
    "inference_time": 0.0027060508728027344,
    "training_time": 0,
    "dataset": "australian",
    "model": "mlp/simple_nd_nn",
    "fold": "F4",
    "architecture_name": "A0",
    "fs_method": "f_classif",
    "fs_percent": 0.5,
    "fs_n_features": 7
}