{
    "balanced_accuracy": 0.721826527382083,
    "accuracy": 0.7211740041928721,
    "log_loss": 0.5416708134982307,
    "roc_auc": 0.721826527382083,
    "f1": 0.715203426124197,
    "precision": 0.7455357142857143,
    "recall": 0.6872427983539094,
    "inference_time": 0.011454105377197266,
    "training_time": 0,
    "dataset": "jasmine",
    "model": "mlp/simple_nnw",
    "fold": "F3",
    "architecture_name": "A1",
    "fs_method": "random_5",
    "fs_percent": 0.4,
    "fs_n_features": 57
}