{
    "balanced_accuracy": 0.7846256047594993,
    "accuracy": 0.8634502175582288,
    "log_loss": 0.2994746668511655,
    "roc_auc": 0.7846256047594993,
    "f1": 0.9124476901616476,
    "precision": 0.8898847631241997,
    "recall": 0.936184542852332,
    "training_time": 0.3592052459716797,
    "inference_time": 0.006764411926269531,
    "dataset": "adult",
    "model": "xgboost",
    "fold": "F4",
    "architecture_name": "A2",
    "fs_method": "f_classif",
    "fs_percent": 0.8,
    "fs_n_features": 11
}