{
    "balanced_accuracy": 0.954125968377401,
    "accuracy": 0.9666364460562104,
    "log_loss": 0.09346485468493608,
    "roc_auc": 0.954125968377401,
    "f1": 0.9767676767676767,
    "precision": 0.9701529972410333,
    "recall": 0.9834731756928553,
    "training_time": 1.377333164215088,
    "inference_time": 0.00772547721862793,
    "dataset": "nomao",
    "model": "xgboost",
    "fold": "F1",
    "architecture_name": "A3",
    "fs_method": "random_2",
    "fs_percent": 0.7,
    "fs_n_features": 82
}