{
    "balanced_accuracy": 0.6845722028648857,
    "accuracy": 0.6827586206896552
}