{
    "balanced_accuracy": 0.7149248389405869,
    "accuracy": 0.7253886010362695
}