{
    "balanced_accuracy": 0.625956030427228,
    "accuracy": 0.8073694984646879
}