{
    "balanced_accuracy": 0.39858540896228484,
    "accuracy": 0.49440993788819876
}