{
    "balanced_accuracy": 0.9696380841193277,
    "accuracy": 0.9686888454011742,
    "log_loss": 0.06649001504113311,
    "roc_auc": 0.9696380841193277,
    "f1": 0.9676113360323887,
    "precision": 0.9484126984126984,
    "recall": 0.987603305785124,
    "training_time": 0.08074021339416504,
    "inference_time": 0.0012183189392089844
}