{
    "balanced_accuracy": 0.9285385111677779,
    "accuracy": 0.9256360078277887,
    "log_loss": 0.2043830081127601,
    "roc_auc": 0.9285385111677779,
    "f1": 0.9260700389105059,
    "precision": 0.875,
    "recall": 0.9834710743801653,
    "inference_time": 0.009989738464355469,
    "training_time": 0,
    "dataset": "kr-vs-kp",
    "model": "mlp/simple_nd_nnw",
    "fold": "F4",
    "architecture_name": "A0",
    "fs_method": "random_4",
    "fs_percent": 0.7,
    "fs_n_features": 25
}