{
    "valid_loss": {
        "balanced_accuracy": 0.5289752639972275,
        "accuracy": 0.7668511638486618,
        "log_loss": 0.6926588439166622
    }
}