{
    "valid_loss": {
        "balanced_accuracy": 0.7838636363636364,
        "accuracy": 0.972027972027972,
        "log_loss": 0.08111447375219835
    }
}