{
    "balanced_accuracy": 0.9364162458216851,
    "accuracy": 0.9548504079782412,
    "log_loss": 0.1203766919770264,
    "roc_auc": 0.9364162458216851,
    "f1": 0.9686989314896292,
    "precision": 0.9579811039283939,
    "recall": 0.9796592931604373,
    "inference_time": 0.15816545486450195,
    "training_time": 0,
    "dataset": "nomao",
    "model": "mlp/simple_nd",
    "fold": "F0",
    "architecture_name": "A1",
    "fs_method": "random_4",
    "fs_percent": 0.9,
    "fs_n_features": 106
}