{
    "balanced_accuracy": 0.7382215488215489,
    "accuracy": 0.8298144593730007,
    "log_loss": 0.3667093950901779,
    "roc_auc": 0.7382215488215488,
    "f1": 0.8909120734908137,
    "precision": 0.868682021753039,
    "recall": 0.9143097643097643,
    "training_time": 0.23047113418579102,
    "inference_time": 0.005026102066040039,
    "dataset": "adult",
    "model": "xgboost",
    "fold": "F2",
    "architecture_name": "A2",
    "fs_method": "random_3",
    "fs_percent": 0.5,
    "fs_n_features": 7
}