{
    "balanced_accuracy": 0.8267927501970056,
    "accuracy": 0.8284518828451883,
    "log_loss": 0.4004640962517405,
    "roc_auc": 0.8267927501970056,
    "f1": 0.8458646616541353,
    "precision": 0.7785467128027682,
    "recall": 0.9259259259259259,
    "training_time": 0.08760213851928711,
    "inference_time": 0.0008566379547119141,
    "dataset": "jasmine",
    "model": "xgboost",
    "fold": "F0",
    "architecture_name": "A2",
    "fs_method": "linear_model",
    "fs_percent": 0.5,
    "fs_n_features": 72
}