{
    "balanced_accuracy": 0.703054163684085,
    "accuracy": 0.772020725388601
}