{
    "balanced_accuracy": 0.8363406141183919,
    "accuracy": 0.8385744234800838,
    "log_loss": 0.39246154197698246,
    "roc_auc": 0.836340614118392,
    "f1": 0.8576709796672828,
    "precision": 0.7785234899328859,
    "recall": 0.9547325102880658,
    "inference_time": 0.0776972770690918,
    "training_time": 41.6348729878664
}