{
    "balanced_accuracy": 0.7850815024805102,
    "accuracy": 0.7931034482758621
}