{
    "balanced_accuracy": 0.6210957501280081,
    "accuracy": 0.9190751445086706
}