{
    "balanced_accuracy": 0.49434802011444995,
    "accuracy": 0.5614906832298137
}