{
  "dropout": 0.4953276247573068,
  "embedding_size": 1024,
  "n_head": 1,
  "n_hid": 64,
  "n_layers": 4,
  "numerical_passthrough": false,
  "optimizer__lr": 0.003501965040698544
}