{
    "valid_loss": {
        "balanced_accuracy": 0.5626139901734687,
        "accuracy": 0.6592346446564477,
        "log_loss": 0.9897330369555751
    }
}