{
    "valid_loss": {
        "balanced_accuracy": 0.7695434343434344,
        "accuracy": 0.855790147152911,
        "log_loss": 0.30633311267461577,
        "roc_auc": 0.7695434343434344,
        "f1": 0.9079173135060054,
        "precision": 0.8820447690109541,
        "recall": 0.9353535353535354
    }
}