{
    "valid_loss": {
        "balanced_accuracy": 0.7999366888255777,
        "accuracy": 0.8029350104821803,
        "log_loss": 0.4375155725529512,
        "roc_auc": 0.7999366888255777,
        "f1": 0.8321428571428572,
        "precision": 0.7350157728706624,
        "recall": 0.9588477366255144
    }
}