{
    "valid_loss": {
        "balanced_accuracy": 0.7867874967165747,
        "accuracy": 0.7887029288702929,
        "log_loss": 0.4166832297841761,
        "roc_auc": 0.7867874967165748,
        "f1": 0.8126159554730983,
        "precision": 0.7398648648648649,
        "recall": 0.9012345679012346
    }
}