{
    "valid_loss": {
        "balanced_accuracy": 0.7832289562289563,
        "accuracy": 0.8591170825335892,
        "log_loss": 0.30272898049750907,
        "roc_auc": 0.7832289562289563,
        "f1": 0.9093006013674932,
        "precision": 0.8903048878851427,
        "recall": 0.9291245791245791
    }
}