{
    "balanced_accuracy": 0.9557715791338035,
    "accuracy": 0.9679057116953762,
    "log_loss": 0.08839671433744886,
    "roc_auc": 0.9557715791338034,
    "f1": 0.977648693016795,
    "precision": 0.9711490215755143,
    "recall": 0.9842359521993389,
    "training_time": 1.3495550155639648,
    "inference_time": 0.008216142654418945,
    "dataset": "nomao",
    "model": "xgboost",
    "fold": "F1",
    "architecture_name": "A1",
    "fs_method": "none",
    "fs_percent": 1.0,
    "fs_n_features": 118
}