{
    "balanced_accuracy": 0.5869205298013245,
    "accuracy": 0.7613065326633166
}