{
    "balanced_accuracy": 0.9389228966263927,
    "accuracy": 0.9390243902439024,
    "log_loss": 0.1653096900222036,
    "roc_auc": 0.9389228966263927,
    "f1": 0.9415887850467289,
    "precision": 0.9056179775280899,
    "recall": 0.9805352798053528,
    "training_time": 0.12376928329467773,
    "inference_time": 0.0010302066802978516,
    "dataset": "sylvine",
    "model": "xgboost",
    "fold": "F2",
    "architecture_name": "A2",
    "fs_method": "decision_tree",
    "fs_percent": 0.7,
    "fs_n_features": 14
}