{
    "balanced_accuracy": 0.5662213000134565,
    "accuracy": 0.649116789572972
}