{
    "valid_loss": {
        "balanced_accuracy": 0.5654878762056634,
        "accuracy": 0.7888770945484874,
        "log_loss": 0.6477422496444857
    }
}