{
    "balanced_accuracy": 0.46963946869070206,
    "accuracy": 0.569620253164557
}