{
    "balanced_accuracy": 0.46831932773109247,
    "accuracy": 0.8333333333333334
}