{
    "balanced_accuracy": 0.9162512159533074,
    "accuracy": 0.9161793372319688
}