{
    "balanced_accuracy": 0.9576183453623853,
    "accuracy": 0.9578125,
    "log_loss": 0.10446659772489553,
    "roc_auc": 0.9576183453623852,
    "f1": 0.9565217391304348,
    "precision": 0.9769736842105263,
    "recall": 0.9369085173501577,
    "training_time": 0.023541927337646484,
    "inference_time": 0.0007305145263671875,
    "dataset": "kr-vs-kp",
    "model": "xgboost",
    "architecture_name": "A1",
    "fs_method": "random_4",
    "fs_percent": 0.6,
    "fs_n_features": 21
}