{
    "balanced_accuracy": 0.7953737373737373,
    "accuracy": 0.853998720409469,
    "log_loss": 0.3140328962631543,
    "roc_auc": 0.7953737373737374,
    "f1": 0.9043507418895129,
    "precision": 0.9006511938554016,
    "recall": 0.908080808080808,
    "training_time": 75.53377437591553,
    "inference_time": 0.1561267375946045,
    "dataset": "adult",
    "model": "mlp/full",
    "fold": "F1",
    "architecture_name": "A0",
    "fs_method": "none",
    "fs_percent": 1.0,
    "fs_n_features": 14
}