{
    "balanced_accuracy": 0.5890443556063202,
    "accuracy": 0.5890243902439024,
    "log_loss": 0.6656591166235907,
    "roc_auc": 0.5890443556063202,
    "f1": 0.5885225885225885,
    "precision": 0.5921375921375921,
    "recall": 0.5849514563106796,
    "training_time": 0.15848207473754883,
    "inference_time": 0.0007827281951904297,
    "dataset": "sylvine",
    "model": "xgboost",
    "fold": "F0",
    "architecture_name": "A2",
    "fs_method": "random_3",
    "fs_percent": 0.5,
    "fs_n_features": 10
}