{
    "valid_loss": {
        "balanced_accuracy": 0.5601387650178804,
        "accuracy": 0.6486602357984995,
        "log_loss": 1.0053541510670423
    }
}