{
    "balanced_accuracy": 0.8422891150595135,
    "accuracy": 0.8895281933256617
}