{
    "balanced_accuracy": 0.7836091410559496,
    "accuracy": 0.7866108786610879,
    "log_loss": 0.44395245717896514,
    "roc_auc": 0.7836091410559496,
    "f1": 0.8210526315789474,
    "precision": 0.7155963302752294,
    "recall": 0.9629629629629629,
    "training_time": 0.03478050231933594,
    "inference_time": 0.0006184577941894531,
    "dataset": "jasmine",
    "model": "xgboost",
    "fold": "F0",
    "architecture_name": "A0",
    "fs_method": "random_1",
    "fs_percent": 0.4,
    "fs_n_features": 57
}