{
    "balanced_accuracy": 0.8464369354299097,
    "accuracy": 0.8363636363636363,
    "log_loss": 0.3438048072789002,
    "roc_auc": 0.8464369354299097,
    "f1": 0.8363636363636363,
    "precision": 0.7540983606557377,
    "recall": 0.9387755102040817,
    "training_time": 2.1010384559631348,
    "inference_time": 0.003577709197998047,
    "dataset": "australian",
    "model": "mlp/full",
    "fold": "F3",
    "architecture_name": "A1",
    "fs_method": "linear_model",
    "fs_percent": 0.6,
    "fs_n_features": 8
}