{
    "balanced_accuracy": 0.8133963750985027,
    "accuracy": 0.8158995815899581,
    "log_loss": 0.3951509649624561,
    "roc_auc": 0.8133963750985028,
    "f1": 0.841726618705036,
    "precision": 0.7476038338658147,
    "recall": 0.9629629629629629,
    "inference_time": 0.06789851188659668,
    "training_time": 38.44293455644089
}