{
    "balanced_accuracy": 0.39469023729893293,
    "accuracy": 0.6290726817042607
}