{
    "balanced_accuracy": 0.8664040877155632,
    "accuracy": 0.8623188405797102,
    "log_loss": 0.3914917986023249,
    "roc_auc": 0.8664040877155631,
    "f1": 0.8527131782945736,
    "precision": 0.8088235294117647,
    "recall": 0.9016393442622951,
    "training_time": 2.905433416366577,
    "inference_time": 0.004365205764770508,
    "dataset": "australian",
    "model": "mlp/full",
    "architecture_name": "A1",
    "fs_method": "decision_tree",
    "fs_percent": 0.4,
    "fs_n_features": 5
}