{
    "balanced_accuracy": 0.42019705468488566,
    "accuracy": 0.7715617715617715
}