{
    "balanced_accuracy": 0.8285701777427545,
    "accuracy": 0.8305439330543933,
    "log_loss": 0.3839119397706949,
    "roc_auc": 0.8285701777427545,
    "f1": 0.8502772643253235,
    "precision": 0.7718120805369127,
    "recall": 0.9465020576131687,
    "inference_time": 0.08940815925598145,
    "training_time": 69.32012796401978
}