{
    "valid_loss": {
        "balanced_accuracy": 0.3359206959235961,
        "accuracy": 0.6175455889600788,
        "log_loss": 1.111894967053963
    }
}