{
    "balanced_accuracy": 0.9816123383206857,
    "accuracy": 0.9823874755381604,
    "log_loss": 0.040136993189565796,
    "roc_auc": 0.9816123383206858,
    "f1": 0.9811320754716981,
    "precision": 0.9957446808510638,
    "recall": 0.9669421487603306,
    "training_time": 19.750079870224,
    "inference_time": 0.024869918823242188,
    "dataset": "kr-vs-kp",
    "model": "mlp/full",
    "fold": "F4",
    "architecture_name": "A1",
    "fs_method": "f_classif",
    "fs_percent": 0.8,
    "fs_n_features": 28
}