{
    "valid_loss": {
        "balanced_accuracy": 0.8409859031608441,
        "accuracy": 0.8430962343096234,
        "log_loss": 0.37995543968872975,
        "roc_auc": 0.840985903160844,
        "f1": 0.8623853211009175,
        "precision": 0.7781456953642384,
        "recall": 0.9670781893004116
    }
}