{
    "balanced_accuracy": 0.7568242016052085,
    "accuracy": 0.8414384438187867,
    "log_loss": 0.34368796956369085,
    "roc_auc": 0.7568242016052086,
    "f1": 0.8981169311734233,
    "precision": 0.8776920604307297,
    "recall": 0.9195150698770836,
    "training_time": 0.2790679931640625,
    "inference_time": 0.00667881965637207,
    "dataset": "adult",
    "model": "xgboost",
    "fold": "F4",
    "architecture_name": "A2",
    "fs_method": "decision_tree",
    "fs_percent": 0.5,
    "fs_n_features": 7
}