{
    "balanced_accuracy": 0.148142878079916,
    "accuracy": 0.4398413397972675
}