{
    "valid_loss": {
        "balanced_accuracy": 0.5427583525785834,
        "accuracy": 0.7755326408370612,
        "log_loss": 0.6794199700706819
    }
}