{
    "valid_loss": {
        "balanced_accuracy": 0.9963636363636365,
        "accuracy": 0.9861111111111112,
        "log_loss": 0.06907864898014768
    }
}