{
    "valid_loss": {
        "balanced_accuracy": 0.33073263353978327,
        "accuracy": 0.6159532926413163,
        "log_loss": 1.109684511321802
    }
}