{
    "balanced_accuracy": 0.524919393210411,
    "accuracy": 0.8670678336980306
}