{
    "balanced_accuracy": 0.6290322580645161,
    "accuracy": 0.6666666666666666
}