{
    "valid_loss": {
        "balanced_accuracy": 0.8252459016393443,
        "accuracy": 0.8198198198198198,
        "log_loss": 0.38331046617005343,
        "roc_auc": 0.8252459016393442,
        "f1": 0.8148148148148148,
        "precision": 0.7586206896551724,
        "recall": 0.88
    }
}