{
    "balanced_accuracy": 0.93281042718874,
    "accuracy": 0.9329268292682927,
    "log_loss": 0.17772689817124449,
    "roc_auc": 0.93281042718874,
    "f1": 0.9361207897793263,
    "precision": 0.8955555555555555,
    "recall": 0.9805352798053528,
    "training_time": 9.908035516738892,
    "inference_time": 0.01723027229309082,
    "dataset": "sylvine",
    "model": "mlp/full",
    "fold": "F2",
    "architecture_name": "A0",
    "fs_method": "decision_tree",
    "fs_percent": 0.6,
    "fs_n_features": 12
}