{
    "balanced_accuracy": 0.6495302013422819,
    "accuracy": 0.6488294314381271
}