{
    "balanced_accuracy": 0.7818519770192633,
    "accuracy": 0.7847358121330724,
    "log_loss": 0.43460715958068163,
    "roc_auc": 0.7818519770192632,
    "f1": 0.7619047619047619,
    "precision": 0.8,
    "recall": 0.7272727272727273,
    "training_time": 0.10369110107421875,
    "inference_time": 0.0010900497436523438,
    "dataset": "kr-vs-kp",
    "model": "xgboost",
    "fold": "F3",
    "architecture_name": "A3",
    "fs_method": "random_1",
    "fs_percent": 0.6,
    "fs_n_features": 21
}