{
    "valid_loss": {
        "balanced_accuracy": 0.5693984617946696,
        "accuracy": 0.6569835995283525,
        "log_loss": 1.011614256754581
    }
}