{
    "balanced_accuracy": 0.772956228956229,
    "accuracy": 0.8518234165067179,
    "log_loss": 0.31822403573067337,
    "roc_auc": 0.772956228956229,
    "f1": 0.9046285620161423,
    "precision": 0.8855207997420187,
    "recall": 0.9245791245791246,
    "inference_time": 0.17149806022644043,
    "training_time": 0,
    "dataset": "adult",
    "model": "mlp/simple_nd_nn",
    "fold": "F0",
    "architecture_name": "A0",
    "fs_method": "none",
    "fs_percent": 1.0,
    "fs_n_features": 14
}