{
    "balanced_accuracy": 0.8052359688293494,
    "accuracy": 0.8075313807531381,
    "log_loss": 0.3999810730111326,
    "roc_auc": 0.8052359688293493,
    "f1": 0.8327272727272728,
    "precision": 0.745928338762215,
    "recall": 0.9423868312757202,
    "inference_time": 0.14566922187805176,
    "training_time": 59.93064224720001,
    "dataset": "jasmine",
    "model": "transformer/cls",
    "fold": "F1",
    "architecture_name": "A26",
    "fs_method": "none",
    "fs_percent": 1.0,
    "fs_n_features": 144
}