{
    "balanced_accuracy": 0.7070355149359013,
    "accuracy": 0.7552162849872773
}