{
    "balanced_accuracy": 0.8645954316686024,
    "accuracy": 0.8551724137931035
}