{
    "balanced_accuracy": 0.7769197093074162,
    "accuracy": 0.7782426778242678,
    "log_loss": 0.44131906035168283,
    "roc_auc": 0.7769197093074162,
    "f1": 0.7969348659003831,
    "precision": 0.7455197132616488,
    "recall": 0.8559670781893004,
    "inference_time": 0.011689186096191406,
    "training_time": 0,
    "dataset": "jasmine",
    "model": "mlp/simple",
    "fold": "F1",
    "architecture_name": "A0",
    "fs_method": "random_2",
    "fs_percent": 0.6,
    "fs_n_features": 86
}