{
    "balanced_accuracy": 0.32806095785444767,
    "accuracy": 0.5435114503816794
}