{
    "balanced_accuracy": 0.7958483754512635,
    "accuracy": 0.7889447236180904,
    "log_loss": 0.46683858452128685,
    "roc_auc": 0.7958483754512635,
    "f1": 0.7967741935483871,
    "precision": 0.7201166180758017,
    "recall": 0.8916967509025271,
    "inference_time": 0.08789753913879395,
    "training_time": 0,
    "dataset": "jasmine",
    "model": "transformer/cls",
    "architecture_name": "A24",
    "fs_method": "f_classif",
    "fs_percent": 0.8,
    "fs_n_features": 115
}