{
    "balanced_accuracy": 0.8385747741719638,
    "accuracy": 0.8454545454545455,
    "log_loss": 0.38934229458920544,
    "roc_auc": 0.8385747741719639,
    "f1": 0.8172043010752689,
    "precision": 0.8636363636363636,
    "recall": 0.7755102040816326,
    "inference_time": 0.018723487854003906,
    "training_time": 4.836886882781982,
    "dataset": "australian",
    "model": "transformer/cls",
    "fold": "F4",
    "architecture_name": "A26",
    "fs_method": "none",
    "fs_percent": 1.0,
    "fs_n_features": 14
}