{
    "balanced_accuracy": 0.942046986132768,
    "accuracy": 0.9588395285584769,
    "log_loss": 0.11351116764929513,
    "roc_auc": 0.942046986132768,
    "f1": 0.9714357619227382,
    "precision": 0.9616342800199302,
    "recall": 0.9814391050088991,
    "inference_time": 1.0643761157989502,
    "training_time": 732.8275948081698
}