{
    "valid_loss": {
        "balanced_accuracy": 0.33150723546063715,
        "accuracy": 0.6169156114944272,
        "log_loss": 1.0995518215924767
    }
}