{
    "balanced_accuracy": 0.809351195166798,
    "accuracy": 0.8117154811715481,
    "log_loss": 0.39441329025915045,
    "roc_auc": 0.809351195166798,
    "f1": 0.8369565217391305,
    "precision": 0.7475728155339806,
    "recall": 0.9506172839506173,
    "training_time": 5.872013330459595,
    "inference_time": 0.01038360595703125,
    "dataset": "jasmine",
    "model": "mlp/full",
    "fold": "F0",
    "architecture_name": "A0",
    "fs_method": "decision_tree",
    "fs_percent": 0.6,
    "fs_n_features": 86
}