{
    "balanced_accuracy": 0.9587683354634144,
    "accuracy": 0.9668117519042437,
    "log_loss": 0.08626004763575978,
    "roc_auc": 0.9587683354634144,
    "f1": 0.9767560015241966,
    "precision": 0.9758883248730964,
    "recall": 0.9776252224764811,
    "training_time": 0.5993175506591797,
    "inference_time": 0.0037987232208251953,
    "dataset": "nomao",
    "model": "xgboost",
    "fold": "F2",
    "architecture_name": "A0",
    "fs_method": "random_3",
    "fs_percent": 0.9,
    "fs_n_features": 106
}