{
    "balanced_accuracy": 0.7124162531659037,
    "accuracy": 0.5459518599562363
}