{
    "balanced_accuracy": 0.7062721096075019,
    "accuracy": 0.9004376367614879
}