{
    "valid_loss": {
        "balanced_accuracy": 0.8004115226337448,
        "accuracy": 0.8029350104821803,
        "log_loss": 0.4290662805815082,
        "roc_auc": 0.8004115226337448,
        "f1": 0.8284671532846716,
        "precision": 0.7442622950819672,
        "recall": 0.934156378600823
    }
}