{
    "balanced_accuracy": 0.6704413472706156,
    "accuracy": 0.6896551724137931
}