{
    "balanced_accuracy": 0.9551248005212221,
    "accuracy": 0.9654772265738323
}