{
    "balanced_accuracy": 0.9769207223752678,
    "accuracy": 0.9765625,
    "log_loss": 0.04264992861544584,
    "roc_auc": 0.9769207223752678,
    "f1": 0.9754098360655737,
    "precision": 0.967479674796748,
    "recall": 0.9834710743801653,
    "inference_time": 0.011220932006835938,
    "training_time": 0,
    "dataset": "kr-vs-kp",
    "model": "mlp/simple_nd",
    "fold": "F0",
    "architecture_name": "A0",
    "fs_method": "random_5",
    "fs_percent": 0.9,
    "fs_n_features": 32
}