{
    "balanced_accuracy": 0.9665006758381745,
    "accuracy": 0.9718897352194414,
    "log_loss": 0.07590716486872891,
    "roc_auc": 0.9665006758381745,
    "f1": 0.98026734563972,
    "precision": 0.9813917919959215,
    "recall": 0.9791454730417091,
    "training_time": 1.5646710395812988,
    "inference_time": 0.009297370910644531
}