{
    "balanced_accuracy": 0.8224673846423256,
    "accuracy": 0.8242677824267782,
    "log_loss": 0.39296951048625706,
    "roc_auc": 0.8224673846423255,
    "f1": 0.8432835820895522,
    "precision": 0.7713310580204779,
    "recall": 0.9300411522633745,
    "training_time": 0.12633347511291504,
    "inference_time": 0.0009756088256835938,
    "dataset": "jasmine",
    "model": "xgboost",
    "fold": "F1",
    "architecture_name": "A3",
    "fs_method": "f_classif",
    "fs_percent": 0.8,
    "fs_n_features": 115
}