{
    "valid_loss": {
        "balanced_accuracy": 0.7836149295616546,
        "accuracy": 0.8635781929869465,
        "log_loss": 0.3022380358703975,
        "roc_auc": 0.7836149295616546,
        "f1": 0.9126229508196722,
        "precision": 0.8891550870467977,
        "recall": 0.9373631924566426
    }
}