{
    "balanced_accuracy": 0.7425880979446373,
    "accuracy": 0.7495107632093934,
    "log_loss": 0.4629575477031361,
    "roc_auc": 0.7425880979446373,
    "f1": 0.6981132075471698,
    "precision": 0.8131868131868132,
    "recall": 0.6115702479338843,
    "training_time": 0.07149839401245117,
    "inference_time": 0.0008556842803955078,
    "dataset": "kr-vs-kp",
    "model": "xgboost",
    "fold": "F3",
    "architecture_name": "A0",
    "fs_method": "random_3",
    "fs_percent": 0.4,
    "fs_n_features": 14
}