{
    "valid_loss": {
        "balanced_accuracy": 0.7769780771173598,
        "accuracy": 0.8532121832608139,
        "log_loss": 0.3243591341924951,
        "roc_auc": 0.7769780771173599,
        "f1": 0.9053396055129157,
        "precision": 0.8878277759792813,
        "recall": 0.9235561542347196
    }
}