{
    "balanced_accuracy": 0.7396872792934813,
    "accuracy": 0.8300921187308086
}