{
    "balanced_accuracy": 0.7440579124579125,
    "accuracy": 0.838131797824696,
    "log_loss": 0.3433779390482207,
    "roc_auc": 0.7440579124579124,
    "f1": 0.8967599771484535,
    "precision": 0.8702677015681927,
    "recall": 0.9249158249158249,
    "training_time": 0.20216584205627441,
    "inference_time": 0.004101753234863281,
    "dataset": "adult",
    "model": "xgboost",
    "fold": "F2",
    "architecture_name": "A1",
    "fs_method": "decision_tree",
    "fs_percent": 0.5,
    "fs_n_features": 7
}