{
    "valid_loss": {
        "balanced_accuracy": 0.9270952165587754,
        "accuracy": 0.9450589301903899,
        "log_loss": 0.13544669725440597,
        "roc_auc": 0.9270952165587755,
        "f1": 0.9617762078970606,
        "precision": 0.9544316474712068,
        "recall": 0.9692346809051614
    }
}