{
  "dropout": 0.10884269033860496,
  "embedding_size": 1024,
  "n_head": 32,
  "n_hid": 1024,
  "n_layers": 1,
  "numerical_passthrough": false,
  "optimizer__lr": 0.023516443228723323
}