{
    "balanced_accuracy": 0.8466042154566744,
    "accuracy": 0.8454545454545455,
    "log_loss": 0.4346157408356738,
    "roc_auc": 0.8466042154566745,
    "f1": 0.8316831683168316,
    "precision": 0.8076923076923077,
    "recall": 0.8571428571428571,
    "inference_time": 0.0026891231536865234,
    "training_time": 0,
    "dataset": "australian",
    "model": "mlp/simple_nnw",
    "fold": "F4",
    "architecture_name": "A0",
    "fs_method": "linear_model",
    "fs_percent": 0.9,
    "fs_n_features": 12
}