{
    "balanced_accuracy": 0.6873536299765808,
    "accuracy": 0.7,
    "log_loss": 0.5851296929571029,
    "roc_auc": 0.6873536299765808,
    "f1": 0.6292134831460674,
    "precision": 0.7,
    "recall": 0.5714285714285714,
    "inference_time": 0.002679109573364258,
    "training_time": 0,
    "dataset": "australian",
    "model": "mlp/simple_nnw",
    "fold": "F4",
    "architecture_name": "A0",
    "fs_method": "linear_model",
    "fs_percent": 0.6,
    "fs_n_features": 8
}