{
    "balanced_accuracy": 0.6678082729976988,
    "accuracy": 0.820962375223957,
    "log_loss": 0.41669358183456573,
    "roc_auc": 0.6678082729976987,
    "f1": 0.8909501909735755,
    "precision": 0.8294629898403484,
    "recall": 0.9622832126620643,
    "inference_time": 0.14461994171142578,
    "training_time": 0,
    "dataset": "adult",
    "model": "mlp/simple_nnw",
    "fold": "F4",
    "architecture_name": "A0",
    "fs_method": "linear_model",
    "fs_percent": 0.7,
    "fs_n_features": 9
}