{
    "balanced_accuracy": 0.6972202020202021,
    "accuracy": 0.8221369161868202,
    "log_loss": 0.4007429088079148,
    "roc_auc": 0.6972202020202021,
    "f1": 0.8890308159029219,
    "precision": 0.8454296993622836,
    "recall": 0.9373737373737374,
    "inference_time": 0.14433693885803223,
    "training_time": 0,
    "dataset": "adult",
    "model": "mlp/simple_nd_nnw",
    "fold": "F1",
    "architecture_name": "A0",
    "fs_method": "random_1",
    "fs_percent": 0.4,
    "fs_n_features": 5
}