{
    "valid_loss": {
        "balanced_accuracy": 0.8416429249762583,
        "accuracy": 0.8427672955974843,
        "log_loss": 0.38112721629455976,
        "roc_auc": 0.8416429249762584,
        "f1": 0.8538011695906432,
        "precision": 0.8111111111111111,
        "recall": 0.9012345679012346
    }
}