{
    "balanced_accuracy": 0.7101018675721562,
    "accuracy": 0.7101449275362319
}