{
    "valid_loss": {
        "balanced_accuracy": 0.6230005248159508,
        "accuracy": 0.6915326902465166,
        "log_loss": 0.8864407124028924
    }
}