{
    "balanced_accuracy": 0.4517343810429316,
    "accuracy": 0.5316770186335403
}