{
    "balanced_accuracy": 0.5084848952354856,
    "accuracy": 0.2571662571662572
}