{
    "balanced_accuracy": 0.47284501368250637,
    "accuracy": 0.6917293233082706
}