{
    "valid_loss": {
        "balanced_accuracy": 0.7802666666666667,
        "accuracy": 0.8598848368522073,
        "log_loss": 0.30181657048450566,
        "roc_auc": 0.7802666666666667,
        "f1": 0.9101206599359764,
        "precision": 0.8880345987506006,
        "recall": 0.9333333333333333
    }
}