{
    "balanced_accuracy": 0.8902436770392057,
    "accuracy": 0.9046237533998187,
    "log_loss": 0.24621968096247976,
    "roc_auc": 0.8902436770392057,
    "f1": 0.9325121888632282,
    "precision": 0.9412069412069413,
    "recall": 0.9239766081871345,
    "inference_time": 0.13132381439208984,
    "training_time": 0,
    "dataset": "nomao",
    "model": "mlp/simple_nd_nn",
    "fold": "F1",
    "architecture_name": "A1",
    "fs_method": "decision_tree",
    "fs_percent": 0.6,
    "fs_n_features": 70
}