{
    "balanced_accuracy": 0.3666666666666667,
    "accuracy": 0.8222222222222222
}