{
    "balanced_accuracy": 0.8470596919656621,
    "accuracy": 0.8686978599927457,
    "log_loss": 0.30867428533564784,
    "roc_auc": 0.8470596919656621,
    "f1": 0.9070125866940663,
    "precision": 0.9164287568128731,
    "recall": 0.8977879481311976,
    "inference_time": 0.12668895721435547,
    "training_time": 0,
    "dataset": "nomao",
    "model": "mlp/simple_nnw",
    "fold": "F3",
    "architecture_name": "A1",
    "fs_method": "random_1",
    "fs_percent": 0.4,
    "fs_n_features": 47
}