{
    "balanced_accuracy": 0.6951508783745861,
    "accuracy": 0.8248016380854876,
    "log_loss": 0.3689181046648144,
    "roc_auc": 0.6951508783745861,
    "f1": 0.8912369905458012,
    "precision": 0.8437123947051745,
    "recall": 0.9444350900825055,
    "inference_time": 0.17359042167663574,
    "training_time": 0,
    "dataset": "adult",
    "model": "mlp/simple",
    "fold": "F4",
    "architecture_name": "A0",
    "fs_method": "random_4",
    "fs_percent": 0.7,
    "fs_n_features": 9
}