{
    "balanced_accuracy": 0.7574390629946186,
    "accuracy": 0.7589098532494759,
    "log_loss": 0.46973438542702106,
    "roc_auc": 0.7574390629946186,
    "f1": 0.7792706333973128,
    "precision": 0.7302158273381295,
    "recall": 0.8353909465020576,
    "inference_time": 0.059777259826660156,
    "training_time": 61.831421852111816
}