{
    "valid_loss": {
        "balanced_accuracy": 0.5819257851811492,
        "accuracy": 0.6639871382636656,
        "log_loss": 0.9635255209365245
    }
}