{
    "balanced_accuracy": 0.5498089452799686,
    "accuracy": 0.7054933875890133
}