{
    "valid_loss": {
        "balanced_accuracy": 0.7836713251389122,
        "accuracy": 0.862554389557205,
        "log_loss": 0.29976679734409495,
        "roc_auc": 0.7836713251389124,
        "f1": 0.9118516086671044,
        "precision": 0.8895116092874299,
        "recall": 0.9353426502778246
    }
}