{
    "balanced_accuracy": 0.7983810920577618,
    "accuracy": 0.7906197654941374,
    "log_loss": 0.444472596372767,
    "roc_auc": 0.7983810920577618,
    "f1": 0.8006379585326954,
    "precision": 0.7171428571428572,
    "recall": 0.9061371841155235,
    "training_time": 0.08895087242126465,
    "inference_time": 0.0012059211730957031,
    "dataset": "jasmine",
    "model": "xgboost",
    "architecture_name": "A3",
    "fs_method": "random_5",
    "fs_percent": 0.8,
    "fs_n_features": 115
}