{
    "balanced_accuracy": 0.5851849207907245,
    "accuracy": 0.5853658536585366,
    "log_loss": 1.0052228234555134,
    "roc_auc": 0.5851849207907245,
    "f1": 0.6145124716553289,
    "precision": 0.5753715498938429,
    "recall": 0.6593673965936739,
    "inference_time": 0.10578727722167969,
    "training_time": 48.70678048663669,
    "dataset": "sylvine",
    "model": "transformer/cls",
    "fold": "F2",
    "architecture_name": "A26",
    "fs_method": "random_5",
    "fs_percent": 0.6,
    "fs_n_features": 12
}