{
    "valid_loss": {
        "balanced_accuracy": 0.9428038988982101,
        "accuracy": 0.9593761334784185,
        "log_loss": 0.10167828027847811,
        "roc_auc": 0.9428038988982101,
        "f1": 0.9718026183282981,
        "precision": 0.9621136590229312,
        "recall": 0.9816887080366226
    }
}