{
    "valid_loss": {
        "balanced_accuracy": 0.9497365984606485,
        "accuracy": 0.9639100471527022,
        "log_loss": 0.09912511439880368,
        "roc_auc": 0.9497365984606485,
        "f1": 0.974908586559072,
        "precision": 0.966983491745873,
        "recall": 0.9829646580218663
    }
}