{
    "valid_loss": {
        "balanced_accuracy": 0.5130758182619412,
        "accuracy": 0.7613162483888088,
        "log_loss": 0.7048148622656403
    }
}