{
    "balanced_accuracy": 0.5244643809395465,
    "accuracy": 0.653170359052712
}