{
    "valid_loss": {
        "balanced_accuracy": 0.9323799269881772,
        "accuracy": 0.9539437896645512,
        "log_loss": 0.12113646751679247,
        "roc_auc": 0.9323799269881772,
        "f1": 0.9681943400951666,
        "precision": 0.9538613372810264,
        "recall": 0.9829646580218663
    }
}