{
    "balanced_accuracy": 0.7263158249158249,
    "accuracy": 0.8339091490722969,
    "log_loss": 0.35463079670856046,
    "roc_auc": 0.726315824915825,
    "f1": 0.895187338501292,
    "precision": 0.8601800124146493,
    "recall": 0.9331649831649832,
    "training_time": 0.19423246383666992,
    "inference_time": 0.004801273345947266,
    "dataset": "adult",
    "model": "xgboost",
    "fold": "F1",
    "architecture_name": "A1",
    "fs_method": "f_classif",
    "fs_percent": 0.4,
    "fs_n_features": 5
}