{
    "balanced_accuracy": 0.9958677685950413,
    "accuracy": 0.9960861056751468,
    "log_loss": 0.015181790426517537,
    "roc_auc": 0.9958677685950413,
    "f1": 0.995850622406639,
    "precision": 1.0,
    "recall": 0.9917355371900827,
    "inference_time": 0.06395459175109863,
    "training_time": 70.53199819282246,
    "dataset": "kr-vs-kp",
    "model": "transformer/cls",
    "fold": "F4",
    "architecture_name": "A7",
    "fs_method": "none",
    "fs_percent": 1.0,
    "fs_n_features": 36
}