{
    "balanced_accuracy": 0.5746376811594203,
    "accuracy": 0.8314606741573034
}