{
    "balanced_accuracy": 0.4416474187073458,
    "accuracy": 0.6716791979949874
}