{
    "balanced_accuracy": 0.8507862161257946,
    "accuracy": 0.8545454545454545,
    "log_loss": 0.4055246982117649,
    "roc_auc": 0.8507862161257946,
    "f1": 0.8333333333333334,
    "precision": 0.851063829787234,
    "recall": 0.8163265306122449,
    "training_time": 0.0343172550201416,
    "inference_time": 0.0005891323089599609,
    "dataset": "australian",
    "model": "xgboost",
    "fold": "F4",
    "architecture_name": "A3",
    "fs_method": "random_4",
    "fs_percent": 0.6,
    "fs_n_features": 8
}