{
    "balanced_accuracy": 0.9486367539716617,
    "accuracy": 0.9487179487179487,
    "log_loss": 0.15072464783129763,
    "roc_auc": 0.9486367539716617,
    "f1": 0.95,
    "precision": 0.9300699300699301,
    "recall": 0.9708029197080292,
    "training_time": 0.20420336723327637,
    "inference_time": 0.0012576580047607422,
    "dataset": "sylvine",
    "model": "xgboost",
    "fold": "F4",
    "architecture_name": "A3",
    "fs_method": "random_1",
    "fs_percent": 0.9,
    "fs_n_features": 18
}