{
    "balanced_accuracy": 0.4915748106647822,
    "accuracy": 0.5958408679927667
}