{
    "balanced_accuracy": 0.37099867934250136,
    "accuracy": 0.47814290021103406
}