{
    "valid_loss": {
        "balanced_accuracy": 0.7893636363636364,
        "accuracy": 0.8587332053742802,
        "log_loss": 0.3023080007875159,
        "roc_auc": 0.7893636363636364,
        "f1": 0.9085032322227747,
        "precision": 0.8947110675808031,
        "recall": 0.9227272727272727
    }
}