{
    "balanced_accuracy": 0.44995890715137,
    "accuracy": 0.6343511450381679
}