{
    "valid_loss": {
        "balanced_accuracy": 0.9354751506186268,
        "accuracy": 0.9553943789664551,
        "log_loss": 0.11825784473141679,
        "roc_auc": 0.9354751506186268,
        "f1": 0.9691419969894631,
        "precision": 0.9564248576380292,
        "recall": 0.9822018815153827
    }
}