{
    "balanced_accuracy": 0.4081804597040148,
    "accuracy": 0.5501629223117819
}