{
    "valid_loss": {
        "balanced_accuracy": 0.9444306225355616,
        "accuracy": 0.957388939256573,
        "log_loss": 0.11753887251765534,
        "roc_auc": 0.9444306225355616,
        "f1": 0.9702644565354929,
        "precision": 0.9657430730478589,
        "recall": 0.9748283752860412
    }
}