{
    "balanced_accuracy": 0.8609902977584476,
    "accuracy": 0.8636363636363636,
    "log_loss": 0.313494651839216,
    "roc_auc": 0.8609902977584477,
    "f1": 0.845360824742268,
    "precision": 0.8541666666666666,
    "recall": 0.8367346938775511,
    "inference_time": 0.013933897018432617,
    "training_time": 4.150391578674317,
    "dataset": "australian",
    "model": "transformer/cls",
    "fold": "F2",
    "architecture_name": "A6",
    "fs_method": "none",
    "fs_percent": 1.0,
    "fs_n_features": 14
}