{
    "balanced_accuracy": 0.6904129159113951,
    "accuracy": 0.675146771037182,
    "log_loss": 2.470700150706264,
    "roc_auc": 0.6904129159113951,
    "f1": 0.740625,
    "precision": 0.5954773869346733,
    "recall": 0.9793388429752066,
    "inference_time": 0.012609004974365234,
    "training_time": 0,
    "dataset": "kr-vs-kp",
    "model": "mlp/simple_nd",
    "fold": "F1",
    "architecture_name": "A0",
    "fs_method": "random_2",
    "fs_percent": 0.5,
    "fs_n_features": 18
}