{
    "balanced_accuracy": 0.7924700113825409,
    "accuracy": 0.7949790794979079,
    "log_loss": 0.45790492624891005,
    "roc_auc": 0.7924700113825408,
    "f1": 0.8237410071942446,
    "precision": 0.731629392971246,
    "recall": 0.9423868312757202,
    "inference_time": 0.0115203857421875,
    "training_time": 0,
    "dataset": "jasmine",
    "model": "mlp/simple_nd_nnw",
    "fold": "F1",
    "architecture_name": "A1",
    "fs_method": "random_3",
    "fs_percent": 0.5,
    "fs_n_features": 72
}