{
    "balanced_accuracy": 0.9082939745241162,
    "accuracy": 0.9084249084249084,
    "log_loss": 0.24496982182468732,
    "roc_auc": 0.9082939745241162,
    "f1": 0.9118683901292597,
    "precision": 0.8818181818181818,
    "recall": 0.9440389294403893,
    "inference_time": 0.018826007843017578,
    "training_time": 0,
    "dataset": "sylvine",
    "model": "mlp/simple_nd_nnw",
    "fold": "F4",
    "architecture_name": "A1",
    "fs_method": "random_5",
    "fs_percent": 0.6,
    "fs_n_features": 12
}