{
    "balanced_accuracy": 0.9017099147766814,
    "accuracy": 0.9053490480507707,
    "log_loss": 0.2594743766084816,
    "roc_auc": 0.9017099147766813,
    "f1": 0.9320489455870867,
    "precision": 0.95492131234996,
    "recall": 0.9102466310704297,
    "inference_time": 0.14963412284851074,
    "training_time": 0,
    "dataset": "nomao",
    "model": "mlp/simple_nd",
    "fold": "F1",
    "architecture_name": "A1",
    "fs_method": "decision_tree",
    "fs_percent": 0.6,
    "fs_n_features": 70
}