{
    "balanced_accuracy": 0.39703909375792457,
    "accuracy": 0.497588908981314
}