{
    "balanced_accuracy": 0.5079365079365079,
    "accuracy": 0.9105339105339105
}