{
    "balanced_accuracy": 0.9840932133091647,
    "accuracy": 0.9843444227005871,
    "log_loss": 0.06470277700254029,
    "roc_auc": 0.9840932133091645,
    "f1": 0.983402489626556,
    "precision": 0.9875,
    "recall": 0.9793388429752066,
    "inference_time": 0.052481651306152344,
    "training_time": 42.58640403747558,
    "dataset": "kr-vs-kp",
    "model": "transformer/cls",
    "fold": "F4",
    "architecture_name": "A2",
    "fs_method": "linear_model",
    "fs_percent": 0.5,
    "fs_n_features": 18
}