{
    "valid_loss": {
        "balanced_accuracy": 0.7672653198653199,
        "accuracy": 0.8309660908509277,
        "log_loss": 0.35496314888433295,
        "roc_auc": 0.7672653198653199,
        "f1": 0.888907577159196,
        "precision": 0.8880860359603427,
        "recall": 0.8897306397306397
    }
}