{
    "balanced_accuracy": 0.5219318666394297,
    "accuracy": 0.568944099378882
}