{
    "valid_loss": {
        "balanced_accuracy": 0.780943336498892,
        "accuracy": 0.7840670859538784,
        "log_loss": 0.44689234086352847,
        "roc_auc": 0.780943336498892,
        "f1": 0.8170515097690941,
        "precision": 0.71875,
        "recall": 0.9465020576131687
    }
}