{
    "balanced_accuracy": 0.9906241759529646,
    "accuracy": 0.990625,
    "log_loss": 0.03627983189250164,
    "roc_auc": 0.9906241759529646,
    "f1": 0.9905362776025236,
    "precision": 0.9905362776025236,
    "recall": 0.9905362776025236,
    "training_time": 0.019782066345214844,
    "inference_time": 0.0006546974182128906,
    "dataset": "kr-vs-kp",
    "model": "xgboost",
    "architecture_name": "A1",
    "fs_method": "linear_model",
    "fs_percent": 0.7,
    "fs_n_features": 25
}