{
    "balanced_accuracy": 0.9237687793787828,
    "accuracy": 0.9256360078277887,
    "log_loss": 0.1914893472593261,
    "roc_auc": 0.9237687793787828,
    "f1": 0.9188034188034188,
    "precision": 0.9513274336283186,
    "recall": 0.8884297520661157,
    "inference_time": 0.012115240097045898,
    "training_time": 0,
    "dataset": "kr-vs-kp",
    "model": "mlp/simple_nnw",
    "fold": "F2",
    "architecture_name": "A1",
    "fs_method": "f_classif",
    "fs_percent": 0.5,
    "fs_n_features": 18
}