{
    "balanced_accuracy": 0.9059631526659886,
    "accuracy": 0.9060975609756098,
    "log_loss": 0.24317014249595656,
    "roc_auc": 0.9059631526659886,
    "f1": 0.9111880046136102,
    "precision": 0.8662280701754386,
    "recall": 0.9610705596107056,
    "inference_time": 0.01611781120300293,
    "training_time": 0,
    "dataset": "sylvine",
    "model": "mlp/simple_nnw",
    "fold": "F3",
    "architecture_name": "A0",
    "fs_method": "random_2",
    "fs_percent": 0.9,
    "fs_n_features": 18
}