{
    "valid_loss": {
        "balanced_accuracy": 0.7985121874010763,
        "accuracy": 0.80083857442348,
        "log_loss": 0.44185703280181227,
        "roc_auc": 0.7985121874010763,
        "f1": 0.8250460405156538,
        "precision": 0.7466666666666667,
        "recall": 0.9218106995884774
    }
}