{
    "valid_loss": {
        "balanced_accuracy": 0.7956447437840264,
        "accuracy": 0.862170463271052,
        "log_loss": 0.2927093792450411,
        "roc_auc": 0.7956447437840265,
        "f1": 0.9106001494147921,
        "precision": 0.8980026195153896,
        "recall": 0.9235561542347196
    }
}