{
    "valid_loss": {
        "balanced_accuracy": 0.8243849049995622,
        "accuracy": 0.8263598326359832,
        "log_loss": 0.39003429535400214,
        "roc_auc": 0.8243849049995622,
        "f1": 0.8465804066543438,
        "precision": 0.7684563758389261,
        "recall": 0.9423868312757202
    }
}