{
    "balanced_accuracy": 0.76562500982208,
    "accuracy": 0.8423342718198106,
    "log_loss": 0.35833377860117654,
    "roc_auc": 0.76562500982208,
    "f1": 0.8979963570127505,
    "precision": 0.8833686268121844,
    "recall": 0.9131166863108268,
    "inference_time": 0.17228913307189941,
    "training_time": 0,
    "dataset": "adult",
    "model": "mlp/simple_nd",
    "fold": "F4",
    "architecture_name": "A0",
    "fs_method": "random_1",
    "fs_percent": 0.7,
    "fs_n_features": 9
}