{
    "balanced_accuracy": 0.8643183564914595,
    "accuracy": 0.8980961015412511,
    "log_loss": 0.26392229097222847,
    "roc_auc": 0.8643183564914595,
    "f1": 0.9296092184368737,
    "precision": 0.9160701061466304,
    "recall": 0.9435545385202135,
    "inference_time": 0.3999638557434082,
    "training_time": 438.9888441379252
}