{
    "balanced_accuracy": 0.7700221589110479,
    "accuracy": 0.7714884696016772,
    "log_loss": 0.4760797580127467,
    "roc_auc": 0.7700221589110477,
    "f1": 0.7907869481765835,
    "precision": 0.7410071942446043,
    "recall": 0.8477366255144033,
    "inference_time": 0.011375188827514648,
    "training_time": 0,
    "dataset": "jasmine",
    "model": "mlp/simple_nd_nnw",
    "fold": "F2",
    "architecture_name": "A1",
    "fs_method": "linear_model",
    "fs_percent": 0.5,
    "fs_n_features": 72
}