{
    "balanced_accuracy": 0.9624488165384999,
    "accuracy": 0.9709829524845847,
    "log_loss": 0.07696246285486306,
    "roc_auc": 0.9624488165384999,
    "f1": 0.9797160243407708,
    "precision": 0.9769911504424779,
    "recall": 0.9824561403508771,
    "training_time": 0.9882204532623291,
    "inference_time": 0.007867574691772461,
    "dataset": "nomao",
    "model": "xgboost",
    "fold": "F3",
    "architecture_name": "A1",
    "fs_method": "linear_model",
    "fs_percent": 0.7,
    "fs_n_features": 82
}