{
    "balanced_accuracy": 0.4666928321017771,
    "accuracy": 0.5911968646367199
}