{
    "valid_loss": {
        "balanced_accuracy": 0.5380186537106705,
        "accuracy": 0.7758359238759572,
        "log_loss": 0.6653881370834692
    }
}