{
    "balanced_accuracy": 0.8711735130803385,
    "accuracy": 0.8960826985854189,
    "log_loss": 0.38076981674715044,
    "roc_auc": 0.8711735130803385,
    "f1": 0.9273303741280913,
    "precision": 0.9251012145748988,
    "recall": 0.9295703025680142,
    "inference_time": 0.5324618816375732,
    "training_time": 428.58462623755133
}