{
    "valid_loss": {
        "balanced_accuracy": 0.7593950047707245,
        "accuracy": 0.8328640900947019,
        "log_loss": 0.3530979335864036,
        "roc_auc": 0.7593950047707246,
        "f1": 0.8912029323558813,
        "precision": 0.8819455894476504,
        "recall": 0.9006566762081158
    }
}