{
    "balanced_accuracy": 0.8024778916031872,
    "accuracy": 0.805439330543933,
    "log_loss": 0.4140965447233599,
    "roc_auc": 0.8024778916031872,
    "f1": 0.836555360281195,
    "precision": 0.7300613496932515,
    "recall": 0.9794238683127572,
    "inference_time": 0.014036178588867188,
    "training_time": 0,
    "dataset": "jasmine",
    "model": "mlp/simple",
    "fold": "F1",
    "architecture_name": "A1",
    "fs_method": "f_classif",
    "fs_percent": 0.8,
    "fs_n_features": 115
}