{
    "valid_loss": {
        "balanced_accuracy": 0.7914688192465971,
        "accuracy": 0.7945492662473794,
        "log_loss": 0.4338409511775389,
        "roc_auc": 0.7914688192465971,
        "f1": 0.8256227758007118,
        "precision": 0.7272727272727273,
        "recall": 0.9547325102880658
    }
}