{
    "balanced_accuracy": 0.6110757905815825,
    "accuracy": 0.6780998113531127
}