{
    "balanced_accuracy": 0.7898009950248757,
    "accuracy": 0.8031088082901554
}