{
    "balanced_accuracy": 0.5389911161018807,
    "accuracy": 0.810873786407767
}