{
    "balanced_accuracy": 0.6833333333333333,
    "accuracy": 0.8633093525179856
}