{
    "balanced_accuracy": 0.5008710801393728,
    "accuracy": 0.5103448275862069
}