{
    "balanced_accuracy": 0.8180719726819017,
    "accuracy": 0.8200836820083682,
    "log_loss": 0.387288660848154,
    "roc_auc": 0.8180719726819018,
    "f1": 0.8413284132841329,
    "precision": 0.7625418060200669,
    "recall": 0.9382716049382716,
    "inference_time": 0.06105661392211914,
    "training_time": 40.40208106570774,
    "dataset": "jasmine",
    "model": "transformer/cls",
    "fold": "F0",
    "architecture_name": "A1",
    "fs_method": "none",
    "fs_percent": 1.0,
    "fs_n_features": 144
}