{
    "valid_loss": {
        "balanced_accuracy": 0.33666375294090223,
        "accuracy": 0.6211472115858513,
        "log_loss": 1.1005600474496298
    }
}