{
    "balanced_accuracy": 0.9462036639473308,
    "accuracy": 0.9462759462759462,
    "log_loss": 0.1396057923444313,
    "roc_auc": 0.9462036639473309,
    "f1": 0.9474940334128878,
    "precision": 0.9297423887587822,
    "recall": 0.9659367396593674,
    "training_time": 0.14978313446044922,
    "inference_time": 0.0011417865753173828,
    "dataset": "sylvine",
    "model": "xgboost",
    "fold": "F4",
    "architecture_name": "A2",
    "fs_method": "f_classif",
    "fs_percent": 0.6,
    "fs_n_features": 12
}