{
    "balanced_accuracy": 0.9216638111555302,
    "accuracy": 0.9219512195121952,
    "log_loss": 0.20130108158800838,
    "roc_auc": 0.9216638111555302,
    "f1": 0.926605504587156,
    "precision": 0.8782608695652174,
    "recall": 0.9805825242718447,
    "inference_time": 0.018102169036865234,
    "training_time": 0,
    "dataset": "sylvine",
    "model": "mlp/simple_nd",
    "fold": "F0",
    "architecture_name": "A0",
    "fs_method": "linear_model",
    "fs_percent": 0.5,
    "fs_n_features": 10
}