{
  "dropout": 0.3180255617611351,
  "embedding_size": 512,
  "n_head": 2,
  "n_hid": 512,
  "n_layers": 4,
  "numerical_passthrough": false,
  "optimizer__lr": 0.01602776236492255
}