{
    "valid_loss": {
        "balanced_accuracy": 0.9376706583620367,
        "accuracy": 0.9378048780487804,
        "log_loss": 0.19996011709832134,
        "roc_auc": 0.9376706583620367,
        "f1": 0.9411764705882353,
        "precision": 0.8947368421052632,
        "recall": 0.9927007299270073
    }
}