{
    "balanced_accuracy": 0.7938108697655841,
    "accuracy": 0.8023483365949119,
    "log_loss": 2.715832367875094,
    "roc_auc": 0.7938108697655842,
    "f1": 0.7518427518427518,
    "precision": 0.9272727272727272,
    "recall": 0.6322314049586777,
    "inference_time": 0.05754876136779785,
    "training_time": 75.07244587796073,
    "dataset": "kr-vs-kp",
    "model": "transformer/cls",
    "fold": "F3",
    "architecture_name": "A2",
    "fs_method": "random_5",
    "fs_percent": 0.7,
    "fs_n_features": 25
}