{
    "balanced_accuracy": 0.3609928367850123,
    "accuracy": 0.43975155279503103
}