{
    "balanced_accuracy": 0.6642862391613188,
    "accuracy": 0.7507629704984741
}