{
    "balanced_accuracy": 0.5151375235533906,
    "accuracy": 0.6280892103676914
}