{
    "valid_loss": {
        "balanced_accuracy": 0.3349229169402778,
        "accuracy": 0.6175455889600788,
        "log_loss": 1.1048794112556102
    }
}