{
    "valid_loss": {
        "balanced_accuracy": 0.5996902793082778,
        "accuracy": 0.664272698038375,
        "log_loss": 0.9677153853621603
    }
}