{
    "balanced_accuracy": 0.5007677240116994,
    "accuracy": 0.6124171187462327
}