{
    "balanced_accuracy": 0.5148532569792412,
    "accuracy": 0.6632124352331606
}