{
    "balanced_accuracy": 0.799273268540408,
    "accuracy": 0.801255230125523,
    "log_loss": 0.4469203282432075,
    "roc_auc": 0.799273268540408,
    "f1": 0.8243992606284658,
    "precision": 0.7483221476510067,
    "recall": 0.9176954732510288,
    "inference_time": 0.011562347412109375,
    "training_time": 0,
    "dataset": "jasmine",
    "model": "mlp/simple_nnw",
    "fold": "F1",
    "architecture_name": "A1",
    "fs_method": "linear_model",
    "fs_percent": 0.7,
    "fs_n_features": 100
}