{
    "valid_loss": {
        "balanced_accuracy": 0.9254319319711968,
        "accuracy": 0.9510337323177367,
        "log_loss": 0.11224522842825733,
        "roc_auc": 0.9254319319711969,
        "f1": 0.9663341645885287,
        "precision": 0.9478962818003914,
        "recall": 0.9855035605289929
    }
}