{
  "aggregator__cell": "GRU",
  "aggregator__dropout": 0.1961529052348568,
  "aggregator__hidden_size": 256,
  "aggregator__num_layers": 1,
  "dropout": 0.4864794233217963,
  "embedding_size": 32,
  "n_head": 32,
  "n_hid": 32,
  "n_layers": 2,
  "optimizer__lr": 0.08827380236150623
}