{
    "balanced_accuracy": 0.5894157127050164,
    "accuracy": 0.6588306208559374
}