{
    "balanced_accuracy": 0.8778028635990087,
    "accuracy": 0.9006166122597026,
    "log_loss": 0.25266644037696023,
    "roc_auc": 0.8778028635990086,
    "f1": 0.9303861788617886,
    "precision": 0.9294416243654823,
    "recall": 0.9313326551373347,
    "inference_time": 0.10442042350769043,
    "training_time": 0,
    "dataset": "nomao",
    "model": "mlp/simple_nd_nnw",
    "fold": "F4",
    "architecture_name": "A0",
    "fs_method": "f_classif",
    "fs_percent": 0.8,
    "fs_n_features": 94
}