{
    "valid_loss": {
        "balanced_accuracy": 0.3338489511542627,
        "accuracy": 0.6182045644097354,
        "log_loss": 1.1054506823323664
    }
}