{
    "valid_loss": {
        "balanced_accuracy": 0.5136803104359525,
        "accuracy": 0.7643111683979074,
        "log_loss": 0.6951224209092376
    }
}