{
    "balanced_accuracy": 0.71796587487454,
    "accuracy": 0.7272727272727273,
    "log_loss": 0.5423324594946981,
    "roc_auc": 0.71796587487454,
    "f1": 0.6739130434782609,
    "precision": 0.7209302325581395,
    "recall": 0.6326530612244898,
    "training_time": 0.03583717346191406,
    "inference_time": 0.0005815029144287109,
    "dataset": "australian",
    "model": "xgboost",
    "fold": "F4",
    "architecture_name": "A2",
    "fs_method": "random_5",
    "fs_percent": 0.7,
    "fs_n_features": 9
}