{
    "balanced_accuracy": 0.972318658023288,
    "accuracy": 0.9726027397260274,
    "log_loss": 0.06104408811692715,
    "roc_auc": 0.9723186580232881,
    "f1": 0.970954356846473,
    "precision": 0.975,
    "recall": 0.9669421487603306,
    "training_time": 0.07239675521850586,
    "inference_time": 0.0008966922760009766,
    "dataset": "kr-vs-kp",
    "model": "xgboost",
    "fold": "F1",
    "architecture_name": "A1",
    "fs_method": "f_classif",
    "fs_percent": 0.8,
    "fs_n_features": 28
}