{
    "balanced_accuracy": 0.7219805955168952,
    "accuracy": 0.7272727272727273,
    "log_loss": 0.5641085077362712,
    "roc_auc": 0.7219805955168953,
    "f1": 0.6875,
    "precision": 0.7021276595744681,
    "recall": 0.673469387755102,
    "inference_time": 0.0036618709564208984,
    "training_time": 0,
    "dataset": "australian",
    "model": "mlp/simple_nd",
    "fold": "F3",
    "architecture_name": "A0",
    "fs_method": "random_5",
    "fs_percent": 0.4,
    "fs_n_features": 5
}