{
    "valid_loss": {
        "balanced_accuracy": 0.9181818181818182,
        "accuracy": 0.9722222222222222,
        "log_loss": 0.06125305149791904
    }
}