{
    "balanced_accuracy": 0.617932418869187,
    "accuracy": 0.6363636363636364,
    "log_loss": 0.6321894024733438,
    "roc_auc": 0.617932418869187,
    "f1": 0.5238095238095238,
    "precision": 0.6285714285714286,
    "recall": 0.4489795918367347,
    "training_time": 0.026695728302001953,
    "inference_time": 0.0005791187286376953,
    "dataset": "australian",
    "model": "xgboost",
    "fold": "F4",
    "architecture_name": "A2",
    "fs_method": "random_3",
    "fs_percent": 0.5,
    "fs_n_features": 7
}