{
    "balanced_accuracy": 0.9183771242312531,
    "accuracy": 0.9372506347479144,
    "log_loss": 0.15105883523123487,
    "roc_auc": 0.918377124231253,
    "f1": 0.9563020964890124,
    "precision": 0.9500627352572145,
    "recall": 0.9626239511823036,
    "inference_time": 0.17000794410705566,
    "training_time": 0,
    "dataset": "nomao",
    "model": "mlp/simple_nd",
    "fold": "F2",
    "architecture_name": "A1",
    "fs_method": "random_1",
    "fs_percent": 0.7,
    "fs_n_features": 82
}