{
    "balanced_accuracy": 0.7980373535929092,
    "accuracy": 0.80083857442348,
    "log_loss": 0.4489101768530082,
    "roc_auc": 0.7980373535929091,
    "f1": 0.8288288288288288,
    "precision": 0.7371794871794872,
    "recall": 0.9465020576131687,
    "inference_time": 0.09760475158691406,
    "training_time": 45.990300325246956
}