{
    "valid_loss": {
        "balanced_accuracy": 0.6065570472353714,
        "accuracy": 0.6864951768488746,
        "log_loss": 0.9264505768187418
    }
}