{
    "balanced_accuracy": 0.87296918767507,
    "accuracy": 0.9301848049281314
}