{
    "balanced_accuracy": 0.6383405821344932,
    "accuracy": 0.6545454545454545,
    "log_loss": 0.6113686549978262,
    "roc_auc": 0.6383405821344931,
    "f1": 0.5581395348837209,
    "precision": 0.6486486486486487,
    "recall": 0.4897959183673469,
    "inference_time": 0.0032362937927246094,
    "training_time": 0,
    "dataset": "australian",
    "model": "mlp/simple_nd",
    "fold": "F4",
    "architecture_name": "A0",
    "fs_method": "random_5",
    "fs_percent": 0.8,
    "fs_n_features": 11
}