{
    "balanced_accuracy": 0.5137717414624848,
    "accuracy": 0.27185261003070627
}