{
    "balanced_accuracy": 0.8117998163452709,
    "accuracy": 0.810546875,
    "log_loss": 1.424642365247986,
    "roc_auc": 0.8117998163452709,
    "f1": 0.8063872255489022,
    "precision": 0.7799227799227799,
    "recall": 0.8347107438016529,
    "inference_time": 0.011952877044677734,
    "training_time": 0,
    "dataset": "kr-vs-kp",
    "model": "mlp/simple",
    "fold": "F0",
    "architecture_name": "A0",
    "fs_method": "random_5",
    "fs_percent": 0.7,
    "fs_n_features": 25
}