{
    "balanced_accuracy": 0.3430088087569578,
    "accuracy": 0.4049689440993789
}