{
    "valid_loss": {
        "balanced_accuracy": 0.5705211226514824,
        "accuracy": 0.6608788853161843,
        "log_loss": 0.9850862077108719
    }
}