{
    "balanced_accuracy": 0.7665400443178221,
    "accuracy": 0.7693920335429769,
    "log_loss": 0.45105283534386503,
    "roc_auc": 0.7665400443178221,
    "f1": 0.802158273381295,
    "precision": 0.7124600638977636,
    "recall": 0.9176954732510288,
    "inference_time": 0.013360023498535156,
    "training_time": 0,
    "dataset": "jasmine",
    "model": "mlp/simple",
    "fold": "F2",
    "architecture_name": "A1",
    "fs_method": "decision_tree",
    "fs_percent": 0.7,
    "fs_n_features": 100
}