{
    "balanced_accuracy": 0.47997377117235196,
    "accuracy": 0.5770274344287006
}