{
    "valid_loss": {
        "balanced_accuracy": 0.7970289562289562,
        "accuracy": 0.8570697376839411,
        "log_loss": 0.3041698190173609,
        "roc_auc": 0.7970289562289562,
        "f1": 0.9065819185414402,
        "precision": 0.9007811201595479,
        "recall": 0.9124579124579124
    }
}