{
    "balanced_accuracy": 0.7780151946818613,
    "accuracy": 0.7819706498951782,
    "log_loss": 0.43736421996624275,
    "roc_auc": 0.7780151946818612,
    "f1": 0.821917808219178,
    "precision": 0.7038123167155426,
    "recall": 0.9876543209876543,
    "inference_time": 0.011078119277954102,
    "training_time": 0,
    "dataset": "jasmine",
    "model": "mlp/simple_nd",
    "fold": "F4",
    "architecture_name": "A0",
    "fs_method": "f_classif",
    "fs_percent": 0.9,
    "fs_n_features": 129
}