{
    "balanced_accuracy": 0.7516067340067341,
    "accuracy": 0.8468330134357006,
    "log_loss": 0.31975285300152223,
    "roc_auc": 0.7516067340067341,
    "f1": 0.9026908381432404,
    "precision": 0.872818739191951,
    "recall": 0.9346801346801347,
    "training_time": 0.2341306209564209,
    "inference_time": 0.004773139953613281,
    "dataset": "adult",
    "model": "xgboost",
    "fold": "F1",
    "architecture_name": "A1",
    "fs_method": "random_4",
    "fs_percent": 0.7,
    "fs_n_features": 9
}