{
    "balanced_accuracy": 0.9921135646687698,
    "accuracy": 0.9921875,
    "log_loss": 0.04011808214389302,
    "roc_auc": 0.9921135646687698,
    "f1": 0.9920508744038156,
    "precision": 1.0,
    "recall": 0.9842271293375394,
    "training_time": 8.451364755630493,
    "inference_time": 0.013753652572631836,
    "dataset": "kr-vs-kp",
    "model": "mlp/full",
    "architecture_name": "A0",
    "fs_method": "none",
    "fs_percent": 1.0,
    "fs_n_features": 36
}