{
    "balanced_accuracy": 0.8096313807897733,
    "accuracy": 0.8117154811715481,
    "log_loss": 0.4190712515798828,
    "roc_auc": 0.8096313807897733,
    "f1": 0.8345588235294118,
    "precision": 0.7541528239202658,
    "recall": 0.934156378600823,
    "inference_time": 0.01124262809753418,
    "training_time": 0,
    "dataset": "jasmine",
    "model": "mlp/simple_nd",
    "fold": "F1",
    "architecture_name": "A0",
    "fs_method": "random_2",
    "fs_percent": 0.9,
    "fs_n_features": 129
}