{
    "valid_loss": {
        "balanced_accuracy": 0.786878787878788,
        "accuracy": 0.8591170825335892,
        "log_loss": 0.30425620281534965,
        "roc_auc": 0.786878787878788,
        "f1": 0.9090007438631292,
        "precision": 0.8928397467121286,
        "recall": 0.9257575757575758
    }
}