{
    "balanced_accuracy": 0.9408093150402062,
    "accuracy": 0.9463184620964817,
    "log_loss": 0.1415408013969914,
    "roc_auc": 0.9408093150402062,
    "f1": 0.9620415491151577,
    "precision": 0.9705045278137128,
    "recall": 0.9537248919399949,
    "inference_time": 0.6044731140136719,
    "training_time": 415.6724113102617,
    "dataset": "nomao",
    "model": "transformer/cls",
    "fold": "F3",
    "architecture_name": "A28",
    "fs_method": "random_3",
    "fs_percent": 0.6,
    "fs_n_features": 70
}