{
    "balanced_accuracy": 0.3913026223457822,
    "accuracy": 0.5037220843672456
}