{
    "balanced_accuracy": 0.7427452433069541,
    "accuracy": 0.8419503455336576,
    "log_loss": 0.3436414206652776,
    "roc_auc": 0.7427452433069541,
    "f1": 0.8997808975087235,
    "precision": 0.868421052631579,
    "recall": 0.9334904866139081,
    "inference_time": 0.5488762855529785,
    "training_time": 240.44788837432856
}