{
    "balanced_accuracy": 0.8682558085117367,
    "accuracy": 0.892999637286906,
    "log_loss": 0.34506903234482883,
    "roc_auc": 0.8682558085117369,
    "f1": 0.9250888776028441,
    "precision": 0.9239158001521685,
    "recall": 0.9262649377065854,
    "inference_time": 0.40793728828430176,
    "training_time": 419.0826721191406
}