{
    "balanced_accuracy": 0.9458968012185833,
    "accuracy": 0.9453658536585365,
    "log_loss": 0.14879113563935867,
    "roc_auc": 0.9458968012185833,
    "f1": 0.9465648854961832,
    "precision": 0.9134438305709024,
    "recall": 0.9821782178217822,
    "training_time": 0.07187938690185547,
    "inference_time": 0.0008950233459472656,
    "dataset": "sylvine",
    "model": "xgboost",
    "architecture_name": "A3",
    "fs_method": "linear_model",
    "fs_percent": 0.5,
    "fs_n_features": 10
}