{
    "balanced_accuracy": 0.9046990166509021,
    "accuracy": 0.9048780487804878,
    "log_loss": 0.25644681814732906,
    "roc_auc": 0.9046990166509021,
    "f1": 0.9115646258503401,
    "precision": 0.8535031847133758,
    "recall": 0.9781021897810219,
    "inference_time": 0.018689870834350586,
    "training_time": 0,
    "dataset": "sylvine",
    "model": "mlp/simple",
    "fold": "F3",
    "architecture_name": "A0",
    "fs_method": "random_2",
    "fs_percent": 0.9,
    "fs_n_features": 18
}