{
    "valid_loss": {
        "balanced_accuracy": 0.9459561755485288,
        "accuracy": 0.9595648232094288,
        "log_loss": 0.11460062329883444,
        "roc_auc": 0.9459561755485288,
        "f1": 0.9718256475047379,
        "precision": 0.9658463083877449,
        "recall": 0.9778794813119756
    }
}