{
    "valid_loss": {
        "balanced_accuracy": 0.33477264716749894,
        "accuracy": 0.6189483261932744,
        "log_loss": 1.0992326118289397
    }
}