{
    "balanced_accuracy": 0.49291541434091884,
    "accuracy": 0.49206349206349204,
    "log_loss": 1.1080792718016912,
    "roc_auc": 0.49291541434091884,
    "f1": 0.3396825396825397,
    "precision": 0.4885844748858447,
    "recall": 0.26034063260340634,
    "inference_time": 0.019601821899414062,
    "training_time": 0,
    "dataset": "sylvine",
    "model": "mlp/simple_nd",
    "fold": "F4",
    "architecture_name": "A0",
    "fs_method": "random_4",
    "fs_percent": 0.4,
    "fs_n_features": 8
}