{
    "valid_loss": {
        "balanced_accuracy": 0.7867414141414142,
        "accuracy": 0.8516954574536149,
        "log_loss": 0.31604672821956625,
        "roc_auc": 0.7867414141414142,
        "f1": 0.9033280507131537,
        "precision": 0.8951892874855348,
        "recall": 0.9116161616161617
    }
}