{
    "balanced_accuracy": 0.6794169713125534,
    "accuracy": 0.8971553610503282
}