{
    "balanced_accuracy": 0.4241211755363519,
    "accuracy": 0.6390977443609023
}