{
    "balanced_accuracy": 0.5247370500972762,
    "accuracy": 0.5243664717348928
}