{
    "valid_loss": {
        "balanced_accuracy": 0.9418890707780369,
        "accuracy": 0.9586507072905331,
        "log_loss": 0.10515758780266887,
        "roc_auc": 0.9418890707780369,
        "f1": 0.9713063176440977,
        "precision": 0.9616247196611014,
        "recall": 0.9811848461734045
    }
}