{
    "balanced_accuracy": 0.34658730158730167,
    "accuracy": 0.5753768844221105
}