{
    "balanced_accuracy": 0.9223886894232549,
    "accuracy": 0.9293486145364863,
    "log_loss": 0.19117878320066026,
    "roc_auc": 0.922388689423255,
    "f1": 0.9502502809275718,
    "precision": 0.9625413907284768,
    "recall": 0.9382691143836999,
    "inference_time": 0.13397955894470215,
    "training_time": 0,
    "dataset": "nomao",
    "model": "mlp/simple_nd_nnw",
    "architecture_name": "A0",
    "fs_method": "random_4",
    "fs_percent": 0.7,
    "fs_n_features": 82
}