{
    "valid_loss": {
        "balanced_accuracy": 0.5832101764899591,
        "accuracy": 0.6634512325830654,
        "log_loss": 0.9779776357242072
    }
}