{
    "balanced_accuracy": 0.8109370053814499,
    "accuracy": 0.8134171907756813,
    "log_loss": 0.3977430917209287,
    "roc_auc": 0.8109370053814499,
    "f1": 0.8372943327239488,
    "precision": 0.7532894736842105,
    "recall": 0.9423868312757202,
    "inference_time": 0.1105351448059082,
    "training_time": 63.143364539513215
}