{
    "balanced_accuracy": 0.34078111497926605,
    "accuracy": 0.46715829188818386
}