{
    "balanced_accuracy": 0.745053872053872,
    "accuracy": 0.8399232245681382,
    "log_loss": 0.35412975330762414,
    "roc_auc": 0.7450538720538721,
    "f1": 0.8980356997310294,
    "precision": 0.8704376678780218,
    "recall": 0.9274410774410774,
    "training_time": 0.2750732898712158,
    "inference_time": 0.008389711380004883,
    "dataset": "adult",
    "model": "xgboost",
    "fold": "F1",
    "architecture_name": "A2",
    "fs_method": "random_5",
    "fs_percent": 0.5,
    "fs_n_features": 7
}