{
    "valid_loss": {
        "balanced_accuracy": 0.7748496359607471,
        "accuracy": 0.7777777777777778,
        "log_loss": 0.4618678123698895,
        "roc_auc": 0.7748496359607471,
        "f1": 0.8100358422939068,
        "precision": 0.7174603174603175,
        "recall": 0.9300411522633745
    }
}