{
    "balanced_accuracy": 0.15989722565932926,
    "accuracy": 0.44084600132187707
}