{
    "balanced_accuracy": 0.3500048522146172,
    "accuracy": 0.5709923664122137
}