{
    "valid_loss": {
        "balanced_accuracy": 0.9352375683377058,
        "accuracy": 0.9353658536585366,
        "log_loss": 0.19342219903300395,
        "roc_auc": 0.9352375683377057,
        "f1": 0.9387283236994219,
        "precision": 0.8942731277533039,
        "recall": 0.9878345498783455
    }
}