{
    "balanced_accuracy": 0.7636838505138053,
    "accuracy": 0.8496826835902085,
    "log_loss": 0.4895711494542189,
    "roc_auc": 0.7636838505138054,
    "f1": 0.9015790098539712,
    "precision": 0.8456570155902005,
    "recall": 0.9654207983727434,
    "inference_time": 0.4534780979156494,
    "training_time": 479.9199761089525,
    "dataset": "nomao",
    "model": "transformer/cls",
    "fold": "F0",
    "architecture_name": "A28",
    "fs_method": "decision_tree",
    "fs_percent": 0.5,
    "fs_n_features": 59
}