{
    "balanced_accuracy": 0.3507246376811594,
    "accuracy": 0.5888888888888889
}