{
    "balanced_accuracy": 0.7292626728110598,
    "accuracy": 0.7477477477477478,
    "log_loss": 0.5172348742993884,
    "roc_auc": 0.7292626728110598,
    "f1": 0.6666666666666666,
    "precision": 0.8,
    "recall": 0.5714285714285714,
    "inference_time": 0.003240346908569336,
    "training_time": 0,
    "dataset": "australian",
    "model": "mlp/simple_nd",
    "fold": "F1",
    "architecture_name": "A0",
    "fs_method": "f_classif",
    "fs_percent": 0.5,
    "fs_n_features": 7
}