{
    "valid_loss": {
        "balanced_accuracy": 0.7724754669199114,
        "accuracy": 0.7756813417190775,
        "log_loss": 0.46176270475129383,
        "roc_auc": 0.7724754669199114,
        "f1": 0.8106194690265487,
        "precision": 0.7111801242236024,
        "recall": 0.9423868312757202
    }
}