{
    "valid_loss": {
        "balanced_accuracy": 0.7985027580772261,
        "accuracy": 0.801255230125523,
        "log_loss": 0.40485284192197246,
        "roc_auc": 0.7985027580772261,
        "f1": 0.8312611012433393,
        "precision": 0.73125,
        "recall": 0.9629629629629629
    }
}