{
    "valid_loss": {
        "balanced_accuracy": 0.7733609427609427,
        "accuracy": 0.8577095329494562,
        "log_loss": 0.3072554273673901,
        "roc_auc": 0.7733609427609428,
        "f1": 0.9090462947816129,
        "precision": 0.8840279987273306,
        "recall": 0.9355218855218855
    }
}