{
    "balanced_accuracy": 0.45667942100849784,
    "accuracy": 0.5403726708074534
}