{
    "balanced_accuracy": 0.5147662329766537,
    "accuracy": 0.5146198830409356
}