{
    "balanced_accuracy": 0.5888394332273734,
    "accuracy": 0.8003685503685504
}