{
    "balanced_accuracy": 0.6442148760330578,
    "accuracy": 0.658203125,
    "log_loss": 2.857456579062175,
    "roc_auc": 0.6442148760330578,
    "f1": 0.5179063360881543,
    "precision": 0.7768595041322314,
    "recall": 0.3884297520661157,
    "inference_time": 0.011986017227172852,
    "training_time": 0,
    "dataset": "kr-vs-kp",
    "model": "mlp/simple",
    "fold": "F0",
    "architecture_name": "A0",
    "fs_method": "random_5",
    "fs_percent": 0.4,
    "fs_n_features": 14
}