{
    "balanced_accuracy": 0.9648549680857768,
    "accuracy": 0.970620239390642,
    "log_loss": 0.07931712512377823,
    "roc_auc": 0.9648549680857768,
    "f1": 0.9793788187372708,
    "precision": 0.9803771661569827,
    "recall": 0.978382502543235,
    "training_time": 1.678830623626709,
    "inference_time": 0.00836181640625,
    "dataset": "nomao",
    "model": "xgboost",
    "fold": "F4",
    "architecture_name": "A3",
    "fs_method": "random_1",
    "fs_percent": 0.9,
    "fs_n_features": 106
}