{
    "valid_loss": {
        "balanced_accuracy": 0.5904999293314673,
        "accuracy": 0.669882100750268,
        "log_loss": 0.9670777002511546
    }
}