{
    "valid_loss": {
        "balanced_accuracy": 0.7989841162934276,
        "accuracy": 0.8678013821346302,
        "log_loss": 0.2871180131777374,
        "roc_auc": 0.7989841162934277,
        "f1": 0.9145928069450187,
        "precision": 0.8984730344379467,
        "recall": 0.9313015659201885
    }
}