{
    "balanced_accuracy": 0.9216405037088149,
    "accuracy": 0.9470655926352128
}