{
    "balanced_accuracy": 0.6909352053826538,
    "accuracy": 0.700587084148728,
    "log_loss": 1.4450362394091285,
    "roc_auc": 0.6909352053826538,
    "f1": 0.6165413533834586,
    "precision": 0.7834394904458599,
    "recall": 0.5082644628099173,
    "inference_time": 0.009857416152954102,
    "training_time": 0,
    "dataset": "kr-vs-kp",
    "model": "mlp/simple_nd_nnw",
    "fold": "F4",
    "architecture_name": "A0",
    "fs_method": "random_5",
    "fs_percent": 0.4,
    "fs_n_features": 14
}