{
    "balanced_accuracy": 0.9108723586521987,
    "accuracy": 0.9109756097560976,
    "log_loss": 0.24045380722487758,
    "roc_auc": 0.9108723586521986,
    "f1": 0.9131985731272295,
    "precision": 0.8951048951048951,
    "recall": 0.9320388349514563,
    "inference_time": 0.01556706428527832,
    "training_time": 0,
    "dataset": "sylvine",
    "model": "mlp/simple_nnw",
    "fold": "F1",
    "architecture_name": "A0",
    "fs_method": "random_4",
    "fs_percent": 0.7,
    "fs_n_features": 14
}