{
    "balanced_accuracy": 0.49046377748670855,
    "accuracy": 0.5849909584086799
}