{
    "balanced_accuracy": 0.7706552706552706,
    "accuracy": 0.7714884696016772,
    "log_loss": 0.45172719486159757,
    "roc_auc": 0.7706552706552707,
    "f1": 0.7841584158415842,
    "precision": 0.7557251908396947,
    "recall": 0.8148148148148148,
    "inference_time": 0.010052204132080078,
    "training_time": 0,
    "dataset": "jasmine",
    "model": "mlp/simple_nd_nn",
    "fold": "F2",
    "architecture_name": "A0",
    "fs_method": "decision_tree",
    "fs_percent": 0.9,
    "fs_n_features": 129
}