{
    "balanced_accuracy": 0.5448317787263464,
    "accuracy": 0.8076923076923077
}