{
    "valid_loss": {
        "balanced_accuracy": 0.9449513381995134,
        "accuracy": 0.945054945054945,
        "log_loss": 0.16486748157821052,
        "roc_auc": 0.9449513381995135,
        "f1": 0.9467455621301775,
        "precision": 0.9216589861751152,
        "recall": 0.9732360097323601
    }
}