{
    "balanced_accuracy": 0.9830639958216842,
    "accuracy": 0.9823874755381604,
    "log_loss": 0.06171603066496293,
    "roc_auc": 0.9830639958216844,
    "f1": 0.9816700610997964,
    "precision": 0.9678714859437751,
    "recall": 0.9958677685950413,
    "training_time": 0.059175968170166016,
    "inference_time": 0.0008983612060546875,
    "dataset": "kr-vs-kp",
    "model": "xgboost",
    "fold": "F2",
    "architecture_name": "A1",
    "fs_method": "linear_model",
    "fs_percent": 0.5,
    "fs_n_features": 18
}