{
    "balanced_accuracy": 0.7590369757174393,
    "accuracy": 0.8391959798994975
}