{
    "balanced_accuracy": 0.9265232292460015,
    "accuracy": 0.9258536585365854,
    "log_loss": 0.21674752866213018,
    "roc_auc": 0.9265232292460015,
    "f1": 0.9281663516068053,
    "precision": 0.8878842676311031,
    "recall": 0.9722772277227723,
    "inference_time": 0.028735876083374023,
    "training_time": 0,
    "dataset": "sylvine",
    "model": "mlp/simple_nd_nnw",
    "architecture_name": "A1",
    "fs_method": "random_4",
    "fs_percent": 0.5,
    "fs_n_features": 10
}