{
    "balanced_accuracy": 0.746318744191032,
    "accuracy": 0.8446105026102979,
    "log_loss": 0.35783067040226063,
    "roc_auc": 0.746318744191032,
    "f1": 0.9016329704510109,
    "precision": 0.8723510971786834,
    "recall": 0.9329489070671851,
    "inference_time": 0.22679543495178223,
    "training_time": 0,
    "dataset": "adult",
    "model": "mlp/simple_nd_nn",
    "architecture_name": "A1",
    "fs_method": "random_3",
    "fs_percent": 0.6,
    "fs_n_features": 8
}