{
    "balanced_accuracy": 0.9328223249394703,
    "accuracy": 0.9329268292682927,
    "log_loss": 0.17327805258059253,
    "roc_auc": 0.9328223249394703,
    "f1": 0.9358226371061844,
    "precision": 0.899103139013453,
    "recall": 0.975669099756691,
    "inference_time": 0.10083484649658203,
    "training_time": 43.57999420166017,
    "dataset": "sylvine",
    "model": "transformer/cls",
    "fold": "F3",
    "architecture_name": "A30",
    "fs_method": "none",
    "fs_percent": 1.0,
    "fs_n_features": 20
}