{
    "balanced_accuracy": 0.8089355476115059,
    "accuracy": 0.9728958630527818
}