{
    "balanced_accuracy": 0.8541666666666667,
    "accuracy": 0.8636363636363636
}