{
    "balanced_accuracy": 0.8029439696106362,
    "accuracy": 0.8050314465408805,
    "log_loss": 0.4029135227105493,
    "roc_auc": 0.8029439696106362,
    "f1": 0.8268156424581006,
    "precision": 0.7551020408163265,
    "recall": 0.9135802469135802,
    "training_time": 0.08318042755126953,
    "inference_time": 0.0009779930114746094
}