{
    "balanced_accuracy": 0.7426229508196721,
    "accuracy": 0.7567567567567568,
    "log_loss": 0.5889835996909536,
    "roc_auc": 0.7426229508196722,
    "f1": 0.6896551724137931,
    "precision": 0.8108108108108109,
    "recall": 0.6,
    "inference_time": 0.003170490264892578,
    "training_time": 0,
    "dataset": "australian",
    "model": "mlp/simple_nd_nn",
    "fold": "F0",
    "architecture_name": "A0",
    "fs_method": "decision_tree",
    "fs_percent": 0.4,
    "fs_n_features": 5
}