{
    "balanced_accuracy": 0.6821760916249104,
    "accuracy": 0.7253886010362695
}