{
    "balanced_accuracy": 0.6741590214067278,
    "accuracy": 0.8489208633093526
}