{
  "dropout": 0.22359284237212024,
  "embedding_size": 32,
  "n_head": 2,
  "n_hid": 32,
  "n_layers": 4,
  "numerical_passthrough": true,
  "optimizer__lr": 0.0005531787821358562
}