{
    "balanced_accuracy": 0.7651116877256318,
    "accuracy": 0.7520938023450586,
    "log_loss": 0.8345526168174061,
    "roc_auc": 0.7651116877256318,
    "f1": 0.7797619047619048,
    "precision": 0.6632911392405063,
    "recall": 0.9458483754512635,
    "inference_time": 0.012650489807128906,
    "training_time": 0,
    "dataset": "jasmine",
    "model": "mlp/simple",
    "architecture_name": "A0",
    "fs_method": "f_classif",
    "fs_percent": 0.4,
    "fs_n_features": 57
}