{
    "balanced_accuracy": 0.6771495483439277,
    "accuracy": 0.6909090909090909,
    "log_loss": 0.5961824339181657,
    "roc_auc": 0.6771495483439277,
    "f1": 0.6136363636363636,
    "precision": 0.6923076923076923,
    "recall": 0.5510204081632653,
    "inference_time": 0.0033583641052246094,
    "training_time": 0,
    "dataset": "australian",
    "model": "mlp/simple_nd",
    "fold": "F2",
    "architecture_name": "A0",
    "fs_method": "f_classif",
    "fs_percent": 0.5,
    "fs_n_features": 7
}