{
    "balanced_accuracy": 0.7223151555704249,
    "accuracy": 0.7454545454545455,
    "log_loss": 0.5335391471795934,
    "roc_auc": 0.7223151555704249,
    "f1": 0.6410256410256411,
    "precision": 0.8620689655172413,
    "recall": 0.5102040816326531,
    "training_time": 1.1712307929992676,
    "inference_time": 0.0037484169006347656,
    "dataset": "australian",
    "model": "mlp/full",
    "fold": "F2",
    "architecture_name": "A0",
    "fs_method": "f_classif",
    "fs_percent": 0.4,
    "fs_n_features": 5
}