{
    "balanced_accuracy": 0.6002181326615257,
    "accuracy": 0.6183953033268101,
    "log_loss": 3.8854771508718144,
    "roc_auc": 0.6002181326615257,
    "f1": 0.3887147335423197,
    "precision": 0.8051948051948052,
    "recall": 0.256198347107438,
    "inference_time": 0.05809974670410156,
    "training_time": 63.08602156799832,
    "dataset": "kr-vs-kp",
    "model": "transformer/cls",
    "fold": "F1",
    "architecture_name": "A2",
    "fs_method": "random_5",
    "fs_percent": 0.4,
    "fs_n_features": 14
}