{
    "balanced_accuracy": 0.7696264640709085,
    "accuracy": 0.7735849056603774,
    "log_loss": 0.4719156837829329,
    "roc_auc": 0.7696264640709085,
    "f1": 0.815068493150685,
    "precision": 0.6979472140762464,
    "recall": 0.9794238683127572,
    "inference_time": 0.012514591217041016,
    "training_time": 0,
    "dataset": "jasmine",
    "model": "mlp/simple_nd",
    "fold": "F3",
    "architecture_name": "A0",
    "fs_method": "random_4",
    "fs_percent": 0.9,
    "fs_n_features": 129
}