{
    "valid_loss": {
        "balanced_accuracy": 0.7879636363636364,
        "accuracy": 0.8493921944977607,
        "log_loss": 0.32258308983792433,
        "roc_auc": 0.7879636363636363,
        "f1": 0.901432040867599,
        "precision": 0.8968505249125146,
        "recall": 0.906060606060606
    }
}