{
    "balanced_accuracy": 0.7613526856373127,
    "accuracy": 0.8635781929869465,
    "log_loss": 0.30697790830555216,
    "roc_auc": 0.7613526856373127,
    "f1": 0.9143362262937962,
    "precision": 0.8745580322828593,
    "recall": 0.9579053712746254,
    "training_time": 0.20947527885437012,
    "inference_time": 0.0013475418090820312
}