{
    "balanced_accuracy": 0.6975818794000612,
    "accuracy": 0.70703125,
    "log_loss": 2.912674747234462,
    "roc_auc": 0.6975818794000612,
    "f1": 0.6287128712871287,
    "precision": 0.7839506172839507,
    "recall": 0.5247933884297521,
    "inference_time": 0.01195216178894043,
    "training_time": 0,
    "dataset": "kr-vs-kp",
    "model": "mlp/simple_nnw",
    "fold": "F0",
    "architecture_name": "A1",
    "fs_method": "random_5",
    "fs_percent": 0.4,
    "fs_n_features": 14
}