{
    "valid_loss": {
        "balanced_accuracy": 0.33434448230302355,
        "accuracy": 0.6148305406020168,
        "log_loss": 1.1056060243091101
    }
}