{
    "balanced_accuracy": 0.5469639445451429,
    "accuracy": 0.6546286876907427
}