{
    "balanced_accuracy": 0.40051176760935636,
    "accuracy": 0.5460469902246613
}