{
    "valid_loss": {
        "balanced_accuracy": 0.8004903248402067,
        "accuracy": 0.803347280334728,
        "log_loss": 0.41483852527141424,
        "roc_auc": 0.8004903248402067,
        "f1": 0.833922261484099,
        "precision": 0.7306501547987616,
        "recall": 0.9711934156378601
    }
}