{
    "valid_loss": {
        "balanced_accuracy": 0.6678787878787878,
        "accuracy": 0.9375,
        "log_loss": 0.17292040181078439
    }
}