{
    "balanced_accuracy": 0.48258182006976275,
    "accuracy": 0.666412213740458
}