{
    "balanced_accuracy": 0.5326797385620915,
    "accuracy": 0.553125
}