{
    "balanced_accuracy": 0.5658058608058608,
    "accuracy": 0.7361809045226131
}