{
    "balanced_accuracy": 0.8929063224425908,
    "accuracy": 0.9175856065002902
}