{
    "balanced_accuracy": 0.5490708478513356,
    "accuracy": 0.5586206896551724
}