{
    "balanced_accuracy": 0.7231712187778426,
    "accuracy": 0.7299412915851272,
    "log_loss": 1.733297808598345,
    "roc_auc": 0.7231712187778426,
    "f1": 0.676056338028169,
    "precision": 0.782608695652174,
    "recall": 0.5950413223140496,
    "inference_time": 0.012695550918579102,
    "training_time": 0,
    "dataset": "kr-vs-kp",
    "model": "mlp/simple_nd_nn",
    "fold": "F4",
    "architecture_name": "A1",
    "fs_method": "random_3",
    "fs_percent": 0.9,
    "fs_n_features": 32
}