{
    "balanced_accuracy": 0.9273883696029865,
    "accuracy": 0.9514052583862194,
    "log_loss": 0.13318278942783293,
    "roc_auc": 0.9273883696029867,
    "f1": 0.9665251061703722,
    "precision": 0.949914068254358,
    "recall": 0.9837274345283499,
    "inference_time": 0.6560971736907959,
    "training_time": 479.9199761089525,
    "dataset": "nomao",
    "model": "transformer/cls",
    "fold": "F0",
    "architecture_name": "A28",
    "fs_method": "random_2",
    "fs_percent": 0.7,
    "fs_n_features": 82
}