{
    "valid_loss": {
        "balanced_accuracy": 0.9362926522410939,
        "accuracy": 0.9552130553037171,
        "log_loss": 0.11792260963139709,
        "roc_auc": 0.9362926522410939,
        "f1": 0.9689737470167065,
        "precision": 0.9575471698113207,
        "recall": 0.9806763285024155
    }
}