{
    "balanced_accuracy": 0.545110087045571,
    "accuracy": 0.18497109826589594
}