{
    "valid_loss": {
        "balanced_accuracy": 0.5940223392176155,
        "accuracy": 0.672561629153269,
        "log_loss": 0.9346268885846455
    }
}