{
    "balanced_accuracy": 0.7348053181386515,
    "accuracy": 0.7379454926624738,
    "log_loss": 0.5810801362718001,
    "roc_auc": 0.7348053181386515,
    "f1": 0.7779751332149201,
    "precision": 0.684375,
    "recall": 0.9012345679012346,
    "inference_time": 0.011232614517211914,
    "training_time": 0,
    "dataset": "jasmine",
    "model": "mlp/simple_nd",
    "fold": "F4",
    "architecture_name": "A0",
    "fs_method": "random_1",
    "fs_percent": 0.4,
    "fs_n_features": 57
}