{
    "balanced_accuracy": 0.7013750841750841,
    "accuracy": 0.8229046705054383,
    "log_loss": 0.3777661727396628,
    "roc_auc": 0.7013750841750841,
    "f1": 0.8892090938200449,
    "precision": 0.8476800976800977,
    "recall": 0.935016835016835,
    "inference_time": 0.18796229362487793,
    "training_time": 0,
    "dataset": "adult",
    "model": "mlp/simple_nd",
    "fold": "F0",
    "architecture_name": "A0",
    "fs_method": "random_3",
    "fs_percent": 0.9,
    "fs_n_features": 12
}