{
    "valid_loss": {
        "balanced_accuracy": 0.7876228956228957,
        "accuracy": 0.8588611644273833,
        "log_loss": 0.3027083422265352,
        "roc_auc": 0.7876228956228957,
        "f1": 0.908744932572185,
        "precision": 0.8934439564014967,
        "recall": 0.9245791245791246
    }
}