{
    "balanced_accuracy": 0.9167007392792614,
    "accuracy": 0.9445149592021759,
    "log_loss": 0.12928685003182938,
    "roc_auc": 0.9167007392792613,
    "f1": 0.961892901618929,
    "precision": 0.9426409567976568,
    "recall": 0.9819476226798881,
    "training_time": 82.59836268424988,
    "inference_time": 0.14142680168151855,
    "dataset": "nomao",
    "model": "mlp/full",
    "fold": "F0",
    "architecture_name": "A1",
    "fs_method": "linear_model",
    "fs_percent": 0.4,
    "fs_n_features": 47
}