{
    "balanced_accuracy": 0.7291596023771707,
    "accuracy": 0.7292682926829268,
    "log_loss": 0.5168007654842359,
    "roc_auc": 0.7291596023771707,
    "f1": 0.7412587412587412,
    "precision": 0.7114093959731543,
    "recall": 0.7737226277372263,
    "training_time": 0.11465954780578613,
    "inference_time": 0.000850677490234375,
    "dataset": "sylvine",
    "model": "xgboost",
    "fold": "F2",
    "architecture_name": "A1",
    "fs_method": "random_1",
    "fs_percent": 0.6,
    "fs_n_features": 12
}