{
    "balanced_accuracy": 0.940117551875119,
    "accuracy": 0.9402439024390243,
    "log_loss": 0.19344869520342106,
    "roc_auc": 0.9401175518751189,
    "f1": 0.9420118343195266,
    "precision": 0.9191685912240185,
    "recall": 0.9660194174757282,
    "training_time": 11.28117322921753,
    "inference_time": 0.02161264419555664,
    "dataset": "sylvine",
    "model": "mlp/full",
    "fold": "F0",
    "architecture_name": "A1",
    "fs_method": "decision_tree",
    "fs_percent": 0.8,
    "fs_n_features": 16
}