{
    "balanced_accuracy": 0.9376647094866715,
    "accuracy": 0.9378048780487804,
    "log_loss": 0.16596179685098258,
    "roc_auc": 0.9376647094866716,
    "f1": 0.9413118527042578,
    "precision": 0.8930131004366813,
    "recall": 0.9951338199513382,
    "inference_time": 0.0629422664642334,
    "training_time": 41.249630838632584
}