{
    "balanced_accuracy": 0.5344390729799388,
    "accuracy": 0.6074534161490683
}