{
    "valid_loss": {
        "balanced_accuracy": 0.6137671562280286,
        "accuracy": 0.6891747052518756,
        "log_loss": 0.8811139980981162
    }
}