{
    "valid_loss": {
        "balanced_accuracy": 0.5086168292378949,
        "accuracy": 0.7640368502862342,
        "log_loss": 0.7106360463914722
    }
}