{
    "valid_loss": {
        "balanced_accuracy": 0.9284353792008558,
        "accuracy": 0.9477787851314596,
        "log_loss": 0.12949034074405316,
        "roc_auc": 0.9284353792008558,
        "f1": 0.9637644690488173,
        "precision": 0.9539227895392279,
        "recall": 0.9738113399440631
    }
}