{
    "balanced_accuracy": 0.6356949283778552,
    "accuracy": 0.6482758620689655
}