{
    "valid_loss": {
        "balanced_accuracy": 0.6285411336943141,
        "accuracy": 0.692390139335477,
        "log_loss": 0.8999019526358327
    }
}