{
    "balanced_accuracy": 0.9606721407098309,
    "accuracy": 0.9689880304678999,
    "log_loss": 0.0869605987893294,
    "roc_auc": 0.9606721407098308,
    "f1": 0.9783022459078797,
    "precision": 0.9764437689969605,
    "recall": 0.9801678108314263,
    "training_time": 1.5899107456207275,
    "inference_time": 0.008032083511352539,
    "dataset": "nomao",
    "model": "xgboost",
    "fold": "F2",
    "architecture_name": "A2",
    "fs_method": "random_1",
    "fs_percent": 0.9,
    "fs_n_features": 106
}