{
    "balanced_accuracy": 0.902462139974771,
    "accuracy": 0.9199071387115496
}