{
    "balanced_accuracy": 0.9228925146701017,
    "accuracy": 0.9230769230769231,
    "log_loss": 0.2051581500753171,
    "roc_auc": 0.9228925146701017,
    "f1": 0.9269988412514485,
    "precision": 0.8849557522123894,
    "recall": 0.9732360097323601,
    "inference_time": 0.021180152893066406,
    "training_time": 0,
    "dataset": "sylvine",
    "model": "mlp/simple_nd",
    "fold": "F4",
    "architecture_name": "A0",
    "fs_method": "random_4",
    "fs_percent": 0.9,
    "fs_n_features": 18
}