{
    "balanced_accuracy": 0.920495143752735,
    "accuracy": 0.9437794704388829,
    "log_loss": 0.14506446816309915,
    "roc_auc": 0.920495143752735,
    "f1": 0.9611528822055138,
    "precision": 0.9476155176674079,
    "recall": 0.9750826341215357,
    "inference_time": 0.10567736625671387,
    "training_time": 0,
    "dataset": "nomao",
    "model": "mlp/simple_nnw",
    "fold": "F3",
    "architecture_name": "A0",
    "fs_method": "none",
    "fs_percent": 1.0,
    "fs_n_features": 118
}