{
    "balanced_accuracy": 0.781197724991636,
    "accuracy": 0.7818181818181819,
    "log_loss": 0.455464163316125,
    "roc_auc": 0.781197724991636,
    "f1": 0.76,
    "precision": 0.7450980392156863,
    "recall": 0.7755102040816326,
    "inference_time": 0.0030028820037841797,
    "training_time": 0,
    "dataset": "australian",
    "model": "mlp/simple_nd",
    "fold": "F3",
    "architecture_name": "A0",
    "fs_method": "random_5",
    "fs_percent": 0.9,
    "fs_n_features": 12
}