{
    "balanced_accuracy": 0.9018066242890599,
    "accuracy": 0.9,
    "log_loss": 0.29713736876400615,
    "roc_auc": 0.9018066242890599,
    "f1": 0.8910891089108911,
    "precision": 0.8653846153846154,
    "recall": 0.9183673469387755,
    "inference_time": 0.018233060836791992,
    "training_time": 8.269290566444397,
    "dataset": "australian",
    "model": "transformer/cls",
    "fold": "F2",
    "architecture_name": "A19",
    "fs_method": "random_1",
    "fs_percent": 0.9,
    "fs_n_features": 12
}