{
    "balanced_accuracy": 0.8270102600811262,
    "accuracy": 0.8393782383419689
}