{
    "balanced_accuracy": 0.4989147072813352,
    "accuracy": 0.5614906832298137
}