{
    "valid_loss": {
        "balanced_accuracy": 0.9486278087877487,
        "accuracy": 0.9487179487179487,
        "log_loss": 0.1738508893575028,
        "roc_auc": 0.9486278087877488,
        "f1": 0.9501187648456056,
        "precision": 0.9280742459396751,
        "recall": 0.9732360097323601
    }
}