{
    "balanced_accuracy": 0.9401334927631931,
    "accuracy": 0.9402439024390243,
    "log_loss": 0.16539921032120378,
    "roc_auc": 0.9401334927631931,
    "f1": 0.9429569266589057,
    "precision": 0.9040178571428571,
    "recall": 0.9854014598540146,
    "inference_time": 0.059897422790527344,
    "training_time": 38.802054723103836,
    "dataset": "sylvine",
    "model": "transformer/cls",
    "fold": "F3",
    "architecture_name": "A12",
    "fs_method": "none",
    "fs_percent": 1.0,
    "fs_n_features": 20
}