{
    "balanced_accuracy": 0.9795462226182063,
    "accuracy": 0.9804305283757339,
    "log_loss": 0.12055686403953758,
    "roc_auc": 0.9795462226182063,
    "f1": 0.9789915966386554,
    "precision": 0.9957264957264957,
    "recall": 0.9628099173553719,
    "inference_time": 0.051580190658569336,
    "training_time": 63.08602156799832,
    "dataset": "kr-vs-kp",
    "model": "transformer/cls",
    "fold": "F1",
    "architecture_name": "A2",
    "fs_method": "linear_model",
    "fs_percent": 0.7,
    "fs_n_features": 25
}