{
    "balanced_accuracy": 0.37574134728310904,
    "accuracy": 0.5180124223602485
}