{
    "valid_loss": {
        "balanced_accuracy": 0.7912356902356903,
        "accuracy": 0.8463211772232886,
        "log_loss": 0.32358252883009203,
        "roc_auc": 0.7912356902356903,
        "f1": 0.8987267054557719,
        "precision": 0.9003210001689474,
        "recall": 0.8971380471380471
    }
}