{
    "valid_loss": {
        "balanced_accuracy": 0.8153687875910098,
        "accuracy": 0.8176100628930818,
        "log_loss": 0.41525364313682855,
        "roc_auc": 0.8153687875910096,
        "f1": 0.8391866913123844,
        "precision": 0.761744966442953,
        "recall": 0.934156378600823
    }
}