{
    "balanced_accuracy": 0.5520124027237354,
    "accuracy": 0.5516569200779727
}