{
    "balanced_accuracy": 0.9291488944015134,
    "accuracy": 0.9292682926829269,
    "log_loss": 0.18089689030111378,
    "roc_auc": 0.9291488944015135,
    "f1": 0.9327146171693735,
    "precision": 0.8913525498891353,
    "recall": 0.9781021897810219,
    "training_time": 0.1032114028930664,
    "inference_time": 0.0009875297546386719,
    "dataset": "sylvine",
    "model": "xgboost",
    "fold": "F2",
    "architecture_name": "A0",
    "fs_method": "linear_model",
    "fs_percent": 0.6,
    "fs_n_features": 12
}