{
    "balanced_accuracy": 0.5799102564102564,
    "accuracy": 0.7211055276381909
}