{
    "valid_loss": {
        "balanced_accuracy": 0.9341395377549826,
        "accuracy": 0.9537540805223068,
        "log_loss": 0.11518253810255862,
        "roc_auc": 0.9341395377549826,
        "f1": 0.9679768931307297,
        "precision": 0.9560903001736542,
        "recall": 0.9801627670396744
    }
}