{
  "dropout": 0.14810748292171327,
  "embedding_size": 128,
  "n_head": 8,
  "n_hid": 512,
  "n_layers": 1,
  "numerical_passthrough": false,
  "optimizer__lr": 0.0002036194188717434
}