{
    "balanced_accuracy": 0.7641658752769864,
    "accuracy": 0.7672955974842768,
    "log_loss": 0.4938476090201953,
    "roc_auc": 0.7641658752769864,
    "f1": 0.8028419182948491,
    "precision": 0.70625,
    "recall": 0.9300411522633745,
    "inference_time": 0.00976252555847168,
    "training_time": 0,
    "dataset": "jasmine",
    "model": "mlp/simple_nd_nn",
    "fold": "F3",
    "architecture_name": "A0",
    "fs_method": "f_classif",
    "fs_percent": 0.9,
    "fs_n_features": 129
}