{
    "balanced_accuracy": 0.9435001348439715,
    "accuracy": 0.9595648232094288,
    "log_loss": 0.1113103303799305,
    "roc_auc": 0.9435001348439715,
    "f1": 0.971917894471729,
    "precision": 0.9628243512974052,
    "recall": 0.9811848461734045,
    "inference_time": 0.8406546115875244,
    "training_time": 446.46861603043305,
    "dataset": "nomao",
    "model": "transformer/cls",
    "fold": "F1",
    "architecture_name": "A28",
    "fs_method": "random_4",
    "fs_percent": 0.9,
    "fs_n_features": 106
}