{
    "valid_loss": {
        "balanced_accuracy": 0.8331757289204098,
        "accuracy": 0.8347280334728033,
        "log_loss": 0.39837920507536373,
        "roc_auc": 0.8331757289204098,
        "f1": 0.8506616257088847,
        "precision": 0.7867132867132867,
        "recall": 0.9259259259259259
    }
}