{
    "balanced_accuracy": 0.913160154572778,
    "accuracy": 0.9133089133089133,
    "log_loss": 0.24341484089963542,
    "roc_auc": 0.913160154572778,
    "f1": 0.9169590643274854,
    "precision": 0.8828828828828829,
    "recall": 0.9537712895377128,
    "inference_time": 0.015857696533203125,
    "training_time": 0,
    "dataset": "sylvine",
    "model": "mlp/simple_nnw",
    "fold": "F4",
    "architecture_name": "A0",
    "fs_method": "random_1",
    "fs_percent": 0.4,
    "fs_n_features": 8
}