{
    "balanced_accuracy": 0.7401178451178452,
    "accuracy": 0.8268714011516315,
    "log_loss": 0.36253145502837125,
    "roc_auc": 0.7401178451178451,
    "f1": 0.8884307743052693,
    "precision": 0.8706966219492485,
    "recall": 0.9069023569023569,
    "inference_time": 0.1824483871459961,
    "training_time": 0,
    "dataset": "adult",
    "model": "mlp/simple_nd_nn",
    "fold": "F0",
    "architecture_name": "A1",
    "fs_method": "random_2",
    "fs_percent": 0.5,
    "fs_n_features": 7
}