{
  "dropout": 0.3346332733388232,
  "embedding_size": 1024,
  "n_head": 1,
  "n_hid": 512,
  "n_layers": 3,
  "numerical_passthrough": false,
  "optimizer__lr": 0.0017435645758598235
}