{
    "balanced_accuracy": 0.6109966687894969,
    "accuracy": 0.47304170905391657
}