{
    "balanced_accuracy": 0.7912314023425135,
    "accuracy": 0.7945492662473794,
    "log_loss": 0.42220424987493993,
    "roc_auc": 0.7912314023425135,
    "f1": 0.8274647887323944,
    "precision": 0.7230769230769231,
    "recall": 0.9670781893004116,
    "training_time": 7.0572052001953125,
    "inference_time": 0.010319709777832031,
    "dataset": "jasmine",
    "model": "mlp/full",
    "fold": "F4",
    "architecture_name": "A0",
    "fs_method": "linear_model",
    "fs_percent": 0.9,
    "fs_n_features": 129
}