{
    "balanced_accuracy": 0.9295441855890206,
    "accuracy": 0.943970988213962,
    "log_loss": 0.13845561233223733,
    "roc_auc": 0.9295441855890206,
    "f1": 0.9608216051730696,
    "precision": 0.9582701062215478,
    "recall": 0.9633867276887872,
    "inference_time": 0.12846922874450684,
    "training_time": 0,
    "dataset": "nomao",
    "model": "mlp/simple_nnw",
    "fold": "F0",
    "architecture_name": "A1",
    "fs_method": "none",
    "fs_percent": 1.0,
    "fs_n_features": 118
}