{
    "balanced_accuracy": 0.30266788766788766,
    "accuracy": 0.5276381909547738
}