{
    "balanced_accuracy": 0.7327508453309934,
    "accuracy": 0.8414371993039206,
    "log_loss": 0.3395633824161516,
    "roc_auc": 0.7327508453309934,
    "f1": 0.9004178720668595,
    "precision": 0.8647814275129662,
    "recall": 0.9391176076170041,
    "training_time": 0.05819296836853027,
    "inference_time": 0.0017108917236328125,
    "dataset": "adult",
    "model": "xgboost",
    "architecture_name": "A0",
    "fs_method": "decision_tree",
    "fs_percent": 0.7,
    "fs_n_features": 9
}