{
    "balanced_accuracy": 0.539114238410596,
    "accuracy": 0.7211055276381909
}