{
    "balanced_accuracy": 0.5743961352657004,
    "accuracy": 0.7888888888888889
}