{
    "balanced_accuracy": 0.7632162076606521,
    "accuracy": 0.7672955974842768,
    "log_loss": 0.484814885883529,
    "roc_auc": 0.7632162076606522,
    "f1": 0.8109028960817717,
    "precision": 0.6918604651162791,
    "recall": 0.9794238683127572,
    "inference_time": 0.011439085006713867,
    "training_time": 0,
    "dataset": "jasmine",
    "model": "mlp/simple",
    "fold": "F3",
    "architecture_name": "A0",
    "fs_method": "linear_model",
    "fs_percent": 0.7,
    "fs_n_features": 100
}