{
    "balanced_accuracy": 0.6921783311864892,
    "accuracy": 0.6923076923076923,
    "log_loss": 0.572093282765876,
    "roc_auc": 0.6921783311864892,
    "f1": 0.7035294117647058,
    "precision": 0.6810933940774487,
    "recall": 0.7274939172749392,
    "training_time": 0.21853899955749512,
    "inference_time": 0.0010190010070800781,
    "dataset": "sylvine",
    "model": "xgboost",
    "fold": "F4",
    "architecture_name": "A2",
    "fs_method": "random_1",
    "fs_percent": 0.6,
    "fs_n_features": 12
}