{
    "balanced_accuracy": 0.9606289354269346,
    "accuracy": 0.9691749773345422,
    "log_loss": 0.08183473233878227,
    "roc_auc": 0.9606289354269346,
    "f1": 0.9784373414510401,
    "precision": 0.9762085547962541,
    "recall": 0.9806763285024155,
    "training_time": 1.113083839416504,
    "inference_time": 0.008159399032592773,
    "dataset": "nomao",
    "model": "xgboost",
    "fold": "F0",
    "architecture_name": "A1",
    "fs_method": "decision_tree",
    "fs_percent": 0.8,
    "fs_n_features": 94
}