{
    "valid_loss": {
        "balanced_accuracy": 0.9304122998689478,
        "accuracy": 0.9519405150525934,
        "log_loss": 0.11899104384429762,
        "roc_auc": 0.9304122998689478,
        "f1": 0.9667878180223085,
        "precision": 0.9530516431924883,
        "recall": 0.9809257375381485
    }
}