{
    "balanced_accuracy": 0.9412319116527037,
    "accuracy": 0.9404878048780487,
    "log_loss": 0.2708049706804477,
    "roc_auc": 0.9412319116527037,
    "f1": 0.9426152398871119,
    "precision": 0.8978494623655914,
    "recall": 0.9920792079207921,
    "inference_time": 0.10751461982727051,
    "training_time": 0,
    "dataset": "sylvine",
    "model": "transformer/cls",
    "architecture_name": "A26",
    "fs_method": "linear_model",
    "fs_percent": 0.8,
    "fs_n_features": 16
}