{
    "balanced_accuracy": 0.48117647058823526,
    "accuracy": 0.6222222222222222
}