{
    "balanced_accuracy": 0.9768656487142462,
    "accuracy": 0.9765166340508806,
    "log_loss": 0.05118972652254165,
    "roc_auc": 0.9768656487142462,
    "f1": 0.9754098360655737,
    "precision": 0.967479674796748,
    "recall": 0.9834710743801653,
    "training_time": 11.6624436378479,
    "inference_time": 0.011139392852783203,
    "dataset": "kr-vs-kp",
    "model": "mlp/full",
    "fold": "F4",
    "architecture_name": "A0",
    "fs_method": "f_classif",
    "fs_percent": 0.5,
    "fs_n_features": 18
}