{
    "balanced_accuracy": 0.7906398385565052,
    "accuracy": 0.7811816192560175
}