{
    "valid_loss": {
        "balanced_accuracy": 0.7901124579124579,
        "accuracy": 0.8468330134357006,
        "log_loss": 0.3334838175395876,
        "roc_auc": 0.7901124579124579,
        "f1": 0.8992339422510313,
        "precision": 0.8993096480889039,
        "recall": 0.8991582491582492
    }
}