{
    "balanced_accuracy": 0.521536066424494,
    "accuracy": 0.6592592592592592
}