{
    "balanced_accuracy": 0.5395881574168566,
    "accuracy": 0.6111801242236025
}