{
    "valid_loss": {
        "balanced_accuracy": 0.9363934894346089,
        "accuracy": 0.9365853658536586,
        "log_loss": 0.1704191197027934,
        "roc_auc": 0.9363934894346089,
        "f1": 0.9392523364485982,
        "precision": 0.9054054054054054,
        "recall": 0.9757281553398058
    }
}