{
    "balanced_accuracy": 0.9634595798408928,
    "accuracy": 0.9713456655785274,
    "log_loss": 0.0790525137742435,
    "roc_auc": 0.9634595798408928,
    "f1": 0.9799543263131185,
    "precision": 0.9779691061028108,
    "recall": 0.9819476226798881,
    "training_time": 0.754082441329956,
    "inference_time": 0.007533073425292969
}