{
    "balanced_accuracy": 0.4404960654067982,
    "accuracy": 0.6390977443609023
}