{
    "balanced_accuracy": 0.9181583471644685,
    "accuracy": 0.9182926829268293,
    "log_loss": 0.22454724580632782,
    "roc_auc": 0.9181583471644686,
    "f1": 0.922722029988466,
    "precision": 0.8771929824561403,
    "recall": 0.9732360097323601,
    "training_time": 17.667332410812378,
    "inference_time": 0.02378106117248535,
    "dataset": "sylvine",
    "model": "mlp/full",
    "fold": "F3",
    "architecture_name": "A1",
    "fs_method": "linear_model",
    "fs_percent": 0.6,
    "fs_n_features": 12
}