{
    "valid_loss": {
        "balanced_accuracy": 0.5301870832525393,
        "accuracy": 0.769306592864996,
        "log_loss": 0.7086403188605472
    }
}