{
    "balanced_accuracy": 0.6933698392688308,
    "accuracy": 0.6990595611285266
}