{
    "balanced_accuracy": 0.6875209100033456,
    "accuracy": 0.7090909090909091,
    "log_loss": 0.566704228466548,
    "roc_auc": 0.6875209100033457,
    "f1": 0.6,
    "precision": 0.7741935483870968,
    "recall": 0.4897959183673469,
    "inference_time": 0.0028069019317626953,
    "training_time": 0,
    "dataset": "australian",
    "model": "mlp/simple",
    "fold": "F4",
    "architecture_name": "A0",
    "fs_method": "f_classif",
    "fs_percent": 0.6,
    "fs_n_features": 8
}