{
    "balanced_accuracy": 0.514392271829239,
    "accuracy": 0.3246819338422392
}