{
    "balanced_accuracy": 0.9340448188270007,
    "accuracy": 0.9341463414634147,
    "log_loss": 0.18270999717476571,
    "roc_auc": 0.9340448188270007,
    "f1": 0.9369158878504673,
    "precision": 0.9011235955056179,
    "recall": 0.975669099756691,
    "inference_time": 0.01939678192138672,
    "training_time": 0,
    "dataset": "sylvine",
    "model": "mlp/simple",
    "fold": "F3",
    "architecture_name": "A0",
    "fs_method": "random_4",
    "fs_percent": 0.9,
    "fs_n_features": 18
}