{
    "balanced_accuracy": 0.9464564634476564,
    "accuracy": 0.955310504933256
}