{
    "balanced_accuracy": 0.9632323573688899,
    "accuracy": 0.9628180039138943,
    "log_loss": 0.11543699407217067,
    "roc_auc": 0.9632323573688899,
    "f1": 0.9611451942740287,
    "precision": 0.951417004048583,
    "recall": 0.9710743801652892,
    "inference_time": 0.012399673461914062,
    "training_time": 0,
    "dataset": "kr-vs-kp",
    "model": "mlp/simple_nd_nn",
    "fold": "F3",
    "architecture_name": "A1",
    "fs_method": "f_classif",
    "fs_percent": 0.9,
    "fs_n_features": 32
}