{
    "balanced_accuracy": 0.8008072174738841,
    "accuracy": 0.8029350104821803,
    "log_loss": 0.44277986897757954,
    "roc_auc": 0.8008072174738841,
    "f1": 0.8252788104089219,
    "precision": 0.752542372881356,
    "recall": 0.9135802469135802,
    "inference_time": 0.08484029769897461,
    "training_time": 36.40366001129149,
    "dataset": "jasmine",
    "model": "transformer/cls",
    "fold": "F3",
    "architecture_name": "A24",
    "fs_method": "random_1",
    "fs_percent": 0.9,
    "fs_n_features": 129
}