{
    "balanced_accuracy": 0.8074635043638214,
    "accuracy": 0.815625
}