{
    "balanced_accuracy": 0.9193913002094042,
    "accuracy": 0.9195121951219513,
    "log_loss": 0.20801561206588298,
    "roc_auc": 0.9193913002094041,
    "f1": 0.9218009478672986,
    "precision": 0.9004629629629629,
    "recall": 0.9441747572815534,
    "inference_time": 0.019393205642700195,
    "training_time": 0,
    "dataset": "sylvine",
    "model": "mlp/simple_nd",
    "fold": "F0",
    "architecture_name": "A0",
    "fs_method": "random_3",
    "fs_percent": 0.9,
    "fs_n_features": 18
}