{
  "dropout": 0.08770601103041831,
  "embedding_size": 32,
  "n_head": 4,
  "n_hid": 512,
  "n_layers": 1,
  "numerical_passthrough": true,
  "optimizer__lr": 0.0007286410245083047
}