{
    "balanced_accuracy": 0.9002554822226954,
    "accuracy": 0.9057971014492754,
    "log_loss": 0.2732924002688498,
    "roc_auc": 0.9002554822226954,
    "f1": 0.8888888888888888,
    "precision": 0.9285714285714286,
    "recall": 0.8524590163934426,
    "training_time": 0.014640092849731445,
    "inference_time": 0.0005998611450195312,
    "dataset": "australian",
    "model": "xgboost",
    "architecture_name": "A0",
    "fs_method": "random_3",
    "fs_percent": 0.6,
    "fs_n_features": 8
}