{
    "valid_loss": {
        "balanced_accuracy": 0.7714558922558923,
        "accuracy": 0.8476007677543186,
        "log_loss": 0.32686618940280315,
        "roc_auc": 0.7714558922558922,
        "f1": 0.901529557668458,
        "precision": 0.8857839155158408,
        "recall": 0.9178451178451178
    }
}