{
    "balanced_accuracy": 0.7875543660086985,
    "accuracy": 0.8,
    "log_loss": 0.37463229893607153,
    "roc_auc": 0.7875543660086987,
    "f1": 0.75,
    "precision": 0.8461538461538461,
    "recall": 0.673469387755102,
    "training_time": 0.03178262710571289,
    "inference_time": 0.0005195140838623047,
    "dataset": "australian",
    "model": "xgboost",
    "fold": "F2",
    "architecture_name": "A3",
    "fs_method": "decision_tree",
    "fs_percent": 0.5,
    "fs_n_features": 7
}