{
    "balanced_accuracy": 0.9243832375802636,
    "accuracy": 0.9275929549902152,
    "log_loss": 0.1652999786855591,
    "roc_auc": 0.9243832375802636,
    "f1": 0.9186813186813186,
    "precision": 0.9812206572769953,
    "recall": 0.8636363636363636,
    "inference_time": 0.012907266616821289,
    "training_time": 0,
    "dataset": "kr-vs-kp",
    "model": "mlp/simple_nd_nn",
    "fold": "F4",
    "architecture_name": "A1",
    "fs_method": "decision_tree",
    "fs_percent": 0.6,
    "fs_n_features": 21
}