{
    "balanced_accuracy": 0.5321837632314887,
    "accuracy": 0.6516424751718869
}