{
    "balanced_accuracy": 0.8084837545126353,
    "accuracy": 0.8006700167504187,
    "log_loss": 0.43726504198675464,
    "roc_auc": 0.8084837545126353,
    "f1": 0.810207336523126,
    "precision": 0.7257142857142858,
    "recall": 0.9169675090252708,
    "training_time": 0.08992385864257812,
    "inference_time": 0.0010986328125,
    "dataset": "jasmine",
    "model": "xgboost",
    "architecture_name": "A3",
    "fs_method": "decision_tree",
    "fs_percent": 0.8,
    "fs_n_features": 115
}