{
    "valid_loss": {
        "balanced_accuracy": 0.5428579934445057,
        "accuracy": 0.7782621881871257,
        "log_loss": 0.6604050983830738
    }
}