{
    "balanced_accuracy": 0.791401806624289,
    "accuracy": 0.7909090909090909,
    "log_loss": 0.4616978111680925,
    "roc_auc": 0.791401806624289,
    "f1": 0.7722772277227723,
    "precision": 0.75,
    "recall": 0.7959183673469388,
    "training_time": 0.03476095199584961,
    "inference_time": 0.0005571842193603516,
    "dataset": "australian",
    "model": "xgboost",
    "fold": "F3",
    "architecture_name": "A3",
    "fs_method": "random_1",
    "fs_percent": 0.4,
    "fs_n_features": 5
}