{
    "balanced_accuracy": 0.7557046979865771,
    "accuracy": 0.7558528428093646
}