{
    "balanced_accuracy": 0.8206899570965764,
    "accuracy": 0.8221757322175732,
    "log_loss": 0.39856226359581015,
    "roc_auc": 0.8206899570965764,
    "f1": 0.8387096774193549,
    "precision": 0.778169014084507,
    "recall": 0.9094650205761317,
    "training_time": 0.08634471893310547,
    "inference_time": 0.0008285045623779297,
    "dataset": "jasmine",
    "model": "xgboost",
    "fold": "F0",
    "architecture_name": "A2",
    "fs_method": "random_2",
    "fs_percent": 0.6,
    "fs_n_features": 86
}