{
    "valid_loss": {
        "balanced_accuracy": 0.5773608239548425,
        "accuracy": 0.651088005145246,
        "log_loss": 1.0160419090610961
    }
}