{
    "balanced_accuracy": 0.7912529550827423,
    "accuracy": 0.7928870292887029,
    "log_loss": 0.4791920019735105,
    "roc_auc": 0.7912529550827423,
    "f1": 0.8135593220338984,
    "precision": 0.75,
    "recall": 0.8888888888888888,
    "inference_time": 0.011537313461303711,
    "training_time": 0,
    "dataset": "jasmine",
    "model": "mlp/simple_nd_nnw",
    "fold": "F1",
    "architecture_name": "A1",
    "fs_method": "f_classif",
    "fs_percent": 0.5,
    "fs_n_features": 72
}