{
    "balanced_accuracy": 0.5992524066361712,
    "accuracy": 0.7694235588972431
}