{
    "balanced_accuracy": 0.527557193945035,
    "accuracy": 0.34486266531027465
}