{
    "balanced_accuracy": 0.09090909090909091,
    "accuracy": 0.026029526029526028
}