{
    "valid_loss": {
        "balanced_accuracy": 0.49987285610765597,
        "accuracy": 0.7589658048373644,
        "log_loss": 0.6997014969205281
    }
}