{
    "balanced_accuracy": 0.768233664477746,
    "accuracy": 0.8512925518300486,
    "log_loss": 0.31515863176301173,
    "roc_auc": 0.7682336644777461,
    "f1": 0.904629021667761,
    "precision": 0.8824659727782226,
    "recall": 0.9279339956221586,
    "training_time": 0.2979164123535156,
    "inference_time": 0.004598140716552734
}