{
    "balanced_accuracy": 0.6111862115579587,
    "accuracy": 0.62426614481409,
    "log_loss": 0.9760074288132629,
    "roc_auc": 0.6111862115579588,
    "f1": 0.4782608695652174,
    "precision": 0.6984126984126984,
    "recall": 0.36363636363636365,
    "inference_time": 0.012625694274902344,
    "training_time": 0,
    "dataset": "kr-vs-kp",
    "model": "mlp/simple_nd_nn",
    "fold": "F2",
    "architecture_name": "A1",
    "fs_method": "random_5",
    "fs_percent": 0.5,
    "fs_n_features": 18
}