{
    "balanced_accuracy": 0.9537033511043411,
    "accuracy": 0.953170731707317,
    "log_loss": 0.13809341259615301,
    "roc_auc": 0.9537033511043411,
    "f1": 0.9541984732824428,
    "precision": 0.9208103130755064,
    "recall": 0.9900990099009901,
    "training_time": 0.08302950859069824,
    "inference_time": 0.0008718967437744141,
    "dataset": "sylvine",
    "model": "xgboost",
    "architecture_name": "A1",
    "fs_method": "decision_tree",
    "fs_percent": 0.9,
    "fs_n_features": 18
}