{
    "balanced_accuracy": 0.89623674144403,
    "accuracy": 0.8963414634146342,
    "log_loss": 0.24272057883271841,
    "roc_auc": 0.89623674144403,
    "f1": 0.9008168028004667,
    "precision": 0.8654708520179372,
    "recall": 0.9391727493917275,
    "training_time": 0.10338640213012695,
    "inference_time": 0.0009520053863525391,
    "dataset": "sylvine",
    "model": "xgboost",
    "fold": "F2",
    "architecture_name": "A1",
    "fs_method": "random_3",
    "fs_percent": 0.4,
    "fs_n_features": 8
}