{
    "balanced_accuracy": 0.9304105146401466,
    "accuracy": 0.9468625317373958,
    "log_loss": 0.14150424645839882,
    "roc_auc": 0.9304105146401467,
    "f1": 0.9629816803537586,
    "precision": 0.9570567553992968,
    "recall": 0.968980422069667,
    "inference_time": 0.1279284954071045,
    "training_time": 0,
    "dataset": "nomao",
    "model": "mlp/simple_nd_nn",
    "fold": "F3",
    "architecture_name": "A1",
    "fs_method": "decision_tree",
    "fs_percent": 0.9,
    "fs_n_features": 106
}