{
    "balanced_accuracy": 0.4463768115942029,
    "accuracy": 0.8202247191011236
}