{
    "balanced_accuracy": 0.564197594306153,
    "accuracy": 0.6954198473282442
}