{
    "balanced_accuracy": 0.47500000000000003,
    "accuracy": 0.6074074074074074
}