{
    "valid_loss": {
        "balanced_accuracy": 0.5143261175496311,
        "accuracy": 0.7608234134506028,
        "log_loss": 0.7148657430013401
    }
}