{
  "dropout": 0.2062762147255499,
  "embedding_size": 32,
  "n_head": 4,
  "n_hid": 256,
  "n_layers": 2,
  "numerical_passthrough": true,
  "optimizer__lr": 0.001141113436220746
}