{
  "dropout": 0.12468448593230308,
  "embedding_size": 1024,
  "n_head": 32,
  "n_hid": 256,
  "n_layers": 4,
  "numerical_passthrough": false,
  "optimizer__lr": 0.0031917156127584012
}