{
    "valid_loss": {
        "balanced_accuracy": 0.7545900601456157,
        "accuracy": 0.7589098532494759,
        "log_loss": 0.46959093366105187,
        "roc_auc": 0.7545900601456157,
        "f1": 0.806070826306914,
        "precision": 0.6828571428571428,
        "recall": 0.9835390946502057
    }
}