{
    "valid_loss": {
        "balanced_accuracy": 0.7904246057136443,
        "accuracy": 0.8558996672638853,
        "log_loss": 0.3074386123076422,
        "roc_auc": 0.7904246057136444,
        "f1": 0.9062447960033305,
        "precision": 0.8963926865425795,
        "recall": 0.9163158780939552
    }
}