{
    "valid_loss": {
        "balanced_accuracy": 0.8054461080465809,
        "accuracy": 0.8075313807531381,
        "log_loss": 0.4078844039566856,
        "roc_auc": 0.8054461080465809,
        "f1": 0.8308823529411765,
        "precision": 0.7508305647840532,
        "recall": 0.9300411522633745
    }
}