{
    "balanced_accuracy": 0.8070044709388972,
    "accuracy": 0.8188405797101449,
    "log_loss": 0.46222984470398526,
    "roc_auc": 0.8070044709388972,
    "f1": 0.7747747747747747,
    "precision": 0.86,
    "recall": 0.7049180327868853,
    "training_time": 0.015345096588134766,
    "inference_time": 0.0005984306335449219,
    "dataset": "australian",
    "model": "xgboost",
    "architecture_name": "A0",
    "fs_method": "random_5",
    "fs_percent": 0.7,
    "fs_n_features": 9
}