{
    "balanced_accuracy": 0.8299640541952134,
    "accuracy": 0.837573385518591,
    "log_loss": 1.8040334423429363,
    "roc_auc": 0.8299640541952135,
    "f1": 0.8,
    "precision": 0.9595375722543352,
    "recall": 0.6859504132231405,
    "inference_time": 0.05669450759887695,
    "training_time": 75.07244587796073,
    "dataset": "kr-vs-kp",
    "model": "transformer/cls",
    "fold": "F3",
    "architecture_name": "A2",
    "fs_method": "random_3",
    "fs_percent": 0.8,
    "fs_n_features": 28
}