{
    "valid_loss": {
        "balanced_accuracy": 0.7918626262626263,
        "accuracy": 0.8580934101087652,
        "log_loss": 0.3014357546747282,
        "roc_auc": 0.7918626262626263,
        "f1": 0.9078061351733311,
        "precision": 0.8966989653473477,
        "recall": 0.9191919191919192
    }
}