{
    "balanced_accuracy": 0.7902880619632935,
    "accuracy": 0.8401586895316099,
    "log_loss": 0.34463289744924597,
    "roc_auc": 0.7902880619632935,
    "f1": 0.8939278131634819,
    "precision": 0.9018163125428376,
    "recall": 0.886176123926587,
    "inference_time": 0.5046360492706299,
    "training_time": 240.44788837432856,
    "dataset": "adult",
    "model": "transformer/cls",
    "fold": "F3",
    "architecture_name": "A0",
    "fs_method": "decision_tree",
    "fs_percent": 0.9,
    "fs_n_features": 12
}