{
    "balanced_accuracy": 0.969837783034809,
    "accuracy": 0.9706457925636007,
    "log_loss": 0.06877795923581283,
    "roc_auc": 0.969837783034809,
    "f1": 0.9685534591194969,
    "precision": 0.9829787234042553,
    "recall": 0.9545454545454546,
    "training_time": 0.0914449691772461,
    "inference_time": 0.0009698867797851562,
    "dataset": "kr-vs-kp",
    "model": "xgboost",
    "fold": "F4",
    "architecture_name": "A3",
    "fs_method": "random_4",
    "fs_percent": 0.8,
    "fs_n_features": 28
}