{
    "valid_loss": {
        "balanced_accuracy": 0.7694343434343435,
        "accuracy": 0.8478566858605247,
        "log_loss": 0.3211647852497727,
        "roc_auc": 0.7694343434343435,
        "f1": 0.9019057833512086,
        "precision": 0.884322925093027,
        "recall": 0.9202020202020202
    }
}