{
    "balanced_accuracy": 0.7753244697689142,
    "accuracy": 0.7777777777777778,
    "log_loss": 0.44937126807931477,
    "roc_auc": 0.7753244697689141,
    "f1": 0.8058608058608059,
    "precision": 0.7260726072607261,
    "recall": 0.9053497942386831,
    "inference_time": 0.01180577278137207,
    "training_time": 0,
    "dataset": "jasmine",
    "model": "mlp/simple_nnw",
    "fold": "F2",
    "architecture_name": "A1",
    "fs_method": "f_classif",
    "fs_percent": 0.9,
    "fs_n_features": 129
}