{
    "valid_loss": {
        "balanced_accuracy": 0.7970876859765749,
        "accuracy": 0.7987421383647799,
        "log_loss": 0.44107854625726417,
        "roc_auc": 0.7970876859765748,
        "f1": 0.8174904942965779,
        "precision": 0.7597173144876325,
        "recall": 0.8847736625514403
    }
}