{
    "balanced_accuracy": 0.9373280918380984,
    "accuracy": 0.954842219804135,
    "log_loss": 0.11865131725301127,
    "roc_auc": 0.9373280918380984,
    "f1": 0.9686595342983009,
    "precision": 0.959122632103689,
    "recall": 0.9783879989829647,
    "inference_time": 0.8489837646484375,
    "training_time": 394.1068742458637,
    "dataset": "nomao",
    "model": "transformer/cls",
    "fold": "F2",
    "architecture_name": "A28",
    "fs_method": "random_3",
    "fs_percent": 0.9,
    "fs_n_features": 106
}