{
    "balanced_accuracy": 0.28125,
    "accuracy": 0.7297297297297297
}