{
    "balanced_accuracy": 0.7613960113960114,
    "accuracy": 0.7651991614255765,
    "log_loss": 0.4947386575153425,
    "roc_auc": 0.7613960113960113,
    "f1": 0.8068965517241379,
    "precision": 0.6943620178041543,
    "recall": 0.9629629629629629,
    "inference_time": 0.07669973373413086,
    "training_time": 65.96638478903935
}