{
    "balanced_accuracy": 0.9250440917107583,
    "accuracy": 0.9236111111111112
}