{
    "valid_loss": {
        "balanced_accuracy": 0.9181583471644685,
        "accuracy": 0.9182926829268293,
        "log_loss": 0.2111292591085066,
        "roc_auc": 0.9181583471644686,
        "f1": 0.922722029988466,
        "precision": 0.8771929824561403,
        "recall": 0.9732360097323601
    }
}