{
    "balanced_accuracy": 0.5658730158730159,
    "accuracy": 0.22366522366522368
}