{
    "balanced_accuracy": 0.7962639821029083,
    "accuracy": 0.7959866220735786
}