{
    "balanced_accuracy": 0.9413247913936438,
    "accuracy": 0.9543064369900272,
    "log_loss": 0.12294520803457197,
    "roc_auc": 0.9413247913936438,
    "f1": 0.9680851063829787,
    "precision": 0.9644208932626798,
    "recall": 0.9717772692601068,
    "training_time": 1.0727603435516357,
    "inference_time": 0.0075566768646240234,
    "dataset": "nomao",
    "model": "xgboost",
    "fold": "F0",
    "architecture_name": "A3",
    "fs_method": "f_classif",
    "fs_percent": 0.5,
    "fs_n_features": 59
}