{
    "balanced_accuracy": 0.9919429168330824,
    "accuracy": 0.9921722113502935,
    "log_loss": 0.03180608237872301,
    "roc_auc": 0.9919429168330824,
    "f1": 0.991701244813278,
    "precision": 0.9958333333333333,
    "recall": 0.987603305785124,
    "training_time": 0.0963430404663086,
    "inference_time": 0.001256704330444336,
    "dataset": "kr-vs-kp",
    "model": "xgboost",
    "fold": "F2",
    "architecture_name": "A2",
    "fs_method": "decision_tree",
    "fs_percent": 0.8,
    "fs_n_features": 28
}