{
    "valid_loss": {
        "balanced_accuracy": 0.9438949172838595,
        "accuracy": 0.9566557852738484,
        "log_loss": 0.1061035155166506,
        "roc_auc": 0.9438949172838595,
        "f1": 0.969743005443727,
        "precision": 0.9657085224407463,
        "recall": 0.9738113399440631
    }
}