{
    "balanced_accuracy": 0.8159919705587153,
    "accuracy": 0.8181818181818182,
    "log_loss": 0.456550794287033,
    "roc_auc": 0.8159919705587153,
    "f1": 0.7959183673469388,
    "precision": 0.7959183673469388,
    "recall": 0.7959183673469388,
    "inference_time": 0.004434108734130859,
    "training_time": 0,
    "dataset": "australian",
    "model": "mlp/simple",
    "fold": "F3",
    "architecture_name": "A1",
    "fs_method": "linear_model",
    "fs_percent": 0.4,
    "fs_n_features": 5
}