{
    "balanced_accuracy": 0.9361842105263158,
    "accuracy": 0.9407407407407408
}