{
    "balanced_accuracy": 0.8133111744222855,
    "accuracy": 0.8155136268343816,
    "log_loss": 0.4233340770678654,
    "roc_auc": 0.8133111744222855,
    "f1": 0.837037037037037,
    "precision": 0.7609427609427609,
    "recall": 0.9300411522633745,
    "training_time": 0.08479475975036621,
    "inference_time": 0.0009250640869140625,
    "dataset": "jasmine",
    "model": "xgboost",
    "fold": "F2",
    "architecture_name": "A2",
    "fs_method": "random_5",
    "fs_percent": 0.5,
    "fs_n_features": 72
}