{
    "valid_loss": {
        "balanced_accuracy": 0.7489905723905723,
        "accuracy": 0.8248240563019834,
        "log_loss": 0.3673038491564229,
        "roc_auc": 0.7489905723905723,
        "f1": 0.8859071589299108,
        "precision": 0.8772074599768939,
        "recall": 0.8947811447811448
    }
}