{
    "balanced_accuracy": 0.9437702265372168,
    "accuracy": 0.9439024390243902,
    "log_loss": 0.1498408140605079,
    "roc_auc": 0.9437702265372169,
    "f1": 0.9456264775413712,
    "precision": 0.9216589861751152,
    "recall": 0.970873786407767,
    "inference_time": 0.06517744064331055,
    "training_time": 37.285447328321396
}