{
    "balanced_accuracy": 0.5005479237603225,
    "accuracy": 0.521875
}