{
    "valid_loss": {
        "balanced_accuracy": 0.5489820018789678,
        "accuracy": 0.7837971036469785,
        "log_loss": 0.6685383283989084
    }
}