{
    "valid_loss": {
        "balanced_accuracy": 0.9293941535896943,
        "accuracy": 0.9499546690843155,
        "log_loss": 0.1244385242777143,
        "roc_auc": 0.9293941535896943,
        "f1": 0.9653527491840321,
        "precision": 0.9533845772377882,
        "recall": 0.9776252224764811
    }
}