{
    "balanced_accuracy": 0.8607503607503608,
    "accuracy": 0.8645833333333334
}