{
    "balanced_accuracy": 0.844559761226428,
    "accuracy": 0.8459302325581395
}