{
    "balanced_accuracy": 0.8017443340972752,
    "accuracy": 0.8973305954825462
}