{
    "balanced_accuracy": 0.8206899570965764,
    "accuracy": 0.8221757322175732,
    "log_loss": 0.38071060073143287,
    "roc_auc": 0.8206899570965764,
    "f1": 0.8387096774193549,
    "precision": 0.778169014084507,
    "recall": 0.9094650205761317,
    "training_time": 0.12489533424377441,
    "inference_time": 0.0008778572082519531,
    "dataset": "jasmine",
    "model": "xgboost",
    "fold": "F0",
    "architecture_name": "A0",
    "fs_method": "decision_tree",
    "fs_percent": 0.9,
    "fs_n_features": 129
}