{
    "balanced_accuracy": 0.8464369354299097,
    "accuracy": 0.8363636363636363,
    "log_loss": 0.3601541744986341,
    "roc_auc": 0.8464369354299097,
    "f1": 0.8363636363636363,
    "precision": 0.7540983606557377,
    "recall": 0.9387755102040817,
    "training_time": 0.025937318801879883,
    "inference_time": 0.0005617141723632812,
    "dataset": "australian",
    "model": "xgboost",
    "fold": "F3",
    "architecture_name": "A0",
    "fs_method": "random_5",
    "fs_percent": 0.7,
    "fs_n_features": 9
}