{
    "valid_loss": {
        "balanced_accuracy": 0.5760385061573348,
        "accuracy": 0.6441204845106656,
        "log_loss": 1.0030056820131645
    }
}