{
    "balanced_accuracy": 0.7097454341359376,
    "accuracy": 0.8397747632454569,
    "log_loss": 0.31921795445499124,
    "roc_auc": 0.7097454341359376,
    "f1": 0.9010433133101486,
    "precision": 0.8490987635930285,
    "recall": 0.9597575349385419,
    "training_time": 0.19973206520080566,
    "inference_time": 0.004897356033325195,
    "dataset": "adult",
    "model": "xgboost",
    "fold": "F4",
    "architecture_name": "A1",
    "fs_method": "random_4",
    "fs_percent": 0.4,
    "fs_n_features": 5
}