{
    "valid_loss": {
        "balanced_accuracy": 0.9311157044850166,
        "accuracy": 0.9532184950135992,
        "log_loss": 0.11516175393380497,
        "roc_auc": 0.9311157044850166,
        "f1": 0.9677096370463079,
        "precision": 0.9529208774956864,
        "recall": 0.9829646580218663
    }
}