{
    "balanced_accuracy": 0.44884746588117996,
    "accuracy": 0.5709140799176814
}