{
    "valid_loss": {
        "balanced_accuracy": 0.9462519110762111,
        "accuracy": 0.9463414634146341,
        "log_loss": 0.1575336120416752,
        "roc_auc": 0.9462519110762111,
        "f1": 0.9483568075117371,
        "precision": 0.9160997732426304,
        "recall": 0.9829683698296837
    }
}