{
    "balanced_accuracy": 0.9293449875572215,
    "accuracy": 0.9315068493150684,
    "log_loss": 0.2287699291111423,
    "roc_auc": 0.9293449875572215,
    "f1": 0.9247311827956989,
    "precision": 0.9641255605381166,
    "recall": 0.8884297520661157,
    "training_time": 0.053995609283447266,
    "inference_time": 0.0007691383361816406
}