{
    "balanced_accuracy": 0.6852263263606525,
    "accuracy": 0.768056968463886
}