{
    "valid_loss": {
        "balanced_accuracy": 0.33461611598180024,
        "accuracy": 0.6173939416916253,
        "log_loss": 1.1011746774707363
    }
}