{
    "balanced_accuracy": 0.6702898550724637,
    "accuracy": 0.6910569105691057
}