{
    "balanced_accuracy": 0.7273536963713062,
    "accuracy": 0.8286416214556249,
    "log_loss": 0.3734504520122056,
    "roc_auc": 0.7273536963713062,
    "f1": 0.8912280701754386,
    "precision": 0.8644901046262448,
    "recall": 0.9196727906664879,
    "inference_time": 0.230363130569458,
    "training_time": 0,
    "dataset": "adult",
    "model": "mlp/simple_nd_nn",
    "architecture_name": "A1",
    "fs_method": "decision_tree",
    "fs_percent": 0.8,
    "fs_n_features": 11
}