{
    "valid_loss": {
        "balanced_accuracy": 0.9437526835551739,
        "accuracy": 0.9438339438339438,
        "log_loss": 0.1549124136465684,
        "roc_auc": 0.943752683555174,
        "f1": 0.9452380952380952,
        "precision": 0.9254079254079254,
        "recall": 0.9659367396593674
    }
}