{
    "valid_loss": {
        "balanced_accuracy": 0.9413381400246283,
        "accuracy": 0.9414634146341463,
        "log_loss": 0.20261234815990015,
        "roc_auc": 0.9413381400246283,
        "f1": 0.9444444444444444,
        "precision": 0.9006622516556292,
        "recall": 0.9927007299270073
    }
}