{
    "valid_loss": {
        "balanced_accuracy": 0.9391573563063669,
        "accuracy": 0.9550235763511062,
        "log_loss": 0.11111146851679009,
        "roc_auc": 0.9391573563063669,
        "f1": 0.9687184661957619,
        "precision": 0.9612015018773467,
        "recall": 0.9763539282990084
    }
}