{
    "balanced_accuracy": 0.40588235294117647,
    "accuracy": 0.1111111111111111
}