{
    "balanced_accuracy": 0.9545656175837824,
    "accuracy": 0.9664551223934723,
    "log_loss": 0.09528244880736453,
    "roc_auc": 0.9545656175837824,
    "f1": 0.9766207506634652,
    "precision": 0.9708542713567839,
    "recall": 0.9824561403508771,
    "training_time": 1.3440628051757812,
    "inference_time": 0.007973432540893555,
    "dataset": "nomao",
    "model": "xgboost",
    "fold": "F1",
    "architecture_name": "A3",
    "fs_method": "random_3",
    "fs_percent": 0.7,
    "fs_n_features": 82
}