{
    "balanced_accuracy": 0.7391434025292293,
    "accuracy": 0.7668393782383419
}