{
    "valid_loss": {
        "balanced_accuracy": 0.5949114297699215,
        "accuracy": 0.6712402186729552,
        "log_loss": 0.9462641272308812
    }
}