{
    "balanced_accuracy": 0.6871307237813884,
    "accuracy": 0.9778887303851641
}