{
    "balanced_accuracy": 0.45335824893192134,
    "accuracy": 0.5637624359360869
}