{
    "valid_loss": {
        "balanced_accuracy": 0.7540189706460123,
        "accuracy": 0.8327361146659842,
        "log_loss": 0.3584568001188305,
        "roc_auc": 0.7540189706460122,
        "f1": 0.8916341928529973,
        "precision": 0.8783077425677883,
        "recall": 0.9053712746253578
    }
}