{
    "balanced_accuracy": 0.7633532244044887,
    "accuracy": 0.7640625,
    "log_loss": 1.5096654309525368,
    "roc_auc": 0.7633532244044888,
    "f1": 0.7427597955706985,
    "precision": 0.8074074074074075,
    "recall": 0.6876971608832808,
    "inference_time": 0.01248931884765625,
    "training_time": 0,
    "dataset": "kr-vs-kp",
    "model": "mlp/simple_nd_nnw",
    "architecture_name": "A0",
    "fs_method": "random_3",
    "fs_percent": 0.9,
    "fs_n_features": 32
}