{
    "balanced_accuracy": 0.7692758952806233,
    "accuracy": 0.7719665271966527,
    "log_loss": 0.5337940623407165,
    "roc_auc": 0.7692758952806235,
    "f1": 0.8057040998217468,
    "precision": 0.710691823899371,
    "recall": 0.9300411522633745,
    "inference_time": 0.05934953689575195,
    "training_time": 72.14371197873892
}