{
    "balanced_accuracy": 0.9662439826229893,
    "accuracy": 0.965625
}