{
    "balanced_accuracy": 0.7500016388842117,
    "accuracy": 0.8443818786792936,
    "log_loss": 0.3356029613015332,
    "roc_auc": 0.7500016388842117,
    "f1": 0.9009771986970684,
    "precision": 0.8724175997476739,
    "recall": 0.9314699444350901,
    "training_time": 0.25025272369384766,
    "inference_time": 0.005227565765380859,
    "dataset": "adult",
    "model": "xgboost",
    "fold": "F3",
    "architecture_name": "A0",
    "fs_method": "decision_tree",
    "fs_percent": 0.5,
    "fs_n_features": 7
}