{
    "balanced_accuracy": 0.6210801393728222,
    "accuracy": 0.6275862068965518
}