{
    "balanced_accuracy": 0.7332862059000629,
    "accuracy": 0.8390663390663391
}