{
    "balanced_accuracy": 0.5705625806870576,
    "accuracy": 0.6481760627072656
}