{
    "balanced_accuracy": 0.7496804132737939,
    "accuracy": 0.7510460251046025,
    "log_loss": 0.5719298255861919,
    "roc_auc": 0.7496804132737939,
    "f1": 0.7724665391969407,
    "precision": 0.7214285714285714,
    "recall": 0.831275720164609,
    "inference_time": 0.013675451278686523,
    "training_time": 0,
    "dataset": "jasmine",
    "model": "mlp/simple_nd",
    "fold": "F1",
    "architecture_name": "A0",
    "fs_method": "random_5",
    "fs_percent": 0.4,
    "fs_n_features": 57
}