{
    "balanced_accuracy": 0.890652557319224,
    "accuracy": 0.8888888888888888
}