{
    "balanced_accuracy": 0.5221242434196045,
    "accuracy": 0.6162194754296051
}