{
    "balanced_accuracy": 0.9531778015000307,
    "accuracy": 0.9660924750679963,
    "log_loss": 0.08856907848207578,
    "roc_auc": 0.9531778015000307,
    "f1": 0.976397829105137,
    "precision": 0.9694235588972431,
    "recall": 0.9834731756928553,
    "training_time": 0.9808106422424316,
    "inference_time": 0.00873422622680664,
    "dataset": "nomao",
    "model": "xgboost",
    "fold": "F1",
    "architecture_name": "A1",
    "fs_method": "random_5",
    "fs_percent": 0.7,
    "fs_n_features": 82
}