{
    "balanced_accuracy": 0.9428404005855314,
    "accuracy": 0.9596692296532714,
    "log_loss": 0.10387261909064667,
    "roc_auc": 0.9428404005855315,
    "f1": 0.9722166699980012,
    "precision": 0.9633590810061399,
    "recall": 0.9812386524107323,
    "inference_time": 0.15655040740966797,
    "training_time": 0,
    "dataset": "nomao",
    "model": "mlp/simple",
    "architecture_name": "A0",
    "fs_method": "random_3",
    "fs_percent": 0.9,
    "fs_n_features": 106
}