{
    "balanced_accuracy": 0.44256012103838194,
    "accuracy": 0.656641604010025
}