{
    "balanced_accuracy": 0.5543478260869565,
    "accuracy": 0.6016260162601627
}