{
    "valid_loss": {
        "balanced_accuracy": 0.8093720379412921,
        "accuracy": 0.8647299718454057,
        "log_loss": 0.2967062008776277,
        "roc_auc": 0.8093720379412921,
        "f1": 0.9114369501466275,
        "precision": 0.907104736490994,
        "recall": 0.9158107425492508
    }
}