{
    "balanced_accuracy": 0.5386416861826698,
    "accuracy": 0.5818181818181818,
    "log_loss": 0.7644129387417476,
    "roc_auc": 0.5386416861826698,
    "f1": 0.23333333333333334,
    "precision": 0.6363636363636364,
    "recall": 0.14285714285714285,
    "inference_time": 0.004324436187744141,
    "training_time": 0,
    "dataset": "australian",
    "model": "mlp/simple",
    "fold": "F3",
    "architecture_name": "A1",
    "fs_method": "random_1",
    "fs_percent": 0.5,
    "fs_n_features": 7
}