{
    "valid_loss": {
        "balanced_accuracy": 0.935227489053874,
        "accuracy": 0.9353658536585366,
        "log_loss": 0.16723695979672396,
        "roc_auc": 0.935227489053874,
        "f1": 0.9374262101534829,
        "precision": 0.9126436781609195,
        "recall": 0.9635922330097088
    }
}