{
    "balanced_accuracy": 0.554140779681846,
    "accuracy": 0.7593984962406015
}