{
    "balanced_accuracy": 0.4766822526019978,
    "accuracy": 0.6442748091603053
}