{
    "balanced_accuracy": 0.9386364137162545,
    "accuracy": 0.9852443154329947
}