{
    "balanced_accuracy": 0.8732017397122783,
    "accuracy": 0.8727272727272727,
    "log_loss": 0.30390847024477696,
    "roc_auc": 0.8732017397122782,
    "f1": 0.86,
    "precision": 0.8431372549019608,
    "recall": 0.8775510204081632,
    "inference_time": 0.0029120445251464844,
    "training_time": 0,
    "dataset": "australian",
    "model": "mlp/simple",
    "fold": "F2",
    "architecture_name": "A0",
    "fs_method": "linear_model",
    "fs_percent": 0.9,
    "fs_n_features": 12
}