{
    "balanced_accuracy": 0.8472287890727608,
    "accuracy": 0.8493723849372385,
    "log_loss": 0.37962666737311274,
    "roc_auc": 0.8472287890727607,
    "f1": 0.8681318681318682,
    "precision": 0.7821782178217822,
    "recall": 0.9753086419753086,
    "inference_time": 0.07309317588806152,
    "training_time": 33.21392076356071,
    "dataset": "jasmine",
    "model": "transformer/cls",
    "fold": "F0",
    "architecture_name": "A24",
    "fs_method": "linear_model",
    "fs_percent": 0.9,
    "fs_n_features": 129
}