{
    "balanced_accuracy": 0.7910762845284098,
    "accuracy": 0.7912087912087912,
    "log_loss": 0.45040491807680005,
    "roc_auc": 0.7910762845284098,
    "f1": 0.799059929494712,
    "precision": 0.7727272727272727,
    "recall": 0.8272506082725061,
    "training_time": 0.10152530670166016,
    "inference_time": 0.0010514259338378906,
    "dataset": "sylvine",
    "model": "xgboost",
    "fold": "F4",
    "architecture_name": "A0",
    "fs_method": "random_3",
    "fs_percent": 0.5,
    "fs_n_features": 10
}