{
    "valid_loss": {
        "balanced_accuracy": 0.5698786038682794,
        "accuracy": 0.7888770945484874,
        "log_loss": 0.6764560278695804
    }
}