{
    "balanced_accuracy": 0.692063492063492,
    "accuracy": 0.9206349206349206
}