{
    "valid_loss": {
        "balanced_accuracy": 0.5312803008386964,
        "accuracy": 0.7780726362878156,
        "log_loss": 0.6622243299287373
    }
}