{
    "balanced_accuracy": 0.7354022338216311,
    "accuracy": 0.8493729203992834,
    "log_loss": 0.3305568538493433,
    "roc_auc": 0.7354022338216311,
    "f1": 0.9059528565721134,
    "precision": 0.8620742092457421,
    "recall": 0.9545378009765954,
    "inference_time": 0.18480825424194336,
    "training_time": 0,
    "dataset": "adult",
    "model": "mlp/simple_nnw",
    "fold": "F3",
    "architecture_name": "A1",
    "fs_method": "none",
    "fs_percent": 1.0,
    "fs_n_features": 14
}