{
  "dropout": 0.11941541518615532,
  "embedding_size": 256,
  "n_head": 8,
  "n_hid": 256,
  "n_layers": 3,
  "numerical_passthrough": false,
  "optimizer__lr": 0.03455590564422645
}