{
    "balanced_accuracy": 0.6904186795491143,
    "accuracy": 0.6910569105691057
}