{
    "balanced_accuracy": 0.8681860923794237,
    "accuracy": 0.8699673558215452,
    "log_loss": 0.35260376093541657,
    "roc_auc": 0.8681860923794237,
    "f1": 0.9053964903021506,
    "precision": 0.9410312671420735,
    "recall": 0.8723620645817443,
    "inference_time": 0.1259312629699707,
    "training_time": 0,
    "dataset": "nomao",
    "model": "mlp/simple_nnw",
    "fold": "F3",
    "architecture_name": "A1",
    "fs_method": "decision_tree",
    "fs_percent": 0.6,
    "fs_n_features": 70
}