{
    "balanced_accuracy": 0.7864109972857019,
    "accuracy": 0.7866108786610879,
    "log_loss": 0.4243207875706126,
    "roc_auc": 0.7864109972857019,
    "f1": 0.7918367346938775,
    "precision": 0.7854251012145749,
    "recall": 0.7983539094650206,
    "inference_time": 0.011501789093017578,
    "training_time": 0,
    "dataset": "jasmine",
    "model": "mlp/simple_nnw",
    "fold": "F0",
    "architecture_name": "A1",
    "fs_method": "random_1",
    "fs_percent": 0.8,
    "fs_n_features": 115
}