{
    "balanced_accuracy": 0.7978790756568535,
    "accuracy": 0.80083857442348,
    "log_loss": 0.4112870915871401,
    "roc_auc": 0.7978790756568535,
    "f1": 0.8300536672629696,
    "precision": 0.7341772151898734,
    "recall": 0.9547325102880658,
    "training_time": 0.08339619636535645,
    "inference_time": 0.0008654594421386719
}