{
    "balanced_accuracy": 0.4670932207888729,
    "accuracy": 0.6791979949874687
}