{
    "balanced_accuracy": 0.5090472007340827,
    "accuracy": 0.25757575757575757
}