{
    "balanced_accuracy": 0.9526315789473685,
    "accuracy": 0.9333333333333333
}