{
    "balanced_accuracy": 0.5812290318262416,
    "accuracy": 0.651346252786829
}