{
    "balanced_accuracy": 0.3978458960825858,
    "accuracy": 0.5908396946564886
}