{
    "balanced_accuracy": 0.5551674935667508,
    "accuracy": 0.6877862595419847
}