{
    "balanced_accuracy": 0.6023809523809524,
    "accuracy": 0.9264069264069265
}