{
    "balanced_accuracy": 0.7185939393939393,
    "accuracy": 0.83659628918746,
    "log_loss": 0.3404044352038024,
    "roc_auc": 0.7185939393939393,
    "f1": 0.8979135022783595,
    "precision": 0.8549246460648501,
    "recall": 0.9454545454545454,
    "inference_time": 0.18770170211791992,
    "training_time": 0,
    "dataset": "adult",
    "model": "mlp/simple_nd_nn",
    "fold": "F2",
    "architecture_name": "A1",
    "fs_method": "random_1",
    "fs_percent": 0.9,
    "fs_n_features": 12
}