{
    "balanced_accuracy": 0.7525252525252526,
    "accuracy": 0.7604166666666666
}