{
    "balanced_accuracy": 0.6606757080246238,
    "accuracy": 0.41739606126914663
}