{
    "valid_loss": {
        "balanced_accuracy": 0.9230695052367355,
        "accuracy": 0.9457842248413418,
        "log_loss": 0.13330826110465852,
        "roc_auc": 0.9230695052367356,
        "f1": 0.9625266324100764,
        "precision": 0.949085516559565,
        "recall": 0.9763539282990084
    }
}