{
    "balanced_accuracy": 0.20833333333333331,
    "accuracy": 0.22727272727272727
}