{
  "dropout": 0.18518042599013124,
  "embedding_size": 32,
  "n_head": 8,
  "n_hid": 1024,
  "n_layers": 4,
  "numerical_passthrough": false,
  "optimizer__lr": 0.051955400992555766
}