{
    "balanced_accuracy": 0.9628175980828904,
    "accuracy": 0.9628180039138943,
    "log_loss": 0.18060092574526537,
    "roc_auc": 0.9628175980828905,
    "f1": 0.9608247422680413,
    "precision": 0.9588477366255144,
    "recall": 0.9628099173553719,
    "inference_time": 0.06354260444641113,
    "training_time": 37.870342731475844,
    "dataset": "kr-vs-kp",
    "model": "transformer/cls",
    "fold": "F4",
    "architecture_name": "A30",
    "fs_method": "f_classif",
    "fs_percent": 0.5,
    "fs_n_features": 18
}