{
    "balanced_accuracy": 0.7419792755222627,
    "accuracy": 0.740625,
    "log_loss": 0.9232194614697743,
    "roc_auc": 0.7419792755222627,
    "f1": 0.771978021978022,
    "precision": 0.683698296836983,
    "recall": 0.886435331230284,
    "inference_time": 0.016560077667236328,
    "training_time": 0,
    "dataset": "kr-vs-kp",
    "model": "mlp/simple_nd_nn",
    "architecture_name": "A1",
    "fs_method": "random_3",
    "fs_percent": 0.7,
    "fs_n_features": 25
}