{
    "balanced_accuracy": 0.48812083973374293,
    "accuracy": 0.14739884393063585
}