{
    "balanced_accuracy": 0.7941773925225462,
    "accuracy": 0.797071129707113,
    "log_loss": 0.4009227139178912,
    "roc_auc": 0.7941773925225463,
    "f1": 0.8289241622574955,
    "precision": 0.7253086419753086,
    "recall": 0.9670781893004116,
    "training_time": 7.538776874542236,
    "inference_time": 0.014364004135131836,
    "dataset": "jasmine",
    "model": "mlp/full",
    "fold": "F0",
    "architecture_name": "A1",
    "fs_method": "decision_tree",
    "fs_percent": 0.8,
    "fs_n_features": 115
}