{
    "balanced_accuracy": 0.9054394115369725,
    "accuracy": 0.903448275862069
}