{
    "balanced_accuracy": 0.9963768115942029,
    "accuracy": 0.9887640449438202
}