{
    "valid_loss": {
        "balanced_accuracy": 0.5926303937950208,
        "accuracy": 0.6704180064308681,
        "log_loss": 0.9513140176282852
    }
}