{
    "valid_loss": {
        "balanced_accuracy": 0.6240615601071874,
        "accuracy": 0.6848536820666739,
        "log_loss": 0.9027047147732734
    }
}