{
    "balanced_accuracy": 0.5607153055396916,
    "accuracy": 0.5597560975609757,
    "log_loss": 1.1027391685943126,
    "roc_auc": 0.5607153055396916,
    "f1": 0.45385779122541603,
    "precision": 0.6024096385542169,
    "recall": 0.3640776699029126,
    "inference_time": 0.017203330993652344,
    "training_time": 0,
    "dataset": "sylvine",
    "model": "mlp/simple_nd",
    "fold": "F1",
    "architecture_name": "A0",
    "fs_method": "random_2",
    "fs_percent": 0.9,
    "fs_n_features": 18
}