{
    "valid_loss": {
        "balanced_accuracy": 0.9456095964135512,
        "accuracy": 0.9588320638375045,
        "log_loss": 0.10166106626112055,
        "roc_auc": 0.9456095964135511,
        "f1": 0.9712985206726514,
        "precision": 0.9660462776659959,
        "recall": 0.9766081871345029
    }
}