{
    "balanced_accuracy": 0.39062793652353345,
    "accuracy": 0.5082906240578836
}