{
    "valid_loss": {
        "balanced_accuracy": 0.33504621464505663,
        "accuracy": 0.6201379937826977,
        "log_loss": 1.1058592667306628
    }
}