{
    "valid_loss": {
        "balanced_accuracy": 0.7615279339956221,
        "accuracy": 0.8355515740977733,
        "log_loss": 0.35082956198514376,
        "roc_auc": 0.7615279339956221,
        "f1": 0.8931037351301888,
        "precision": 0.8826044064452483,
        "recall": 0.9038558679912443
    }
}