{
    "valid_loss": {
        "balanced_accuracy": 0.3362316241795298,
        "accuracy": 0.622488437334142,
        "log_loss": 1.1047906510664733
    }
}