{
    "balanced_accuracy": 0.5857407407407407,
    "accuracy": 0.800255918106206,
    "log_loss": 0.6430282176864408,
    "roc_auc": 0.5857407407407407,
    "f1": 0.8836724047991653,
    "precision": 0.7927530418505148,
    "recall": 0.9981481481481481,
    "inference_time": 0.5021932125091553,
    "training_time": 280.8380440643856,
    "dataset": "adult",
    "model": "transformer/cls",
    "fold": "F1",
    "architecture_name": "A0",
    "fs_method": "linear_model",
    "fs_percent": 0.4,
    "fs_n_features": 5
}