{
    "balanced_accuracy": 0.8568075719489048,
    "accuracy": 0.917864476386037
}