{
    "balanced_accuracy": 0.9560523010907077,
    "accuracy": 0.9659049691693871,
    "log_loss": 0.09005306339346783,
    "roc_auc": 0.9560523010907078,
    "f1": 0.9761723700887199,
    "precision": 0.9732120293151377,
    "recall": 0.9791507754894483,
    "training_time": 0.8955721855163574,
    "inference_time": 0.010376930236816406,
    "dataset": "nomao",
    "model": "xgboost",
    "fold": "F2",
    "architecture_name": "A1",
    "fs_method": "decision_tree",
    "fs_percent": 0.6,
    "fs_n_features": 70
}