{
    "balanced_accuracy": 0.7776886526888542,
    "accuracy": 0.8441850941850941
}