{
    "balanced_accuracy": 0.5432098765432098,
    "accuracy": 0.5416666666666666
}