{
    "balanced_accuracy": 0.7708333333333334,
    "accuracy": 0.5945945945945946
}