{
    "balanced_accuracy": 0.7871643097643097,
    "accuracy": 0.8473448496481126,
    "log_loss": 0.33779505244234254,
    "roc_auc": 0.7871643097643097,
    "f1": 0.8999077103783875,
    "precision": 0.8969727379160395,
    "recall": 0.9028619528619528,
    "inference_time": 0.15644216537475586,
    "training_time": 0,
    "dataset": "adult",
    "model": "mlp/simple_nd_nnw",
    "fold": "F1",
    "architecture_name": "A0",
    "fs_method": "random_2",
    "fs_percent": 0.8,
    "fs_n_features": 11
}