{
    "balanced_accuracy": 0.4139459158948767,
    "accuracy": 0.5316770186335403
}