{
    "valid_loss": {
        "balanced_accuracy": 0.9310061171684539,
        "accuracy": 0.9517591585056221,
        "log_loss": 0.12124457841234532,
        "roc_auc": 0.9310061171684539,
        "f1": 0.9666332162568991,
        "precision": 0.9539489972765536,
        "recall": 0.9796592931604373
    }
}