{
    "balanced_accuracy": 0.551182810307092,
    "accuracy": 0.319000819000819
}