{
    "balanced_accuracy": 0.6385994050625807,
    "accuracy": 0.8145636037880727,
    "log_loss": 0.3607372804441606,
    "roc_auc": 0.6385994050625806,
    "f1": 0.8889910365433233,
    "precision": 0.8155749226876582,
    "recall": 0.9769321434584947,
    "inference_time": 0.16313767433166504,
    "training_time": 0,
    "dataset": "adult",
    "model": "mlp/simple_nd",
    "fold": "F3",
    "architecture_name": "A0",
    "fs_method": "random_4",
    "fs_percent": 0.6,
    "fs_n_features": 8
}