{
  "dropout": 0.003066696957415238,
  "embedding_size": 128,
  "n_head": 4,
  "n_hid": 128,
  "n_layers": 3,
  "numerical_passthrough": false,
  "optimizer__lr": 0.0007469026212398124
}