{
    "balanced_accuracy": 0.880678077682686,
    "accuracy": 0.8738738738738738,
    "log_loss": 0.33580576856367095,
    "roc_auc": 0.880678077682686,
    "f1": 0.8679245283018868,
    "precision": 0.8070175438596491,
    "recall": 0.9387755102040817,
    "inference_time": 0.0026705265045166016,
    "training_time": 0,
    "dataset": "australian",
    "model": "mlp/simple_nnw",
    "fold": "F1",
    "architecture_name": "A0",
    "fs_method": "random_4",
    "fs_percent": 0.5,
    "fs_n_features": 7
}