{
    "balanced_accuracy": 0.579696394686907,
    "accuracy": 0.7088607594936709
}