{
    "balanced_accuracy": 0.9558091216933122,
    "accuracy": 0.9644541167936163,
    "log_loss": 0.09014457255313459,
    "roc_auc": 0.9558091216933122,
    "f1": 0.9751016260162602,
    "precision": 0.9741116751269036,
    "recall": 0.9760935910478128,
    "inference_time": 0.6424441337585449,
    "training_time": 622.6319826965902
}