{
    "balanced_accuracy": 0.8330901102952473,
    "accuracy": 0.8336594911937377,
    "log_loss": 0.3333290083848033,
    "roc_auc": 0.8330901102952472,
    "f1": 0.8240165631469979,
    "precision": 0.8257261410788381,
    "recall": 0.8223140495867769,
    "training_time": 0.06904482841491699,
    "inference_time": 0.0008080005645751953,
    "dataset": "kr-vs-kp",
    "model": "xgboost",
    "fold": "F2",
    "architecture_name": "A2",
    "fs_method": "random_1",
    "fs_percent": 0.7,
    "fs_n_features": 25
}