{
    "valid_loss": {
        "balanced_accuracy": 0.5492872444409355,
        "accuracy": 0.7744246881753042,
        "log_loss": 0.6963763317800996
    }
}