{
    "balanced_accuracy": 0.6975577116092339,
    "accuracy": 0.7090909090909091,
    "log_loss": 0.5273098390934056,
    "roc_auc": 0.6975577116092339,
    "f1": 0.6444444444444445,
    "precision": 0.7073170731707317,
    "recall": 0.5918367346938775,
    "training_time": 0.04667091369628906,
    "inference_time": 0.0006456375122070312,
    "dataset": "australian",
    "model": "xgboost",
    "fold": "F2",
    "architecture_name": "A1",
    "fs_method": "random_5",
    "fs_percent": 0.9,
    "fs_n_features": 12
}