{
    "balanced_accuracy": 0.9186595582635186,
    "accuracy": 0.9180487804878049,
    "log_loss": 0.22726072497381383,
    "roc_auc": 0.9186595582635186,
    "f1": 0.920303605313093,
    "precision": 0.8834244080145719,
    "recall": 0.9603960396039604,
    "inference_time": 0.022023677825927734,
    "training_time": 0,
    "dataset": "sylvine",
    "model": "mlp/simple_nnw",
    "architecture_name": "A0",
    "fs_method": "random_1",
    "fs_percent": 0.7,
    "fs_n_features": 14
}