{
    "balanced_accuracy": 0.7774309764309765,
    "accuracy": 0.8600127959053103,
    "log_loss": 0.309616892442923,
    "roc_auc": 0.7774309764309765,
    "f1": 0.910445317616241,
    "precision": 0.8860739324410453,
    "recall": 0.9361952861952862,
    "training_time": 0.3337740898132324,
    "inference_time": 0.005682468414306641,
    "dataset": "adult",
    "model": "xgboost",
    "fold": "F0",
    "architecture_name": "A2",
    "fs_method": "f_classif",
    "fs_percent": 0.9,
    "fs_n_features": 12
}