{
    "balanced_accuracy": 0.5519736842105263,
    "accuracy": 0.6444444444444445
}