{
    "balanced_accuracy": 0.5018342230095891,
    "accuracy": 0.5944091922483279
}