{
    "balanced_accuracy": 0.42973849343910986,
    "accuracy": 0.5329192546583851
}