{
    "balanced_accuracy": 0.813627730294397,
    "accuracy": 0.8155136268343816,
    "log_loss": 0.4115563960972189,
    "roc_auc": 0.8136277302943971,
    "f1": 0.8345864661654135,
    "precision": 0.7681660899653979,
    "recall": 0.9135802469135802,
    "inference_time": 0.0559084415435791,
    "training_time": 41.6348729878664,
    "dataset": "jasmine",
    "model": "transformer/cls",
    "fold": "F4",
    "architecture_name": "A24",
    "fs_method": "f_classif",
    "fs_percent": 0.6,
    "fs_n_features": 86
}