{
  "dropout": 0.3221156858603356,
  "embedding_size": 32,
  "n_head": 32,
  "n_hid": 256,
  "n_layers": 2,
  "numerical_passthrough": false,
  "optimizer__lr": 0.016432014903550455
}