{
    "balanced_accuracy": 0.7868511784511785,
    "accuracy": 0.8579654510556622,
    "log_loss": 0.30500785499926547,
    "roc_auc": 0.7868511784511785,
    "f1": 0.9081277934116868,
    "precision": 0.8931943992184956,
    "recall": 0.9235690235690236,
    "inference_time": 0.6647136211395264,
    "training_time": 208.7780017852783
}