{
    "balanced_accuracy": 0.7788065843621399,
    "accuracy": 0.7819706498951782,
    "log_loss": 0.4517845864643465,
    "roc_auc": 0.77880658436214,
    "f1": 0.8156028368794326,
    "precision": 0.7165109034267912,
    "recall": 0.9465020576131687,
    "inference_time": 0.13704419136047363,
    "training_time": 65.55097222328187
}