{
    "balanced_accuracy": 0.7900558922558922,
    "accuracy": 0.8131797824696098,
    "log_loss": 0.3591182634419855,
    "roc_auc": 0.7900558922558922,
    "f1": 0.8716370669949006,
    "precision": 0.9122193595877807,
    "recall": 0.8345117845117845,
    "inference_time": 0.8400683403015137,
    "training_time": 250.5688133239746,
    "dataset": "adult",
    "model": "transformer/cls",
    "fold": "F1",
    "architecture_name": "A22",
    "fs_method": "random_4",
    "fs_percent": 0.7,
    "fs_n_features": 9
}