{
    "valid_loss": {
        "balanced_accuracy": 0.5488500690248804,
        "accuracy": 0.7780726362878156,
        "log_loss": 0.6827884451744682
    }
}