{
    "balanced_accuracy": 0.9714968201788073,
    "accuracy": 0.9706457925636007,
    "log_loss": 0.061690539348285854,
    "roc_auc": 0.9714968201788073,
    "f1": 0.9695740365111561,
    "precision": 0.952191235059761,
    "recall": 0.987603305785124,
    "training_time": 6.787226438522339,
    "inference_time": 0.011662006378173828,
    "dataset": "kr-vs-kp",
    "model": "mlp/full",
    "fold": "F4",
    "architecture_name": "A0",
    "fs_method": "f_classif",
    "fs_percent": 0.6,
    "fs_n_features": 21
}