{
    "balanced_accuracy": 0.9291905365290691,
    "accuracy": 0.9292682926829269,
    "log_loss": 0.19603003154255766,
    "roc_auc": 0.9291905365290691,
    "f1": 0.9316037735849056,
    "precision": 0.9038901601830663,
    "recall": 0.9610705596107056,
    "inference_time": 0.018164396286010742,
    "training_time": 0,
    "dataset": "sylvine",
    "model": "mlp/simple_nd",
    "fold": "F2",
    "architecture_name": "A0",
    "fs_method": "random_1",
    "fs_percent": 0.9,
    "fs_n_features": 18
}