{
    "balanced_accuracy": 0.7380521608520516,
    "accuracy": 0.8471177944862155
}