{
    "balanced_accuracy": 0.8901315789473685,
    "accuracy": 0.8962962962962963
}