{
    "balanced_accuracy": 0.48717948717948717,
    "accuracy": 0.5507246376811594
}