{
    "balanced_accuracy": 0.8019037037037037,
    "accuracy": 0.8481126039667306,
    "log_loss": 0.32419128182530865,
    "roc_auc": 0.8019037037037038,
    "f1": 0.8991418132381681,
    "precision": 0.9077028649854177,
    "recall": 0.8907407407407407,
    "inference_time": 0.5135064125061035,
    "training_time": 243.1162618001302
}