{
    "valid_loss": {
        "balanced_accuracy": 0.7742734006734007,
        "accuracy": 0.8577095329494562,
        "log_loss": 0.30192154130839194,
        "roc_auc": 0.7742734006734007,
        "f1": 0.9089718402095612,
        "precision": 0.8846398980242193,
        "recall": 0.9346801346801347
    }
}