{
    "balanced_accuracy": 0.5485690396559962,
    "accuracy": 0.6942355889724311
}