{
    "balanced_accuracy": 0.5004402879749398,
    "accuracy": 0.5763975155279503
}