{
    "balanced_accuracy": 0.3911098901098901,
    "accuracy": 0.6256281407035176
}