{
    "balanced_accuracy": 0.5139494132289162,
    "accuracy": 0.26146601146601145
}