{
    "balanced_accuracy": 0.7603395758122744,
    "accuracy": 0.7571189279731994,
    "log_loss": 0.5704626482384324,
    "roc_auc": 0.7603395758122743,
    "f1": 0.754653130287648,
    "precision": 0.7101910828025477,
    "recall": 0.8050541516245487,
    "inference_time": 0.014744997024536133,
    "training_time": 0,
    "dataset": "jasmine",
    "model": "mlp/simple_nnw",
    "architecture_name": "A1",
    "fs_method": "decision_tree",
    "fs_percent": 0.9,
    "fs_n_features": 129
}