{
    "valid_loss": {
        "balanced_accuracy": 0.9506970099353809,
        "accuracy": 0.9622846781504987,
        "log_loss": 0.1074568228009334,
        "roc_auc": 0.950697009935381,
        "f1": 0.9736708860759493,
        "precision": 0.9694983614822283,
        "recall": 0.9778794813119756
    }
}