{
    "balanced_accuracy": 0.595853547045726,
    "accuracy": 0.8048730548730548
}