{
    "valid_loss": {
        "balanced_accuracy": 0.7790956951226357,
        "accuracy": 0.8611466598413104,
        "log_loss": 0.3000183229082855,
        "roc_auc": 0.7790956951226355,
        "f1": 0.9111602390894948,
        "precision": 0.8868345553076188,
        "recall": 0.936858056911938
    }
}