{
    "valid_loss": {
        "balanced_accuracy": 0.5687751145768135,
        "accuracy": 0.6526958945224569,
        "log_loss": 0.9966401756068186
    }
}