{
    "valid_loss": {
        "balanced_accuracy": 0.9351205751363807,
        "accuracy": 0.9546608632571636,
        "log_loss": 0.11560955187677176,
        "roc_auc": 0.9351205751363806,
        "f1": 0.9686166206377103,
        "precision": 0.95660798413092,
        "recall": 0.9809305873379099
    }
}