{
    "balanced_accuracy": 0.35939415408709213,
    "accuracy": 0.6115288220551378
}