{
    "balanced_accuracy": 0.5086651746764674,
    "accuracy": 0.6569900687547746
}