{
    "valid_loss": {
        "balanced_accuracy": 0.9413805531070478,
        "accuracy": 0.9579252811026479,
        "log_loss": 0.10873531040040826,
        "roc_auc": 0.9413805531070477,
        "f1": 0.9707882145555276,
        "precision": 0.9615864305313045,
        "recall": 0.9801678108314263
    }
}