{
    "balanced_accuracy": 0.9474093242597323,
    "accuracy": 0.9602901178603808,
    "log_loss": 0.09968782085636492,
    "roc_auc": 0.9474093242597323,
    "f1": 0.9723100265520294,
    "precision": 0.9670523138832998,
    "recall": 0.9776252224764811,
    "training_time": 0.3730127811431885,
    "inference_time": 0.0033349990844726562,
    "dataset": "nomao",
    "model": "xgboost",
    "fold": "F1",
    "architecture_name": "A0",
    "fs_method": "decision_tree",
    "fs_percent": 0.5,
    "fs_n_features": 59
}