{
    "balanced_accuracy": 0.6008554083885209,
    "accuracy": 0.8040201005025126
}