{
    "valid_loss": {
        "balanced_accuracy": 0.5367940190167694,
        "accuracy": 0.7715520509515505,
        "log_loss": 0.699336922438371
    }
}