{
    "balanced_accuracy": 0.6923042505592841,
    "accuracy": 0.6923076923076923
}