{
    "balanced_accuracy": 0.587344721037292,
    "accuracy": 0.7918927218753199,
    "log_loss": 0.46601799693963225,
    "roc_auc": 0.587344721037292,
    "f1": 0.8774193548387097,
    "precision": 0.7971078001752848,
    "recall": 0.975727504358321,
    "inference_time": 0.1800689697265625,
    "training_time": 0,
    "dataset": "adult",
    "model": "mlp/simple_nd_nnw",
    "architecture_name": "A0",
    "fs_method": "random_4",
    "fs_percent": 0.4,
    "fs_n_features": 5
}