{
    "balanced_accuracy": 0.7547674807627969,
    "accuracy": 0.7636363636363637,
    "log_loss": 0.4565986621327656,
    "roc_auc": 0.754767480762797,
    "f1": 0.717391304347826,
    "precision": 0.7674418604651163,
    "recall": 0.673469387755102,
    "training_time": 0.041626691818237305,
    "inference_time": 0.0006530284881591797,
    "dataset": "australian",
    "model": "xgboost",
    "fold": "F2",
    "architecture_name": "A2",
    "fs_method": "random_4",
    "fs_percent": 0.9,
    "fs_n_features": 12
}