{
    "valid_loss": {
        "balanced_accuracy": 0.6195407083408248,
        "accuracy": 0.6911039657020365,
        "log_loss": 0.8850308691445254
    }
}