{
    "balanced_accuracy": 0.4907407407407407,
    "accuracy": 0.5121951219512195
}