{
    "valid_loss": {
        "balanced_accuracy": 0.8121240899018677,
        "accuracy": 0.8134171907756813,
        "log_loss": 0.4040597832126447,
        "roc_auc": 0.8121240899018677,
        "f1": 0.8278529980657641,
        "precision": 0.781021897810219,
        "recall": 0.8806584362139918
    }
}