{
    "balanced_accuracy": 0.3818897086349909,
    "accuracy": 0.5587786259541985
}