{
    "balanced_accuracy": 0.7292612673289555,
    "accuracy": 0.8200665472229332,
    "log_loss": 0.3902326480055709,
    "roc_auc": 0.7292612673289554,
    "f1": 0.8842035908417065,
    "precision": 0.8653877156214734,
    "recall": 0.9038558679912443,
    "inference_time": 0.14613795280456543,
    "training_time": 0,
    "dataset": "adult",
    "model": "mlp/simple_nnw",
    "fold": "F4",
    "architecture_name": "A0",
    "fs_method": "random_5",
    "fs_percent": 0.6,
    "fs_n_features": 8
}