{
    "balanced_accuracy": 0.6771710164449682,
    "accuracy": 0.8199385717942155,
    "log_loss": 0.37924708271965,
    "roc_auc": 0.6771710164449682,
    "f1": 0.8893084729761623,
    "precision": 0.8346131128174837,
    "recall": 0.9516753662232699,
    "inference_time": 0.1784508228302002,
    "training_time": 0,
    "dataset": "adult",
    "model": "mlp/simple",
    "fold": "F3",
    "architecture_name": "A0",
    "fs_method": "random_4",
    "fs_percent": 0.6,
    "fs_n_features": 8
}