{
    "balanced_accuracy": 0.8926838868364961,
    "accuracy": 0.9118766999093382,
    "log_loss": 0.22579164054535722,
    "roc_auc": 0.8926838868364961,
    "f1": 0.9381836682777919,
    "precision": 0.9386612369559685,
    "recall": 0.9377065853038393,
    "inference_time": 0.10386896133422852,
    "training_time": 0,
    "dataset": "nomao",
    "model": "mlp/simple_nd_nnw",
    "fold": "F1",
    "architecture_name": "A0",
    "fs_method": "random_3",
    "fs_percent": 0.9,
    "fs_n_features": 106
}