{
    "balanced_accuracy": 0.8858790075097966,
    "accuracy": 0.9113327289211242,
    "log_loss": 0.2169526283714625,
    "roc_auc": 0.8858790075097968,
    "f1": 0.9383120978932762,
    "precision": 0.9311467200801202,
    "recall": 0.9455886092041699,
    "inference_time": 0.12779951095581055,
    "training_time": 0,
    "dataset": "nomao",
    "model": "mlp/simple_nnw",
    "fold": "F0",
    "architecture_name": "A1",
    "fs_method": "random_1",
    "fs_percent": 0.6,
    "fs_n_features": 70
}