{
    "balanced_accuracy": 0.7439986531986532,
    "accuracy": 0.8458093410108766,
    "log_loss": 0.33616308364758013,
    "roc_auc": 0.7439986531986532,
    "f1": 0.9025790282157006,
    "precision": 0.8682532275626069,
    "recall": 0.9397306397306397,
    "inference_time": 0.1849370002746582,
    "training_time": 0,
    "dataset": "adult",
    "model": "mlp/simple_nd_nn",
    "fold": "F2",
    "architecture_name": "A1",
    "fs_method": "random_4",
    "fs_percent": 0.8,
    "fs_n_features": 11
}