{
    "balanced_accuracy": 0.5235248625735092,
    "accuracy": 0.5918114143920595
}