{
    "balanced_accuracy": 0.594949494949495,
    "accuracy": 0.9174311926605505
}