{
    "valid_loss": {
        "balanced_accuracy": 0.8097714736012609,
        "accuracy": 0.8117154811715481,
        "log_loss": 0.41171784001071016,
        "roc_auc": 0.8097714736012609,
        "f1": 0.8333333333333334,
        "precision": 0.7575757575757576,
        "recall": 0.9259259259259259
    }
}