{
    "valid_loss": {
        "balanced_accuracy": 0.3343870986406325,
        "accuracy": 0.6131478181749251,
        "log_loss": 1.1137776578265626
    }
}