{
    "balanced_accuracy": 0.7862008580684703,
    "accuracy": 0.7866108786610879,
    "log_loss": 0.45510736084853265,
    "roc_auc": 0.7862008580684703,
    "f1": 0.7943548387096774,
    "precision": 0.7786561264822134,
    "recall": 0.8106995884773662,
    "inference_time": 0.011407852172851562,
    "training_time": 0,
    "dataset": "jasmine",
    "model": "mlp/simple_nd_nnw",
    "fold": "F0",
    "architecture_name": "A1",
    "fs_method": "decision_tree",
    "fs_percent": 0.5,
    "fs_n_features": 72
}