{
    "balanced_accuracy": 0.992357676119082,
    "accuracy": 0.9921722113502935,
    "log_loss": 0.03134258424270044,
    "roc_auc": 0.9923576761190821,
    "f1": 0.9917695473251029,
    "precision": 0.9877049180327869,
    "recall": 0.9958677685950413,
    "inference_time": 0.06064200401306152,
    "training_time": 72.49953841005714,
    "dataset": "kr-vs-kp",
    "model": "transformer/cls",
    "fold": "F2",
    "architecture_name": "A2",
    "fs_method": "decision_tree",
    "fs_percent": 0.8,
    "fs_n_features": 28
}