{
    "balanced_accuracy": 0.3556806571955201,
    "accuracy": 0.47965028640337654
}