{
    "balanced_accuracy": 0.8065843621399177,
    "accuracy": 0.8092243186582809,
    "log_loss": 0.40190658065201545,
    "roc_auc": 0.8065843621399178,
    "f1": 0.8348457350272233,
    "precision": 0.7467532467532467,
    "recall": 0.9465020576131687,
    "training_time": 0.06709790229797363,
    "inference_time": 0.0007786750793457031,
    "dataset": "jasmine",
    "model": "xgboost",
    "fold": "F2",
    "architecture_name": "A0",
    "fs_method": "random_3",
    "fs_percent": 0.9,
    "fs_n_features": 129
}