{
    "valid_loss": {
        "balanced_accuracy": 0.9367371098818986,
        "accuracy": 0.9561117156329344,
        "log_loss": 0.10569768101474437,
        "roc_auc": 0.9367371098818986,
        "f1": 0.9696208887773036,
        "precision": 0.9573624194348042,
        "recall": 0.9821973550356052
    }
}