{
    "valid_loss": {
        "balanced_accuracy": 0.7958350168350168,
        "accuracy": 0.8588611644273833,
        "log_loss": 0.3024255332942225,
        "roc_auc": 0.7958350168350169,
        "f1": 0.9080603484204385,
        "precision": 0.8992900775961697,
        "recall": 0.917003367003367
    }
}