{
    "valid_loss": {
        "balanced_accuracy": 0.5718422867865229,
        "accuracy": 0.6521599313967199,
        "log_loss": 0.9901366889312172
    }
}