{
    "valid_loss": {
        "balanced_accuracy": 0.9424795636648373,
        "accuracy": 0.957570262919311,
        "log_loss": 0.11647893392925672,
        "roc_auc": 0.9424795636648373,
        "f1": 0.9704769114307343,
        "precision": 0.9631855747558227,
        "recall": 0.9778794813119756
    }
}