{
    "balanced_accuracy": 0.8542855957932434,
    "accuracy": 0.9013491948353402,
    "log_loss": 0.2569120301573642,
    "roc_auc": 0.8542855957932434,
    "f1": 0.9334247111807323,
    "precision": 0.9067909454061251,
    "recall": 0.9616703651402058,
    "inference_time": 0.13425827026367188,
    "training_time": 0,
    "dataset": "nomao",
    "model": "mlp/simple_nd_nnw",
    "architecture_name": "A0",
    "fs_method": "random_5",
    "fs_percent": 0.8,
    "fs_n_features": 94
}