{
    "balanced_accuracy": 0.7365373737373737,
    "accuracy": 0.8289187460012796,
    "log_loss": 0.3711331111357255,
    "roc_auc": 0.7365373737373737,
    "f1": 0.8903828810363205,
    "precision": 0.8678280326034841,
    "recall": 0.9141414141414141,
    "training_time": 0.4098365306854248,
    "inference_time": 0.004602670669555664,
    "dataset": "adult",
    "model": "xgboost",
    "fold": "F0",
    "architecture_name": "A3",
    "fs_method": "decision_tree",
    "fs_percent": 0.7,
    "fs_n_features": 9
}