{
    "balanced_accuracy": 0.8526315789473684,
    "accuracy": 0.8740740740740741
}