{
    "balanced_accuracy": 0.9690159451903284,
    "accuracy": 0.9686888454011742,
    "log_loss": 0.0864996476921478,
    "roc_auc": 0.9690159451903284,
    "f1": 0.9672131147540983,
    "precision": 0.959349593495935,
    "recall": 0.9752066115702479,
    "inference_time": 0.012129068374633789,
    "training_time": 0,
    "dataset": "kr-vs-kp",
    "model": "mlp/simple_nnw",
    "fold": "F3",
    "architecture_name": "A1",
    "fs_method": "random_3",
    "fs_percent": 0.9,
    "fs_n_features": 32
}