{
    "balanced_accuracy": 0.9197481487481689,
    "accuracy": 0.928921124206709,
    "log_loss": 0.1800024149995118,
    "roc_auc": 0.9197481487481689,
    "f1": 0.9497178040020523,
    "precision": 0.9583225472430753,
    "recall": 0.9412662090007627,
    "inference_time": 0.10512948036193848,
    "training_time": 0,
    "dataset": "nomao",
    "model": "mlp/simple_nd_nnw",
    "fold": "F1",
    "architecture_name": "A0",
    "fs_method": "f_classif",
    "fs_percent": 0.9,
    "fs_n_features": 106
}