{
    "balanced_accuracy": 0.4305249357136531,
    "accuracy": 0.5136476426799007
}