{
    "valid_loss": {
        "balanced_accuracy": 0.33017142703293767,
        "accuracy": 0.6176359087118053,
        "log_loss": 1.1062277926767288
    }
}