{
    "balanced_accuracy": 0.8208300499080641,
    "accuracy": 0.8221757322175732,
    "log_loss": 0.4189439535590846,
    "roc_auc": 0.8208300499080641,
    "f1": 0.8374760994263862,
    "precision": 0.7821428571428571,
    "recall": 0.9012345679012346,
    "inference_time": 0.013541221618652344,
    "training_time": 0,
    "dataset": "jasmine",
    "model": "mlp/simple",
    "fold": "F0",
    "architecture_name": "A1",
    "fs_method": "linear_model",
    "fs_percent": 0.6,
    "fs_n_features": 86
}