{
    "balanced_accuracy": 0.5084602949101062,
    "accuracy": 0.6993896236012207
}