{
    "balanced_accuracy": 0.9176123381568926,
    "accuracy": 0.9170731707317074,
    "log_loss": 0.21742048590605592,
    "roc_auc": 0.9176123381568926,
    "f1": 0.9189704480457579,
    "precision": 0.8860294117647058,
    "recall": 0.9544554455445544,
    "inference_time": 0.02381110191345215,
    "training_time": 0,
    "dataset": "sylvine",
    "model": "mlp/simple_nd_nnw",
    "architecture_name": "A1",
    "fs_method": "linear_model",
    "fs_percent": 0.9,
    "fs_n_features": 18
}