{
    "balanced_accuracy": 0.7571074007220217,
    "accuracy": 0.7520938023450586,
    "log_loss": 0.5533885040002551,
    "roc_auc": 0.7571074007220218,
    "f1": 0.7557755775577558,
    "precision": 0.6960486322188449,
    "recall": 0.8267148014440433,
    "inference_time": 0.012189388275146484,
    "training_time": 0,
    "dataset": "jasmine",
    "model": "mlp/simple_nd_nn",
    "architecture_name": "A0",
    "fs_method": "random_2",
    "fs_percent": 0.9,
    "fs_n_features": 129
}