{
    "balanced_accuracy": 0.9601293434514118,
    "accuracy": 0.9608610567514677,
    "log_loss": 0.0993619017399671,
    "roc_auc": 0.9601293434514117,
    "f1": 0.9581589958158996,
    "precision": 0.9703389830508474,
    "recall": 0.9462809917355371,
    "training_time": 0.06738495826721191,
    "inference_time": 0.0008499622344970703,
    "dataset": "kr-vs-kp",
    "model": "xgboost",
    "fold": "F3",
    "architecture_name": "A0",
    "fs_method": "random_2",
    "fs_percent": 0.6,
    "fs_n_features": 21
}