{
    "balanced_accuracy": 0.741802233821631,
    "accuracy": 0.8524443306885078,
    "log_loss": 0.33515833948415585,
    "roc_auc": 0.741802233821631,
    "f1": 0.9076935393483307,
    "precision": 0.8652319902319903,
    "recall": 0.9545378009765954,
    "training_time": 0.35872864723205566,
    "inference_time": 0.007961750030517578,
    "dataset": "adult",
    "model": "xgboost",
    "fold": "F3",
    "architecture_name": "A2",
    "fs_method": "random_2",
    "fs_percent": 0.7,
    "fs_n_features": 9
}