{
    "balanced_accuracy": 0.8861092824226464,
    "accuracy": 0.8918918918918919,
    "log_loss": 0.2970352044370471,
    "roc_auc": 0.8861092824226465,
    "f1": 0.8723404255319149,
    "precision": 0.9111111111111111,
    "recall": 0.8367346938775511,
    "inference_time": 0.01983785629272461,
    "training_time": 8.986960237676447,
    "dataset": "australian",
    "model": "transformer/cls",
    "fold": "F1",
    "architecture_name": "A19",
    "fs_method": "f_classif",
    "fs_percent": 0.9,
    "fs_n_features": 12
}