{
    "balanced_accuracy": 0.78877809433365,
    "accuracy": 0.790356394129979,
    "log_loss": 0.4502286018376358,
    "roc_auc": 0.7887780943336499,
    "f1": 0.8091603053435115,
    "precision": 0.7544483985765125,
    "recall": 0.8724279835390947,
    "training_time": 0.0706634521484375,
    "inference_time": 0.0008530616760253906
}