{
    "balanced_accuracy": 0.6716141001855287,
    "accuracy": 0.9174311926605505
}