{
    "balanced_accuracy": 0.5298771121351766,
    "accuracy": 0.911849710982659
}