{
    "balanced_accuracy": 0.8149730927508705,
    "accuracy": 0.8176100628930818,
    "log_loss": 0.4095344619430284,
    "roc_auc": 0.8149730927508706,
    "f1": 0.8421052631578947,
    "precision": 0.7532467532467533,
    "recall": 0.9547325102880658,
    "training_time": 0.09799480438232422,
    "inference_time": 0.0008938312530517578
}