{
    "balanced_accuracy": 0.6868101545253863,
    "accuracy": 0.8266331658291457
}