{
    "valid_loss": {
        "balanced_accuracy": 0.938203129344459,
        "accuracy": 0.9584768812330009,
        "log_loss": 0.11229419090956509,
        "roc_auc": 0.9382031293444589,
        "f1": 0.9713140423399724,
        "precision": 0.957283950617284,
        "recall": 0.9857615052123061
    }
}