{
    "balanced_accuracy": 0.8193257359924027,
    "accuracy": 0.8218029350104822,
    "log_loss": 0.3942453741219749,
    "roc_auc": 0.8193257359924027,
    "f1": 0.8446069469835467,
    "precision": 0.7598684210526315,
    "recall": 0.9506172839506173,
    "inference_time": 0.14503240585327148,
    "training_time": 89.62274661579649
}