{
    "valid_loss": {
        "balanced_accuracy": 0.7670308581691643,
        "accuracy": 0.8333759918095726,
        "log_loss": 0.35123705518806,
        "roc_auc": 0.7670308581691643,
        "f1": 0.8908450704225352,
        "precision": 0.8871263983970613,
        "recall": 0.8945950496716619
    }
}