{
    "balanced_accuracy": 0.7596760942760943,
    "accuracy": 0.8527191298784389,
    "log_loss": 0.3150490175522014,
    "roc_auc": 0.7596760942760943,
    "f1": 0.906430371514511,
    "precision": 0.876434522873762,
    "recall": 0.9385521885521886,
    "training_time": 0.20577478408813477,
    "inference_time": 0.005307197570800781,
    "dataset": "adult",
    "model": "xgboost",
    "fold": "F2",
    "architecture_name": "A1",
    "fs_method": "random_3",
    "fs_percent": 0.4,
    "fs_n_features": 5
}