{
  "dropout": 0.11149971476402512,
  "embedding_size": 1024,
  "n_head": 32,
  "n_hid": 128,
  "n_layers": 2,
  "numerical_passthrough": false,
  "optimizer__lr": 0.009754602284630437
}