{
    "balanced_accuracy": 0.8810943155205451,
    "accuracy": 0.8768115942028986,
    "log_loss": 0.35068589915168114,
    "roc_auc": 0.881094315520545,
    "f1": 0.8682170542635659,
    "precision": 0.8235294117647058,
    "recall": 0.9180327868852459,
    "inference_time": 0.004114866256713867,
    "training_time": 0,
    "dataset": "australian",
    "model": "mlp/simple_nd_nn",
    "architecture_name": "A0",
    "fs_method": "random_2",
    "fs_percent": 0.6,
    "fs_n_features": 8
}