{
    "valid_loss": {
        "balanced_accuracy": 0.7672522950300729,
        "accuracy": 0.7693920335429769,
        "log_loss": 0.43722776634324445,
        "roc_auc": 0.7672522950300728,
        "f1": 0.7955390334572491,
        "precision": 0.7254237288135593,
        "recall": 0.8806584362139918
    }
}