{
    "balanced_accuracy": 0.32323232323232326,
    "accuracy": 0.8421052631578947
}