{
    "valid_loss": {
        "balanced_accuracy": 0.7822188552188551,
        "accuracy": 0.8575815738963531,
        "log_loss": 0.30610668077054415,
        "roc_auc": 0.7822188552188551,
        "f1": 0.9082213243176384,
        "precision": 0.8900921286568612,
        "recall": 0.9271043771043771
    }
}