{
    "balanced_accuracy": 0.7917432799229489,
    "accuracy": 0.7928870292887029,
    "log_loss": 0.4269714454136607,
    "roc_auc": 0.7917432799229488,
    "f1": 0.8085106382978723,
    "precision": 0.7627737226277372,
    "recall": 0.8600823045267489,
    "inference_time": 0.010053157806396484,
    "training_time": 0,
    "dataset": "jasmine",
    "model": "mlp/simple_nd_nn",
    "fold": "F0",
    "architecture_name": "A0",
    "fs_method": "linear_model",
    "fs_percent": 0.8,
    "fs_n_features": 115
}