{
    "balanced_accuracy": 0.7917432799229489,
    "accuracy": 0.7928870292887029,
    "log_loss": 0.42524189695903275,
    "roc_auc": 0.7917432799229488,
    "f1": 0.8085106382978723,
    "precision": 0.7627737226277372,
    "recall": 0.8600823045267489,
    "training_time": 0.09414291381835938,
    "inference_time": 0.0009138584136962891,
    "dataset": "jasmine",
    "model": "xgboost",
    "fold": "F1",
    "architecture_name": "A2",
    "fs_method": "random_3",
    "fs_percent": 0.6,
    "fs_n_features": 86
}