{
    "balanced_accuracy": 0.8066192800199807,
    "accuracy": 0.8184950135992747,
    "log_loss": 0.6296984546822748,
    "roc_auc": 0.8066192800199807,
    "f1": 0.8676801057501652,
    "precision": 0.9036343612334802,
    "recall": 0.8344774980930587,
    "inference_time": 0.1688523292541504,
    "training_time": 0,
    "dataset": "nomao",
    "model": "mlp/simple_nd",
    "fold": "F0",
    "architecture_name": "A1",
    "fs_method": "f_classif",
    "fs_percent": 0.5,
    "fs_n_features": 59
}