{
    "valid_loss": {
        "balanced_accuracy": 0.5467337861082929,
        "accuracy": 0.7832284479490484,
        "log_loss": 0.6343728124274777
    }
}