{
    "balanced_accuracy": 0.8061886672997784,
    "accuracy": 0.8092243186582809,
    "log_loss": 0.41271650160164053,
    "roc_auc": 0.8061886672997783,
    "f1": 0.8377896613190731,
    "precision": 0.7389937106918238,
    "recall": 0.9670781893004116,
    "training_time": 0.06807112693786621,
    "inference_time": 0.0007762908935546875,
    "dataset": "jasmine",
    "model": "xgboost",
    "fold": "F2",
    "architecture_name": "A0",
    "fs_method": "decision_tree",
    "fs_percent": 0.8,
    "fs_n_features": 115
}