{
    "valid_loss": {
        "balanced_accuracy": 0.5820336089441561,
        "accuracy": 0.6626648086611641,
        "log_loss": 0.9815338967388502
    }
}