{
    "valid_loss": {
        "balanced_accuracy": 0.7990828085536286,
        "accuracy": 0.8660097261325825,
        "log_loss": 0.29068925501757265,
        "roc_auc": 0.7990828085536286,
        "f1": 0.9132344410375404,
        "precision": 0.8991514360313316,
        "recall": 0.9277656171072571
    }
}