{
    "balanced_accuracy": 0.94644377767839,
    "accuracy": 0.9613710554951034,
    "log_loss": 0.0933173956757579,
    "roc_auc": 0.9464437776783902,
    "f1": 0.9731501323585025,
    "precision": 0.965,
    "recall": 0.9814391050088991,
    "inference_time": 1.0600862503051758,
    "training_time": 544.6298857182264,
    "dataset": "nomao",
    "model": "transformer/cls",
    "fold": "F3",
    "architecture_name": "A25",
    "fs_method": "none",
    "fs_percent": 1.0,
    "fs_n_features": 118
}