{
    "valid_loss": {
        "balanced_accuracy": 0.5554801964009439,
        "accuracy": 0.7847069527636666,
        "log_loss": 0.6614858306059811
    }
}