{
    "balanced_accuracy": 0.5033450201063818,
    "accuracy": 0.5856079404466501
}