{
    "balanced_accuracy": 0.8957326892109501,
    "accuracy": 0.8943089430894309
}