{
    "balanced_accuracy": 0.6757892963640502,
    "accuracy": 0.8944201312910285
}