{
    "balanced_accuracy": 0.6144018583042974,
    "accuracy": 0.6137931034482759
}