{
    "valid_loss": {
        "balanced_accuracy": 0.5358704114025227,
        "accuracy": 0.7669181483868521,
        "log_loss": 0.717871308692901
    }
}