{
    "balanced_accuracy": 0.9352010877343638,
    "accuracy": 0.9352869352869353,
    "log_loss": 0.1614861647852999,
    "roc_auc": 0.9352010877343637,
    "f1": 0.9369797859690844,
    "precision": 0.9162790697674419,
    "recall": 0.9586374695863747,
    "training_time": 0.08269739151000977,
    "inference_time": 0.0008852481842041016,
    "dataset": "sylvine",
    "model": "xgboost",
    "fold": "F4",
    "architecture_name": "A0",
    "fs_method": "linear_model",
    "fs_percent": 0.4,
    "fs_n_features": 8
}