{
    "balanced_accuracy": 0.5175945929172417,
    "accuracy": 0.887308533916849
}