{
    "valid_loss": {
        "balanced_accuracy": 0.8588156574105053,
        "accuracy": 0.8545454545454545,
        "log_loss": 0.3115666929533387,
        "roc_auc": 0.8588156574105053,
        "f1": 0.8461538461538461,
        "precision": 0.8,
        "recall": 0.8979591836734694
    }
}