{
    "valid_loss": {
        "balanced_accuracy": 0.5299501744543811,
        "accuracy": 0.7675247374606665,
        "log_loss": 0.6966171170524849
    }
}