{
    "balanced_accuracy": 0.937694453863497,
    "accuracy": 0.9378048780487804,
    "log_loss": 0.16331851034944098,
    "roc_auc": 0.9376944538634971,
    "f1": 0.940628637951106,
    "precision": 0.9017857142857143,
    "recall": 0.9829683698296837,
    "training_time": 0.1457071304321289,
    "inference_time": 0.0010216236114501953,
    "dataset": "sylvine",
    "model": "xgboost",
    "fold": "F2",
    "architecture_name": "A1",
    "fs_method": "linear_model",
    "fs_percent": 0.8,
    "fs_n_features": 16
}