{
    "valid_loss": {
        "balanced_accuracy": 0.5910806207856996,
        "accuracy": 0.6712754555198285,
        "log_loss": 0.9558193216506451
    }
}