{
    "balanced_accuracy": 0.6937229437229437,
    "accuracy": 0.7447916666666666
}