{
    "balanced_accuracy": 0.5842641612656817,
    "accuracy": 0.6482593037214885
}