{
    "balanced_accuracy": 0.3741828409875787,
    "accuracy": 0.4889960807958999
}