{
    "balanced_accuracy": 0.5961478405763974,
    "accuracy": 0.6959511077158136
}