{
    "valid_loss": {
        "balanced_accuracy": 0.9290056936621405,
        "accuracy": 0.9483227561196736,
        "log_loss": 0.13621695445696302,
        "roc_auc": 0.9290056936621405,
        "f1": 0.9641464335136495,
        "precision": 0.954183266932271,
        "recall": 0.9743198576150521
    }
}