{
    "balanced_accuracy": 0.3846112641761324,
    "accuracy": 0.5938931297709924
}