{
    "balanced_accuracy": 0.5927452208564854,
    "accuracy": 0.798950601484515,
    "log_loss": 0.4697817351815814,
    "roc_auc": 0.5927452208564854,
    "f1": 0.8820659109676451,
    "precision": 0.7958547819019236,
    "recall": 0.9892237750463041,
    "inference_time": 0.14530014991760254,
    "training_time": 0,
    "dataset": "adult",
    "model": "mlp/simple_nnw",
    "fold": "F3",
    "architecture_name": "A0",
    "fs_method": "linear_model",
    "fs_percent": 0.4,
    "fs_n_features": 5
}