{
    "balanced_accuracy": 0.9712894405358076,
    "accuracy": 0.9706457925636007,
    "log_loss": 0.14756328499654459,
    "roc_auc": 0.9712894405358076,
    "f1": 0.9694501018329938,
    "precision": 0.9558232931726908,
    "recall": 0.9834710743801653,
    "inference_time": 0.012635469436645508,
    "training_time": 0,
    "dataset": "kr-vs-kp",
    "model": "mlp/simple_nd_nn",
    "fold": "F1",
    "architecture_name": "A1",
    "fs_method": "linear_model",
    "fs_percent": 0.4,
    "fs_n_features": 14
}