{
    "balanced_accuracy": 0.5460245529392231,
    "accuracy": 0.54375,
    "log_loss": 1.3569343626639656,
    "roc_auc": 0.5460245529392231,
    "f1": 0.6313131313131313,
    "precision": 0.5263157894736842,
    "recall": 0.7886435331230284,
    "inference_time": 0.015546321868896484,
    "training_time": 0,
    "dataset": "kr-vs-kp",
    "model": "mlp/simple_nnw",
    "architecture_name": "A1",
    "fs_method": "random_5",
    "fs_percent": 0.5,
    "fs_n_features": 18
}