{
    "valid_loss": {
        "balanced_accuracy": 0.5518348929015314,
        "accuracy": 0.7765477499336543,
        "log_loss": 0.6807229635182926
    }
}