{
    "balanced_accuracy": 0.5072364468355286,
    "accuracy": 0.6511450381679389
}