{
    "balanced_accuracy": 0.7685976574865463,
    "accuracy": 0.7693920335429769,
    "log_loss": 0.4530268220696794,
    "roc_auc": 0.7685976574865463,
    "f1": 0.7817460317460317,
    "precision": 0.7547892720306514,
    "recall": 0.8106995884773662,
    "inference_time": 0.011581659317016602,
    "training_time": 0,
    "dataset": "jasmine",
    "model": "mlp/simple_nd_nnw",
    "fold": "F4",
    "architecture_name": "A1",
    "fs_method": "decision_tree",
    "fs_percent": 0.7,
    "fs_n_features": 100
}