{
    "balanced_accuracy": 0.976516490707191,
    "accuracy": 0.9765625,
    "log_loss": 0.0683786521006338,
    "roc_auc": 0.976516490707191,
    "f1": 0.9762282091917591,
    "precision": 0.9808917197452229,
    "recall": 0.9716088328075709,
    "inference_time": 0.012682199478149414,
    "training_time": 0,
    "dataset": "kr-vs-kp",
    "model": "mlp/simple",
    "architecture_name": "A0",
    "fs_method": "linear_model",
    "fs_percent": 0.5,
    "fs_n_features": 18
}