{
    "valid_loss": {
        "balanced_accuracy": 0.93730261590876,
        "accuracy": 0.9555757026291931,
        "log_loss": 0.11552199716051396,
        "roc_auc": 0.93730261590876,
        "f1": 0.9692017598994344,
        "precision": 0.9584783689706614,
        "recall": 0.9801678108314263
    }
}