{
    "valid_loss": {
        "balanced_accuracy": 0.8008374922826513,
        "accuracy": 0.8656257998464295,
        "log_loss": 0.28981242250459305,
        "roc_auc": 0.8008374922826513,
        "f1": 0.9128051818634778,
        "precision": 0.9005407176798296,
        "recall": 0.9254083178986361
    }
}