{
    "balanced_accuracy": 0.5050764218880126,
    "accuracy": 0.314852492370295
}