{
    "balanced_accuracy": 0.7785729896456597,
    "accuracy": 0.8494342906875544
}