{
    "valid_loss": {
        "balanced_accuracy": 0.9514534700528452,
        "accuracy": 0.9628219078708742,
        "log_loss": 0.1007502777438766,
        "roc_auc": 0.9514534700528453,
        "f1": 0.9740407749778397,
        "precision": 0.9699873896595208,
        "recall": 0.9781281790437436
    }
}