{
    "valid_loss": {
        "balanced_accuracy": 0.9308075829923514,
        "accuracy": 0.9501269495828799,
        "log_loss": 0.12484376852034336,
        "roc_auc": 0.9308075829923514,
        "f1": 0.9654218533886584,
        "precision": 0.9549751243781095,
        "recall": 0.9760996694635139
    }
}