{
    "balanced_accuracy": 0.6663529084939313,
    "accuracy": 0.5640043763676149
}