{
    "valid_loss": {
        "balanced_accuracy": 0.6251176802861984,
        "accuracy": 0.725,
        "log_loss": 0.5459905310675659,
        "roc_auc": 0.6251176802861984,
        "f1": 0.45,
        "precision": 0.5454545454545454,
        "recall": 0.3829787234042553
    }
}