{
    "balanced_accuracy": 0.4730972513261258,
    "accuracy": 0.666157372039725
}