{
    "balanced_accuracy": 0.782614336257464,
    "accuracy": 0.8656147986942329,
    "log_loss": 0.3368418158804208,
    "roc_auc": 0.7826143362574641,
    "f1": 0.9120683517265931,
    "precision": 0.8549499443826474,
    "recall": 0.9773652085452695,
    "inference_time": 0.12192988395690918,
    "training_time": 0,
    "dataset": "nomao",
    "model": "mlp/simple",
    "fold": "F4",
    "architecture_name": "A0",
    "fs_method": "random_1",
    "fs_percent": 0.6,
    "fs_n_features": 70
}