{
    "balanced_accuracy": 0.47378151260504203,
    "accuracy": 0.8222222222222222
}