{
    "balanced_accuracy": 0.9523042793759839,
    "accuracy": 0.9523809523809523,
    "log_loss": 0.14111334912620607,
    "roc_auc": 0.952304279375984,
    "f1": 0.9535160905840286,
    "precision": 0.9345794392523364,
    "recall": 0.9732360097323601,
    "training_time": 0.11855792999267578,
    "inference_time": 0.0010700225830078125,
    "dataset": "sylvine",
    "model": "xgboost",
    "fold": "F4",
    "architecture_name": "A2",
    "fs_method": "f_classif",
    "fs_percent": 0.4,
    "fs_n_features": 8
}