{
    "balanced_accuracy": 0.5872531961012726,
    "accuracy": 0.388001638001638
}