{
    "balanced_accuracy": 0.4320390216751842,
    "accuracy": 0.49627791563275436
}