{
    "valid_loss": {
        "balanced_accuracy": 0.7906207779087389,
        "accuracy": 0.8573073969797799,
        "log_loss": 0.30941360162634957,
        "roc_auc": 0.7906207779087389,
        "f1": 0.9073073405935655,
        "precision": 0.8960591133004926,
        "recall": 0.9188415558174777
    }
}