{
    "balanced_accuracy": 0.7783317505539727,
    "accuracy": 0.779874213836478,
    "log_loss": 0.4493585656927756,
    "roc_auc": 0.7783317505539727,
    "f1": 0.7992351816443595,
    "precision": 0.7464285714285714,
    "recall": 0.8600823045267489,
    "training_time": 0.08693766593933105,
    "inference_time": 0.0009424686431884766,
    "dataset": "jasmine",
    "model": "xgboost",
    "fold": "F4",
    "architecture_name": "A1",
    "fs_method": "random_2",
    "fs_percent": 0.4,
    "fs_n_features": 57
}