{
    "valid_loss": {
        "balanced_accuracy": 0.521394159199573,
        "accuracy": 0.7663962392903176,
        "log_loss": 0.6885311407395106
    }
}