{
    "balanced_accuracy": 0.7967372269501367,
    "accuracy": 0.7964774951076321,
    "log_loss": 0.38089845631258573,
    "roc_auc": 0.7967372269501367,
    "f1": 0.7886178861788617,
    "precision": 0.776,
    "recall": 0.8016528925619835,
    "training_time": 0.08480048179626465,
    "inference_time": 0.0009698867797851562,
    "dataset": "kr-vs-kp",
    "model": "xgboost",
    "fold": "F4",
    "architecture_name": "A3",
    "fs_method": "random_5",
    "fs_percent": 0.9,
    "fs_n_features": 32
}