{
    "balanced_accuracy": 0.846376811594203,
    "accuracy": 0.9213483146067416
}