{
    "balanced_accuracy": 0.5481428000860241,
    "accuracy": 0.5714285714285714,
    "log_loss": 2.3317334455430787,
    "roc_auc": 0.5481428000860242,
    "f1": 0.1918819188191882,
    "precision": 0.896551724137931,
    "recall": 0.10743801652892562,
    "inference_time": 0.012310028076171875,
    "training_time": 0,
    "dataset": "kr-vs-kp",
    "model": "mlp/simple_nd_nn",
    "fold": "F3",
    "architecture_name": "A1",
    "fs_method": "random_4",
    "fs_percent": 0.4,
    "fs_n_features": 14
}