{
    "balanced_accuracy": 0.6408787878787878,
    "accuracy": 0.8063979526551504,
    "log_loss": 0.4050390510628921,
    "roc_auc": 0.6408787878787878,
    "f1": 0.8827767877895716,
    "precision": 0.8177120711927659,
    "recall": 0.9590909090909091,
    "inference_time": 0.17339062690734863,
    "training_time": 0,
    "dataset": "adult",
    "model": "mlp/simple",
    "fold": "F0",
    "architecture_name": "A0",
    "fs_method": "random_2",
    "fs_percent": 0.5,
    "fs_n_features": 7
}