{
    "balanced_accuracy": 0.7786666666666666,
    "accuracy": 0.8591170825335892,
    "log_loss": 0.30453906849340173,
    "roc_auc": 0.7786666666666666,
    "f1": 0.9096726556731479,
    "precision": 0.8871819491118579,
    "recall": 0.9333333333333333,
    "inference_time": 0.7009704113006592,
    "training_time": 266.7294634580612,
    "dataset": "adult",
    "model": "transformer/cls",
    "fold": "F2",
    "architecture_name": "A25",
    "fs_method": "none",
    "fs_percent": 1.0,
    "fs_n_features": 14
}