{
    "valid_loss": {
        "balanced_accuracy": 0.5808756207332791,
        "accuracy": 0.6679172472933862,
        "log_loss": 0.9621322465591542
    }
}