{
    "valid_loss": {
        "balanced_accuracy": 0.7632713804713804,
        "accuracy": 0.8487523992322457,
        "log_loss": 0.32532938362099656,
        "roc_auc": 0.7632713804713805,
        "f1": 0.9031306343222423,
        "precision": 0.8799105717023316,
        "recall": 0.9276094276094277
    }
}