{
    "balanced_accuracy": 0.7226229508196722,
    "accuracy": 0.7387387387387387,
    "log_loss": 0.5624224090071824,
    "roc_auc": 0.7226229508196721,
    "f1": 0.6588235294117647,
    "precision": 0.8,
    "recall": 0.56,
    "training_time": 1.2998156547546387,
    "inference_time": 0.004744768142700195,
    "dataset": "australian",
    "model": "mlp/full",
    "fold": "F0",
    "architecture_name": "A0",
    "fs_method": "linear_model",
    "fs_percent": 0.5,
    "fs_n_features": 7
}