{
  "dropout": 0.4030879685256809,
  "embedding_size": 512,
  "n_head": 32,
  "n_hid": 32,
  "n_layers": 3,
  "optimizer__lr": 0.019345587795129456
}