{
    "balanced_accuracy": 0.7980824796427632,
    "accuracy": 0.801255230125523,
    "log_loss": 0.4089624165846715,
    "roc_auc": 0.7980824796427634,
    "f1": 0.8347826086956521,
    "precision": 0.7228915662650602,
    "recall": 0.9876543209876543,
    "training_time": 4.781168222427368,
    "inference_time": 0.010501623153686523,
    "dataset": "jasmine",
    "model": "mlp/full",
    "fold": "F1",
    "architecture_name": "A0",
    "fs_method": "none",
    "fs_percent": 1.0,
    "fs_n_features": 144
}