{
    "balanced_accuracy": 0.9235814927646611,
    "accuracy": 0.9229268292682927,
    "log_loss": 0.21860105844589414,
    "roc_auc": 0.9235814927646611,
    "f1": 0.9252601702932829,
    "precision": 0.8858695652173914,
    "recall": 0.9683168316831683,
    "inference_time": 0.02409982681274414,
    "training_time": 0,
    "dataset": "sylvine",
    "model": "mlp/simple_nd_nnw",
    "architecture_name": "A1",
    "fs_method": "random_3",
    "fs_percent": 0.8,
    "fs_n_features": 16
}