{
    "balanced_accuracy": 0.9084795269454309,
    "accuracy": 0.9085365853658537,
    "log_loss": 0.2711177780407117,
    "roc_auc": 0.908479526945431,
    "f1": 0.9108204518430439,
    "precision": 0.8906976744186047,
    "recall": 0.9318734793187348,
    "inference_time": 0.0184173583984375,
    "training_time": 0,
    "dataset": "sylvine",
    "model": "mlp/simple_nd",
    "fold": "F3",
    "architecture_name": "A0",
    "fs_method": "random_4",
    "fs_percent": 0.6,
    "fs_n_features": 12
}