{
    "balanced_accuracy": 0.45428575519287956,
    "accuracy": 0.5621677242325501
}