{
    "balanced_accuracy": 0.7092723929603362,
    "accuracy": 0.7071129707112971,
    "log_loss": 0.4881167131404507,
    "roc_auc": 0.7092723929603362,
    "f1": 0.6682464454976303,
    "precision": 0.7877094972067039,
    "recall": 0.5802469135802469,
    "inference_time": 0.07374310493469238,
    "training_time": 47.56159996986389,
    "dataset": "jasmine",
    "model": "transformer/cls",
    "fold": "F1",
    "architecture_name": "A18",
    "fs_method": "decision_tree",
    "fs_percent": 0.5,
    "fs_n_features": 72
}