{
    "balanced_accuracy": 0.8795661925097545,
    "accuracy": 0.8806262230919765,
    "log_loss": 0.24022172340045758,
    "roc_auc": 0.8795661925097545,
    "f1": 0.8721174004192872,
    "precision": 0.8851063829787233,
    "recall": 0.859504132231405,
    "training_time": 0.11811017990112305,
    "inference_time": 0.0012729167938232422,
    "dataset": "kr-vs-kp",
    "model": "xgboost",
    "fold": "F2",
    "architecture_name": "A3",
    "fs_method": "random_2",
    "fs_percent": 0.5,
    "fs_n_features": 18
}