{
    "balanced_accuracy": 0.9466320716320716,
    "accuracy": 0.9462209302325582
}