{
    "balanced_accuracy": 0.5818629994810587,
    "accuracy": 0.6666666666666666
}