{
    "balanced_accuracy": 0.5690210390725633,
    "accuracy": 0.7099236641221374
}