{
    "balanced_accuracy": 0.9826492365356847,
    "accuracy": 0.9823874755381604,
    "log_loss": 0.05128325186802804,
    "roc_auc": 0.9826492365356847,
    "f1": 0.9815195071868583,
    "precision": 0.9755102040816327,
    "recall": 0.987603305785124,
    "training_time": 0.05677080154418945,
    "inference_time": 0.0008306503295898438,
    "dataset": "kr-vs-kp",
    "model": "xgboost",
    "fold": "F4",
    "architecture_name": "A0",
    "fs_method": "linear_model",
    "fs_percent": 0.5,
    "fs_n_features": 18
}