{
    "valid_loss": {
        "balanced_accuracy": 0.7779360557138335,
        "accuracy": 0.779874213836478,
        "log_loss": 0.4599305047743419,
        "roc_auc": 0.7779360557138336,
        "f1": 0.8030018761726079,
        "precision": 0.7379310344827587,
        "recall": 0.8806584362139918
    }
}