{
    "balanced_accuracy": 0.4259126521158877,
    "accuracy": 0.6892230576441103
}