{
    "balanced_accuracy": 0.7273969004465458,
    "accuracy": 0.7280334728033473,
    "log_loss": 0.5371389919583367,
    "roc_auc": 0.7273969004465458,
    "f1": 0.7410358565737052,
    "precision": 0.7181467181467182,
    "recall": 0.7654320987654321,
    "inference_time": 0.012626171112060547,
    "training_time": 0,
    "dataset": "jasmine",
    "model": "mlp/simple_nd",
    "fold": "F1",
    "architecture_name": "A0",
    "fs_method": "random_3",
    "fs_percent": 0.5,
    "fs_n_features": 72
}