{
    "valid_loss": {
        "balanced_accuracy": 0.7645297412583487,
        "accuracy": 0.8439979523931406,
        "log_loss": 0.33891783514771645,
        "roc_auc": 0.7645297412583488,
        "f1": 0.8993809327280231,
        "precision": 0.8821243523316062,
        "recall": 0.9173261491833642
    }
}