{
    "valid_loss": {
        "balanced_accuracy": 0.940117551875119,
        "accuracy": 0.9402439024390243,
        "log_loss": 0.18181408971129825,
        "roc_auc": 0.9401175518751189,
        "f1": 0.9420118343195266,
        "precision": 0.9191685912240185,
        "recall": 0.9660194174757282
    }
}