{
    "balanced_accuracy": 0.7171598892910368,
    "accuracy": 0.7318840579710145,
    "log_loss": 0.5361449035445943,
    "roc_auc": 0.7171598892910368,
    "f1": 0.6605504587155964,
    "precision": 0.75,
    "recall": 0.5901639344262295,
    "inference_time": 0.003209352493286133,
    "training_time": 0,
    "dataset": "australian",
    "model": "mlp/simple_nnw",
    "architecture_name": "A0",
    "fs_method": "linear_model",
    "fs_percent": 0.5,
    "fs_n_features": 7
}