{
    "balanced_accuracy": 0.7639546727782022,
    "accuracy": 0.8603696098562629
}