{
    "balanced_accuracy": 0.6498338257016247,
    "accuracy": 0.905848787446505
}