{
    "balanced_accuracy": 0.7786890794223826,
    "accuracy": 0.7671691792294807,
    "log_loss": 0.8575627415847679,
    "roc_auc": 0.7786890794223826,
    "f1": 0.7890743550834598,
    "precision": 0.680628272251309,
    "recall": 0.9386281588447654,
    "inference_time": 0.015591859817504883,
    "training_time": 0,
    "dataset": "jasmine",
    "model": "mlp/simple",
    "architecture_name": "A0",
    "fs_method": "random_5",
    "fs_percent": 0.7,
    "fs_n_features": 100
}