{
    "balanced_accuracy": 0.7583892617449665,
    "accuracy": 0.7583892617449665
}