{
    "balanced_accuracy": 0.8325263586587628,
    "accuracy": 0.9614835948644793
}