{
    "balanced_accuracy": 0.9255710414247,
    "accuracy": 0.9241379310344827
}