{
    "balanced_accuracy": 0.9333333333333333,
    "accuracy": 0.8947368421052632
}