{
    "balanced_accuracy": 0.8634426229508196,
    "accuracy": 0.8558558558558559,
    "log_loss": 0.393125899784831,
    "roc_auc": 0.8634426229508196,
    "f1": 0.8545454545454545,
    "precision": 0.7833333333333333,
    "recall": 0.94,
    "inference_time": 0.0031032562255859375,
    "training_time": 0,
    "dataset": "australian",
    "model": "mlp/simple_nd_nn",
    "fold": "F0",
    "architecture_name": "A0",
    "fs_method": "random_1",
    "fs_percent": 0.6,
    "fs_n_features": 8
}