{
    "valid_loss": {
        "balanced_accuracy": 0.7775784511784511,
        "accuracy": 0.8424824056301984,
        "log_loss": 0.3371425719421201,
        "roc_auc": 0.7775784511784511,
        "f1": 0.896996067274705,
        "precision": 0.8916985526534686,
        "recall": 0.9023569023569024
    }
}