{
    "balanced_accuracy": 0.9442225567605764,
    "accuracy": 0.9452054794520548,
    "log_loss": 0.10428220772966518,
    "roc_auc": 0.9442225567605763,
    "f1": 0.9411764705882353,
    "precision": 0.9572649572649573,
    "recall": 0.9256198347107438,
    "training_time": 0.08859872817993164,
    "inference_time": 0.0009474754333496094,
    "dataset": "kr-vs-kp",
    "model": "xgboost",
    "fold": "F1",
    "architecture_name": "A3",
    "fs_method": "random_1",
    "fs_percent": 0.9,
    "fs_n_features": 32
}