{
    "balanced_accuracy": 0.40277777777777785,
    "accuracy": 0.5333333333333333
}