{
    "balanced_accuracy": 0.7832477426518731,
    "accuracy": 0.8456341488381616,
    "log_loss": 0.33987855622906293,
    "roc_auc": 0.7832477426518731,
    "f1": 0.8991709013105108,
    "precision": 0.8966528870516068,
    "recall": 0.9017030977604935,
    "training_time": 120.90574550628662,
    "inference_time": 0.19291186332702637,
    "dataset": "adult",
    "model": "mlp/full",
    "architecture_name": "A0",
    "fs_method": "f_classif",
    "fs_percent": 0.9,
    "fs_n_features": 12
}