{
    "valid_loss": {
        "balanced_accuracy": 0.5617115372730747,
        "accuracy": 0.6427269803837496,
        "log_loss": 1.0084449714360948
    }
}