{
    "valid_loss": {
        "balanced_accuracy": 0.5707685470155758,
        "accuracy": 0.6633440514469453,
        "log_loss": 0.9753632885679343
    }
}