{
    "balanced_accuracy": 0.945528341255458,
    "accuracy": 0.9592340055128391,
    "log_loss": 0.1319120087856484,
    "roc_auc": 0.945528341255458,
    "f1": 0.9718013045659809,
    "precision": 0.96685303514377,
    "recall": 0.9768004841638087,
    "inference_time": 0.17985129356384277,
    "training_time": 0,
    "dataset": "nomao",
    "model": "mlp/simple_nd",
    "architecture_name": "A1",
    "fs_method": "decision_tree",
    "fs_percent": 0.9,
    "fs_n_features": 106
}