{
    "balanced_accuracy": 0.8636013851481339,
    "accuracy": 0.8846781504986401,
    "log_loss": 0.2861919631002241,
    "roc_auc": 0.8636013851481339,
    "f1": 0.9186492709132771,
    "precision": 0.9243243243243243,
    "recall": 0.9130434782608695,
    "inference_time": 0.12610745429992676,
    "training_time": 0,
    "dataset": "nomao",
    "model": "mlp/simple_nnw",
    "fold": "F0",
    "architecture_name": "A1",
    "fs_method": "random_4",
    "fs_percent": 0.5,
    "fs_n_features": 59
}