{
    "balanced_accuracy": 0.7280265339966832,
    "accuracy": 0.7772020725388601
}