{
    "valid_loss": {
        "balanced_accuracy": 0.595469881329137,
        "accuracy": 0.6760638868045878,
        "log_loss": 0.9360805432437819
    }
}