{
  "dropout": 0.15566977066663787,
  "embedding_size": 128,
  "n_head": 16,
  "n_hid": 512,
  "n_layers": 2,
  "numerical_passthrough": false,
  "optimizer__lr": 0.07133813718100143
}