{
    "valid_loss": {
        "balanced_accuracy": 0.7632162076606521,
        "accuracy": 0.7651991614255765,
        "log_loss": 0.45917601442549205,
        "roc_auc": 0.7632162076606521,
        "f1": 0.7902621722846442,
        "precision": 0.7250859106529209,
        "recall": 0.8683127572016461
    }
}