{
    "balanced_accuracy": 0.7328951001852164,
    "accuracy": 0.8269772203736883,
    "log_loss": 0.3770589784396398,
    "roc_auc": 0.7328951001852164,
    "f1": 0.88923480255612,
    "precision": 0.8659645763523217,
    "recall": 0.9137902003704327,
    "training_time": 233.8306815624237,
    "inference_time": 0.15617632865905762,
    "dataset": "adult",
    "model": "mlp/full",
    "fold": "F4",
    "architecture_name": "A0",
    "fs_method": "f_classif",
    "fs_percent": 0.4,
    "fs_n_features": 5
}