{
    "balanced_accuracy": 0.4059334487115455,
    "accuracy": 0.6340852130325815
}