{
    "balanced_accuracy": 0.46226012634708286,
    "accuracy": 0.681704260651629
}