{
    "valid_loss": {
        "balanced_accuracy": 0.6246773380383869,
        "accuracy": 0.6806731696859256,
        "log_loss": 0.9310740464764699
    }
}