{
    "balanced_accuracy": 0.7874141414141413,
    "accuracy": 0.854382597568778,
    "log_loss": 0.3176948922482659,
    "roc_auc": 0.7874141414141415,
    "f1": 0.9053402096157045,
    "precision": 0.8947714567576455,
    "recall": 0.9161616161616162,
    "inference_time": 0.21784281730651855,
    "training_time": 0,
    "dataset": "adult",
    "model": "mlp/simple_nd",
    "fold": "F1",
    "architecture_name": "A1",
    "fs_method": "none",
    "fs_percent": 1.0,
    "fs_n_features": 14
}