{
    "balanced_accuracy": 0.8369919198746505,
    "accuracy": 0.8434442270058709,
    "log_loss": 1.4138269139044037,
    "roc_auc": 0.8369919198746505,
    "f1": 0.812206572769953,
    "precision": 0.9402173913043478,
    "recall": 0.7148760330578512,
    "inference_time": 0.058975934982299805,
    "training_time": 63.08602156799832,
    "dataset": "kr-vs-kp",
    "model": "transformer/cls",
    "fold": "F1",
    "architecture_name": "A2",
    "fs_method": "random_4",
    "fs_percent": 0.7,
    "fs_n_features": 25
}