{
    "balanced_accuracy": 0.717948717948718,
    "accuracy": 0.7169811320754716,
    "log_loss": 0.5347472688910778,
    "roc_auc": 0.7179487179487178,
    "f1": 0.7058823529411765,
    "precision": 0.75,
    "recall": 0.6666666666666666,
    "inference_time": 0.010192155838012695,
    "training_time": 0,
    "dataset": "jasmine",
    "model": "mlp/simple_nd_nn",
    "fold": "F3",
    "architecture_name": "A0",
    "fs_method": "random_5",
    "fs_percent": 0.5,
    "fs_n_features": 72
}