{
    "balanced_accuracy": 0.7632162076606521,
    "accuracy": 0.7672955974842768,
    "log_loss": 0.4660362791573569,
    "roc_auc": 0.7632162076606522,
    "f1": 0.8109028960817717,
    "precision": 0.6918604651162791,
    "recall": 0.9794238683127572,
    "training_time": 4.913430213928223,
    "inference_time": 0.01034092903137207,
    "dataset": "jasmine",
    "model": "mlp/full",
    "fold": "F3",
    "architecture_name": "A0",
    "fs_method": "decision_tree",
    "fs_percent": 0.8,
    "fs_n_features": 115
}