{
    "balanced_accuracy": 0.7007795253863135,
    "accuracy": 0.8316582914572864
}