{
    "balanced_accuracy": 0.7406417241959926,
    "accuracy": 0.8337599180957256,
    "log_loss": 0.3526143671007012,
    "roc_auc": 0.7406417241959926,
    "f1": 0.8937249447762415,
    "precision": 0.869191597708466,
    "recall": 0.9196834483919852,
    "training_time": 0.49385643005371094,
    "inference_time": 0.006131410598754883,
    "dataset": "adult",
    "model": "xgboost",
    "fold": "F3",
    "architecture_name": "A3",
    "fs_method": "random_5",
    "fs_percent": 0.9,
    "fs_n_features": 12
}