{
    "valid_loss": {
        "balanced_accuracy": 0.5283106448081022,
        "accuracy": 0.7759875653954053,
        "log_loss": 0.6684829713959718
    }
}