{
    "balanced_accuracy": 0.8607085346215781,
    "accuracy": 0.8617886178861789
}