{
    "balanced_accuracy": 0.9230542715899559,
    "accuracy": 0.9231707317073171,
    "log_loss": 0.19861968783342374,
    "roc_auc": 0.923054271589956,
    "f1": 0.926829268292683,
    "precision": 0.8866666666666667,
    "recall": 0.9708029197080292,
    "training_time": 15.992491483688354,
    "inference_time": 0.02643132209777832,
    "dataset": "sylvine",
    "model": "mlp/full",
    "fold": "F2",
    "architecture_name": "A1",
    "fs_method": "linear_model",
    "fs_percent": 0.6,
    "fs_n_features": 12
}