{
    "balanced_accuracy": 0.7685185185185186,
    "accuracy": 0.7714884696016772,
    "log_loss": 0.49991732611979717,
    "roc_auc": 0.7685185185185186,
    "f1": 0.8050089445438283,
    "precision": 0.7120253164556962,
    "recall": 0.9259259259259259,
    "inference_time": 0.009956598281860352,
    "training_time": 0,
    "dataset": "jasmine",
    "model": "mlp/simple_nd_nn",
    "fold": "F3",
    "architecture_name": "A0",
    "fs_method": "linear_model",
    "fs_percent": 0.8,
    "fs_n_features": 115
}