{
    "balanced_accuracy": 0.9651784187058632,
    "accuracy": 0.9718897352194414,
    "log_loss": 0.07768787292694523,
    "roc_auc": 0.9651784187058632,
    "f1": 0.980302452662346,
    "precision": 0.9796799593599187,
    "recall": 0.9809257375381485,
    "training_time": 2.1643083095550537,
    "inference_time": 0.010434150695800781
}