{
    "balanced_accuracy": 0.8997992639678822,
    "accuracy": 0.9,
    "log_loss": 0.28459550867166683,
    "roc_auc": 0.8997992639678823,
    "f1": 0.8888888888888888,
    "precision": 0.88,
    "recall": 0.8979591836734694,
    "inference_time": 0.0028057098388671875,
    "training_time": 0,
    "dataset": "australian",
    "model": "mlp/simple_nd_nn",
    "fold": "F2",
    "architecture_name": "A0",
    "fs_method": "decision_tree",
    "fs_percent": 0.8,
    "fs_n_features": 11
}