{
    "balanced_accuracy": 0.5063492063492063,
    "accuracy": 0.10115606936416185
}