{
    "balanced_accuracy": 0.9958677685950413,
    "accuracy": 0.9960861056751468,
    "log_loss": 0.017223734640865584,
    "roc_auc": 0.9958677685950413,
    "f1": 0.995850622406639,
    "precision": 1.0,
    "recall": 0.9917355371900827,
    "training_time": 0.08258056640625,
    "inference_time": 0.001547098159790039
}