{
    "balanced_accuracy": 0.9491843067375343,
    "accuracy": 0.949119373776908,
    "log_loss": 0.15566705121446767,
    "roc_auc": 0.9491843067375343,
    "f1": 0.9465020576131687,
    "precision": 0.9426229508196722,
    "recall": 0.9504132231404959,
    "inference_time": 0.012808561325073242,
    "training_time": 0,
    "dataset": "kr-vs-kp",
    "model": "mlp/simple_nd_nn",
    "fold": "F4",
    "architecture_name": "A1",
    "fs_method": "random_2",
    "fs_percent": 0.8,
    "fs_n_features": 28
}