{
    "balanced_accuracy": 0.8175475079901884,
    "accuracy": 0.8817769718948323,
    "log_loss": 0.2600903846373105,
    "roc_auc": 0.8175475079901884,
    "f1": 0.9211417513304305,
    "precision": 0.8784313725490196,
    "recall": 0.9682176455631833,
    "inference_time": 0.15872597694396973,
    "training_time": 0,
    "dataset": "nomao",
    "model": "mlp/simple_nd",
    "fold": "F1",
    "architecture_name": "A1",
    "fs_method": "random_1",
    "fs_percent": 0.5,
    "fs_n_features": 59
}