{
    "valid_loss": {
        "balanced_accuracy": 0.9204422175099156,
        "accuracy": 0.9485040797824116,
        "log_loss": 0.13184064451920782,
        "roc_auc": 0.9204422175099156,
        "f1": 0.9646854016413827,
        "precision": 0.9440253102944756,
        "recall": 0.9862700228832952
    }
}