{
    "balanced_accuracy": 0.5261577915362243,
    "accuracy": 0.6126017485679831
}