{
    "balanced_accuracy": 0.7957872053872054,
    "accuracy": 0.872936660268714,
    "log_loss": 0.27731158437370246,
    "roc_auc": 0.7957872053872053,
    "f1": 0.9186665574576133,
    "precision": 0.8945605359706492,
    "recall": 0.9441077441077441,
    "training_time": 0.33472418785095215,
    "inference_time": 0.005713224411010742
}