{
    "balanced_accuracy": 0.930754994352752,
    "accuracy": 0.9519405150525934,
    "log_loss": 0.1247060371523641,
    "roc_auc": 0.9307549943527521,
    "f1": 0.9667794910367306,
    "precision": 0.9535113748763601,
    "recall": 0.9804220696669209,
    "training_time": 88.62762236595154,
    "inference_time": 0.11044979095458984,
    "dataset": "nomao",
    "model": "mlp/full",
    "fold": "F2",
    "architecture_name": "A0",
    "fs_method": "decision_tree",
    "fs_percent": 0.5,
    "fs_n_features": 59
}