{
    "balanced_accuracy": 0.9153291542251112,
    "accuracy": 0.9334421472615161,
    "log_loss": 0.20281960045473021,
    "roc_auc": 0.9153291542251112,
    "f1": 0.9535501835210732,
    "precision": 0.9493447580645161,
    "recall": 0.9577930333079074,
    "inference_time": 0.5333027839660645,
    "training_time": 428.58462623755133,
    "dataset": "nomao",
    "model": "transformer/cls",
    "fold": "F2",
    "architecture_name": "A24",
    "fs_method": "decision_tree",
    "fs_percent": 0.6,
    "fs_n_features": 70
}