{
    "balanced_accuracy": 0.9388087759375595,
    "accuracy": 0.9390243902439024,
    "log_loss": 0.17169570588458755,
    "roc_auc": 0.9388087759375595,
    "f1": 0.9418604651162791,
    "precision": 0.9040178571428571,
    "recall": 0.9830097087378641,
    "inference_time": 0.06979846954345703,
    "training_time": 34.50674486160278
}