{
    "balanced_accuracy": 0.9508356631540139,
    "accuracy": 0.9510763209393346,
    "log_loss": 0.09507726750144248,
    "roc_auc": 0.9508356631540138,
    "f1": 0.94824016563147,
    "precision": 0.950207468879668,
    "recall": 0.9462809917355371,
    "training_time": 0.07093119621276855,
    "inference_time": 0.0008492469787597656,
    "dataset": "kr-vs-kp",
    "model": "xgboost",
    "fold": "F1",
    "architecture_name": "A2",
    "fs_method": "random_4",
    "fs_percent": 0.8,
    "fs_n_features": 28
}