{
    "valid_loss": {
        "balanced_accuracy": 0.9463410996389268,
        "accuracy": 0.9606527651858567,
        "log_loss": 0.11719438504511974,
        "roc_auc": 0.9463410996389268,
        "f1": 0.9726182965299685,
        "precision": 0.9654308617234469,
        "recall": 0.9799135519959319
    }
}