{
    "balanced_accuracy": 0.7570821548821549,
    "accuracy": 0.8451695457453615,
    "log_loss": 0.33312244441325706,
    "roc_auc": 0.7570821548821549,
    "f1": 0.9009495743287492,
    "precision": 0.8768323773103888,
    "recall": 0.9264309764309764,
    "training_time": 0.2630171775817871,
    "inference_time": 0.004069089889526367
}