{
    "balanced_accuracy": 0.4343434343434343,
    "accuracy": 0.8918918918918919
}