{
    "balanced_accuracy": 0.7609428231901877,
    "accuracy": 0.8083061298512876,
    "log_loss": 0.6603446643417596,
    "roc_auc": 0.7609428231901876,
    "f1": 0.8664560960202148,
    "precision": 0.8609088626663319,
    "recall": 0.8720752797558494,
    "inference_time": 0.40766072273254395,
    "training_time": 419.3402897242842,
    "dataset": "nomao",
    "model": "transformer/cls",
    "fold": "F4",
    "architecture_name": "A28",
    "fs_method": "f_classif",
    "fs_percent": 0.4,
    "fs_n_features": 47
}