{
    "balanced_accuracy": 0.7234426229508197,
    "accuracy": 0.7297297297297297,
    "log_loss": 0.4792453082418798,
    "roc_auc": 0.7234426229508197,
    "f1": 0.6875,
    "precision": 0.717391304347826,
    "recall": 0.66,
    "training_time": 0.0437774658203125,
    "inference_time": 0.0006699562072753906,
    "dataset": "australian",
    "model": "xgboost",
    "fold": "F0",
    "architecture_name": "A2",
    "fs_method": "random_5",
    "fs_percent": 0.7,
    "fs_n_features": 9
}