{
    "balanced_accuracy": 0.6672800267648042,
    "accuracy": 0.7,
    "log_loss": 0.7480684873638414,
    "roc_auc": 0.6672800267648042,
    "f1": 0.5217391304347826,
    "precision": 0.9,
    "recall": 0.3673469387755102,
    "inference_time": 0.019191741943359375,
    "training_time": 8.269290566444397,
    "dataset": "australian",
    "model": "transformer/cls",
    "fold": "F2",
    "architecture_name": "A19",
    "fs_method": "random_1",
    "fs_percent": 0.4,
    "fs_n_features": 5
}