{
    "balanced_accuracy": 0.9486968988512722,
    "accuracy": 0.948780487804878,
    "log_loss": 0.1302180619069104,
    "roc_auc": 0.9486968988512722,
    "f1": 0.9505882352941176,
    "precision": 0.9202733485193622,
    "recall": 0.9829683698296837,
    "training_time": 0.08514809608459473,
    "inference_time": 0.0011320114135742188,
    "dataset": "sylvine",
    "model": "xgboost",
    "fold": "F3",
    "architecture_name": "A0",
    "fs_method": "decision_tree",
    "fs_percent": 0.4,
    "fs_n_features": 8
}