{
    "balanced_accuracy": 0.7751677852348993,
    "accuracy": 0.7751677852348994
}