{
    "valid_loss": {
        "balanced_accuracy": 0.9336963203794468,
        "accuracy": 0.9533913674283642,
        "log_loss": 0.11983242587779015,
        "roc_auc": 0.9336963203794469,
        "f1": 0.9677257315082255,
        "precision": 0.9558422227735053,
        "recall": 0.9799084435401831
    }
}