{
    "balanced_accuracy": 0.7839506172839505,
    "accuracy": 0.7861635220125787,
    "log_loss": 0.4501268364406196,
    "roc_auc": 0.7839506172839508,
    "f1": 0.8111111111111111,
    "precision": 0.7373737373737373,
    "recall": 0.9012345679012346,
    "training_time": 0.05645251274108887,
    "inference_time": 0.0007433891296386719,
    "dataset": "jasmine",
    "model": "xgboost",
    "fold": "F3",
    "architecture_name": "A0",
    "fs_method": "random_5",
    "fs_percent": 0.4,
    "fs_n_features": 57
}