{
    "balanced_accuracy": 0.6855622383117248,
    "accuracy": 0.7156385973893012,
    "log_loss": 0.5167941412693934,
    "roc_auc": 0.6855622383117247,
    "f1": 0.7989504162142599,
    "precision": 0.8634852337179738,
    "recall": 0.7433911432901161,
    "inference_time": 0.5264756679534912,
    "training_time": 250.26539334006935
}