{
    "balanced_accuracy": 0.8593177184335727,
    "accuracy": 0.8650951949229374,
    "log_loss": 0.3211591866600497,
    "roc_auc": 0.8593177184335726,
    "f1": 0.902233902759527,
    "precision": 0.9336415556159913,
    "recall": 0.8728705822527333,
    "inference_time": 0.12533187866210938,
    "training_time": 0,
    "dataset": "nomao",
    "model": "mlp/simple_nd_nn",
    "fold": "F0",
    "architecture_name": "A1",
    "fs_method": "decision_tree",
    "fs_percent": 0.4,
    "fs_n_features": 47
}