{
    "balanced_accuracy": 0.5532326751838947,
    "accuracy": 0.5862068965517241
}