{
    "balanced_accuracy": 0.7716574730759127,
    "accuracy": 0.7719665271966527,
    "log_loss": 0.4796449205418034,
    "roc_auc": 0.7716574730759127,
    "f1": 0.7789046653144016,
    "precision": 0.768,
    "recall": 0.7901234567901234,
    "inference_time": 0.010574817657470703,
    "training_time": 0,
    "dataset": "jasmine",
    "model": "mlp/simple_nd_nn",
    "fold": "F1",
    "architecture_name": "A0",
    "fs_method": "decision_tree",
    "fs_percent": 0.6,
    "fs_n_features": 86
}