{
    "balanced_accuracy": 0.8223330167774612,
    "accuracy": 0.8238993710691824,
    "log_loss": 0.3915004941919776,
    "roc_auc": 0.8223330167774613,
    "f1": 0.8396946564885496,
    "precision": 0.7829181494661922,
    "recall": 0.9053497942386831,
    "training_time": 0.12860965728759766,
    "inference_time": 0.0010230541229248047
}