{
    "valid_loss": {
        "balanced_accuracy": 0.9369794886086578,
        "accuracy": 0.9543064369900272,
        "log_loss": 0.11826767248408775,
        "roc_auc": 0.9369794886086578,
        "f1": 0.9682699571896248,
        "precision": 0.9590920429034672,
        "recall": 0.9776252224764811
    }
}