{
    "balanced_accuracy": 0.7737292929292929,
    "accuracy": 0.8493921944977607,
    "log_loss": 0.3431692508922518,
    "roc_auc": 0.7737292929292928,
    "f1": 0.9027031495412086,
    "precision": 0.886795517297385,
    "recall": 0.9191919191919192,
    "inference_time": 0.16200852394104004,
    "training_time": 0,
    "dataset": "adult",
    "model": "mlp/simple_nd",
    "fold": "F0",
    "architecture_name": "A0",
    "fs_method": "random_2",
    "fs_percent": 0.7,
    "fs_n_features": 9
}