{
    "balanced_accuracy": 0.4981184371184372,
    "accuracy": 0.6859296482412061
}