{
    "valid_loss": {
        "balanced_accuracy": 0.9312509679445706,
        "accuracy": 0.9504896626768227,
        "log_loss": 0.12155497189997566,
        "roc_auc": 0.9312509679445706,
        "f1": 0.965673330818559,
        "precision": 0.9552238805970149,
        "recall": 0.9763539282990084
    }
}