{
    "balanced_accuracy": 0.7921717171717171,
    "accuracy": 0.8574536148432501,
    "log_loss": 0.3044361925271747,
    "roc_auc": 0.7921717171717172,
    "f1": 0.9072902796271638,
    "precision": 0.8971362738643844,
    "recall": 0.9176767676767676,
    "inference_time": 0.58642578125,
    "training_time": 159.6230552196503,
    "dataset": "adult",
    "model": "transformer/cls",
    "fold": "F1",
    "architecture_name": "A20",
    "fs_method": "none",
    "fs_percent": 1.0,
    "fs_n_features": 14
}