{
    "balanced_accuracy": 0.9501580312743192,
    "accuracy": 0.9604642727602466,
    "log_loss": 0.09925163833246232,
    "roc_auc": 0.9501580312743193,
    "f1": 0.9723420451662015,
    "precision": 0.9703722461382629,
    "recall": 0.9743198576150521,
    "training_time": 0.38102293014526367,
    "inference_time": 0.0035371780395507812,
    "dataset": "nomao",
    "model": "xgboost",
    "fold": "F2",
    "architecture_name": "A0",
    "fs_method": "random_5",
    "fs_percent": 0.5,
    "fs_n_features": 59
}