{
    "balanced_accuracy": 0.8207895829825447,
    "accuracy": 0.8413104683900691,
    "log_loss": 0.32563558688293176,
    "roc_auc": 0.8207895829825448,
    "f1": 0.8917786699249433,
    "precision": 0.9257111795615147,
    "recall": 0.8602458326317561,
    "inference_time": 0.8893332481384277,
    "training_time": 295.08610796928406,
    "dataset": "adult",
    "model": "transformer/cls",
    "fold": "F4",
    "architecture_name": "A22",
    "fs_method": "random_2",
    "fs_percent": 0.9,
    "fs_n_features": 12
}