{
    "balanced_accuracy": 0.5642663569492837,
    "accuracy": 0.5862068965517241
}