{
    "balanced_accuracy": 0.7813390313390314,
    "accuracy": 0.7840670859538784,
    "log_loss": 0.46494887491401676,
    "roc_auc": 0.7813390313390314,
    "f1": 0.8137432188065099,
    "precision": 0.7258064516129032,
    "recall": 0.9259259259259259,
    "inference_time": 0.013408422470092773,
    "training_time": 0,
    "dataset": "jasmine",
    "model": "mlp/simple",
    "fold": "F2",
    "architecture_name": "A1",
    "fs_method": "decision_tree",
    "fs_percent": 0.6,
    "fs_n_features": 86
}