{
    "balanced_accuracy": 0.6363636363636364,
    "accuracy": 0.926605504587156
}