{
    "balanced_accuracy": 0.8137466071272218,
    "accuracy": 0.8158995815899581,
    "log_loss": 0.4159213187094413,
    "roc_auc": 0.8137466071272218,
    "f1": 0.8388278388278388,
    "precision": 0.7557755775577558,
    "recall": 0.9423868312757202,
    "inference_time": 0.013488054275512695,
    "training_time": 0,
    "dataset": "jasmine",
    "model": "mlp/simple",
    "fold": "F0",
    "architecture_name": "A1",
    "fs_method": "linear_model",
    "fs_percent": 0.7,
    "fs_n_features": 100
}