{
    "balanced_accuracy": 0.7587155963302752,
    "accuracy": 0.8489208633093526
}