{
    "balanced_accuracy": 0.7526174496644296,
    "accuracy": 0.7525083612040134
}