{
    "balanced_accuracy": 0.9551561231268915,
    "accuracy": 0.9635473340587595,
    "log_loss": 0.09172155909237689,
    "roc_auc": 0.9551561231268917,
    "f1": 0.9744567289363324,
    "precision": 0.9740853658536586,
    "recall": 0.9748283752860412,
    "training_time": 0.45342493057250977,
    "inference_time": 0.0033485889434814453,
    "dataset": "nomao",
    "model": "xgboost",
    "fold": "F2",
    "architecture_name": "A0",
    "fs_method": "decision_tree",
    "fs_percent": 0.7,
    "fs_n_features": 82
}