{
    "valid_loss": {
        "balanced_accuracy": 0.9372337474441523,
        "accuracy": 0.9546690843155031,
        "log_loss": 0.12114372530279084,
        "roc_auc": 0.9372337474441523,
        "f1": 0.9685297079556898,
        "precision": 0.9591124407878334,
        "recall": 0.9781337401474701
    }
}