{
    "balanced_accuracy": 0.6548211324330727,
    "accuracy": 0.7409326424870466
}