{
    "valid_loss": {
        "balanced_accuracy": 0.5687784936039185,
        "accuracy": 0.7863669105660235,
        "log_loss": 0.6804523559685353
    }
}