{
    "balanced_accuracy": 0.7445932659932659,
    "accuracy": 0.8333973128598848,
    "log_loss": 0.3539059901342041,
    "roc_auc": 0.744593265993266,
    "f1": 0.8930683311432326,
    "precision": 0.8718729955099422,
    "recall": 0.9153198653198653,
    "training_time": 117.35738062858582,
    "inference_time": 0.2179880142211914,
    "dataset": "adult",
    "model": "mlp/full",
    "fold": "F2",
    "architecture_name": "A1",
    "fs_method": "decision_tree",
    "fs_percent": 0.7,
    "fs_n_features": 9
}