{
    "balanced_accuracy": 0.954553135272973,
    "accuracy": 0.9549902152641878,
    "log_loss": 0.098212161549544,
    "roc_auc": 0.954553135272973,
    "f1": 0.9521829521829522,
    "precision": 0.9581589958158996,
    "recall": 0.9462809917355371,
    "training_time": 0.1083228588104248,
    "inference_time": 0.0012888908386230469,
    "dataset": "kr-vs-kp",
    "model": "xgboost",
    "fold": "F3",
    "architecture_name": "A3",
    "fs_method": "random_2",
    "fs_percent": 0.6,
    "fs_n_features": 21
}