{
    "valid_loss": {
        "balanced_accuracy": 0.7891737891737891,
        "accuracy": 0.7924528301886793,
        "log_loss": 0.41962677405199816,
        "roc_auc": 0.7891737891737891,
        "f1": 0.8253968253968254,
        "precision": 0.7222222222222222,
        "recall": 0.9629629629629629
    }
}