{
    "valid_loss": {
        "balanced_accuracy": 0.9309900739885255,
        "accuracy": 0.9535727239753355,
        "log_loss": 0.11371629740759479,
        "roc_auc": 0.9309900739885255,
        "f1": 0.9679759819864898,
        "precision": 0.9524864598719842,
        "recall": 0.9839776195320448
    }
}