{
    "balanced_accuracy": 0.9156553398058253,
    "accuracy": 0.9158536585365854,
    "log_loss": 0.2191868967187852,
    "roc_auc": 0.9156553398058253,
    "f1": 0.9194865810968494,
    "precision": 0.8853932584269663,
    "recall": 0.9563106796116505,
    "inference_time": 0.017438650131225586,
    "training_time": 0,
    "dataset": "sylvine",
    "model": "mlp/simple_nd_nn",
    "fold": "F0",
    "architecture_name": "A0",
    "fs_method": "random_4",
    "fs_percent": 0.9,
    "fs_n_features": 18
}