{
  "dropout": 0.18935880668490432,
  "embedding_size": 256,
  "n_head": 8,
  "n_hid": 512,
  "n_layers": 3,
  "numerical_passthrough": false,
  "optimizer__lr": 0.0290434629445377
}