{
    "balanced_accuracy": 0.7894511784511784,
    "accuracy": 0.8505438259756878,
    "log_loss": 0.31813314332708564,
    "roc_auc": 0.7894511784511783,
    "f1": 0.9021939373639256,
    "precision": 0.8975341552815728,
    "recall": 0.9069023569023569,
    "inference_time": 0.8669648170471191,
    "training_time": 284.9610357284546,
    "dataset": "adult",
    "model": "transformer/cls",
    "fold": "F2",
    "architecture_name": "A22",
    "fs_method": "random_3",
    "fs_percent": 0.9,
    "fs_n_features": 12
}