{
    "valid_loss": {
        "balanced_accuracy": 0.7828835016835016,
        "accuracy": 0.8455534229046705,
        "log_loss": 0.3412162969907597,
        "roc_auc": 0.7828835016835016,
        "f1": 0.8989027556746796,
        "precision": 0.8944824137356227,
        "recall": 0.9033670033670034
    }
}