{
    "valid_loss": {
        "balanced_accuracy": 0.7980949494949494,
        "accuracy": 0.8592450415866922,
        "log_loss": 0.30157908286526286,
        "roc_auc": 0.7980949494949494,
        "f1": 0.9081649691100351,
        "precision": 0.9007949652202716,
        "recall": 0.9156565656565656
    }
}