{
    "valid_loss": {
        "balanced_accuracy": 0.5885446741314228,
        "accuracy": 0.6639511201629328,
        "log_loss": 0.9711264885638374
    }
}