{
    "balanced_accuracy": 0.5664893617021276,
    "accuracy": 0.6940298507462687
}