{
    "balanced_accuracy": 0.7489126798260288,
    "accuracy": 0.7727272727272727,
    "log_loss": 0.5362773519011778,
    "roc_auc": 0.7489126798260288,
    "f1": 0.6753246753246753,
    "precision": 0.9285714285714286,
    "recall": 0.5306122448979592,
    "inference_time": 0.004010677337646484,
    "training_time": 0,
    "dataset": "australian",
    "model": "mlp/simple",
    "fold": "F3",
    "architecture_name": "A1",
    "fs_method": "random_2",
    "fs_percent": 0.5,
    "fs_n_features": 7
}