{
    "balanced_accuracy": 0.859776168531929,
    "accuracy": 0.8648648648648649,
    "log_loss": 0.30305332679635355,
    "roc_auc": 0.859776168531929,
    "f1": 0.8421052631578947,
    "precision": 0.8695652173913043,
    "recall": 0.8163265306122449,
    "inference_time": 0.003092050552368164,
    "training_time": 0,
    "dataset": "australian",
    "model": "mlp/simple_nd",
    "fold": "F1",
    "architecture_name": "A0",
    "fs_method": "random_5",
    "fs_percent": 0.9,
    "fs_n_features": 12
}