{
    "valid_loss": {
        "balanced_accuracy": 0.33326991490007524,
        "accuracy": 0.6184320266889074,
        "log_loss": 1.109852651374186
    }
}