{
    "balanced_accuracy": 0.943725848003435,
    "accuracy": 0.9438339438339438,
    "log_loss": 0.15842897424278268,
    "roc_auc": 0.943725848003435,
    "f1": 0.9456264775413712,
    "precision": 0.9195402298850575,
    "recall": 0.9732360097323601,
    "training_time": 18.22751474380493,
    "inference_time": 0.041860342025756836,
    "dataset": "sylvine",
    "model": "mlp/full",
    "fold": "F4",
    "architecture_name": "A1",
    "fs_method": "decision_tree",
    "fs_percent": 0.5,
    "fs_n_features": 10
}