{
    "balanced_accuracy": 0.5389280274181264,
    "accuracy": 0.5424390243902439,
    "log_loss": 2.634855980401972,
    "roc_auc": 0.5389280274181265,
    "f1": 0.39169909208819714,
    "precision": 0.5676691729323309,
    "recall": 0.299009900990099,
    "inference_time": 0.025274038314819336,
    "training_time": 0,
    "dataset": "sylvine",
    "model": "mlp/simple",
    "architecture_name": "A0",
    "fs_method": "random_4",
    "fs_percent": 0.9,
    "fs_n_features": 18
}