{
  "dropout": 0.20304620095661513,
  "embedding_size": 128,
  "n_head": 32,
  "n_hid": 64,
  "n_layers": 2,
  "numerical_passthrough": false,
  "optimizer__lr": 0.0007659749819934852
}