{
    "balanced_accuracy": 0.6127452208564854,
    "accuracy": 0.8085487586383414,
    "log_loss": 0.4110252345310408,
    "roc_auc": 0.6127452208564854,
    "f1": 0.887060244602144,
    "precision": 0.8040235390721227,
    "recall": 0.9892237750463041,
    "inference_time": 0.1439056396484375,
    "training_time": 0,
    "dataset": "adult",
    "model": "mlp/simple_nd_nnw",
    "fold": "F3",
    "architecture_name": "A0",
    "fs_method": "linear_model",
    "fs_percent": 0.7,
    "fs_n_features": 9
}