{
    "balanced_accuracy": 0.8786078098471987,
    "accuracy": 0.8695652173913043
}