{
    "balanced_accuracy": 0.954021366426544,
    "accuracy": 0.9635473340587595,
    "log_loss": 0.09657350892219109,
    "roc_auc": 0.954021366426544,
    "f1": 0.9744956223829463,
    "precision": 0.9726443768996961,
    "recall": 0.9763539282990084,
    "inference_time": 0.7700016498565674,
    "training_time": 428.58462623755133,
    "dataset": "nomao",
    "model": "transformer/cls",
    "fold": "F2",
    "architecture_name": "A24",
    "fs_method": "none",
    "fs_percent": 1.0,
    "fs_n_features": 118
}