{
    "valid_loss": {
        "balanced_accuracy": 0.5921032885844913,
        "accuracy": 0.6666666666666666,
        "log_loss": 0.9497814056600921
    }
}