{
    "balanced_accuracy": 0.5296052631578947,
    "accuracy": 0.674074074074074
}