{
    "balanced_accuracy": 0.7687559354226021,
    "accuracy": 0.7714884696016772,
    "log_loss": 0.46762655218895943,
    "roc_auc": 0.7687559354226021,
    "f1": 0.8028933092224232,
    "precision": 0.7161290322580646,
    "recall": 0.9135802469135802,
    "inference_time": 0.01233363151550293,
    "training_time": 0,
    "dataset": "jasmine",
    "model": "mlp/simple",
    "fold": "F4",
    "architecture_name": "A0",
    "fs_method": "f_classif",
    "fs_percent": 0.4,
    "fs_n_features": 57
}