{
    "valid_loss": {
        "balanced_accuracy": 0.32894804218314844,
        "accuracy": 0.6149821821214648,
        "log_loss": 1.1007104035661979
    }
}