{
    "balanced_accuracy": 0.7777777777777778,
    "accuracy": 0.9459459459459459
}