{
    "balanced_accuracy": 0.8373015873015873,
    "accuracy": 0.8385416666666666
}