{
    "valid_loss": {
        "balanced_accuracy": 0.7817200651063592,
        "accuracy": 0.8631942667007935,
        "log_loss": 0.2912188204999244,
        "roc_auc": 0.7817200651063592,
        "f1": 0.9124846500204666,
        "precision": 0.8879859783301466,
        "recall": 0.9383734635460516
    }
}