{
    "balanced_accuracy": 0.43574879227053137,
    "accuracy": 0.7666666666666667
}