{
    "balanced_accuracy": 0.7656375838926175,
    "accuracy": 0.7658862876254181
}