{
    "balanced_accuracy": 0.5192570675259746,
    "accuracy": 0.6074534161490683
}