{
    "balanced_accuracy": 0.7483221476510067,
    "accuracy": 0.7483221476510067
}