{
    "balanced_accuracy": 0.5297906602254429,
    "accuracy": 0.5447154471544715
}