{
    "valid_loss": {
        "balanced_accuracy": 0.791203367003367,
        "accuracy": 0.8568138195777352,
        "log_loss": 0.3039226805534304,
        "roc_auc": 0.7912033670033671,
        "f1": 0.9068819172838479,
        "precision": 0.8966595359552411,
        "recall": 0.9173400673400673
    }
}