{
    "valid_loss": {
        "balanced_accuracy": 0.7798639730639731,
        "accuracy": 0.8490083173384517,
        "log_loss": 0.33605568287520204,
        "roc_auc": 0.7798639730639731,
        "f1": 0.9018629407850964,
        "precision": 0.891190006574622,
        "recall": 0.9127946127946128
    }
}