{
    "valid_loss": {
        "balanced_accuracy": 0.3340714213184181,
        "accuracy": 0.6154225272017287,
        "log_loss": 1.1053431923279189
    }
}