{
    "valid_loss": {
        "balanced_accuracy": 0.7751794802716507,
        "accuracy": 0.8610186844125928,
        "log_loss": 0.3022199211284063,
        "roc_auc": 0.7751794802716507,
        "f1": 0.9113758772645667,
        "precision": 0.8842438638163104,
        "recall": 0.940225627209968
    }
}