{
    "balanced_accuracy": 0.9624028387968908,
    "accuracy": 0.9628180039138943,
    "log_loss": 0.09725073584570985,
    "roc_auc": 0.9624028387968909,
    "f1": 0.9604989604989606,
    "precision": 0.9665271966527197,
    "recall": 0.9545454545454546,
    "inference_time": 0.012631416320800781,
    "training_time": 0,
    "dataset": "kr-vs-kp",
    "model": "mlp/simple_nnw",
    "fold": "F4",
    "architecture_name": "A1",
    "fs_method": "none",
    "fs_percent": 1.0,
    "fs_n_features": 36
}