{
    "balanced_accuracy": 0.4844487363147983,
    "accuracy": 0.6595419847328244
}