{
    "balanced_accuracy": 0.9527964132467889,
    "accuracy": 0.9655485040797824,
    "log_loss": 0.0922518241426224,
    "roc_auc": 0.9527964132467889,
    "f1": 0.976010101010101,
    "precision": 0.9694005517933283,
    "recall": 0.9827103991863717,
    "training_time": 1.385502815246582,
    "inference_time": 0.009604215621948242,
    "dataset": "nomao",
    "model": "xgboost",
    "fold": "F1",
    "architecture_name": "A2",
    "fs_method": "random_5",
    "fs_percent": 0.7,
    "fs_n_features": 82
}