{
    "balanced_accuracy": 0.9631989552298528,
    "accuracy": 0.9708399825910344,
    "log_loss": 0.08593361180229837,
    "roc_auc": 0.9631989552298528,
    "f1": 0.9797440290234808,
    "precision": 0.9788562223117196,
    "recall": 0.9806334476497882,
    "training_time": 0.7780489921569824,
    "inference_time": 0.00481724739074707,
    "dataset": "nomao",
    "model": "xgboost",
    "architecture_name": "A3",
    "fs_method": "decision_tree",
    "fs_percent": 0.8,
    "fs_n_features": 94
}