{
    "balanced_accuracy": 0.8256568534346311,
    "accuracy": 0.8280922431865828,
    "log_loss": 0.39626872279197833,
    "roc_auc": 0.8256568534346312,
    "f1": 0.8498168498168498,
    "precision": 0.7656765676567657,
    "recall": 0.9547325102880658,
    "inference_time": 0.05765795707702637,
    "training_time": 58.17600582894826,
    "dataset": "jasmine",
    "model": "transformer/cls",
    "fold": "F4",
    "architecture_name": "A8",
    "fs_method": "none",
    "fs_percent": 1.0,
    "fs_n_features": 144
}