{
    "valid_loss": {
        "balanced_accuracy": 0.9351323053493241,
        "accuracy": 0.9353658536585366,
        "log_loss": 0.1910889728381099,
        "roc_auc": 0.9351323053493241,
        "f1": 0.9385863267670915,
        "precision": 0.8980044345898004,
        "recall": 0.9830097087378641
    }
}