{
    "balanced_accuracy": 0.40321978021978017,
    "accuracy": 0.6365914786967418
}