{
    "balanced_accuracy": 0.942537824617977,
    "accuracy": 0.9568449682683591,
    "log_loss": 0.11630244428683555,
    "roc_auc": 0.942537824617977,
    "f1": 0.9699343102577059,
    "precision": 0.9638463469746422,
    "recall": 0.9760996694635139,
    "training_time": 0.8505682945251465,
    "inference_time": 0.008152484893798828,
    "dataset": "nomao",
    "model": "xgboost",
    "fold": "F1",
    "architecture_name": "A2",
    "fs_method": "random_3",
    "fs_percent": 0.4,
    "fs_n_features": 47
}