{
    "balanced_accuracy": 0.5936319615638521,
    "accuracy": 0.6753090141694302
}