{
    "balanced_accuracy": 0.4329116648057367,
    "accuracy": 0.5566798147830561
}