{
    "balanced_accuracy": 0.9028179741051028,
    "accuracy": 0.9024390243902439,
    "log_loss": 0.22850907594286893,
    "roc_auc": 0.9028179741051028,
    "f1": 0.9036608863198459,
    "precision": 0.8799249530956847,
    "recall": 0.9287128712871288,
    "inference_time": 0.021454572677612305,
    "training_time": 0,
    "dataset": "sylvine",
    "model": "mlp/simple_nd_nn",
    "architecture_name": "A0",
    "fs_method": "random_4",
    "fs_percent": 0.9,
    "fs_n_features": 18
}