{
    "balanced_accuracy": 0.9461736150770987,
    "accuracy": 0.9463414634146341,
    "log_loss": 0.1607638833947853,
    "roc_auc": 0.9461736150770987,
    "f1": 0.9483568075117371,
    "precision": 0.9181818181818182,
    "recall": 0.9805825242718447,
    "training_time": 0.16536188125610352,
    "inference_time": 0.0011370182037353516,
    "dataset": "sylvine",
    "model": "xgboost",
    "fold": "F1",
    "architecture_name": "A2",
    "fs_method": "random_2",
    "fs_percent": 0.7,
    "fs_n_features": 14
}