{
    "balanced_accuracy": 0.5240431048998148,
    "accuracy": 0.7674686460199641,
    "log_loss": 0.48500503201507655,
    "roc_auc": 0.5240431048998148,
    "f1": 0.866406881846923,
    "precision": 0.7689898198903681,
    "recall": 0.9920862097996296,
    "inference_time": 0.18480730056762695,
    "training_time": 0,
    "dataset": "adult",
    "model": "mlp/simple_nd_nn",
    "fold": "F4",
    "architecture_name": "A1",
    "fs_method": "decision_tree",
    "fs_percent": 0.4,
    "fs_n_features": 5
}