{
    "valid_loss": {
        "balanced_accuracy": 0.5347862000093435,
        "accuracy": 0.7781484570475397,
        "log_loss": 0.6545973290680261
    }
}