{
    "valid_loss": {
        "balanced_accuracy": 0.9504462869370425,
        "accuracy": 0.9624660018132366,
        "log_loss": 0.11018941706457762,
        "roc_auc": 0.9504462869370425,
        "f1": 0.9738140417457305,
        "precision": 0.9690332326283988,
        "recall": 0.9786422578184591
    }
}