{
    "balanced_accuracy": 0.9257373747309148,
    "accuracy": 0.9396192203082502,
    "log_loss": 0.15594823354004936,
    "roc_auc": 0.9257373747309147,
    "f1": 0.9576927963409986,
    "precision": 0.957084814626714,
    "recall": 0.9583015509788965,
    "inference_time": 0.13384628295898438,
    "training_time": 0,
    "dataset": "nomao",
    "model": "mlp/simple_nd_nn",
    "fold": "F0",
    "architecture_name": "A1",
    "fs_method": "random_5",
    "fs_percent": 0.8,
    "fs_n_features": 94
}