{
  "dropout": 0.35974820276340735,
  "embedding_size": 32,
  "n_head": 8,
  "n_hid": 512,
  "n_layers": 2,
  "numerical_passthrough": false,
  "optimizer__lr": 0.0008684827377575807
}