{
  "aggregator__cell": "GRU",
  "aggregator__dropout": 0.15876504489155072,
  "aggregator__hidden_size": 512,
  "aggregator__num_layers": 1,
  "dropout": 0.42426128019534,
  "embedding_size": 128,
  "n_head": 4,
  "n_hid": 512,
  "n_layers": 2,
  "optimizer__lr": 0.09899296026484987
}