{
    "balanced_accuracy": 0.38958152769754256,
    "accuracy": 0.6183206106870229
}