{
    "balanced_accuracy": 0.7654320987654321,
    "accuracy": 0.7672955974842768,
    "log_loss": 0.4979087732383242,
    "roc_auc": 0.7654320987654322,
    "f1": 0.7909604519774012,
    "precision": 0.7291666666666666,
    "recall": 0.8641975308641975,
    "inference_time": 0.011653423309326172,
    "training_time": 0,
    "dataset": "jasmine",
    "model": "mlp/simple_nnw",
    "fold": "F3",
    "architecture_name": "A1",
    "fs_method": "random_1",
    "fs_percent": 0.7,
    "fs_n_features": 100
}