{
    "balanced_accuracy": 0.945153683246165,
    "accuracy": 0.9557522123893806,
    "log_loss": 0.13739519304430164,
    "roc_auc": 0.945153683246165,
    "f1": 0.9692385274836107,
    "precision": 0.9691407825736184,
    "recall": 0.9693362921121647,
    "inference_time": 0.18048477172851562,
    "training_time": 0,
    "dataset": "nomao",
    "model": "mlp/simple_nd",
    "architecture_name": "A1",
    "fs_method": "random_3",
    "fs_percent": 0.8,
    "fs_n_features": 94
}