{
    "balanced_accuracy": 0.825655166057329,
    "accuracy": 0.8258317025440313,
    "log_loss": 0.35828867635515416,
    "roc_auc": 0.825655166057329,
    "f1": 0.8172484599589322,
    "precision": 0.8122448979591836,
    "recall": 0.8223140495867769,
    "training_time": 0.06563019752502441,
    "inference_time": 0.0008594989776611328,
    "dataset": "kr-vs-kp",
    "model": "xgboost",
    "fold": "F4",
    "architecture_name": "A3",
    "fs_method": "random_1",
    "fs_percent": 0.5,
    "fs_n_features": 18
}