{
    "valid_loss": {
        "balanced_accuracy": 0.7865730639730639,
        "accuracy": 0.8514395393474088,
        "log_loss": 0.31943592961275247,
        "roc_auc": 0.7865730639730639,
        "f1": 0.9031450738299824,
        "precision": 0.8951546221266744,
        "recall": 0.9112794612794612
    }
}