{
    "balanced_accuracy": 0.9377659574468085,
    "accuracy": 0.9328358208955224
}