{
    "balanced_accuracy": 0.7933105682514666,
    "accuracy": 0.7949790794979079,
    "log_loss": 0.43098381627463217,
    "roc_auc": 0.7933105682514666,
    "f1": 0.8157894736842105,
    "precision": 0.7508650519031141,
    "recall": 0.8930041152263375,
    "training_time": 0.11806654930114746,
    "inference_time": 0.0009989738464355469,
    "dataset": "jasmine",
    "model": "xgboost",
    "fold": "F0",
    "architecture_name": "A3",
    "fs_method": "random_2",
    "fs_percent": 0.7,
    "fs_n_features": 100
}