{
    "balanced_accuracy": 0.9425784805382542,
    "accuracy": 0.9426829268292682,
    "log_loss": 0.164908082360451,
    "roc_auc": 0.9425784805382543,
    "f1": 0.9451575262543758,
    "precision": 0.9080717488789237,
    "recall": 0.9854014598540146,
    "inference_time": 0.08815550804138184,
    "training_time": 60.26433112071112,
    "dataset": "sylvine",
    "model": "transformer/cls",
    "fold": "F3",
    "architecture_name": "A2",
    "fs_method": "none",
    "fs_percent": 1.0,
    "fs_n_features": 20
}