{
    "valid_loss": {
        "balanced_accuracy": 0.5605422112028117,
        "accuracy": 0.651088005145246,
        "log_loss": 0.9927672855135847
    }
}