{
    "balanced_accuracy": 0.5868421052631579,
    "accuracy": 0.7037037037037037
}