{
    "valid_loss": {
        "balanced_accuracy": 0.5163984891486322,
        "accuracy": 0.7644628099173554,
        "log_loss": 0.6908235779945174
    }
}