{
    "balanced_accuracy": 0.8228176166710446,
    "accuracy": 0.8242677824267782,
    "log_loss": 0.39196832737845705,
    "roc_auc": 0.8228176166710446,
    "f1": 0.8403041825095057,
    "precision": 0.7809187279151943,
    "recall": 0.9094650205761317,
    "training_time": 0.12519431114196777,
    "inference_time": 0.0009212493896484375,
    "dataset": "jasmine",
    "model": "xgboost",
    "fold": "F0",
    "architecture_name": "A3",
    "fs_method": "linear_model",
    "fs_percent": 0.8,
    "fs_n_features": 115
}