{
    "valid_loss": {
        "balanced_accuracy": 0.8064237974967727,
        "accuracy": 0.8669055541336064,
        "log_loss": 0.2900284248690756,
        "roc_auc": 0.8064237974967726,
        "f1": 0.9133333333333333,
        "precision": 0.9041412308199968,
        "recall": 0.9227142616602122
    }
}