{
    "balanced_accuracy": 0.39176077748410104,
    "accuracy": 0.484472049689441
}