{
    "balanced_accuracy": 0.6222716267138861,
    "accuracy": 0.7825552825552825
}