{
    "balanced_accuracy": 0.7454914129466343,
    "accuracy": 0.7495107632093934,
    "log_loss": 2.3174780678508733,
    "roc_auc": 0.7454914129466342,
    "f1": 0.7168141592920354,
    "precision": 0.7714285714285715,
    "recall": 0.6694214876033058,
    "inference_time": 0.012461662292480469,
    "training_time": 0,
    "dataset": "kr-vs-kp",
    "model": "mlp/simple",
    "fold": "F3",
    "architecture_name": "A0",
    "fs_method": "random_1",
    "fs_percent": 0.6,
    "fs_n_features": 21
}