{
    "balanced_accuracy": 0.8021739130434782,
    "accuracy": 0.4222222222222222
}