{
    "balanced_accuracy": 0.5408256880733945,
    "accuracy": 0.7913669064748201
}