{
    "balanced_accuracy": 0.35997451823538784,
    "accuracy": 0.5889724310776943
}