{
    "valid_loss": {
        "balanced_accuracy": 0.948738540978828,
        "accuracy": 0.948780487804878,
        "log_loss": 0.14970471266406898,
        "roc_auc": 0.9487385409788279,
        "f1": 0.9497607655502392,
        "precision": 0.9341176470588235,
        "recall": 0.9659367396593674
    }
}