{
    "balanced_accuracy": 0.9919429168330824,
    "accuracy": 0.9921722113502935,
    "log_loss": 0.03854802141596507,
    "roc_auc": 0.9919429168330824,
    "f1": 0.991701244813278,
    "precision": 0.9958333333333333,
    "recall": 0.987603305785124,
    "training_time": 0.07480454444885254,
    "inference_time": 0.0009272098541259766,
    "dataset": "kr-vs-kp",
    "model": "xgboost",
    "fold": "F2",
    "architecture_name": "A0",
    "fs_method": "random_4",
    "fs_percent": 0.9,
    "fs_n_features": 32
}