{
  "dropout": 0.043750866136381295,
  "embedding_size": 128,
  "n_head": 2,
  "n_hid": 32,
  "n_layers": 4,
  "numerical_passthrough": false,
  "optimizer__lr": 5.140597292231181e-05
}