{
    "balanced_accuracy": 0.8370808160406269,
    "accuracy": 0.8389121338912134,
    "log_loss": 0.3882998661841774,
    "roc_auc": 0.8370808160406269,
    "f1": 0.8566108007448789,
    "precision": 0.782312925170068,
    "recall": 0.9465020576131687,
    "training_time": 0.09016203880310059,
    "inference_time": 0.0009038448333740234,
    "dataset": "jasmine",
    "model": "xgboost",
    "fold": "F0",
    "architecture_name": "A1",
    "fs_method": "f_classif",
    "fs_percent": 0.6,
    "fs_n_features": 86
}