{
    "balanced_accuracy": 0.7584624572037941,
    "accuracy": 0.858075249552086,
    "log_loss": 0.3119754569701502,
    "roc_auc": 0.758462457203794,
    "f1": 0.9105139998386186,
    "precision": 0.8741865509761388,
    "recall": 0.949991581074255,
    "training_time": 0.2652115821838379,
    "inference_time": 0.006535768508911133,
    "dataset": "adult",
    "model": "xgboost",
    "fold": "F3",
    "architecture_name": "A3",
    "fs_method": "random_1",
    "fs_percent": 0.7,
    "fs_n_features": 9
}