{
    "valid_loss": {
        "balanced_accuracy": 0.9438197263069177,
        "accuracy": 0.9602901178603808,
        "log_loss": 0.11420121095170442,
        "roc_auc": 0.9438197263069177,
        "f1": 0.9724424311060778,
        "precision": 0.9626307922272048,
        "recall": 0.9824561403508771
    }
}