{
    "balanced_accuracy": 0.37879839376861213,
    "accuracy": 0.5923664122137404
}