{
    "balanced_accuracy": 0.7263383002207505,
    "accuracy": 0.8542713567839196
}