{
    "balanced_accuracy": 0.7403275176002448,
    "accuracy": 0.748046875,
    "log_loss": 0.49893060397356215,
    "roc_auc": 0.7403275176002451,
    "f1": 0.6921241050119332,
    "precision": 0.8192090395480226,
    "recall": 0.5991735537190083,
    "training_time": 0.06071877479553223,
    "inference_time": 0.0008945465087890625,
    "dataset": "kr-vs-kp",
    "model": "xgboost",
    "fold": "F0",
    "architecture_name": "A2",
    "fs_method": "random_4",
    "fs_percent": 0.4,
    "fs_n_features": 14
}