{
    "balanced_accuracy": 0.7835396453663432,
    "accuracy": 0.8,
    "log_loss": 0.45559667907182955,
    "roc_auc": 0.7835396453663434,
    "f1": 0.7380952380952381,
    "precision": 0.8857142857142857,
    "recall": 0.6326530612244898,
    "inference_time": 0.002674579620361328,
    "training_time": 0,
    "dataset": "australian",
    "model": "mlp/simple_nnw",
    "fold": "F3",
    "architecture_name": "A0",
    "fs_method": "linear_model",
    "fs_percent": 0.5,
    "fs_n_features": 7
}