{
    "balanced_accuracy": 0.4641397780962998,
    "accuracy": 0.6516290726817042
}