{
    "balanced_accuracy": 0.5149016980065684,
    "accuracy": 0.5984323183599638
}