{
    "balanced_accuracy": 0.5941734417344173,
    "accuracy": 0.6137931034482759
}