{
    "balanced_accuracy": 0.7838115058651849,
    "accuracy": 0.8633222421295111,
    "log_loss": 0.3014347743744827,
    "roc_auc": 0.783811505865185,
    "f1": 0.9124159422666885,
    "precision": 0.8893685051958433,
    "recall": 0.9366896783970365,
    "inference_time": 0.6964013576507568,
    "training_time": 303.0972230936352,
    "dataset": "adult",
    "model": "transformer/cls",
    "fold": "F3",
    "architecture_name": "A9",
    "fs_method": "none",
    "fs_percent": 1.0,
    "fs_n_features": 14
}