{
    "balanced_accuracy": 0.982234477249685,
    "accuracy": 0.9823874755381604,
    "log_loss": 0.04277281098718107,
    "roc_auc": 0.982234477249685,
    "f1": 0.9813664596273292,
    "precision": 0.983402489626556,
    "recall": 0.9793388429752066,
    "training_time": 0.0924530029296875,
    "inference_time": 0.0013346672058105469
}