{
    "balanced_accuracy": 0.6995650719304115,
    "accuracy": 0.7090909090909091,
    "log_loss": 0.5579233963409352,
    "roc_auc": 0.6995650719304115,
    "f1": 0.6521739130434783,
    "precision": 0.6976744186046512,
    "recall": 0.6122448979591837,
    "inference_time": 0.003160715103149414,
    "training_time": 0,
    "dataset": "australian",
    "model": "mlp/simple_nd_nnw",
    "fold": "F4",
    "architecture_name": "A1",
    "fs_method": "f_classif",
    "fs_percent": 0.6,
    "fs_n_features": 8
}