{
    "valid_loss": {
        "balanced_accuracy": 0.6020478066936757,
        "accuracy": 0.6724544480171489,
        "log_loss": 0.9298909769358736
    }
}