{
    "valid_loss": {
        "balanced_accuracy": 0.7737901554694955,
        "accuracy": 0.8597389301254159,
        "log_loss": 0.30320378992793495,
        "roc_auc": 0.7737901554694955,
        "f1": 0.910530612244898,
        "precision": 0.8836951354777373,
        "recall": 0.9390469776056575
    }
}