{
  "dropout": 0.32639164739166404,
  "embedding_size": 256,
  "n_head": 4,
  "n_hid": 64,
  "n_layers": 2,
  "numerical_passthrough": false,
  "optimizer__lr": 0.0003583352954825338
}