{
    "balanced_accuracy": 0.6895282703245232,
    "accuracy": 0.7090909090909091,
    "log_loss": 0.6121280247213887,
    "roc_auc": 0.6895282703245232,
    "f1": 0.6097560975609756,
    "precision": 0.7575757575757576,
    "recall": 0.5102040816326531,
    "training_time": 0.02210402488708496,
    "inference_time": 0.000499725341796875,
    "dataset": "australian",
    "model": "xgboost",
    "fold": "F2",
    "architecture_name": "A1",
    "fs_method": "random_2",
    "fs_percent": 0.4,
    "fs_n_features": 5
}