{
    "valid_loss": {
        "balanced_accuracy": 0.3339702353143171,
        "accuracy": 0.6206164461462638,
        "log_loss": 1.1028060267947783
    }
}