{
    "balanced_accuracy": 0.6111319301790425,
    "accuracy": 0.8047094957768108,
    "log_loss": 0.3905736888995562,
    "roc_auc": 0.6111319301790425,
    "f1": 0.8844464637286082,
    "precision": 0.8036328608779414,
    "recall": 0.9833305270247517,
    "inference_time": 0.14855384826660156,
    "training_time": 0,
    "dataset": "adult",
    "model": "mlp/simple_nd_nnw",
    "fold": "F4",
    "architecture_name": "A0",
    "fs_method": "random_3",
    "fs_percent": 0.5,
    "fs_n_features": 7
}