{
    "balanced_accuracy": 0.6488308279646863,
    "accuracy": 0.7150259067357513
}