{
    "balanced_accuracy": 0.9132862182404416,
    "accuracy": 0.9134146341463415,
    "log_loss": 0.23773345035471552,
    "roc_auc": 0.9132862182404416,
    "f1": 0.9179190751445087,
    "precision": 0.8744493392070485,
    "recall": 0.9659367396593674,
    "inference_time": 0.015563249588012695,
    "training_time": 0,
    "dataset": "sylvine",
    "model": "mlp/simple_nnw",
    "fold": "F3",
    "architecture_name": "A0",
    "fs_method": "random_1",
    "fs_percent": 0.5,
    "fs_n_features": 10
}