{
    "valid_loss": {
        "balanced_accuracy": 0.7908942760942761,
        "accuracy": 0.8574536148432501,
        "log_loss": 0.304180672518123,
        "roc_auc": 0.7908942760942761,
        "f1": 0.9073981712385703,
        "precision": 0.8962233169129721,
        "recall": 0.9188552188552188
    }
}