{
    "balanced_accuracy": 0.3554950892909951,
    "accuracy": 0.46487790171842025
}