{
    "balanced_accuracy": 0.5366033141137981,
    "accuracy": 0.2013129102844639
}