{
    "balanced_accuracy": 0.9214439103561505,
    "accuracy": 0.9443235400797969,
    "log_loss": 0.1550197259738553,
    "roc_auc": 0.9214439103561505,
    "f1": 0.9615143537670804,
    "precision": 0.9483184965380811,
    "recall": 0.9750826341215357,
    "inference_time": 0.7723307609558105,
    "training_time": 415.6724113102617,
    "dataset": "nomao",
    "model": "transformer/cls",
    "fold": "F3",
    "architecture_name": "A28",
    "fs_method": "random_2",
    "fs_percent": 0.8,
    "fs_n_features": 94
}