{
    "valid_loss": {
        "balanced_accuracy": 0.7856902356902357,
        "accuracy": 0.8476007677543186,
        "log_loss": 0.32292104480975736,
        "roc_auc": 0.7856902356902358,
        "f1": 0.900242901415529,
        "precision": 0.8958159693282214,
        "recall": 0.9047138047138047
    }
}