{
    "balanced_accuracy": 0.9486245954692556,
    "accuracy": 0.948780487804878,
    "log_loss": 0.1443048783821079,
    "roc_auc": 0.9486245954692556,
    "f1": 0.9505882352941176,
    "precision": 0.9223744292237442,
    "recall": 0.9805825242718447,
    "training_time": 0.17359423637390137,
    "inference_time": 0.0010886192321777344,
    "dataset": "sylvine",
    "model": "xgboost",
    "fold": "F1",
    "architecture_name": "A2",
    "fs_method": "f_classif",
    "fs_percent": 0.9,
    "fs_n_features": 18
}