{
    "balanced_accuracy": 0.9425003578073565,
    "accuracy": 0.9426129426129426,
    "log_loss": 0.1475138802226756,
    "roc_auc": 0.9425003578073565,
    "f1": 0.9445100354191264,
    "precision": 0.9174311926605505,
    "recall": 0.9732360097323601,
    "inference_time": 0.1076972484588623,
    "training_time": 40.771506491829356,
    "dataset": "sylvine",
    "model": "transformer/cls",
    "fold": "F4",
    "architecture_name": "A26",
    "fs_method": "decision_tree",
    "fs_percent": 0.7,
    "fs_n_features": 14
}