{
    "valid_loss": {
        "balanced_accuracy": 0.9416051060184965,
        "accuracy": 0.9590134203844759,
        "log_loss": 0.09896327603611921,
        "roc_auc": 0.9416051060184966,
        "f1": 0.971579476861167,
        "precision": 0.9609452736318408,
        "recall": 0.9824516785350966
    }
}