{
    "balanced_accuracy": 0.5221774996074404,
    "accuracy": 0.6725190839694657
}