{
    "balanced_accuracy": 0.6247930463576159,
    "accuracy": 0.7864321608040201
}