{
    "valid_loss": {
        "balanced_accuracy": 0.7926559037670149,
        "accuracy": 0.7945492662473794,
        "log_loss": 0.42000469502813437,
        "roc_auc": 0.7926559037670149,
        "f1": 0.8157894736842105,
        "precision": 0.7508650519031141,
        "recall": 0.8930041152263375
    }
}