{
    "balanced_accuracy": 0.8132019798210546,
    "accuracy": 0.8134146341463414,
    "log_loss": 0.40466136384446216,
    "roc_auc": 0.8132019798210546,
    "f1": 0.8218859138533178,
    "precision": 0.7897091722595079,
    "recall": 0.8567961165048543,
    "training_time": 0.3017134666442871,
    "inference_time": 0.0013420581817626953,
    "dataset": "sylvine",
    "model": "xgboost",
    "fold": "F1",
    "architecture_name": "A2",
    "fs_method": "random_4",
    "fs_percent": 0.9,
    "fs_n_features": 18
}