{
    "balanced_accuracy": 0.8161544523246651,
    "accuracy": 0.8179916317991632,
    "log_loss": 0.3899393309538212,
    "roc_auc": 0.8161544523246652,
    "f1": 0.8379888268156425,
    "precision": 0.7653061224489796,
    "recall": 0.9259259259259259,
    "training_time": 0.1076810359954834,
    "inference_time": 0.0008268356323242188
}