{
    "balanced_accuracy": 0.8111286227125472,
    "accuracy": 0.8138075313807531,
    "log_loss": 0.41311221308888546,
    "roc_auc": 0.811128622712547,
    "f1": 0.8413547237076648,
    "precision": 0.7421383647798742,
    "recall": 0.9711934156378601,
    "training_time": 0.09560775756835938,
    "inference_time": 0.0009069442749023438
}