{
    "valid_loss": {
        "balanced_accuracy": 0.7806040404040404,
        "accuracy": 0.8587332053742802,
        "log_loss": 0.30332895643391034,
        "roc_auc": 0.7806040404040405,
        "f1": 0.9092254563394179,
        "precision": 0.8886210221793636,
        "recall": 0.9308080808080809
    }
}