{
    "balanced_accuracy": 0.7217683501683502,
    "accuracy": 0.8319897632757518,
    "log_loss": 0.3652707274830701,
    "roc_auc": 0.7217683501683502,
    "f1": 0.894155582426441,
    "precision": 0.8578499613302397,
    "recall": 0.9336700336700336,
    "training_time": 0.3007502555847168,
    "inference_time": 0.006021738052368164,
    "dataset": "adult",
    "model": "xgboost",
    "fold": "F0",
    "architecture_name": "A2",
    "fs_method": "f_classif",
    "fs_percent": 0.5,
    "fs_n_features": 7
}