{
    "balanced_accuracy": 0.7650364039252928,
    "accuracy": 0.7672955974842768,
    "log_loss": 0.49534091334267544,
    "roc_auc": 0.7650364039252928,
    "f1": 0.7948243992606284,
    "precision": 0.7214765100671141,
    "recall": 0.8847736625514403,
    "inference_time": 0.011458158493041992,
    "training_time": 0,
    "dataset": "jasmine",
    "model": "mlp/simple",
    "fold": "F3",
    "architecture_name": "A0",
    "fs_method": "random_3",
    "fs_percent": 0.5,
    "fs_n_features": 72
}