{
    "balanced_accuracy": 0.8295645530939648,
    "accuracy": 0.9014373716632443
}