{
    "balanced_accuracy": 0.9968454258675079,
    "accuracy": 0.996875,
    "log_loss": 0.017849398993290827,
    "roc_auc": 0.9968454258675079,
    "f1": 0.9968354430379747,
    "precision": 1.0,
    "recall": 0.9936908517350158,
    "inference_time": 0.01439356803894043,
    "training_time": 0,
    "dataset": "kr-vs-kp",
    "model": "mlp/simple_nd",
    "architecture_name": "A0",
    "fs_method": "linear_model",
    "fs_percent": 0.9,
    "fs_n_features": 32
}