{
    "balanced_accuracy": 0.5096882971821225,
    "accuracy": 0.2588042588042588
}