{
    "balanced_accuracy": 0.6714687887597375,
    "accuracy": 0.7567430025445293
}