{
    "balanced_accuracy": 0.3463768115942029,
    "accuracy": 0.8089887640449438
}