{
    "balanced_accuracy": 0.523403371320038,
    "accuracy": 0.8719912472647703
}