{
    "balanced_accuracy": 0.8145171175904036,
    "accuracy": 0.8158995815899581,
    "log_loss": 0.3951439361060795,
    "roc_auc": 0.8145171175904036,
    "f1": 0.8320610687022901,
    "precision": 0.7758007117437722,
    "recall": 0.897119341563786,
    "training_time": 0.07725238800048828,
    "inference_time": 0.0007750988006591797,
    "dataset": "jasmine",
    "model": "xgboost",
    "fold": "F0",
    "architecture_name": "A1",
    "fs_method": "random_5",
    "fs_percent": 0.6,
    "fs_n_features": 86
}