{
    "valid_loss": {
        "balanced_accuracy": 0.5832690412663066,
        "accuracy": 0.6808145766345123,
        "log_loss": 0.9400087176569454
    }
}