{
    "balanced_accuracy": 0.9120696732282763,
    "accuracy": 0.9121951219512195,
    "log_loss": 0.24135779845145852,
    "roc_auc": 0.9120696732282763,
    "f1": 0.9166666666666666,
    "precision": 0.8741721854304636,
    "recall": 0.9635036496350365,
    "inference_time": 0.015231609344482422,
    "training_time": 0,
    "dataset": "sylvine",
    "model": "mlp/simple_nnw",
    "fold": "F3",
    "architecture_name": "A0",
    "fs_method": "linear_model",
    "fs_percent": 0.6,
    "fs_n_features": 12
}