{
    "balanced_accuracy": 0.7674165901438629,
    "accuracy": 0.767578125,
    "log_loss": 1.4866121775460936,
    "roc_auc": 0.7674165901438629,
    "f1": 0.7566462167689162,
    "precision": 0.7489878542510121,
    "recall": 0.7644628099173554,
    "inference_time": 0.009891033172607422,
    "training_time": 0,
    "dataset": "kr-vs-kp",
    "model": "mlp/simple_nd_nnw",
    "fold": "F0",
    "architecture_name": "A0",
    "fs_method": "random_3",
    "fs_percent": 0.5,
    "fs_n_features": 18
}