{
    "balanced_accuracy": 0.49685539488293057,
    "accuracy": 0.5639751552795031
}