{
    "balanced_accuracy": 0.9181063201979821,
    "accuracy": 0.9182926829268293,
    "log_loss": 0.21650579112365248,
    "roc_auc": 0.9181063201979821,
    "f1": 0.9216374269005848,
    "precision": 0.8893905191873589,
    "recall": 0.9563106796116505,
    "inference_time": 0.02004694938659668,
    "training_time": 0,
    "dataset": "sylvine",
    "model": "mlp/simple_nd",
    "fold": "F1",
    "architecture_name": "A0",
    "fs_method": "random_1",
    "fs_percent": 0.6,
    "fs_n_features": 12
}