{
    "balanced_accuracy": 0.9352792104652616,
    "accuracy": 0.9353658536585366,
    "log_loss": 0.17622797353913702,
    "roc_auc": 0.9352792104652616,
    "f1": 0.9377203290246768,
    "precision": 0.9068181818181819,
    "recall": 0.9708029197080292,
    "training_time": 0.10517358779907227,
    "inference_time": 0.0010144710540771484,
    "dataset": "sylvine",
    "model": "xgboost",
    "fold": "F3",
    "architecture_name": "A0",
    "fs_method": "random_3",
    "fs_percent": 0.8,
    "fs_n_features": 16
}