{
    "balanced_accuracy": 0.7507891564236404,
    "accuracy": 0.8383670335295623,
    "log_loss": 0.3491523509000895,
    "roc_auc": 0.7507891564236404,
    "f1": 0.8963139315327149,
    "precision": 0.8745594360781801,
    "recall": 0.9191783128472807,
    "training_time": 0.2851834297180176,
    "inference_time": 0.004818916320800781,
    "dataset": "adult",
    "model": "xgboost",
    "fold": "F3",
    "architecture_name": "A1",
    "fs_method": "random_3",
    "fs_percent": 0.8,
    "fs_n_features": 11
}