{
  "dropout": 0.008490086407062197,
  "embedding_size": 256,
  "n_head": 8,
  "n_hid": 32,
  "n_layers": 1,
  "numerical_passthrough": false,
  "optimizer__lr": 0.07515969891293084
}