{
    "balanced_accuracy": 0.9506978945486675,
    "accuracy": 0.9628219078708742,
    "log_loss": 0.10780090147461056,
    "roc_auc": 0.9506978945486674,
    "f1": 0.9740670461733081,
    "precision": 0.9690410269317896,
    "recall": 0.9791454730417091,
    "inference_time": 1.3693394660949707,
    "training_time": 964.033660888672,
    "dataset": "nomao",
    "model": "transformer/cls",
    "fold": "F4",
    "architecture_name": "A26",
    "fs_method": "none",
    "fs_percent": 1.0,
    "fs_n_features": 118
}