{
  "aggregator__cell": "GRU",
  "aggregator__dropout": 0.40520328663532124,
  "aggregator__hidden_size": 512,
  "aggregator__num_layers": 1,
  "dropout": 0.4349386969110727,
  "embedding_size": 256,
  "n_head": 2,
  "n_hid": 64,
  "n_layers": 1,
  "optimizer__lr": 0.00395338006594322
}