{
    "balanced_accuracy": 0.5031571103525687,
    "accuracy": 0.24544524053224157
}