{
  "dropout": 0.005495841680103364,
  "embedding_size": 64,
  "n_head": 1,
  "n_hid": 32,
  "n_layers": 1,
  "numerical_passthrough": false,
  "optimizer__lr": 1.3452937722364708e-05
}