{
    "balanced_accuracy": 0.9275013556721097,
    "accuracy": 0.9494106980961016,
    "log_loss": 0.13413121170939146,
    "roc_auc": 0.9275013556721096,
    "f1": 0.9650332121819777,
    "precision": 0.9515570934256056,
    "recall": 0.9788965166539537,
    "training_time": 81.62682509422302,
    "inference_time": 0.11099362373352051,
    "dataset": "nomao",
    "model": "mlp/full",
    "fold": "F1",
    "architecture_name": "A0",
    "fs_method": "decision_tree",
    "fs_percent": 0.5,
    "fs_n_features": 59
}