{
    "balanced_accuracy": 0.5548373748470148,
    "accuracy": 0.7223587223587223
}