{
    "balanced_accuracy": 0.7447589225589226,
    "accuracy": 0.8403071017274473,
    "log_loss": 0.3379907670127794,
    "roc_auc": 0.7447589225589225,
    "f1": 0.8983547809089428,
    "precision": 0.8701483117702745,
    "recall": 0.9284511784511784,
    "training_time": 0.2103421688079834,
    "inference_time": 0.004465341567993164,
    "dataset": "adult",
    "model": "xgboost",
    "fold": "F1",
    "architecture_name": "A1",
    "fs_method": "decision_tree",
    "fs_percent": 0.6,
    "fs_n_features": 8
}