{
    "valid_loss": {
        "balanced_accuracy": 0.5777428789691408,
        "accuracy": 0.6634151570371959,
        "log_loss": 0.975092087677264
    }
}