{
    "valid_loss": {
        "balanced_accuracy": 0.7958308581691642,
        "accuracy": 0.8471973381110827,
        "log_loss": 0.33051938190283225,
        "roc_auc": 0.7958308581691644,
        "f1": 0.898984771573604,
        "precision": 0.9034177860908009,
        "recall": 0.8945950496716619
    }
}