{
    "balanced_accuracy": 0.5034709662954573,
    "accuracy": 0.5788819875776398
}