{
  "dropout": 0.49189023457828346,
  "embedding_size": 512,
  "n_head": 8,
  "n_hid": 256,
  "n_layers": 2,
  "numerical_passthrough": false,
  "optimizer__lr": 1.711765614178565e-05
}