{
    "balanced_accuracy": 0.9064295722539712,
    "accuracy": 0.9390103567318757
}