{
    "valid_loss": {
        "balanced_accuracy": 0.6152204703340642,
        "accuracy": 0.6868903419444742,
        "log_loss": 0.9116848044595273
    }
}