{
    "balanced_accuracy": 0.5126169039258375,
    "accuracy": 0.5900621118012422
}