{
    "balanced_accuracy": 0.6036651021124457,
    "accuracy": 0.6036585365853658,
    "log_loss": 0.651241513912936,
    "roc_auc": 0.6036651021124457,
    "f1": 0.6031746031746031,
    "precision": 0.6053921568627451,
    "recall": 0.6009732360097324,
    "training_time": 0.17020273208618164,
    "inference_time": 0.0007653236389160156,
    "dataset": "sylvine",
    "model": "xgboost",
    "fold": "F2",
    "architecture_name": "A3",
    "fs_method": "random_2",
    "fs_percent": 0.4,
    "fs_n_features": 8
}