{
    "valid_loss": {
        "balanced_accuracy": 0.9295739210523903,
        "accuracy": 0.954842219804135,
        "log_loss": 0.11274916965199733,
        "roc_auc": 0.9295739210523903,
        "f1": 0.9689796935343217,
        "precision": 0.9499267220322423,
        "recall": 0.9888126112382405
    }
}