{
    "balanced_accuracy": 0.9375951837045498,
    "accuracy": 0.9378048780487804,
    "log_loss": 0.22767803058237876,
    "roc_auc": 0.9375951837045499,
    "f1": 0.940628637951106,
    "precision": 0.9038031319910514,
    "recall": 0.9805825242718447,
    "inference_time": 0.09834980964660645,
    "training_time": 51.5655393600464
}