{
    "balanced_accuracy": 0.6642222598544597,
    "accuracy": 0.7894450489662677,
    "log_loss": 0.45788548820544894,
    "roc_auc": 0.6642222598544597,
    "f1": 0.8664749856239218,
    "precision": 0.7910541789164217,
    "recall": 0.9577930333079074,
    "inference_time": 0.12594866752624512,
    "training_time": 0,
    "dataset": "nomao",
    "model": "mlp/simple_nnw",
    "fold": "F2",
    "architecture_name": "A1",
    "fs_method": "random_4",
    "fs_percent": 0.6,
    "fs_n_features": 70
}