{
    "balanced_accuracy": 0.9859802131046673,
    "accuracy": 0.9859375,
    "log_loss": 0.04513302827236051,
    "roc_auc": 0.9859802131046674,
    "f1": 0.9858712715855573,
    "precision": 0.98125,
    "recall": 0.9905362776025236,
    "training_time": 0.017888307571411133,
    "inference_time": 0.0005922317504882812,
    "dataset": "kr-vs-kp",
    "model": "xgboost",
    "architecture_name": "A1",
    "fs_method": "linear_model",
    "fs_percent": 0.5,
    "fs_n_features": 18
}