{
    "balanced_accuracy": 0.9962825278810409,
    "accuracy": 0.9960861056751468,
    "log_loss": 0.01270872470692529,
    "roc_auc": 0.9962825278810409,
    "f1": 0.9958847736625515,
    "precision": 0.9918032786885246,
    "recall": 1.0,
    "inference_time": 0.03721332550048828,
    "training_time": 30.24842416086505,
    "dataset": "kr-vs-kp",
    "model": "transformer/cls",
    "fold": "F3",
    "architecture_name": "A4",
    "fs_method": "none",
    "fs_percent": 1.0,
    "fs_n_features": 36
}