{
    "balanced_accuracy": 0.7648276094276094,
    "accuracy": 0.8536148432501599,
    "log_loss": 0.3075794700043954,
    "roc_auc": 0.7648276094276095,
    "f1": 0.9066731930168054,
    "precision": 0.8795504906616017,
    "recall": 0.9355218855218855,
    "training_time": 0.4320807456970215,
    "inference_time": 0.0069272518157958984,
    "dataset": "adult",
    "model": "xgboost",
    "fold": "F2",
    "architecture_name": "A3",
    "fs_method": "random_2",
    "fs_percent": 0.8,
    "fs_n_features": 11
}