{
    "balanced_accuracy": 0.6579397932689952,
    "accuracy": 0.7472024415055951
}