{
    "balanced_accuracy": 0.7200548795036984,
    "accuracy": 0.7512953367875648
}