{
    "valid_loss": {
        "balanced_accuracy": 0.93958161051401,
        "accuracy": 0.9577439245556765,
        "log_loss": 0.10459820077174281,
        "roc_auc": 0.9395816105140099,
        "f1": 0.9707176071383687,
        "precision": 0.9595031055900621,
        "recall": 0.9821973550356052
    }
}