{
    "valid_loss": {
        "balanced_accuracy": 0.8092111023553104,
        "accuracy": 0.8117154811715481,
        "log_loss": 0.41387712381754904,
        "roc_auc": 0.8092111023553104,
        "f1": 0.8381294964028777,
        "precision": 0.744408945686901,
        "recall": 0.9588477366255144
    }
}