{
    "balanced_accuracy": 0.8563797313797314,
    "accuracy": 0.8561046511627907
}