{
    "balanced_accuracy": 0.9611992498882194,
    "accuracy": 0.9697189483227561,
    "log_loss": 0.08701356647165541,
    "roc_auc": 0.9611992498882193,
    "f1": 0.9788205453392518,
    "precision": 0.9764676113360324,
    "recall": 0.9811848461734045,
    "training_time": 1.3036003112792969,
    "inference_time": 0.007385730743408203,
    "dataset": "nomao",
    "model": "xgboost",
    "fold": "F0",
    "architecture_name": "A3",
    "fs_method": "linear_model",
    "fs_percent": 0.6,
    "fs_n_features": 70
}