{
    "balanced_accuracy": 0.5269798657718121,
    "accuracy": 0.5284280936454849
}