{
    "balanced_accuracy": 0.7838714783159227,
    "accuracy": 0.7861635220125787,
    "log_loss": 0.44083569874936723,
    "roc_auc": 0.7838714783159227,
    "f1": 0.8118081180811808,
    "precision": 0.7357859531772575,
    "recall": 0.9053497942386831,
    "inference_time": 0.011801481246948242,
    "training_time": 0,
    "dataset": "jasmine",
    "model": "mlp/simple_nnw",
    "fold": "F4",
    "architecture_name": "A1",
    "fs_method": "f_classif",
    "fs_percent": 0.9,
    "fs_n_features": 129
}