{
    "valid_loss": {
        "balanced_accuracy": 0.3319144629494987,
        "accuracy": 0.615854120858291,
        "log_loss": 1.1015650593108257
    }
}