{
    "balanced_accuracy": 0.9626432010625934,
    "accuracy": 0.9625,
    "log_loss": 0.11199652611629637,
    "roc_auc": 0.9626432010625936,
    "f1": 0.9627329192546584,
    "precision": 0.9480122324159022,
    "recall": 0.9779179810725552,
    "inference_time": 0.012389659881591797,
    "training_time": 0,
    "dataset": "kr-vs-kp",
    "model": "mlp/simple_nd_nnw",
    "architecture_name": "A0",
    "fs_method": "random_5",
    "fs_percent": 0.9,
    "fs_n_features": 32
}