{
    "valid_loss": {
        "balanced_accuracy": 0.7775434343434344,
        "accuracy": 0.8596289187460012,
        "log_loss": 0.30491213296598146,
        "roc_auc": 0.7775434343434343,
        "f1": 0.910148251290032,
        "precision": 0.8862657521135747,
        "recall": 0.9353535353535354
    }
}