{
    "balanced_accuracy": 0.1585968696500477,
    "accuracy": 0.43851917144116354
}