{
    "balanced_accuracy": 0.9352256705869755,
    "accuracy": 0.9353658536585366,
    "log_loss": 0.1755576777707069,
    "roc_auc": 0.9352256705869756,
    "f1": 0.9390103567318757,
    "precision": 0.8908296943231441,
    "recall": 0.9927007299270073,
    "training_time": 8.642303705215454,
    "inference_time": 0.01847386360168457,
    "dataset": "sylvine",
    "model": "mlp/full",
    "fold": "F2",
    "architecture_name": "A0",
    "fs_method": "linear_model",
    "fs_percent": 0.7,
    "fs_n_features": 14
}