{
    "balanced_accuracy": 0.7334580986746215,
    "accuracy": 0.7921653971708379,
    "log_loss": 0.5431787432349697,
    "roc_auc": 0.7334580986746216,
    "f1": 0.8567141785446362,
    "precision": 0.8428044280442805,
    "recall": 0.8710907704042715,
    "inference_time": 0.12732481956481934,
    "training_time": 0,
    "dataset": "nomao",
    "model": "mlp/simple_nnw",
    "fold": "F2",
    "architecture_name": "A1",
    "fs_method": "f_classif",
    "fs_percent": 0.5,
    "fs_n_features": 59
}