{
    "balanced_accuracy": 0.922493868585164,
    "accuracy": 0.9263692419296337,
    "log_loss": 0.17577544215386806,
    "roc_auc": 0.922493868585164,
    "f1": 0.9474909467149508,
    "precision": 0.9639473684210527,
    "recall": 0.931586978636826,
    "inference_time": 0.1267688274383545,
    "training_time": 0,
    "dataset": "nomao",
    "model": "mlp/simple_nnw",
    "fold": "F4",
    "architecture_name": "A1",
    "fs_method": "linear_model",
    "fs_percent": 0.7,
    "fs_n_features": 82
}