{
    "balanced_accuracy": 0.6281364358371764,
    "accuracy": 0.6807356044618631
}