{
    "balanced_accuracy": 0.6553368935281096,
    "accuracy": 0.8840262582056893
}