{
    "balanced_accuracy": 0.9111381642455698,
    "accuracy": 0.9432757870303207,
    "log_loss": 0.16825096978721005,
    "roc_auc": 0.9111381642455697,
    "f1": 0.9614816274258694,
    "precision": 0.9395456295725837,
    "recall": 0.9844664111357676,
    "inference_time": 0.1808021068572998,
    "training_time": 0,
    "dataset": "nomao",
    "model": "mlp/simple_nd",
    "architecture_name": "A1",
    "fs_method": "random_1",
    "fs_percent": 0.8,
    "fs_n_features": 94
}