{
    "balanced_accuracy": 0.7706394655213553,
    "accuracy": 0.8082901554404145
}