{
    "balanced_accuracy": 0.8405821344931415,
    "accuracy": 0.8454545454545455,
    "log_loss": 0.3395529752659972,
    "roc_auc": 0.8405821344931416,
    "f1": 0.8210526315789474,
    "precision": 0.8478260869565217,
    "recall": 0.7959183673469388,
    "inference_time": 0.0026695728302001953,
    "training_time": 0,
    "dataset": "australian",
    "model": "mlp/simple_nd_nn",
    "fold": "F2",
    "architecture_name": "A0",
    "fs_method": "random_2",
    "fs_percent": 0.9,
    "fs_n_features": 12
}