{
    "balanced_accuracy": 0.7988529901059451,
    "accuracy": 0.801255230125523,
    "log_loss": 0.42616383635744287,
    "roc_auc": 0.7988529901059453,
    "f1": 0.8282097649186256,
    "precision": 0.7387096774193549,
    "recall": 0.9423868312757202,
    "inference_time": 0.07145190238952637,
    "training_time": 33.21392076356071,
    "dataset": "jasmine",
    "model": "transformer/cls",
    "fold": "F0",
    "architecture_name": "A24",
    "fs_method": "random_3",
    "fs_percent": 0.8,
    "fs_n_features": 115
}