{
    "balanced_accuracy": 0.13240484360649132,
    "accuracy": 0.3399854421933762
}