{
    "balanced_accuracy": 0.9376610133104337,
    "accuracy": 0.9377289377289377,
    "log_loss": 0.17136609477265244,
    "roc_auc": 0.9376610133104336,
    "f1": 0.9390681003584229,
    "precision": 0.9225352112676056,
    "recall": 0.9562043795620438,
    "training_time": 0.10306334495544434,
    "inference_time": 0.0009341239929199219,
    "dataset": "sylvine",
    "model": "xgboost",
    "fold": "F4",
    "architecture_name": "A0",
    "fs_method": "linear_model",
    "fs_percent": 0.6,
    "fs_n_features": 12
}