{
    "balanced_accuracy": 0.5732328603731099,
    "accuracy": 0.6444863659749615
}