{
    "valid_loss": {
        "balanced_accuracy": 0.8052028512095191,
        "accuracy": 0.8658817507038649,
        "log_loss": 0.2926071666000054,
        "roc_auc": 0.8052028512095191,
        "f1": 0.9126521086847807,
        "precision": 0.9036144578313253,
        "recall": 0.9218723690857047
    }
}