{
    "valid_loss": {
        "balanced_accuracy": 0.9326995184511233,
        "accuracy": 0.9546690843155031,
        "log_loss": 0.12933252199569514,
        "roc_auc": 0.9326995184511233,
        "f1": 0.9687187187187187,
        "precision": 0.9536831731953683,
        "recall": 0.9842359521993389
    }
}