{
    "valid_loss": {
        "balanced_accuracy": 0.7762741373852485,
        "accuracy": 0.779874213836478,
        "log_loss": 0.4609628096834174,
        "roc_auc": 0.7762741373852484,
        "f1": 0.8173913043478261,
        "precision": 0.7078313253012049,
        "recall": 0.9670781893004116
    }
}