{
    "valid_loss": {
        "balanced_accuracy": 0.33422070035490276,
        "accuracy": 0.6173326256729093,
        "log_loss": 1.10307557234903
    }
}