{
    "balanced_accuracy": 0.5861513687600644,
    "accuracy": 0.5853658536585366
}