{
    "balanced_accuracy": 0.5081572350619991,
    "accuracy": 0.5701863354037268
}