{
    "valid_loss": {
        "balanced_accuracy": 0.5160795695242051,
        "accuracy": 0.7622170830647913,
        "log_loss": 0.6963069660154733
    }
}