{
    "balanced_accuracy": 0.9396051103368177,
    "accuracy": 0.9379310344827586
}