{
    "balanced_accuracy": 0.3367819036365759,
    "accuracy": 0.47022332506203474
}