{
    "balanced_accuracy": 0.6396434634974533,
    "accuracy": 0.6521739130434783
}