{
    "balanced_accuracy": 0.8598343685300207,
    "accuracy": 0.9222222222222223
}