{
    "balanced_accuracy": 0.5626984126984127,
    "accuracy": 0.9191919191919192
}