{
  "dropout": 0.30108776680965565,
  "embedding_size": 512,
  "n_head": 16,
  "n_hid": 512,
  "n_layers": 2,
  "numerical_passthrough": true,
  "optimizer__lr": 0.02277589407743593
}