{
    "balanced_accuracy": 0.6332010093549976,
    "accuracy": 0.9707560627674751
}