{
    "balanced_accuracy": 0.5498540903540904,
    "accuracy": 0.7060301507537688
}