{
    "valid_loss": {
        "balanced_accuracy": 0.32553175738901025,
        "accuracy": 0.6180908332701494,
        "log_loss": 1.108939596299873
    }
}