{
    "balanced_accuracy": 0.696546098808704,
    "accuracy": 0.8905908096280087
}