{
    "valid_loss": {
        "balanced_accuracy": 0.9362710119356914,
        "accuracy": 0.9573812114617337,
        "log_loss": 0.11010475164480737,
        "roc_auc": 0.9362710119356913,
        "f1": 0.9705845537614219,
        "precision": 0.9558678500986193,
        "recall": 0.9857615052123061
    }
}