{
    "valid_loss": {
        "balanced_accuracy": 0.8088246057136443,
        "accuracy": 0.8647299718454057,
        "log_loss": 0.2936925974413762,
        "roc_auc": 0.8088246057136443,
        "f1": 0.9114814504647852,
        "precision": 0.906697767410863,
        "recall": 0.9163158780939552
    }
}