{
    "balanced_accuracy": 0.7877816689023127,
    "accuracy": 0.8199129488574538,
    "log_loss": 0.524508448059618,
    "roc_auc": 0.7877816689023127,
    "f1": 0.8723814419740393,
    "precision": 0.8817874772668226,
    "recall": 0.8631739572736521,
    "inference_time": 0.1351475715637207,
    "training_time": 0,
    "dataset": "nomao",
    "model": "mlp/simple_nd_nn",
    "fold": "F4",
    "architecture_name": "A1",
    "fs_method": "random_3",
    "fs_percent": 0.5,
    "fs_n_features": 59
}