{
    "balanced_accuracy": 0.41997844667409884,
    "accuracy": 0.6766917293233082
}