{
    "balanced_accuracy": 0.13402532946194062,
    "accuracy": 0.34429212665291764
}