{
    "balanced_accuracy": 0.98989898989899,
    "accuracy": 0.972972972972973
}