{
    "balanced_accuracy": 0.9145082407363182,
    "accuracy": 0.9441421835328255,
    "log_loss": 0.14798730976525648,
    "roc_auc": 0.9145082407363181,
    "f1": 0.9617296222664016,
    "precision": 0.9404617253948967,
    "recall": 0.9839816933638444,
    "inference_time": 0.7677493095397949,
    "training_time": 394.1068742458637,
    "dataset": "nomao",
    "model": "transformer/cls",
    "fold": "F2",
    "architecture_name": "A28",
    "fs_method": "random_4",
    "fs_percent": 0.8,
    "fs_n_features": 94
}