{
    "balanced_accuracy": 0.6006441223832528,
    "accuracy": 0.6016260162601627
}