{
    "balanced_accuracy": 0.7859771043771044,
    "accuracy": 0.8671785028790787,
    "log_loss": 0.29438645069860997,
    "roc_auc": 0.7859771043771043,
    "f1": 0.9151267375306623,
    "precision": 0.8896661367249602,
    "recall": 0.9420875420875421,
    "training_time": 0.3398308753967285,
    "inference_time": 0.006337881088256836,
    "dataset": "adult",
    "model": "xgboost",
    "fold": "F0",
    "architecture_name": "A2",
    "fs_method": "random_3",
    "fs_percent": 0.9,
    "fs_n_features": 12
}