{
    "balanced_accuracy": 0.34141176495006004,
    "accuracy": 0.42857142857142855
}