{
    "valid_loss": {
        "balanced_accuracy": 0.7717892255892256,
        "accuracy": 0.8564299424184261,
        "log_loss": 0.3056900012665685,
        "roc_auc": 0.7717892255892256,
        "f1": 0.9082133507853403,
        "precision": 0.8833545512412476,
        "recall": 0.9345117845117845
    }
}