{
    "balanced_accuracy": 0.772633744855967,
    "accuracy": 0.7735849056603774,
    "log_loss": 0.44556934230933176,
    "roc_auc": 0.772633744855967,
    "f1": 0.7874015748031497,
    "precision": 0.7547169811320755,
    "recall": 0.823045267489712,
    "inference_time": 0.017023563385009766,
    "training_time": 0,
    "dataset": "jasmine",
    "model": "mlp/simple",
    "fold": "F4",
    "architecture_name": "A1",
    "fs_method": "decision_tree",
    "fs_percent": 0.6,
    "fs_n_features": 86
}