{
    "balanced_accuracy": 0.8385747741719638,
    "accuracy": 0.8454545454545455,
    "log_loss": 0.3281920529737687,
    "roc_auc": 0.8385747741719639,
    "f1": 0.8172043010752689,
    "precision": 0.8636363636363636,
    "recall": 0.7755102040816326,
    "training_time": 0.02477574348449707,
    "inference_time": 0.0005140304565429688,
    "dataset": "australian",
    "model": "xgboost",
    "fold": "F2",
    "architecture_name": "A0",
    "fs_method": "linear_model",
    "fs_percent": 0.8,
    "fs_n_features": 11
}