{
    "balanced_accuracy": 0.7725225571083796,
    "accuracy": 0.761837727156386,
    "log_loss": 0.476090810255128,
    "roc_auc": 0.7725225571083797,
    "f1": 0.8275734272213472,
    "precision": 0.9200659250103008,
    "recall": 0.7519784475500926,
    "inference_time": 0.8246827125549316,
    "training_time": 332.10831046104425,
    "dataset": "adult",
    "model": "transformer/cls",
    "fold": "F3",
    "architecture_name": "A22",
    "fs_method": "random_1",
    "fs_percent": 0.4,
    "fs_n_features": 5
}