{
    "balanced_accuracy": 0.6137261356155366,
    "accuracy": 0.6306306306306306,
    "log_loss": 0.6593362713771243,
    "roc_auc": 0.6137261356155366,
    "f1": 0.5287356321839081,
    "precision": 0.6052631578947368,
    "recall": 0.46938775510204084,
    "inference_time": 0.0030660629272460938,
    "training_time": 0,
    "dataset": "australian",
    "model": "mlp/simple_nd",
    "fold": "F1",
    "architecture_name": "A0",
    "fs_method": "random_4",
    "fs_percent": 0.4,
    "fs_n_features": 5
}