{
    "balanced_accuracy": 0.5209579864516148,
    "accuracy": 0.5645161290322581
}