{
    "balanced_accuracy": 0.6771495483439277,
    "accuracy": 0.6909090909090909,
    "log_loss": 0.614944364925336,
    "roc_auc": 0.6771495483439277,
    "f1": 0.6136363636363636,
    "precision": 0.6923076923076923,
    "recall": 0.5510204081632653,
    "training_time": 0.028507232666015625,
    "inference_time": 0.0005865097045898438,
    "dataset": "australian",
    "model": "xgboost",
    "fold": "F4",
    "architecture_name": "A3",
    "fs_method": "random_2",
    "fs_percent": 0.5,
    "fs_n_features": 7
}