{
    "balanced_accuracy": 0.7633744855967078,
    "accuracy": 0.7672955974842768,
    "log_loss": 0.45233100167035944,
    "roc_auc": 0.7633744855967078,
    "f1": 0.8096054888507719,
    "precision": 0.6941176470588235,
    "recall": 0.9711934156378601,
    "training_time": 4.968168497085571,
    "inference_time": 0.010192632675170898,
    "dataset": "jasmine",
    "model": "mlp/full",
    "fold": "F2",
    "architecture_name": "A0",
    "fs_method": "f_classif",
    "fs_percent": 0.4,
    "fs_n_features": 57
}