{
    "valid_loss": {
        "balanced_accuracy": 0.7623557276758153,
        "accuracy": 0.8370872792423855,
        "log_loss": 0.3445367802047189,
        "roc_auc": 0.7623557276758153,
        "f1": 0.8942251765683423,
        "precision": 0.8827099737532809,
        "recall": 0.9060447886849639
    }
}