{
    "valid_loss": {
        "balanced_accuracy": 0.8593272171253823,
        "accuracy": 0.9440559440559441,
        "log_loss": 0.14267810062716138
    }
}