{
    "balanced_accuracy": 0.9318258625457003,
    "accuracy": 0.9334637964774951,
    "log_loss": 0.17396696484647994,
    "roc_auc": 0.9318258625457002,
    "f1": 0.9276595744680851,
    "precision": 0.956140350877193,
    "recall": 0.9008264462809917,
    "inference_time": 0.010009527206420898,
    "training_time": 0,
    "dataset": "kr-vs-kp",
    "model": "mlp/simple_nd_nnw",
    "fold": "F2",
    "architecture_name": "A0",
    "fs_method": "f_classif",
    "fs_percent": 0.8,
    "fs_n_features": 28
}