{
    "balanced_accuracy": 0.8566392208670005,
    "accuracy": 0.8571428571428571,
    "log_loss": 0.32843632534308653,
    "roc_auc": 0.8566392208670005,
    "f1": 0.8488612836438924,
    "precision": 0.8506224066390041,
    "recall": 0.8471074380165289,
    "training_time": 0.05533337593078613,
    "inference_time": 0.0008499622344970703,
    "dataset": "kr-vs-kp",
    "model": "xgboost",
    "fold": "F3",
    "architecture_name": "A1",
    "fs_method": "random_5",
    "fs_percent": 0.4,
    "fs_n_features": 14
}