{
    "balanced_accuracy": 0.8727272727272727,
    "accuracy": 0.9611111111111111,
    "log_loss": 0.09571726209646031
}