{
    "balanced_accuracy": 0.9340156130997714,
    "accuracy": 0.9336585365853659,
    "log_loss": 0.22371278102218292,
    "roc_auc": 0.9340156130997714,
    "f1": 0.9343629343629344,
    "precision": 0.911487758945386,
    "recall": 0.9584158415841584,
    "inference_time": 0.1081998348236084,
    "training_time": 0,
    "dataset": "sylvine",
    "model": "transformer/cls",
    "architecture_name": "A26",
    "fs_method": "f_classif",
    "fs_percent": 0.4,
    "fs_n_features": 8
}