{
    "balanced_accuracy": 0.6979166666666667,
    "accuracy": 0.6363636363636364
}