{
    "balanced_accuracy": 0.6830783633608352,
    "accuracy": 0.8286409009470181,
    "log_loss": 0.39419696314842045,
    "roc_auc": 0.6830783633608352,
    "f1": 0.8952023166627534,
    "precision": 0.8363556595495759,
    "recall": 0.9629567267216703,
    "inference_time": 0.1769564151763916,
    "training_time": 0,
    "dataset": "adult",
    "model": "mlp/simple",
    "fold": "F4",
    "architecture_name": "A0",
    "fs_method": "random_5",
    "fs_percent": 0.4,
    "fs_n_features": 5
}