{
    "balanced_accuracy": 0.7915690866510539,
    "accuracy": 0.8,
    "log_loss": 0.4500689259426431,
    "roc_auc": 0.791569086651054,
    "f1": 0.7608695652173914,
    "precision": 0.813953488372093,
    "recall": 0.7142857142857143,
    "training_time": 0.016832351684570312,
    "inference_time": 0.00047469139099121094,
    "dataset": "australian",
    "model": "xgboost",
    "fold": "F4",
    "architecture_name": "A0",
    "fs_method": "decision_tree",
    "fs_percent": 0.4,
    "fs_n_features": 5
}