{
    "balanced_accuracy": 0.4620780126119636,
    "accuracy": 0.7142857142857143
}