{
    "valid_loss": {
        "balanced_accuracy": 0.3381729599949444,
        "accuracy": 0.6174463568124953,
        "log_loss": 1.1018116213346891
    }
}