{
    "balanced_accuracy": 0.4314103561452475,
    "accuracy": 0.6666666666666666
}