{
    "valid_loss": {
        "balanced_accuracy": 0.783800235729921,
        "accuracy": 0.8519324289736371,
        "log_loss": 0.3216178997182181,
        "roc_auc": 0.783800235729921,
        "f1": 0.903767778424686,
        "precision": 0.8929980276134122,
        "recall": 0.9148004714598418
    }
}