{
    "valid_loss": {
        "balanced_accuracy": 0.9560378110518206,
        "accuracy": 0.9560975609756097,
        "log_loss": 0.14401710974387258,
        "roc_auc": 0.9560378110518207,
        "f1": 0.9572446555819477,
        "precision": 0.9350348027842227,
        "recall": 0.9805352798053528
    }
}