{
    "valid_loss": {
        "balanced_accuracy": 0.7845111111111112,
        "accuracy": 0.8474728087012157,
        "log_loss": 0.3235036740732762,
        "roc_auc": 0.784511111111111,
        "f1": 0.9002510460251046,
        "precision": 0.8950083194675541,
        "recall": 0.9055555555555556
    }
}