{
    "balanced_accuracy": 0.9500061445820148,
    "accuracy": 0.9510763209393346,
    "log_loss": 0.07864440313385718,
    "roc_auc": 0.9500061445820147,
    "f1": 0.9473684210526315,
    "precision": 0.9656652360515021,
    "recall": 0.9297520661157025,
    "training_time": 7.047727108001709,
    "inference_time": 0.01076507568359375,
    "dataset": "kr-vs-kp",
    "model": "mlp/full",
    "fold": "F2",
    "architecture_name": "A0",
    "fs_method": "f_classif",
    "fs_percent": 0.7,
    "fs_n_features": 25
}