{
    "balanced_accuracy": 0.7321145932257043,
    "accuracy": 0.7358490566037735,
    "log_loss": 0.5701445241280366,
    "roc_auc": 0.7321145932257044,
    "f1": 0.7820069204152249,
    "precision": 0.6746268656716418,
    "recall": 0.9300411522633745,
    "inference_time": 0.056066274642944336,
    "training_time": 52.552779298079635
}