{
    "balanced_accuracy": 0.8076923076923077,
    "accuracy": 0.8092243186582809,
    "log_loss": 0.4356044685777853,
    "roc_auc": 0.8076923076923077,
    "f1": 0.8260038240917782,
    "precision": 0.7714285714285715,
    "recall": 0.8888888888888888,
    "training_time": 0.07821273803710938,
    "inference_time": 0.0011911392211914062
}