{
    "balanced_accuracy": 0.605787476280835,
    "accuracy": 0.5822784810126582
}