{
    "balanced_accuracy": 0.8052389996834441,
    "accuracy": 0.8071278825995807,
    "log_loss": 0.4345628924475014,
    "roc_auc": 0.8052389996834441,
    "f1": 0.8270676691729323,
    "precision": 0.7612456747404844,
    "recall": 0.9053497942386831,
    "training_time": 0.12021803855895996,
    "inference_time": 0.0008935928344726562
}