{
    "balanced_accuracy": 0.9505080837273381,
    "accuracy": 0.9622846781504987,
    "log_loss": 0.0989377261961608,
    "roc_auc": 0.9505080837273381,
    "f1": 0.973677549987345,
    "precision": 0.9692617787855883,
    "recall": 0.9781337401474701,
    "training_time": 0.4395413398742676,
    "inference_time": 0.004240751266479492,
    "dataset": "nomao",
    "model": "xgboost",
    "fold": "F1",
    "architecture_name": "A0",
    "fs_method": "random_1",
    "fs_percent": 0.6,
    "fs_n_features": 70
}