{
  "dropout": 0.2558839331803124,
  "embedding_size": 128,
  "n_head": 16,
  "n_hid": 1024,
  "n_layers": 2,
  "numerical_passthrough": false,
  "optimizer__lr": 0.09474710585763127
}