{
    "valid_loss": {
        "balanced_accuracy": 0.6167449181844223,
        "accuracy": 0.6818522885625469,
        "log_loss": 0.9004364385260145
    }
}