{
    "balanced_accuracy": 0.6212949494949496,
    "accuracy": 0.8090850927703135,
    "log_loss": 0.3913198062891256,
    "roc_auc": 0.6212949494949496,
    "f1": 0.886643367269412,
    "precision": 0.8079479368595957,
    "recall": 0.9823232323232324,
    "inference_time": 0.14829039573669434,
    "training_time": 0,
    "dataset": "adult",
    "model": "mlp/simple_nd_nnw",
    "fold": "F2",
    "architecture_name": "A0",
    "fs_method": "linear_model",
    "fs_percent": 0.7,
    "fs_n_features": 9
}