{
    "balanced_accuracy": 0.6994147285630895,
    "accuracy": 0.7064579256360078,
    "log_loss": 3.461040170841702,
    "roc_auc": 0.6994147285630895,
    "f1": 0.6462264150943396,
    "precision": 0.7527472527472527,
    "recall": 0.5661157024793388,
    "inference_time": 0.05918741226196289,
    "training_time": 63.08602156799832,
    "dataset": "kr-vs-kp",
    "model": "transformer/cls",
    "fold": "F1",
    "architecture_name": "A2",
    "fs_method": "random_1",
    "fs_percent": 0.5,
    "fs_n_features": 18
}