{
    "balanced_accuracy": 0.9263086007513903,
    "accuracy": 0.9461371055495104,
    "log_loss": 0.1424413788645627,
    "roc_auc": 0.9263086007513904,
    "f1": 0.9626368096615927,
    "precision": 0.9526892430278885,
    "recall": 0.9727943046020849,
    "inference_time": 0.11782336235046387,
    "training_time": 0,
    "dataset": "nomao",
    "model": "mlp/simple",
    "fold": "F2",
    "architecture_name": "A0",
    "fs_method": "linear_model",
    "fs_percent": 0.8,
    "fs_n_features": 94
}