{
    "balanced_accuracy": 0.5038581911570436,
    "accuracy": 0.8851203501094091
}