{
  "dropout": 0.3614228002379136,
  "embedding_size": 512,
  "n_head": 16,
  "n_hid": 64,
  "n_layers": 3,
  "numerical_passthrough": false,
  "optimizer__lr": 0.006476869642881411
}