{
    "balanced_accuracy": 0.4884615384615385,
    "accuracy": 0.5217391304347826
}