{
    "valid_loss": {
        "balanced_accuracy": 0.9377123004895924,
        "accuracy": 0.9378048780487804,
        "log_loss": 0.16688025474211635,
        "roc_auc": 0.9377123004895925,
        "f1": 0.94021101992966,
        "precision": 0.9072398190045249,
        "recall": 0.975669099756691
    }
}