{
    "valid_loss": {
        "balanced_accuracy": 0.9312904873444352,
        "accuracy": 0.9510426110607434,
        "log_loss": 0.12951647805081093,
        "roc_auc": 0.9312904873444353,
        "f1": 0.9660804020100503,
        "precision": 0.9548050658058108,
        "recall": 0.9776252224764811
    }
}