{
    "balanced_accuracy": 0.7311097940169502,
    "accuracy": 0.8378551318146916,
    "log_loss": 0.3243582677993102,
    "roc_auc": 0.7311097940169502,
    "f1": 0.897731858907095,
    "precision": 0.862170542635659,
    "recall": 0.9363529213672336,
    "training_time": 0.3910050392150879,
    "inference_time": 0.009269237518310547,
    "dataset": "adult",
    "model": "xgboost",
    "fold": "F4",
    "architecture_name": "A3",
    "fs_method": "random_1",
    "fs_percent": 0.5,
    "fs_n_features": 7
}