{
    "balanced_accuracy": 0.8474935558268892,
    "accuracy": 0.8502906976744186
}