{
    "balanced_accuracy": 0.5154930416305361,
    "accuracy": 0.6126017485679831
}