{
    "balanced_accuracy": 0.5055555555555555,
    "accuracy": 0.10101010101010101
}