{
    "balanced_accuracy": 0.6230157998731881,
    "accuracy": 0.7899262899262899
}