{
    "balanced_accuracy": 0.7930303826284913,
    "accuracy": 0.7949790794979079,
    "log_loss": 0.436166177367344,
    "roc_auc": 0.7930303826284913,
    "f1": 0.8185185185185185,
    "precision": 0.7441077441077442,
    "recall": 0.9094650205761317,
    "training_time": 0.06529641151428223,
    "inference_time": 0.0008559226989746094,
    "dataset": "jasmine",
    "model": "xgboost",
    "fold": "F0",
    "architecture_name": "A1",
    "fs_method": "random_5",
    "fs_percent": 0.4,
    "fs_n_features": 57
}