{
    "balanced_accuracy": 0.7659742493124544,
    "accuracy": 0.8492449449705657,
    "log_loss": 0.3329715377295598,
    "roc_auc": 0.7659742493124545,
    "f1": 0.9032681885367055,
    "precision": 0.8815515306940215,
    "recall": 0.9260818319582421,
    "inference_time": 0.18007540702819824,
    "training_time": 0,
    "dataset": "adult",
    "model": "mlp/simple",
    "fold": "F3",
    "architecture_name": "A0",
    "fs_method": "random_5",
    "fs_percent": 0.8,
    "fs_n_features": 11
}