{
    "balanced_accuracy": 0.7454099398543843,
    "accuracy": 0.7484276729559748,
    "log_loss": 0.5059709571058746,
    "roc_auc": 0.7454099398543842,
    "f1": 0.7857142857142857,
    "precision": 0.694006309148265,
    "recall": 0.9053497942386831,
    "inference_time": 0.05107402801513672,
    "training_time": 36.40366001129149,
    "dataset": "jasmine",
    "model": "transformer/cls",
    "fold": "F3",
    "architecture_name": "A24",
    "fs_method": "random_4",
    "fs_percent": 0.5,
    "fs_n_features": 72
}