{
    "balanced_accuracy": 0.7703063973063973,
    "accuracy": 0.8089571337172105,
    "log_loss": 0.4101966060611665,
    "roc_auc": 0.7703063973063973,
    "f1": 0.8704780081547671,
    "precision": 0.8979774476463218,
    "recall": 0.8446127946127946,
    "inference_time": 0.16066503524780273,
    "training_time": 0,
    "dataset": "adult",
    "model": "mlp/simple_nd",
    "fold": "F1",
    "architecture_name": "A0",
    "fs_method": "random_1",
    "fs_percent": 0.5,
    "fs_n_features": 7
}