{
    "valid_loss": {
        "balanced_accuracy": 0.7895602693602694,
        "accuracy": 0.8584772872680743,
        "log_loss": 0.30427797028312625,
        "roc_auc": 0.7895602693602694,
        "f1": 0.9082918739635157,
        "precision": 0.8949346405228759,
        "recall": 0.922053872053872
    }
}