{
    "balanced_accuracy": 0.7187401076289965,
    "accuracy": 0.7190775681341719,
    "log_loss": 0.5360170724550084,
    "roc_auc": 0.7187401076289964,
    "f1": 0.7276422764227642,
    "precision": 0.7188755020080321,
    "recall": 0.7366255144032922,
    "inference_time": 0.01146697998046875,
    "training_time": 0,
    "dataset": "jasmine",
    "model": "mlp/simple_nd_nnw",
    "fold": "F3",
    "architecture_name": "A1",
    "fs_method": "random_5",
    "fs_percent": 0.4,
    "fs_n_features": 57
}