{
    "balanced_accuracy": 0.5313588850174216,
    "accuracy": 0.5448275862068965
}