{
    "valid_loss": {
        "balanced_accuracy": 0.33408418453937394,
        "accuracy": 0.6186973993479414,
        "log_loss": 1.1085135864641835
    }
}