{
    "valid_loss": {
        "balanced_accuracy": 0.9379453346718085,
        "accuracy": 0.957570262919311,
        "log_loss": 0.11466882367719249,
        "roc_auc": 0.9379453346718085,
        "f1": 0.9706546275395034,
        "precision": 0.9576837416481069,
        "recall": 0.9839816933638444
    }
}