{
    "valid_loss": {
        "balanced_accuracy": 0.9363685923800138,
        "accuracy": 0.957207615593835,
        "log_loss": 0.11057823175311496,
        "roc_auc": 0.9363685923800138,
        "f1": 0.9704482844978712,
        "precision": 0.9560819146311375,
        "recall": 0.9852529875413171
    }
}