{
    "balanced_accuracy": 0.9657353652811731,
    "accuracy": 0.9724338048603555,
    "log_loss": 0.0799458887081354,
    "roc_auc": 0.9657353652811732,
    "f1": 0.9806910569105691,
    "precision": 0.97994414826098,
    "recall": 0.9814391050088991,
    "training_time": 2.0619406700134277,
    "inference_time": 0.0077915191650390625
}