{
    "valid_loss": {
        "balanced_accuracy": 0.3316151183943546,
        "accuracy": 0.6169535218742892,
        "log_loss": 1.1055373118788183
    }
}