{
    "balanced_accuracy": 0.21176470588235294,
    "accuracy": 0.05555555555555555
}