{
    "balanced_accuracy": 0.920604892442414,
    "accuracy": 0.9207317073170732,
    "log_loss": 0.21610787657848407,
    "roc_auc": 0.920604892442414,
    "f1": 0.9230769230769231,
    "precision": 0.9006928406466512,
    "recall": 0.9466019417475728,
    "inference_time": 0.018911123275756836,
    "training_time": 0,
    "dataset": "sylvine",
    "model": "mlp/simple_nd_nnw",
    "fold": "F1",
    "architecture_name": "A1",
    "fs_method": "f_classif",
    "fs_percent": 0.4,
    "fs_n_features": 8
}