{
    "valid_loss": {
        "balanced_accuracy": 0.8131862358812714,
        "accuracy": 0.8158995815899581,
        "log_loss": 0.40756125292092926,
        "roc_auc": 0.8131862358812713,
        "f1": 0.8434163701067615,
        "precision": 0.7429467084639498,
        "recall": 0.9753086419753086
    }
}