{
    "balanced_accuracy": 0.7407905629139073,
    "accuracy": 0.8492462311557789
}