{
    "balanced_accuracy": 0.9663276905588498,
    "accuracy": 0.9667318982387475,
    "log_loss": 0.06001326127323626,
    "roc_auc": 0.9663276905588497,
    "f1": 0.9646569646569647,
    "precision": 0.9707112970711297,
    "recall": 0.9586776859504132,
    "training_time": 10.82036828994751,
    "inference_time": 0.017129898071289062,
    "dataset": "kr-vs-kp",
    "model": "mlp/full",
    "fold": "F1",
    "architecture_name": "A1",
    "fs_method": "f_classif",
    "fs_percent": 0.6,
    "fs_n_features": 21
}