{
    "balanced_accuracy": 0.6878688524590164,
    "accuracy": 0.6846846846846847,
    "log_loss": 0.6036413742087583,
    "roc_auc": 0.6878688524590165,
    "f1": 0.6728971962616822,
    "precision": 0.631578947368421,
    "recall": 0.72,
    "inference_time": 0.0028798580169677734,
    "training_time": 0,
    "dataset": "australian",
    "model": "mlp/simple_nnw",
    "fold": "F0",
    "architecture_name": "A0",
    "fs_method": "random_3",
    "fs_percent": 0.5,
    "fs_n_features": 7
}