{
  "dropout": 0.19264614559223708,
  "embedding_size": 1024,
  "n_head": 4,
  "n_hid": 32,
  "n_layers": 3,
  "optimizer__lr": 0.08316909626692638
}