{
    "balanced_accuracy": 0.7661132177134198,
    "accuracy": 0.8550038392628615,
    "log_loss": 0.31535057315966536,
    "roc_auc": 0.7661132177134196,
    "f1": 0.9076082524667699,
    "precision": 0.8799810246679317,
    "recall": 0.9370264354268395,
    "training_time": 184.8629493713379,
    "inference_time": 0.17305922508239746,
    "dataset": "adult",
    "model": "mlp/full_nd_nnw",
    "fold": "F4",
    "architecture_name": "A1",
    "fs_method": "none",
    "fs_percent": 1.0,
    "fs_n_features": 14
}