{
    "balanced_accuracy": 0.6821525358110724,
    "accuracy": 0.6758620689655173
}