{
    "valid_loss": {
        "balanced_accuracy": 0.779457239057239,
        "accuracy": 0.8481126039667306,
        "log_loss": 0.3345506428055864,
        "roc_auc": 0.779457239057239,
        "f1": 0.9012068248023304,
        "precision": 0.89119341563786,
        "recall": 0.9114478114478114
    }
}