{
    "balanced_accuracy": 0.8357133002207505,
    "accuracy": 0.907035175879397
}