{
    "balanced_accuracy": 0.41869293010068526,
    "accuracy": 0.6259541984732825
}