{
    "balanced_accuracy": 0.9900841807736029,
    "accuracy": 0.9902152641878669,
    "log_loss": 0.02346204915982301,
    "roc_auc": 0.9900841807736028,
    "f1": 0.989648033126294,
    "precision": 0.991701244813278,
    "recall": 0.987603305785124,
    "training_time": 22.207599401474,
    "inference_time": 0.019192218780517578,
    "dataset": "kr-vs-kp",
    "model": "mlp/full",
    "fold": "F3",
    "architecture_name": "A1",
    "fs_method": "decision_tree",
    "fs_percent": 0.5,
    "fs_n_features": 18
}