{
  "dropout": 0.1358807840157156,
  "embedding_size": 128,
  "n_head": 1,
  "n_hid": 512,
  "n_layers": 1,
  "numerical_passthrough": true,
  "optimizer__lr": 0.0002799231425518412
}