{
    "balanced_accuracy": 0.505830518065906,
    "accuracy": 0.5701863354037268
}