{
    "balanced_accuracy": 0.785375118708452,
    "accuracy": 0.7882599580712788,
    "log_loss": 0.469755876916051,
    "roc_auc": 0.7853751187084519,
    "f1": 0.8186714542190305,
    "precision": 0.7261146496815286,
    "recall": 0.9382716049382716,
    "inference_time": 0.05126619338989258,
    "training_time": 36.40366001129149,
    "dataset": "jasmine",
    "model": "transformer/cls",
    "fold": "F3",
    "architecture_name": "A24",
    "fs_method": "random_1",
    "fs_percent": 0.5,
    "fs_n_features": 72
}