{
    "valid_loss": {
        "balanced_accuracy": 0.8201739712278353,
        "accuracy": 0.8272727272727273,
        "log_loss": 0.4158578950100971,
        "roc_auc": 0.8201739712278354,
        "f1": 0.7956989247311828,
        "precision": 0.8409090909090909,
        "recall": 0.7551020408163265
    }
}