{
    "balanced_accuracy": 0.7133738964447626,
    "accuracy": 0.7616580310880829
}