{
    "balanced_accuracy": 0.8112787582729278,
    "accuracy": 0.8181818181818182
}