{
    "valid_loss": {
        "balanced_accuracy": 0.7648318042813457,
        "accuracy": 0.9790209790209791,
        "log_loss": 0.05001112938863778
    }
}