{
    "balanced_accuracy": 0.733715103793844,
    "accuracy": 0.7357512953367875
}