{
    "balanced_accuracy": 0.9960751482380411,
    "accuracy": 0.9960861056751468,
    "log_loss": 0.005006450449270015,
    "roc_auc": 0.9960751482380412,
    "f1": 0.9958677685950413,
    "precision": 0.9958677685950413,
    "recall": 0.9958677685950413,
    "inference_time": 0.043489933013916016,
    "training_time": 64.11998417912697
}