{
    "balanced_accuracy": 0.926739599878643,
    "accuracy": 0.926829268292683,
    "log_loss": 0.21343023363719468,
    "roc_auc": 0.926739599878643,
    "f1": 0.9295774647887324,
    "precision": 0.8979591836734694,
    "recall": 0.9635036496350365,
    "training_time": 0.06234121322631836,
    "inference_time": 0.0007076263427734375,
    "dataset": "sylvine",
    "model": "xgboost",
    "fold": "F3",
    "architecture_name": "A0",
    "fs_method": "random_2",
    "fs_percent": 0.5,
    "fs_n_features": 10
}