{
    "balanced_accuracy": 0.7788857233301678,
    "accuracy": 0.7819706498951782,
    "log_loss": 0.4941815566968482,
    "roc_auc": 0.7788857233301678,
    "f1": 0.8149466192170819,
    "precision": 0.7178683385579937,
    "recall": 0.9423868312757202,
    "inference_time": 0.012322425842285156,
    "training_time": 0,
    "dataset": "jasmine",
    "model": "mlp/simple_nd",
    "fold": "F4",
    "architecture_name": "A0",
    "fs_method": "random_3",
    "fs_percent": 0.7,
    "fs_n_features": 100
}