{
    "valid_loss": {
        "balanced_accuracy": 0.5302111119626027,
        "accuracy": 0.7713245886723785,
        "log_loss": 0.6897110461941517
    }
}