{
    "balanced_accuracy": 0.7491629629629629,
    "accuracy": 0.8497760716570697,
    "log_loss": 0.31724198718628366,
    "roc_auc": 0.749162962962963,
    "f1": 0.9051083090850307,
    "precision": 0.8704912935323383,
    "recall": 0.9425925925925925,
    "training_time": 0.19010305404663086,
    "inference_time": 0.004725456237792969,
    "dataset": "adult",
    "model": "xgboost",
    "fold": "F1",
    "architecture_name": "A1",
    "fs_method": "random_4",
    "fs_percent": 0.5,
    "fs_n_features": 7
}