{
    "balanced_accuracy": 0.40555555555555556,
    "accuracy": 0.42105263157894735
}