{
    "balanced_accuracy": 0.7302808080808081,
    "accuracy": 0.81829814459373,
    "log_loss": 0.3893942880878419,
    "roc_auc": 0.7302808080808081,
    "f1": 0.882702792003965,
    "precision": 0.8665261109309115,
    "recall": 0.8994949494949495,
    "inference_time": 0.9358706474304199,
    "training_time": 269.1218492984772,
    "dataset": "adult",
    "model": "transformer/cls",
    "fold": "F0",
    "architecture_name": "A22",
    "fs_method": "f_classif",
    "fs_percent": 0.6,
    "fs_n_features": 8
}