{
    "valid_loss": {
        "balanced_accuracy": 0.5377686547623602,
        "accuracy": 0.7747365228599591,
        "log_loss": 0.6807046711071911
    }
}