{
    "balanced_accuracy": 0.9470899470899471,
    "accuracy": 0.9444444444444444
}