{
    "valid_loss": {
        "balanced_accuracy": 0.9493426661282361,
        "accuracy": 0.961189698948132,
        "log_loss": 0.10202240195952454,
        "roc_auc": 0.9493426661282361,
        "f1": 0.9729113924050633,
        "precision": 0.9687421225107133,
        "recall": 0.977116704805492
    }
}