{
    "balanced_accuracy": 0.7856385379061371,
    "accuracy": 0.7772194304857621,
    "log_loss": 0.8600635405856306,
    "roc_auc": 0.7856385379061371,
    "f1": 0.7898894154818326,
    "precision": 0.702247191011236,
    "recall": 0.9025270758122743,
    "inference_time": 0.012901067733764648,
    "training_time": 0,
    "dataset": "jasmine",
    "model": "mlp/simple",
    "architecture_name": "A0",
    "fs_method": "decision_tree",
    "fs_percent": 0.7,
    "fs_n_features": 100
}