{
    "valid_loss": {
        "balanced_accuracy": 0.9287549706638021,
        "accuracy": 0.9485040797824116,
        "log_loss": 0.12624087433813275,
        "roc_auc": 0.928754970663802,
        "f1": 0.9642946944933367,
        "precision": 0.9537428500373042,
        "recall": 0.9750826341215357
    }
}