{
    "balanced_accuracy": 0.5261759467921044,
    "accuracy": 0.6240782027096553
}