{
    "valid_loss": {
        "balanced_accuracy": 0.7847030303030302,
        "accuracy": 0.8588611644273833,
        "log_loss": 0.3022185494156705,
        "roc_auc": 0.7847030303030302,
        "f1": 0.9089858899249113,
        "precision": 0.8914063764363166,
        "recall": 0.9272727272727272
    }
}