{
    "valid_loss": {
        "balanced_accuracy": 0.7924006734006734,
        "accuracy": 0.8467050543825976,
        "log_loss": 0.32321166980340177,
        "roc_auc": 0.7924006734006733,
        "f1": 0.8989200134998313,
        "precision": 0.9010487144790257,
        "recall": 0.8968013468013468
    }
}