{
    "valid_loss": {
        "balanced_accuracy": 0.5882480092243976,
        "accuracy": 0.6752411575562701,
        "log_loss": 0.9430211574740036
    }
}