{
    "balanced_accuracy": 0.4295688307795202,
    "accuracy": 0.6152671755725191
}