{
    "valid_loss": {
        "balanced_accuracy": 0.5096857419791972,
        "accuracy": 0.761231375819843,
        "log_loss": 0.6981111451263454
    }
}