{
    "balanced_accuracy": 0.8666666666666667,
    "accuracy": 0.9424460431654677
}