{
    "balanced_accuracy": 0.5680272108843537,
    "accuracy": 0.6597717546362339
}