{
    "balanced_accuracy": 0.9522540986572527,
    "accuracy": 0.9631846209648168,
    "log_loss": 0.09919028223217843,
    "roc_auc": 0.9522540986572529,
    "f1": 0.9742875237492084,
    "precision": 0.9707218576476527,
    "recall": 0.9778794813119756,
    "inference_time": 0.5027849674224854,
    "training_time": 526.6557850562609
}