{
    "valid_loss": {
        "balanced_accuracy": 0.5566621710043264,
        "accuracy": 0.7812109034386018,
        "log_loss": 0.6523298920649651
    }
}