{
    "balanced_accuracy": 0.4234916749881713,
    "accuracy": 0.4826302729528536
}