{
    "balanced_accuracy": 0.5093662604128446,
    "accuracy": 0.623454929152849
}