{
    "balanced_accuracy": 0.511744966442953,
    "accuracy": 0.7039674465920651
}