{
    "balanced_accuracy": 0.6968599033816425,
    "accuracy": 0.7073170731707317
}