{
    "valid_loss": {
        "balanced_accuracy": 0.7849400227650818,
        "accuracy": 0.7866108786610879,
        "log_loss": 0.4194097509393489,
        "roc_auc": 0.7849400227650819,
        "f1": 0.8082706766917294,
        "precision": 0.7439446366782007,
        "recall": 0.8847736625514403
    }
}