{
  "dropout": 0.09132832369990385,
  "embedding_size": 1024,
  "n_head": 4,
  "n_hid": 1024,
  "n_layers": 2,
  "numerical_passthrough": true,
  "optimizer__lr": 1.0316008688814883e-05
}