{
    "balanced_accuracy": 0.69864493461301,
    "accuracy": 0.8292807780906066,
    "log_loss": 0.4117640354468399,
    "roc_auc": 0.69864493461301,
    "f1": 0.8942612555485099,
    "precision": 0.8448404972292946,
    "recall": 0.9498232025593534,
    "inference_time": 0.5097136497497559,
    "training_time": 240.44788837432856
}