{
    "balanced_accuracy": 0.7880410774410774,
    "accuracy": 0.8661548304542547,
    "log_loss": 0.28879142562136473,
    "roc_auc": 0.7880410774410773,
    "f1": 0.9142060367454068,
    "precision": 0.8913947536788228,
    "recall": 0.9382154882154882,
    "training_time": 0.2966275215148926,
    "inference_time": 0.006851673126220703,
    "dataset": "adult",
    "model": "xgboost",
    "fold": "F2",
    "architecture_name": "A1",
    "fs_method": "random_3",
    "fs_percent": 0.8,
    "fs_n_features": 11
}