{
  "dropout": 0.38918159269925284,
  "embedding_size": 32,
  "n_head": 2,
  "n_hid": 64,
  "n_layers": 2,
  "numerical_passthrough": true,
  "optimizer__lr": 0.0006499249516374065
}