{
    "balanced_accuracy": 0.8691870190699231,
    "accuracy": 0.8727272727272727,
    "log_loss": 0.2968397168036024,
    "roc_auc": 0.8691870190699231,
    "f1": 0.8541666666666666,
    "precision": 0.8723404255319149,
    "recall": 0.8367346938775511,
    "training_time": 2.127147912979126,
    "inference_time": 0.004418134689331055,
    "dataset": "australian",
    "model": "mlp/full",
    "fold": "F2",
    "architecture_name": "A1",
    "fs_method": "decision_tree",
    "fs_percent": 0.7,
    "fs_n_features": 9
}