{
    "balanced_accuracy": 0.7723171889838556,
    "accuracy": 0.7735849056603774,
    "log_loss": 0.4688481550816492,
    "roc_auc": 0.7723171889838556,
    "f1": 0.7906976744186046,
    "precision": 0.7472527472527473,
    "recall": 0.8395061728395061,
    "inference_time": 0.011561393737792969,
    "training_time": 0,
    "dataset": "jasmine",
    "model": "mlp/simple_nnw",
    "fold": "F4",
    "architecture_name": "A1",
    "fs_method": "random_2",
    "fs_percent": 0.8,
    "fs_n_features": 115
}