{
    "balanced_accuracy": 0.5071196581196581,
    "accuracy": 0.7160804020100503
}