{
    "balanced_accuracy": 0.7879075656853435,
    "accuracy": 0.790356394129979,
    "log_loss": 0.4555241653926957,
    "roc_auc": 0.7879075656853434,
    "f1": 0.8168498168498168,
    "precision": 0.735973597359736,
    "recall": 0.9176954732510288,
    "inference_time": 0.19702386856079102,
    "training_time": 78.13804393065602,
    "dataset": "jasmine",
    "model": "transformer/cls",
    "fold": "F3",
    "architecture_name": "A30",
    "fs_method": "none",
    "fs_percent": 1.0,
    "fs_n_features": 144
}