{
    "balanced_accuracy": 0.8555278816693951,
    "accuracy": 0.8958514650420656
}