{
    "valid_loss": {
        "balanced_accuracy": 0.33398644167254754,
        "accuracy": 0.6196686507184289,
        "log_loss": 1.099948019434656
    }
}