{
    "balanced_accuracy": 0.7627174496267609,
    "accuracy": 0.8503967238290249,
    "log_loss": 0.3262662775620869,
    "roc_auc": 0.762717449626761,
    "f1": 0.9044231869838933,
    "precision": 0.8790527654164018,
    "recall": 0.9313015659201885,
    "training_time": 0.2315671443939209,
    "inference_time": 0.003935098648071289,
    "dataset": "adult",
    "model": "xgboost",
    "fold": "F3",
    "architecture_name": "A0",
    "fs_method": "random_3",
    "fs_percent": 0.6,
    "fs_n_features": 8
}