{
    "balanced_accuracy": 0.7119666048237476,
    "accuracy": 0.9174311926605505
}