{
    "balanced_accuracy": 0.6694722792809134,
    "accuracy": 0.739440203562341
}