{
    "balanced_accuracy": 0.9098343488194973,
    "accuracy": 0.9092682926829269,
    "log_loss": 0.23377593729343027,
    "roc_auc": 0.9098343488194973,
    "f1": 0.9115128449096099,
    "precision": 0.8772893772893773,
    "recall": 0.9485148514851485,
    "inference_time": 0.021175146102905273,
    "training_time": 0,
    "dataset": "sylvine",
    "model": "mlp/simple_nnw",
    "architecture_name": "A0",
    "fs_method": "random_2",
    "fs_percent": 0.5,
    "fs_n_features": 10
}