{
    "balanced_accuracy": 0.7750430976430976,
    "accuracy": 0.8635956493921945,
    "log_loss": 0.2906448973268055,
    "roc_auc": 0.7750430976430976,
    "f1": 0.9133051398828888,
    "precision": 0.8834172435494021,
    "recall": 0.9452861952861953,
    "training_time": 0.25620245933532715,
    "inference_time": 0.0051250457763671875,
    "dataset": "adult",
    "model": "xgboost",
    "fold": "F2",
    "architecture_name": "A1",
    "fs_method": "random_2",
    "fs_percent": 0.8,
    "fs_n_features": 11
}