{
    "valid_loss": {
        "balanced_accuracy": 0.9466546010368425,
        "accuracy": 0.9608269858541894,
        "log_loss": 0.10458210338006217,
        "roc_auc": 0.9466546010368426,
        "f1": 0.9727341580408988,
        "precision": 0.9656641604010026,
        "recall": 0.9799084435401831
    }
}