{
    "balanced_accuracy": 0.7783710437710438,
    "accuracy": 0.8611644273832374,
    "log_loss": 0.2937390751882405,
    "roc_auc": 0.7783710437710437,
    "f1": 0.9112329215413565,
    "precision": 0.8863600190991564,
    "recall": 0.9375420875420876,
    "training_time": 0.2718656063079834,
    "inference_time": 0.0038480758666992188
}