{
    "balanced_accuracy": 0.7448270584634221,
    "accuracy": 0.748046875,
    "log_loss": 0.478507885951557,
    "roc_auc": 0.7448270584634221,
    "f1": 0.720173535791757,
    "precision": 0.7579908675799086,
    "recall": 0.6859504132231405,
    "training_time": 0.07140994071960449,
    "inference_time": 0.0008313655853271484,
    "dataset": "kr-vs-kp",
    "model": "xgboost",
    "fold": "F0",
    "architecture_name": "A0",
    "fs_method": "random_2",
    "fs_percent": 0.4,
    "fs_n_features": 14
}