{
    "balanced_accuracy": 0.9750069126547667,
    "accuracy": 0.974559686888454,
    "log_loss": 0.0728244099860575,
    "roc_auc": 0.9750069126547667,
    "f1": 0.9734151329243353,
    "precision": 0.9635627530364372,
    "recall": 0.9834710743801653,
    "training_time": 0.07756495475769043,
    "inference_time": 0.0012183189392089844
}