{
    "balanced_accuracy": 0.5145002431906615,
    "accuracy": 0.5146198830409356
}