{
    "balanced_accuracy": 0.8371508624463707,
    "accuracy": 0.8389121338912134,
    "log_loss": 0.3758768234889445,
    "roc_auc": 0.8371508624463707,
    "f1": 0.8560747663551402,
    "precision": 0.7842465753424658,
    "recall": 0.9423868312757202,
    "training_time": 0.0807502269744873,
    "inference_time": 0.0008242130279541016,
    "dataset": "jasmine",
    "model": "xgboost",
    "fold": "F0",
    "architecture_name": "A1",
    "fs_method": "random_4",
    "fs_percent": 0.6,
    "fs_n_features": 86
}