{
    "balanced_accuracy": 0.4921052631578947,
    "accuracy": 0.6518518518518519
}