{
    "balanced_accuracy": 0.854633656741385,
    "accuracy": 0.8454545454545455,
    "log_loss": 0.3185726580934207,
    "roc_auc": 0.8546336567413851,
    "f1": 0.8440366972477065,
    "precision": 0.7666666666666667,
    "recall": 0.9387755102040817,
    "inference_time": 0.0031850337982177734,
    "training_time": 0,
    "dataset": "australian",
    "model": "mlp/simple_nd",
    "fold": "F3",
    "architecture_name": "A0",
    "fs_method": "linear_model",
    "fs_percent": 0.7,
    "fs_n_features": 9
}