{
    "valid_loss": {
        "balanced_accuracy": 0.8090710095438228,
        "accuracy": 0.8117154811715481,
        "log_loss": 0.4058742591771949,
        "roc_auc": 0.8090710095438228,
        "f1": 0.8392857142857143,
        "precision": 0.7413249211356467,
        "recall": 0.9670781893004116
    }
}