{
    "balanced_accuracy": 0.806426084203862,
    "accuracy": 0.8092243186582809,
    "log_loss": 0.41336532987419167,
    "roc_auc": 0.806426084203862,
    "f1": 0.836036036036036,
    "precision": 0.7435897435897436,
    "recall": 0.9547325102880658,
    "training_time": 0.07432246208190918,
    "inference_time": 0.0007944107055664062,
    "dataset": "jasmine",
    "model": "xgboost",
    "fold": "F2",
    "architecture_name": "A0",
    "fs_method": "none",
    "fs_percent": 1.0,
    "fs_n_features": 144
}