{
    "balanced_accuracy": 0.8129977628635348,
    "accuracy": 0.8127090301003345
}