{
    "valid_loss": {
        "balanced_accuracy": 0.7423191919191919,
        "accuracy": 0.8332693538067818,
        "log_loss": 0.3600775347568956,
        "roc_auc": 0.7423191919191919,
        "f1": 0.8931879662267399,
        "precision": 0.8704265857165682,
        "recall": 0.9171717171717172
    }
}