{
    "balanced_accuracy": 0.7261625961860154,
    "accuracy": 0.7363636363636363,
    "log_loss": 0.5581942679333484,
    "roc_auc": 0.7261625961860154,
    "f1": 0.6813186813186813,
    "precision": 0.7380952380952381,
    "recall": 0.6326530612244898,
    "inference_time": 0.0032501220703125,
    "training_time": 0,
    "dataset": "australian",
    "model": "mlp/simple_nd_nnw",
    "fold": "F4",
    "architecture_name": "A1",
    "fs_method": "f_classif",
    "fs_percent": 0.7,
    "fs_n_features": 9
}