{
    "balanced_accuracy": 0.7551353535353535,
    "accuracy": 0.8341650671785029,
    "log_loss": 0.35915679746695506,
    "roc_auc": 0.7551353535353534,
    "f1": 0.8926441351888668,
    "precision": 0.8786692759295499,
    "recall": 0.907070707070707,
    "inference_time": 0.506474494934082,
    "training_time": 280.8380440643856,
    "dataset": "adult",
    "model": "transformer/cls",
    "fold": "F1",
    "architecture_name": "A0",
    "fs_method": "decision_tree",
    "fs_percent": 0.7,
    "fs_n_features": 9
}