{
    "balanced_accuracy": 0.9510279840091376,
    "accuracy": 0.9512195121951219,
    "log_loss": 0.14195666774210153,
    "roc_auc": 0.9510279840091376,
    "f1": 0.9532710280373832,
    "precision": 0.918918918918919,
    "recall": 0.9902912621359223,
    "inference_time": 0.06322097778320312,
    "training_time": 42.15486267450694
}