{
    "balanced_accuracy": 0.6253939393939394,
    "accuracy": 0.8092130518234165,
    "log_loss": 0.4975112117964844,
    "roc_auc": 0.6253939393939394,
    "f1": 0.8863480448204893,
    "precision": 0.8098620977852069,
    "recall": 0.9787878787878788,
    "inference_time": 0.908050537109375,
    "training_time": 284.9610357284546,
    "dataset": "adult",
    "model": "transformer/cls",
    "fold": "F2",
    "architecture_name": "A22",
    "fs_method": "linear_model",
    "fs_percent": 0.6,
    "fs_n_features": 8
}