{
    "balanced_accuracy": 0.8081494057724957,
    "accuracy": 0.8115942028985508
}