{
    "balanced_accuracy": 0.7751677852348994,
    "accuracy": 0.7751677852348994
}