{
    "balanced_accuracy": 0.4330302420800119,
    "accuracy": 0.5961832061068703
}