{
    "balanced_accuracy": 0.967741935483871,
    "accuracy": 0.9856115107913669
}