{
    "balanced_accuracy": 0.5877616747181964,
    "accuracy": 0.6097560975609756
}