{
    "balanced_accuracy": 0.6363789409243955,
    "accuracy": 0.650390625,
    "log_loss": 1.4842610889366097,
    "roc_auc": 0.6363789409243955,
    "f1": 0.5068870523415978,
    "precision": 0.7603305785123967,
    "recall": 0.38016528925619836,
    "inference_time": 0.012933731079101562,
    "training_time": 0,
    "dataset": "kr-vs-kp",
    "model": "mlp/simple_nd_nn",
    "fold": "F0",
    "architecture_name": "A1",
    "fs_method": "random_3",
    "fs_percent": 0.4,
    "fs_n_features": 14
}