{
    "balanced_accuracy": 0.8812311809969889,
    "accuracy": 0.8727272727272727,
    "log_loss": 0.33468197682005524,
    "roc_auc": 0.8812311809969889,
    "f1": 0.8703703703703703,
    "precision": 0.7966101694915254,
    "recall": 0.9591836734693877,
    "training_time": 1.3182172775268555,
    "inference_time": 0.003448963165283203,
    "dataset": "australian",
    "model": "mlp/full",
    "fold": "F3",
    "architecture_name": "A0",
    "fs_method": "f_classif",
    "fs_percent": 0.8,
    "fs_n_features": 11
}