{
    "balanced_accuracy": 0.7541994275130494,
    "accuracy": 0.8410545175326337,
    "log_loss": 0.33036172280394466,
    "roc_auc": 0.7541994275130494,
    "f1": 0.8980630334865397,
    "precision": 0.8760608486789432,
    "recall": 0.9211988550260987,
    "training_time": 0.38303303718566895,
    "inference_time": 0.006003856658935547,
    "dataset": "adult",
    "model": "xgboost",
    "fold": "F4",
    "architecture_name": "A2",
    "fs_method": "decision_tree",
    "fs_percent": 0.9,
    "fs_n_features": 12
}