{
    "balanced_accuracy": 0.9979338842975207,
    "accuracy": 0.998046875,
    "log_loss": 0.001987096624936391,
    "roc_auc": 0.9979338842975207,
    "f1": 0.9979296066252588,
    "precision": 1.0,
    "recall": 0.9958677685950413,
    "inference_time": 0.06258177757263184,
    "training_time": 85.76192509483647
}