{
    "valid_loss": {
        "balanced_accuracy": 0.5361117390146832,
        "accuracy": 0.7754568200773372,
        "log_loss": 0.6706660210448486
    }
}