{
    "balanced_accuracy": 0.7533334357430336,
    "accuracy": 0.7592954990215264,
    "log_loss": 1.0677141963388606,
    "roc_auc": 0.7533334357430336,
    "f1": 0.7159353348729792,
    "precision": 0.8115183246073299,
    "recall": 0.640495867768595,
    "inference_time": 0.009911060333251953,
    "training_time": 0,
    "dataset": "kr-vs-kp",
    "model": "mlp/simple_nd_nnw",
    "fold": "F4",
    "architecture_name": "A0",
    "fs_method": "random_5",
    "fs_percent": 0.7,
    "fs_n_features": 25
}