{
    "balanced_accuracy": 0.9118290789176352,
    "accuracy": 0.9216681776971895,
    "log_loss": 0.22778845328244282,
    "roc_auc": 0.9118290789176352,
    "f1": 0.9445157975854097,
    "precision": 0.9543213080716325,
    "recall": 0.9349097381133994,
    "inference_time": 0.16412901878356934,
    "training_time": 0,
    "dataset": "nomao",
    "model": "mlp/simple_nd",
    "fold": "F0",
    "architecture_name": "A1",
    "fs_method": "linear_model",
    "fs_percent": 0.6,
    "fs_n_features": 70
}