{
    "balanced_accuracy": 0.9491891361081941,
    "accuracy": 0.9628286491387126,
    "log_loss": 0.10277961907961417,
    "roc_auc": 0.9491891361081941,
    "f1": 0.9741259623879843,
    "precision": 0.9671679197994988,
    "recall": 0.9811848461734045,
    "inference_time": 0.5048513412475586,
    "training_time": 780.9472393181363
}