{
    "balanced_accuracy": 0.5197368421052632,
    "accuracy": 0.542319749216301
}