{
    "balanced_accuracy": 0.7860780984719864,
    "accuracy": 0.7971014492753623
}