{
    "balanced_accuracy": 0.9328282738148352,
    "accuracy": 0.9329268292682927,
    "log_loss": 0.16982807839200972,
    "roc_auc": 0.9328282738148354,
    "f1": 0.935672514619883,
    "precision": 0.9009009009009009,
    "recall": 0.9732360097323601,
    "training_time": 0.16121506690979004,
    "inference_time": 0.0010802745819091797,
    "dataset": "sylvine",
    "model": "xgboost",
    "fold": "F2",
    "architecture_name": "A2",
    "fs_method": "linear_model",
    "fs_percent": 0.9,
    "fs_n_features": 18
}