{
    "balanced_accuracy": 0.4857448107448107,
    "accuracy": 0.678391959798995
}