{
    "valid_loss": {
        "balanced_accuracy": 0.7761949984172207,
        "accuracy": 0.779874213836478,
        "log_loss": 0.4606541779036678,
        "roc_auc": 0.7761949984172206,
        "f1": 0.8180242634315424,
        "precision": 0.7065868263473054,
        "recall": 0.9711934156378601
    }
}