{
    "balanced_accuracy": 0.5534369080092562,
    "accuracy": 0.23851203501094093
}