{
    "balanced_accuracy": 0.828032786885246,
    "accuracy": 0.8288288288288288,
    "log_loss": 0.37512618809132164,
    "roc_auc": 0.828032786885246,
    "f1": 0.8118811881188119,
    "precision": 0.803921568627451,
    "recall": 0.82,
    "inference_time": 0.015840768814086914,
    "training_time": 5.62469482421875,
    "dataset": "australian",
    "model": "transformer/cls",
    "fold": "F0",
    "architecture_name": "A3",
    "fs_method": "none",
    "fs_percent": 1.0,
    "fs_n_features": 14
}