{
    "balanced_accuracy": 0.2875607850805077,
    "accuracy": 0.5022900763358779
}