{
    "balanced_accuracy": 0.9328401715655655,
    "accuracy": 0.9329268292682927,
    "log_loss": 0.187463572991249,
    "roc_auc": 0.9328401715655655,
    "f1": 0.9353701527614571,
    "precision": 0.9045454545454545,
    "recall": 0.9683698296836983,
    "inference_time": 0.01882314682006836,
    "training_time": 0,
    "dataset": "sylvine",
    "model": "mlp/simple",
    "fold": "F3",
    "architecture_name": "A0",
    "fs_method": "random_4",
    "fs_percent": 0.6,
    "fs_n_features": 12
}