{
    "valid_loss": {
        "balanced_accuracy": 0.7989230365116889,
        "accuracy": 0.801255230125523,
        "log_loss": 0.4197302666810711,
        "roc_auc": 0.7989230365116888,
        "f1": 0.8275862068965517,
        "precision": 0.7402597402597403,
        "recall": 0.9382716049382716
    }
}