{
    "balanced_accuracy": 0.5082899764784985,
    "accuracy": 0.268018018018018
}