{
    "valid_loss": {
        "balanced_accuracy": 0.8202696786621136,
        "accuracy": 0.8221757322175732,
        "log_loss": 0.3907566185120689,
        "roc_auc": 0.8202696786621136,
        "f1": 0.8423005565862709,
        "precision": 0.7668918918918919,
        "recall": 0.934156378600823
    }
}