{
    "balanced_accuracy": 0.9275966625554524,
    "accuracy": 0.9446962828649139,
    "log_loss": 0.13825217109345966,
    "roc_auc": 0.9275966625554524,
    "f1": 0.9614753063028925,
    "precision": 0.9553212851405622,
    "recall": 0.9677091278921942,
    "training_time": 138.78899955749512,
    "inference_time": 0.12860321998596191,
    "dataset": "nomao",
    "model": "mlp/full_nd_nn",
    "fold": "F0",
    "architecture_name": "A1",
    "fs_method": "none",
    "fs_percent": 1.0,
    "fs_n_features": 118
}