{
    "valid_loss": {
        "balanced_accuracy": 0.950232572052467,
        "accuracy": 0.9624591947769314,
        "log_loss": 0.09961720432228376,
        "roc_auc": 0.9502325720524671,
        "f1": 0.9738206652333375,
        "precision": 0.968797181680926,
        "recall": 0.9788965166539537
    }
}