{
    "balanced_accuracy": 0.6188133476220992,
    "accuracy": 0.8082710615211383,
    "log_loss": 0.41723500841732564,
    "roc_auc": 0.6188133476220992,
    "f1": 0.886257363211271,
    "precision": 0.8098779134295228,
    "recall": 0.9785436502614993,
    "inference_time": 0.18977928161621094,
    "training_time": 0,
    "dataset": "adult",
    "model": "mlp/simple_nnw",
    "architecture_name": "A0",
    "fs_method": "f_classif",
    "fs_percent": 0.5,
    "fs_n_features": 7
}