{
    "balanced_accuracy": 0.8242784380305602,
    "accuracy": 0.8260869565217391
}