{
    "balanced_accuracy": 0.9018066242890599,
    "accuracy": 0.9,
    "log_loss": 0.3141687483544215,
    "roc_auc": 0.9018066242890599,
    "f1": 0.8910891089108911,
    "precision": 0.8653846153846154,
    "recall": 0.9183673469387755,
    "inference_time": 0.0026597976684570312,
    "training_time": 0,
    "dataset": "australian",
    "model": "mlp/simple_nnw",
    "fold": "F2",
    "architecture_name": "A0",
    "fs_method": "random_5",
    "fs_percent": 0.7,
    "fs_n_features": 9
}