{
    "balanced_accuracy": 0.8308710145803566,
    "accuracy": 0.8786724700761698,
    "log_loss": 0.28503670851100843,
    "roc_auc": 0.8308710145803566,
    "f1": 0.9172541743970315,
    "precision": 0.8928485432217674,
    "recall": 0.943031536113937,
    "inference_time": 0.12567710876464844,
    "training_time": 0,
    "dataset": "nomao",
    "model": "mlp/simple_nnw",
    "fold": "F4",
    "architecture_name": "A1",
    "fs_method": "random_4",
    "fs_percent": 0.5,
    "fs_n_features": 59
}