{
    "balanced_accuracy": 0.7285714285714286,
    "accuracy": 0.7402597402597403
}