{
    "balanced_accuracy": 0.7960949128797828,
    "accuracy": 0.799163179916318,
    "log_loss": 0.42488889824251547,
    "roc_auc": 0.7960949128797828,
    "f1": 0.8321678321678322,
    "precision": 0.723404255319149,
    "recall": 0.9794238683127572,
    "inference_time": 0.011515378952026367,
    "training_time": 0,
    "dataset": "jasmine",
    "model": "mlp/simple",
    "fold": "F1",
    "architecture_name": "A0",
    "fs_method": "linear_model",
    "fs_percent": 0.7,
    "fs_n_features": 100
}