{
    "balanced_accuracy": 0.9531778015000307,
    "accuracy": 0.9660924750679963,
    "log_loss": 0.09246605868929206,
    "roc_auc": 0.9531778015000307,
    "f1": 0.976397829105137,
    "precision": 0.9694235588972431,
    "recall": 0.9834731756928553,
    "training_time": 1.625992774963379,
    "inference_time": 0.008243799209594727,
    "dataset": "nomao",
    "model": "xgboost",
    "fold": "F1",
    "architecture_name": "A3",
    "fs_method": "random_2",
    "fs_percent": 0.9,
    "fs_n_features": 106
}