{
    "valid_loss": {
        "balanced_accuracy": 0.3321669828755957,
        "accuracy": 0.615854120858291,
        "log_loss": 1.1057491930107857
    }
}