{
    "valid_loss": {
        "balanced_accuracy": 0.9409716898376504,
        "accuracy": 0.9581142339075249,
        "log_loss": 0.11516322575354487,
        "roc_auc": 0.9409716898376506,
        "f1": 0.9709397408479054,
        "precision": 0.960906374501992,
        "recall": 0.9811848461734045
    }
}