{
    "balanced_accuracy": 0.6958874458874459,
    "accuracy": 0.7239583333333334
}