{
    "balanced_accuracy": 0.5453947368421053,
    "accuracy": 0.6962962962962963
}