{
    "balanced_accuracy": 0.7388859872807152,
    "accuracy": 0.7416829745596869,
    "log_loss": 1.6056515818502939,
    "roc_auc": 0.7388859872807153,
    "f1": 0.7155172413793104,
    "precision": 0.7477477477477478,
    "recall": 0.6859504132231405,
    "inference_time": 0.012408256530761719,
    "training_time": 0,
    "dataset": "kr-vs-kp",
    "model": "mlp/simple_nd_nn",
    "fold": "F2",
    "architecture_name": "A1",
    "fs_method": "random_4",
    "fs_percent": 0.6,
    "fs_n_features": 21
}