{
    "valid_loss": {
        "balanced_accuracy": 0.9390655685207311,
        "accuracy": 0.955930359085963,
        "log_loss": 0.11211000666831177,
        "roc_auc": 0.9390655685207311,
        "f1": 0.9693916110341353,
        "precision": 0.960319440978288,
        "recall": 0.9786368260427264
    }
}