{
    "valid_loss": {
        "balanced_accuracy": 0.5983491487713912,
        "accuracy": 0.6782422293676313,
        "log_loss": 0.9294163731904652
    }
}