{
    "balanced_accuracy": 0.7686767964545742,
    "accuracy": 0.7714884696016772,
    "log_loss": 0.4957211190384637,
    "roc_auc": 0.7686767964545742,
    "f1": 0.8036036036036036,
    "precision": 0.7147435897435898,
    "recall": 0.9176954732510288,
    "inference_time": 0.01191258430480957,
    "training_time": 0,
    "dataset": "jasmine",
    "model": "mlp/simple_nd",
    "fold": "F2",
    "architecture_name": "A0",
    "fs_method": "random_4",
    "fs_percent": 0.4,
    "fs_n_features": 57
}