{
    "valid_loss": {
        "balanced_accuracy": 0.7748343434343434,
        "accuracy": 0.8591170825335892,
        "log_loss": 0.30318683778522887,
        "roc_auc": 0.7748343434343434,
        "f1": 0.9099828305126318,
        "precision": 0.8845970433953266,
        "recall": 0.9368686868686869
    }
}