{
  "dropout": 0.04516861486624271,
  "embedding_size": 128,
  "n_head": 32,
  "n_hid": 128,
  "n_layers": 1,
  "numerical_passthrough": false,
  "optimizer__lr": 0.058279476593584935
}