{
    "balanced_accuracy": 0.9438128721765151,
    "accuracy": 0.9439024390243902,
    "log_loss": 0.15446434548684215,
    "roc_auc": 0.943812872176515,
    "f1": 0.9460093896713615,
    "precision": 0.9138321995464853,
    "recall": 0.9805352798053528,
    "training_time": 0.17416024208068848,
    "inference_time": 0.0013794898986816406,
    "dataset": "sylvine",
    "model": "xgboost",
    "fold": "F3",
    "architecture_name": "A2",
    "fs_method": "random_2",
    "fs_percent": 0.6,
    "fs_n_features": 12
}