{
    "balanced_accuracy": 0.4305971462655183,
    "accuracy": 0.6282442748091603
}