{
    "balanced_accuracy": 0.6228433402346446,
    "accuracy": 0.7777777777777778
}