{
    "valid_loss": {
        "balanced_accuracy": 0.7970755625601962,
        "accuracy": 0.799163179916318,
        "log_loss": 0.42936835280146957,
        "roc_auc": 0.7970755625601962,
        "f1": 0.8235294117647058,
        "precision": 0.7441860465116279,
        "recall": 0.9218106995884774
    }
}