{
    "balanced_accuracy": 0.9037234042553192,
    "accuracy": 0.9253731343283582
}