{
    "valid_loss": {
        "balanced_accuracy": 0.9557980422552131,
        "accuracy": 0.9655422560754443,
        "log_loss": 0.09249902492885746,
        "roc_auc": 0.9557980422552131,
        "f1": 0.9759127789046653,
        "precision": 0.9731984829329962,
        "recall": 0.9786422578184591
    }
}