{
    "balanced_accuracy": 0.7234722733290241,
    "accuracy": 0.8145153035111066,
    "log_loss": 0.5778195745995838,
    "roc_auc": 0.7234722733290242,
    "f1": 0.8806324110671937,
    "precision": 0.8654667875178039,
    "recall": 0.8963390103258683,
    "inference_time": 0.20874881744384766,
    "training_time": 0,
    "dataset": "adult",
    "model": "mlp/simple_nd",
    "architecture_name": "A0",
    "fs_method": "random_5",
    "fs_percent": 0.5,
    "fs_n_features": 7
}