{
    "balanced_accuracy": 0.7935520906998934,
    "accuracy": 0.867033529562324,
    "log_loss": 0.29508080768916123,
    "roc_auc": 0.7935520906998934,
    "f1": 0.914436300749403,
    "precision": 0.8949065119277885,
    "recall": 0.93483751473312,
    "training_time": 0.3286886215209961,
    "inference_time": 0.007237672805786133,
    "dataset": "adult",
    "model": "xgboost",
    "fold": "F4",
    "architecture_name": "A2",
    "fs_method": "random_3",
    "fs_percent": 0.5,
    "fs_n_features": 7
}