{
    "balanced_accuracy": 0.5684310589145485,
    "accuracy": 0.7007633587786259
}