{
    "balanced_accuracy": 0.9108650259668409,
    "accuracy": 0.9109756097560976,
    "log_loss": 0.25569922299878395,
    "roc_auc": 0.9108650259668409,
    "f1": 0.9150174621653085,
    "precision": 0.8772321428571429,
    "recall": 0.9562043795620438,
    "inference_time": 0.019426345825195312,
    "training_time": 0,
    "dataset": "sylvine",
    "model": "mlp/simple_nd_nnw",
    "fold": "F3",
    "architecture_name": "A1",
    "fs_method": "random_5",
    "fs_percent": 0.8,
    "fs_n_features": 16
}