{
    "balanced_accuracy": 0.7774260088679351,
    "accuracy": 0.8583312004095214,
    "log_loss": 0.3110477528311905,
    "roc_auc": 0.777426008867935,
    "f1": 0.9091804085650996,
    "precision": 0.88656,
    "recall": 0.9329853510692036,
    "inference_time": 0.1513206958770752,
    "training_time": 0,
    "dataset": "adult",
    "model": "mlp/simple_nd_nnw",
    "fold": "F4",
    "architecture_name": "A0",
    "fs_method": "random_4",
    "fs_percent": 0.9,
    "fs_n_features": 12
}