{
    "valid_loss": {
        "balanced_accuracy": 0.8046687096593141,
        "accuracy": 0.8689531609930893,
        "log_loss": 0.29189052487541467,
        "roc_auc": 0.8046687096593141,
        "f1": 0.9150207468879668,
        "precision": 0.9021436753395516,
        "recall": 0.9282707526519616
    }
}