{
    "balanced_accuracy": 0.9413311441081287,
    "accuracy": 0.9414634146341463,
    "log_loss": 0.17358599638606176,
    "roc_auc": 0.9413311441081287,
    "f1": 0.9432624113475178,
    "precision": 0.9193548387096774,
    "recall": 0.9684466019417476,
    "training_time": 0.0766303539276123,
    "inference_time": 0.0008425712585449219,
    "dataset": "sylvine",
    "model": "xgboost",
    "fold": "F1",
    "architecture_name": "A0",
    "fs_method": "random_2",
    "fs_percent": 0.4,
    "fs_n_features": 8
}