{
    "valid_loss": {
        "balanced_accuracy": 0.5177479994561835,
        "accuracy": 0.7690791219623156,
        "log_loss": 0.6971069828904438
    }
}