{
    "balanced_accuracy": 0.810051659224236,
    "accuracy": 0.8117154811715481,
    "log_loss": 0.40570598707334454,
    "roc_auc": 0.810051659224236,
    "f1": 0.8308270676691729,
    "precision": 0.7647058823529411,
    "recall": 0.9094650205761317,
    "inference_time": 0.011514663696289062,
    "training_time": 0,
    "dataset": "jasmine",
    "model": "mlp/simple_nd",
    "fold": "F0",
    "architecture_name": "A0",
    "fs_method": "f_classif",
    "fs_percent": 0.9,
    "fs_n_features": 129
}