{
    "balanced_accuracy": 0.8124595044216794,
    "accuracy": 0.8138075313807531,
    "log_loss": 0.4436409744396568,
    "roc_auc": 0.8124595044216794,
    "f1": 0.8298279158699808,
    "precision": 0.775,
    "recall": 0.8930041152263375,
    "inference_time": 0.011800765991210938,
    "training_time": 0,
    "dataset": "jasmine",
    "model": "mlp/simple_nd",
    "fold": "F1",
    "architecture_name": "A0",
    "fs_method": "random_3",
    "fs_percent": 0.8,
    "fs_n_features": 115
}