{
    "balanced_accuracy": 0.6862632644298595,
    "accuracy": 0.7567430025445293
}