{
    "valid_loss": {
        "balanced_accuracy": 0.5271604172958976,
        "accuracy": 0.7679796792660272,
        "log_loss": 0.7132137918131939
    }
}