{
    "balanced_accuracy": 0.4054987694638079,
    "accuracy": 0.6053435114503817
}