{
    "valid_loss": {
        "balanced_accuracy": 0.8629969418960245,
        "accuracy": 0.958041958041958,
        "log_loss": 0.08526757398171829
    }
}