{
    "balanced_accuracy": 0.7929292929292929,
    "accuracy": 0.9181818181818182
}