{
    "valid_loss": {
        "balanced_accuracy": 0.9460686614647336,
        "accuracy": 0.9619151251360174,
        "log_loss": 0.10350854942452445,
        "roc_auc": 0.9460686614647336,
        "f1": 0.9735649546827795,
        "precision": 0.9640987284966342,
        "recall": 0.9832189168573608
    }
}