{
    "balanced_accuracy": 0.4115726495726496,
    "accuracy": 0.6532663316582915
}