{
    "balanced_accuracy": 0.4455018133281743,
    "accuracy": 0.5093167701863354
}