{
    "balanced_accuracy": 0.9561494315498893,
    "accuracy": 0.9679057116953762,
    "log_loss": 0.09234795722038516,
    "roc_auc": 0.9561494315498892,
    "f1": 0.9776373973468099,
    "precision": 0.9716223003515821,
    "recall": 0.9837274345283499,
    "training_time": 1.6538238525390625,
    "inference_time": 0.00829625129699707,
    "dataset": "nomao",
    "model": "xgboost",
    "fold": "F1",
    "architecture_name": "A3",
    "fs_method": "linear_model",
    "fs_percent": 0.9,
    "fs_n_features": 106
}