{
    "balanced_accuracy": 0.3859949075000785,
    "accuracy": 0.5025625565269822
}