{
    "valid_loss": {
        "balanced_accuracy": 0.9358018137558852,
        "accuracy": 0.957207615593835,
        "log_loss": 0.1151643921608897,
        "roc_auc": 0.9358018137558851,
        "f1": 0.9704704704704705,
        "precision": 0.9554077358955407,
        "recall": 0.9860157640478007
    }
}