{
    "balanced_accuracy": 0.5605263157894737,
    "accuracy": 0.6666666666666666
}