{
    "balanced_accuracy": 0.589237320944638,
    "accuracy": 0.6206896551724138
}