{
    "balanced_accuracy": 0.9700598802395209,
    "accuracy": 0.9686520376175548
}