{
    "valid_loss": {
        "balanced_accuracy": 0.9402053774940108,
        "accuracy": 0.956482320942883,
        "log_loss": 0.1181838435040484,
        "roc_auc": 0.9402053774940108,
        "f1": 0.969758064516129,
        "precision": 0.9612790407194604,
        "recall": 0.9783879989829647
    }
}