{
    "balanced_accuracy": 0.5407353752759382,
    "accuracy": 0.7613065326633166
}