{
    "balanced_accuracy": 0.9269680871410282,
    "accuracy": 0.9448776065276518,
    "log_loss": 0.13497700479601968,
    "roc_auc": 0.9269680871410282,
    "f1": 0.9616452182689882,
    "precision": 0.954420235411971,
    "recall": 0.968980422069667,
    "inference_time": 0.13250279426574707,
    "training_time": 0,
    "dataset": "nomao",
    "model": "mlp/simple_nd_nn",
    "fold": "F1",
    "architecture_name": "A1",
    "fs_method": "none",
    "fs_percent": 1.0,
    "fs_n_features": 118
}