{
    "balanced_accuracy": 0.7614451714801445,
    "accuracy": 0.7554438860971524,
    "log_loss": 0.8418557296148542,
    "roc_auc": 0.7614451714801445,
    "f1": 0.762214983713355,
    "precision": 0.6943620178041543,
    "recall": 0.8447653429602888,
    "inference_time": 0.015221595764160156,
    "training_time": 0,
    "dataset": "jasmine",
    "model": "mlp/simple",
    "architecture_name": "A0",
    "fs_method": "random_2",
    "fs_percent": 0.5,
    "fs_n_features": 72
}