{
    "balanced_accuracy": 0.6976650563607085,
    "accuracy": 0.6991869918699187
}