{
    "balanced_accuracy": 0.39884676434676436,
    "accuracy": 0.635678391959799
}