{
    "balanced_accuracy": 0.9291726899029739,
    "accuracy": 0.9292682926829269,
    "log_loss": 0.18364256818286584,
    "roc_auc": 0.9291726899029739,
    "f1": 0.9320843091334895,
    "precision": 0.8984198645598194,
    "recall": 0.9683698296836983,
    "training_time": 0.10534524917602539,
    "inference_time": 0.00103759765625,
    "dataset": "sylvine",
    "model": "xgboost",
    "fold": "F3",
    "architecture_name": "A0",
    "fs_method": "random_2",
    "fs_percent": 0.8,
    "fs_n_features": 16
}