{
    "balanced_accuracy": 0.7515351854969972,
    "accuracy": 0.8297926798054773,
    "log_loss": 0.37536778278646105,
    "roc_auc": 0.7515351854969972,
    "f1": 0.8895715709066755,
    "precision": 0.8774774774774775,
    "recall": 0.9020037043273278,
    "inference_time": 0.1452491283416748,
    "training_time": 0,
    "dataset": "adult",
    "model": "mlp/simple_nnw",
    "fold": "F3",
    "architecture_name": "A0",
    "fs_method": "random_1",
    "fs_percent": 0.6,
    "fs_n_features": 8
}