{
    "balanced_accuracy": 0.8023364773111309,
    "accuracy": 0.7964774951076321,
    "log_loss": 1.1128823987798566,
    "roc_auc": 0.8023364773111308,
    "f1": 0.8095238095238095,
    "precision": 0.7269736842105263,
    "recall": 0.9132231404958677,
    "inference_time": 0.01133418083190918,
    "training_time": 0,
    "dataset": "kr-vs-kp",
    "model": "mlp/simple_nd",
    "fold": "F4",
    "architecture_name": "A0",
    "fs_method": "random_2",
    "fs_percent": 0.8,
    "fs_n_features": 28
}