{
    "balanced_accuracy": 1.0,
    "accuracy": 1.0,
    "log_loss": 0.0011208434429084025,
    "roc_auc": 1.0,
    "f1": 1.0,
    "precision": 1.0,
    "recall": 1.0,
    "inference_time": 0.06196951866149902,
    "training_time": 73.78931740827338
}