{
    "balanced_accuracy": 0.7546312398271314,
    "accuracy": 0.8547478884054261,
    "log_loss": 0.317548378317656,
    "roc_auc": 0.7546312398271315,
    "f1": 0.9083568833266048,
    "precision": 0.8726341917468198,
    "recall": 0.9471291463209295,
    "inference_time": 0.14731550216674805,
    "training_time": 0,
    "dataset": "adult",
    "model": "mlp/simple_nd_nnw",
    "fold": "F4",
    "architecture_name": "A0",
    "fs_method": "f_classif",
    "fs_percent": 0.9,
    "fs_n_features": 12
}