{
    "balanced_accuracy": 0.6233788631346578,
    "accuracy": 0.7788944723618091
}