{
    "balanced_accuracy": 0.5032478394691476,
    "accuracy": 0.5763975155279503
}