{
    "balanced_accuracy": 0.6652459016393443,
    "accuracy": 0.6756756756756757,
    "log_loss": 0.6091637389696131,
    "roc_auc": 0.6652459016393443,
    "f1": 0.6086956521739131,
    "precision": 0.6666666666666666,
    "recall": 0.56,
    "inference_time": 0.00266265869140625,
    "training_time": 0,
    "dataset": "australian",
    "model": "mlp/simple_nnw",
    "fold": "F0",
    "architecture_name": "A0",
    "fs_method": "random_2",
    "fs_percent": 0.5,
    "fs_n_features": 7
}