{
    "balanced_accuracy": 0.8084094276094276,
    "accuracy": 0.7980806142034549,
    "log_loss": 0.36895791367317443,
    "roc_auc": 0.8084094276094277,
    "f1": 0.8558377489493879,
    "precision": 0.9356771873751498,
    "recall": 0.7885521885521886,
    "inference_time": 0.8253388404846191,
    "training_time": 269.1218492984772,
    "dataset": "adult",
    "model": "transformer/cls",
    "fold": "F0",
    "architecture_name": "A22",
    "fs_method": "random_2",
    "fs_percent": 0.7,
    "fs_n_features": 9
}