{
    "balanced_accuracy": 0.35230411602455447,
    "accuracy": 0.4831223628691983
}