{
    "balanced_accuracy": 0.9610067878430204,
    "accuracy": 0.9691749773345422,
    "log_loss": 0.08470758335446699,
    "roc_auc": 0.9610067878430203,
    "f1": 0.9784263959390863,
    "precision": 0.9766911578413985,
    "recall": 0.9801678108314263,
    "training_time": 1.5675642490386963,
    "inference_time": 0.007044792175292969,
    "dataset": "nomao",
    "model": "xgboost",
    "fold": "F0",
    "architecture_name": "A3",
    "fs_method": "f_classif",
    "fs_percent": 0.9,
    "fs_n_features": 106
}