{
    "balanced_accuracy": 0.9611339172607677,
    "accuracy": 0.9693563009972801,
    "log_loss": 0.07989555829221066,
    "roc_auc": 0.9611339172607677,
    "f1": 0.978556020809542,
    "precision": 0.9766970618034447,
    "recall": 0.9804220696669209,
    "training_time": 0.7873265743255615,
    "inference_time": 0.00739598274230957,
    "dataset": "nomao",
    "model": "xgboost",
    "fold": "F0",
    "architecture_name": "A1",
    "fs_method": "linear_model",
    "fs_percent": 0.5,
    "fs_n_features": 59
}