{
    "balanced_accuracy": 0.27705882352941175,
    "accuracy": 0.7888888888888889
}