{
    "balanced_accuracy": 0.7707344096232984,
    "accuracy": 0.7714884696016772,
    "log_loss": 0.4499050848158714,
    "roc_auc": 0.7707344096232985,
    "f1": 0.7833001988071571,
    "precision": 0.7576923076923077,
    "recall": 0.8106995884773662,
    "inference_time": 0.0114288330078125,
    "training_time": 0,
    "dataset": "jasmine",
    "model": "mlp/simple_nnw",
    "fold": "F4",
    "architecture_name": "A1",
    "fs_method": "f_classif",
    "fs_percent": 0.7,
    "fs_n_features": 100
}