{
    "balanced_accuracy": 0.5944567728599222,
    "accuracy": 0.594541910331384
}