{
    "balanced_accuracy": 0.7766952910141999,
    "accuracy": 0.8616585615561813,
    "log_loss": 0.3008831198043236,
    "roc_auc": 0.7766952910141999,
    "f1": 0.9117334857516126,
    "precision": 0.8850665821179454,
    "recall": 0.9400572486950665,
    "inference_time": 0.9635796546936035,
    "training_time": 379.26180708408356
}