{
    "valid_loss": {
        "balanced_accuracy": 0.5759855999820529,
        "accuracy": 0.6647374062165059,
        "log_loss": 0.9858780313729268
    }
}