{
    "balanced_accuracy": 0.8384074941451991,
    "accuracy": 0.8363636363636363,
    "log_loss": 0.43852978507860313,
    "roc_auc": 0.8384074941451991,
    "f1": 0.8235294117647058,
    "precision": 0.7924528301886793,
    "recall": 0.8571428571428571,
    "training_time": 1.437152624130249,
    "inference_time": 0.0031876564025878906,
    "dataset": "australian",
    "model": "mlp/full_nnw",
    "fold": "F4",
    "architecture_name": "A0",
    "fs_method": "none",
    "fs_percent": 1.0,
    "fs_n_features": 14
}