{
    "balanced_accuracy": 0.7166666666666667,
    "accuracy": 0.8421052631578947
}