{
  "dropout": 0.3664172978062523,
  "embedding_size": 512,
  "n_head": 4,
  "n_hid": 256,
  "n_layers": 2,
  "numerical_passthrough": true,
  "optimizer__lr": 0.015915023103621913
}