{
    "balanced_accuracy": 0.6073132903841565,
    "accuracy": 0.689119170984456
}