{
    "balanced_accuracy": 0.6870900660905687,
    "accuracy": 0.8111372709591566,
    "log_loss": 0.38973916750317145,
    "roc_auc": 0.6870900660905687,
    "f1": 0.8817686638897789,
    "precision": 0.8443789887088856,
    "recall": 0.9226230387555318,
    "inference_time": 0.18022680282592773,
    "training_time": 0,
    "dataset": "adult",
    "model": "mlp/simple_nd_nnw",
    "architecture_name": "A0",
    "fs_method": "decision_tree",
    "fs_percent": 0.5,
    "fs_n_features": 7
}