{
    "balanced_accuracy": 0.7841695123019,
    "accuracy": 0.7866108786610879,
    "log_loss": 0.46927384595337795,
    "roc_auc": 0.7841695123019,
    "f1": 0.8158844765342961,
    "precision": 0.7266881028938906,
    "recall": 0.9300411522633745,
    "inference_time": 0.011445283889770508,
    "training_time": 0,
    "dataset": "jasmine",
    "model": "mlp/simple_nd_nnw",
    "fold": "F0",
    "architecture_name": "A1",
    "fs_method": "random_4",
    "fs_percent": 0.6,
    "fs_n_features": 86
}