{
    "balanced_accuracy": 0.7967711301044634,
    "accuracy": 0.7987421383647799,
    "log_loss": 0.4356935693518987,
    "roc_auc": 0.7967711301044634,
    "f1": 0.8202247191011236,
    "precision": 0.7525773195876289,
    "recall": 0.9012345679012346,
    "training_time": 0.08416390419006348,
    "inference_time": 0.0008001327514648438,
    "dataset": "jasmine",
    "model": "xgboost",
    "fold": "F2",
    "architecture_name": "A2",
    "fs_method": "decision_tree",
    "fs_percent": 0.4,
    "fs_n_features": 57
}