{
    "balanced_accuracy": 0.10151711924439198,
    "accuracy": 0.4184149184149184
}