{
    "balanced_accuracy": 0.500990099009901,
    "accuracy": 0.5082926829268293,
    "log_loss": 1.055244447768192,
    "roc_auc": 0.500990099009901,
    "f1": 0.003952569169960474,
    "precision": 1.0,
    "recall": 0.0019801980198019802,
    "inference_time": 0.019685745239257812,
    "training_time": 0,
    "dataset": "sylvine",
    "model": "mlp/simple_nd_nn",
    "architecture_name": "A0",
    "fs_method": "random_5",
    "fs_percent": 0.4,
    "fs_n_features": 8
}