{
    "balanced_accuracy": 0.733101542127726,
    "accuracy": 0.73125,
    "log_loss": 2.1972966011032433,
    "roc_auc": 0.733101542127726,
    "f1": 0.7742782152230971,
    "precision": 0.6629213483146067,
    "recall": 0.9305993690851735,
    "inference_time": 0.07579922676086426,
    "training_time": 0,
    "dataset": "kr-vs-kp",
    "model": "transformer/cls",
    "architecture_name": "A2",
    "fs_method": "random_2",
    "fs_percent": 0.8,
    "fs_n_features": 28
}