{
    "balanced_accuracy": 0.732773466374457,
    "accuracy": 0.8168696898351929,
    "log_loss": 0.38460195662903207,
    "roc_auc": 0.732773466374457,
    "f1": 0.8815153321412014,
    "precision": 0.8708453284480503,
    "recall": 0.892450046935765,
    "training_time": 189.18902921676636,
    "inference_time": 0.24430608749389648,
    "dataset": "adult",
    "model": "mlp/full",
    "architecture_name": "A1",
    "fs_method": "f_classif",
    "fs_percent": 0.4,
    "fs_n_features": 5
}