{
    "balanced_accuracy": 0.9376252325747818,
    "accuracy": 0.9377289377289377,
    "log_loss": 0.1664401483083447,
    "roc_auc": 0.9376252325747818,
    "f1": 0.9396449704142011,
    "precision": 0.9147465437788018,
    "recall": 0.9659367396593674,
    "inference_time": 0.11994457244873047,
    "training_time": 62.57123719321357
}