{
    "balanced_accuracy": 0.7612377334599556,
    "accuracy": 0.7631027253668763,
    "log_loss": 0.49738013805622994,
    "roc_auc": 0.7612377334599557,
    "f1": 0.7871939736346516,
    "precision": 0.7256944444444444,
    "recall": 0.8600823045267489,
    "inference_time": 0.010116815567016602,
    "training_time": 0,
    "dataset": "jasmine",
    "model": "mlp/simple_nd_nn",
    "fold": "F3",
    "architecture_name": "A0",
    "fs_method": "f_classif",
    "fs_percent": 0.6,
    "fs_n_features": 86
}