{
    "balanced_accuracy": 0.6933757109401137,
    "accuracy": 0.7,
    "log_loss": 0.5580508672524724,
    "roc_auc": 0.6933757109401137,
    "f1": 0.6526315789473685,
    "precision": 0.6739130434782609,
    "recall": 0.6326530612244898,
    "inference_time": 0.0037641525268554688,
    "training_time": 0,
    "dataset": "australian",
    "model": "mlp/simple_nd_nnw",
    "fold": "F4",
    "architecture_name": "A1",
    "fs_method": "f_classif",
    "fs_percent": 0.5,
    "fs_n_features": 7
}