{
    "balanced_accuracy": 0.8094539711191335,
    "accuracy": 0.8006700167504187,
    "log_loss": 0.44201760102667553,
    "roc_auc": 0.8094539711191335,
    "f1": 0.8125984251968504,
    "precision": 0.7206703910614525,
    "recall": 0.9314079422382672,
    "training_time": 0.0789189338684082,
    "inference_time": 0.0010364055633544922,
    "dataset": "jasmine",
    "model": "xgboost",
    "architecture_name": "A3",
    "fs_method": "random_3",
    "fs_percent": 0.4,
    "fs_n_features": 57
}