{
    "balanced_accuracy": 0.9005182690977114,
    "accuracy": 0.9309444363847381,
    "log_loss": 0.18831081337365527,
    "roc_auc": 0.9005182690977114,
    "f1": 0.9528339278636544,
    "precision": 0.936319376825706,
    "recall": 0.9699414968731087,
    "inference_time": 0.18355655670166016,
    "training_time": 0,
    "dataset": "nomao",
    "model": "mlp/simple_nd",
    "architecture_name": "A1",
    "fs_method": "random_1",
    "fs_percent": 0.4,
    "fs_n_features": 47
}