{
    "balanced_accuracy": 0.7857768287812221,
    "accuracy": 0.7886497064579256,
    "log_loss": 0.4246853489869352,
    "roc_auc": 0.7857768287812222,
    "f1": 0.7662337662337663,
    "precision": 0.8045454545454546,
    "recall": 0.731404958677686,
    "training_time": 0.0901787281036377,
    "inference_time": 0.0011446475982666016,
    "dataset": "kr-vs-kp",
    "model": "xgboost",
    "fold": "F3",
    "architecture_name": "A1",
    "fs_method": "random_1",
    "fs_percent": 0.6,
    "fs_n_features": 21
}