{
    "balanced_accuracy": 0.9904989400596025,
    "accuracy": 0.9902152641878669,
    "log_loss": 0.03128343773633673,
    "roc_auc": 0.9904989400596024,
    "f1": 0.9897330595482546,
    "precision": 0.9836734693877551,
    "recall": 0.9958677685950413,
    "inference_time": 0.05564451217651367,
    "training_time": 42.58640403747558,
    "dataset": "kr-vs-kp",
    "model": "transformer/cls",
    "fold": "F4",
    "architecture_name": "A2",
    "fs_method": "linear_model",
    "fs_percent": 0.7,
    "fs_n_features": 25
}