{
    "balanced_accuracy": 0.538085857400967,
    "accuracy": 0.6370214048839312
}