{
    "valid_loss": {
        "balanced_accuracy": 0.765447138047138,
        "accuracy": 0.8490083173384517,
        "log_loss": 0.3213749601136389,
        "roc_auc": 0.765447138047138,
        "f1": 0.903135774092924,
        "precision": 0.881288048702339,
        "recall": 0.9260942760942761
    }
}