{
    "balanced_accuracy": 0.961236383040212,
    "accuracy": 0.9684439608269858,
    "log_loss": 0.0915123093532122,
    "roc_auc": 0.961236383040212,
    "f1": 0.9778851042196238,
    "precision": 0.9776365946632782,
    "recall": 0.9781337401474701,
    "training_time": 0.6774046421051025,
    "inference_time": 0.007028102874755859,
    "dataset": "nomao",
    "model": "xgboost",
    "fold": "F2",
    "architecture_name": "A1",
    "fs_method": "random_5",
    "fs_percent": 0.4,
    "fs_n_features": 47
}