{
    "balanced_accuracy": 0.5200323038134258,
    "accuracy": 0.542319749216301
}