{
    "balanced_accuracy": 0.8634374043464952,
    "accuracy": 0.865234375,
    "log_loss": 0.24667391213460288,
    "roc_auc": 0.8634374043464952,
    "f1": 0.8535031847133758,
    "precision": 0.8777292576419214,
    "recall": 0.8305785123966942,
    "training_time": 0.06649923324584961,
    "inference_time": 0.000904083251953125,
    "dataset": "kr-vs-kp",
    "model": "xgboost",
    "fold": "F0",
    "architecture_name": "A1",
    "fs_method": "random_5",
    "fs_percent": 0.8,
    "fs_n_features": 28
}