{
    "balanced_accuracy": 0.5243589743589744,
    "accuracy": 0.5797101449275363
}