{
    "balanced_accuracy": 0.885413181666109,
    "accuracy": 0.8818181818181818,
    "log_loss": 0.30520676687236153,
    "roc_auc": 0.885413181666109,
    "f1": 0.8737864077669902,
    "precision": 0.8333333333333334,
    "recall": 0.9183673469387755,
    "inference_time": 0.01920175552368164,
    "training_time": 8.269290566444397,
    "dataset": "australian",
    "model": "transformer/cls",
    "fold": "F2",
    "architecture_name": "A19",
    "fs_method": "decision_tree",
    "fs_percent": 0.4,
    "fs_n_features": 5
}