{
    "balanced_accuracy": 0.853097721950181,
    "accuracy": 0.855072463768116,
    "log_loss": 0.3674920568778046,
    "roc_auc": 0.853097721950181,
    "f1": 0.8360655737704918,
    "precision": 0.8360655737704918,
    "recall": 0.8360655737704918,
    "inference_time": 0.003250598907470703,
    "training_time": 0,
    "dataset": "australian",
    "model": "mlp/simple_nd_nn",
    "architecture_name": "A0",
    "fs_method": "f_classif",
    "fs_percent": 0.9,
    "fs_n_features": 12
}