{
    "balanced_accuracy": 0.9144674183538666,
    "accuracy": 0.9178082191780822,
    "log_loss": 0.22596257066812067,
    "roc_auc": 0.9144674183538666,
    "f1": 0.9074889867841409,
    "precision": 0.9716981132075472,
    "recall": 0.8512396694214877,
    "inference_time": 0.010591268539428711,
    "training_time": 0,
    "dataset": "kr-vs-kp",
    "model": "mlp/simple_nd_nnw",
    "fold": "F4",
    "architecture_name": "A0",
    "fs_method": "random_2",
    "fs_percent": 0.7,
    "fs_n_features": 25
}