{
    "balanced_accuracy": 0.9315879333012094,
    "accuracy": 0.9317073170731708,
    "log_loss": 0.18427820158364272,
    "roc_auc": 0.9315879333012095,
    "f1": 0.9350348027842227,
    "precision": 0.893569844789357,
    "recall": 0.9805352798053528,
    "training_time": 0.12764811515808105,
    "inference_time": 0.0010118484497070312,
    "dataset": "sylvine",
    "model": "xgboost",
    "fold": "F2",
    "architecture_name": "A2",
    "fs_method": "linear_model",
    "fs_percent": 0.6,
    "fs_n_features": 12
}