{
    "balanced_accuracy": 0.6340618513022024,
    "accuracy": 0.7964782964782965
}