{
    "balanced_accuracy": 0.7607879665488018,
    "accuracy": 0.8191707192219094,
    "log_loss": 0.3766022519760181,
    "roc_auc": 0.7607879665488018,
    "f1": 0.8800814733090045,
    "precision": 0.8872347707049966,
    "recall": 0.8730425997642701,
    "inference_time": 0.9147789478302002,
    "training_time": 295.08610796928406,
    "dataset": "adult",
    "model": "transformer/cls",
    "fold": "F4",
    "architecture_name": "A22",
    "fs_method": "decision_tree",
    "fs_percent": 0.5,
    "fs_n_features": 7
}