{
    "balanced_accuracy": 0.96467633414237,
    "accuracy": 0.9647749510763209,
    "log_loss": 0.21594083505570033,
    "roc_auc": 0.96467633414237,
    "f1": 0.9628099173553719,
    "precision": 0.9628099173553719,
    "recall": 0.9628099173553719,
    "inference_time": 0.057341575622558594,
    "training_time": 63.08602156799832,
    "dataset": "kr-vs-kp",
    "model": "transformer/cls",
    "fold": "F1",
    "architecture_name": "A2",
    "fs_method": "f_classif",
    "fs_percent": 0.8,
    "fs_n_features": 28
}