{
    "balanced_accuracy": 0.9486721873215306,
    "accuracy": 0.948780487804878,
    "log_loss": 0.16014120855484396,
    "roc_auc": 0.9486721873215306,
    "f1": 0.9501187648456056,
    "precision": 0.9302325581395349,
    "recall": 0.970873786407767,
    "training_time": 0.1781020164489746,
    "inference_time": 0.0009887218475341797,
    "dataset": "sylvine",
    "model": "xgboost",
    "fold": "F0",
    "architecture_name": "A3",
    "fs_method": "f_classif",
    "fs_percent": 0.8,
    "fs_n_features": 16
}