{
    "valid_loss": {
        "balanced_accuracy": 0.9461617171140301,
        "accuracy": 0.9463414634146341,
        "log_loss": 0.15354291350535,
        "roc_auc": 0.94616171711403,
        "f1": 0.9484777517564403,
        "precision": 0.916289592760181,
        "recall": 0.9830097087378641
    }
}