{
    "balanced_accuracy": 0.5171052631578947,
    "accuracy": 0.6666666666666666
}