{
    "valid_loss": {
        "balanced_accuracy": 0.8925279789335089,
        "accuracy": 0.8918918918918919,
        "log_loss": 0.26844739597194256,
        "roc_auc": 0.8925279789335089,
        "f1": 0.88,
        "precision": 0.8627450980392157,
        "recall": 0.8979591836734694
    }
}