{
    "valid_loss": {
        "balanced_accuracy": 0.9375854866933855,
        "accuracy": 0.9557490025389916,
        "log_loss": 0.11248977610470506,
        "roc_auc": 0.9375854866933855,
        "f1": 0.9693236107618808,
        "precision": 0.9587167371300671,
        "recall": 0.9801678108314263
    }
}