{
    "valid_loss": {
        "balanced_accuracy": 0.8566410170625627,
        "accuracy": 0.8454545454545455,
        "log_loss": 0.36379558890072555,
        "roc_auc": 0.8566410170625627,
        "f1": 0.8468468468468469,
        "precision": 0.7580645161290323,
        "recall": 0.9591836734693877
    }
}