{
    "balanced_accuracy": 0.6337571354436948,
    "accuracy": 0.6814814814814815
}