{
    "balanced_accuracy": 0.6616151472101112,
    "accuracy": 0.6393692777212614
}