{
    "valid_loss": {
        "balanced_accuracy": 0.5772539030925514,
        "accuracy": 0.7912275380999317,
        "log_loss": 0.6479964043344025
    }
}