{
    "valid_loss": {
        "balanced_accuracy": 0.5926692945135462,
        "accuracy": 0.6710610932475884,
        "log_loss": 0.9484879314206336
    }
}