{
    "balanced_accuracy": 0.5166281614785992,
    "accuracy": 0.5165692007797271
}