{
    "balanced_accuracy": 0.5848172076898834,
    "accuracy": 0.5956112852664577
}