{
    "balanced_accuracy": 0.5554259864174664,
    "accuracy": 0.7807780906066035,
    "log_loss": 0.4333266040088871,
    "roc_auc": 0.5554259864174664,
    "f1": 0.8727056550494167,
    "precision": 0.7810587922319766,
    "recall": 0.9887186395015995,
    "training_time": 0.2230370044708252,
    "inference_time": 0.00681614875793457
}