{
    "balanced_accuracy": 0.7829082774049216,
    "accuracy": 0.782608695652174
}