{
    "balanced_accuracy": 0.9168455703449263,
    "accuracy": 0.9169719169719169,
    "log_loss": 0.20919623345408184,
    "roc_auc": 0.9168455703449263,
    "f1": 0.92,
    "precision": 0.8906605922551253,
    "recall": 0.9513381995133819,
    "training_time": 15.738541603088379,
    "inference_time": 0.02761077880859375,
    "dataset": "sylvine",
    "model": "mlp/full",
    "fold": "F4",
    "architecture_name": "A1",
    "fs_method": "linear_model",
    "fs_percent": 0.8,
    "fs_n_features": 16
}