{
    "balanced_accuracy": 0.8101449275362318,
    "accuracy": 0.8666666666666667
}