{
    "balanced_accuracy": 0.9607438016528926,
    "accuracy": 0.962890625,
    "log_loss": 0.14188539743758327,
    "roc_auc": 0.9607438016528926,
    "f1": 0.9591397849462365,
    "precision": 1.0,
    "recall": 0.9214876033057852,
    "inference_time": 0.05571341514587402,
    "training_time": 94.40539535638449,
    "dataset": "kr-vs-kp",
    "model": "transformer/cls",
    "fold": "F0",
    "architecture_name": "A30",
    "fs_method": "decision_tree",
    "fs_percent": 0.5,
    "fs_n_features": 18
}