{
    "balanced_accuracy": 0.7124443288579695,
    "accuracy": 0.8966083150984683
}