{
    "valid_loss": {
        "balanced_accuracy": 0.9421401935937388,
        "accuracy": 0.9584693507435619,
        "log_loss": 0.11210897893998922,
        "roc_auc": 0.9421401935937388,
        "f1": 0.9711623221256769,
        "precision": 0.9620758483033932,
        "recall": 0.9804220696669209
    }
}