{
    "balanced_accuracy": 0.8856655430066518,
    "accuracy": 0.9056945955749003,
    "log_loss": 0.2304128346477699,
    "roc_auc": 0.8856655430066518,
    "f1": 0.9338085539714868,
    "precision": 0.9349987254652052,
    "recall": 0.9326214085939486,
    "inference_time": 0.1260242462158203,
    "training_time": 0,
    "dataset": "nomao",
    "model": "mlp/simple_nnw",
    "fold": "F3",
    "architecture_name": "A1",
    "fs_method": "random_3",
    "fs_percent": 0.7,
    "fs_n_features": 82
}