{
    "valid_loss": {
        "balanced_accuracy": 0.7822370370370371,
        "accuracy": 0.8473448496481126,
        "log_loss": 0.3232705433493183,
        "roc_auc": 0.7822370370370371,
        "f1": 0.9003591414014867,
        "precision": 0.8934195259406597,
        "recall": 0.9074074074074074
    }
}