{
    "balanced_accuracy": 0.5672532781228433,
    "accuracy": 0.8444444444444444
}