{
    "valid_loss": {
        "balanced_accuracy": 0.9450710593162364,
        "accuracy": 0.9451219512195121,
        "log_loss": 0.17839260310390387,
        "roc_auc": 0.9450710593162363,
        "f1": 0.9463647199046484,
        "precision": 0.927570093457944,
        "recall": 0.9659367396593674
    }
}