{
    "balanced_accuracy": 0.7577127659574469,
    "accuracy": 0.7910447761194029
}