{
    "balanced_accuracy": 0.8950566268748087,
    "accuracy": 0.900390625,
    "log_loss": 0.5658172034652493,
    "roc_auc": 0.8950566268748086,
    "f1": 0.8832951945080092,
    "precision": 0.9897435897435898,
    "recall": 0.7975206611570248,
    "inference_time": 0.05230903625488281,
    "training_time": 76.73010635375977,
    "dataset": "kr-vs-kp",
    "model": "transformer/cls",
    "fold": "F0",
    "architecture_name": "A2",
    "fs_method": "linear_model",
    "fs_percent": 0.4,
    "fs_n_features": 14
}