{
    "valid_loss": {
        "balanced_accuracy": 0.8020584385699051,
        "accuracy": 0.866649603276171,
        "log_loss": 0.2915367040997661,
        "roc_auc": 0.802058438569905,
        "f1": 0.9134838923945533,
        "precision": 0.901064701064701,
        "recall": 0.9262502104731436
    }
}