{
    "balanced_accuracy": 0.35248504663060476,
    "accuracy": 0.45217391304347826
}