{
    "balanced_accuracy": 0.9183006535947713,
    "accuracy": 0.921875
}