{
    "balanced_accuracy": 0.8711943793911007,
    "accuracy": 0.8727272727272727,
    "log_loss": 0.35169108886182265,
    "roc_auc": 0.8711943793911008,
    "f1": 0.8571428571428571,
    "precision": 0.8571428571428571,
    "recall": 0.8571428571428571,
    "inference_time": 0.004036426544189453,
    "training_time": 0,
    "dataset": "australian",
    "model": "mlp/simple",
    "fold": "F4",
    "architecture_name": "A1",
    "fs_method": "random_3",
    "fs_percent": 0.7,
    "fs_n_features": 9
}