{
  "dropout": 0.17826928243255535,
  "embedding_size": 32,
  "n_head": 32,
  "n_hid": 1024,
  "n_layers": 4,
  "numerical_passthrough": false,
  "optimizer__lr": 0.032652831871267246
}