{
    "balanced_accuracy": 0.9632673177043756,
    "accuracy": 0.9708015959376134,
    "log_loss": 0.08080111855354331,
    "roc_auc": 0.9632673177043756,
    "f1": 0.9795607464770851,
    "precision": 0.9781947261663286,
    "recall": 0.9809305873379099,
    "training_time": 1.4316468238830566,
    "inference_time": 0.008234977722167969,
    "dataset": "nomao",
    "model": "xgboost",
    "fold": "F3",
    "architecture_name": "A3",
    "fs_method": "linear_model",
    "fs_percent": 0.6,
    "fs_n_features": 70
}