{
    "balanced_accuracy": 0.6336705379422594,
    "accuracy": 0.749618320610687
}