{
    "balanced_accuracy": 0.8023088023088023,
    "accuracy": 0.8020833333333334
}