{
    "valid_loss": {
        "balanced_accuracy": 0.5846114459980265,
        "accuracy": 0.6622722400857449,
        "log_loss": 0.9621726479024673
    }
}