{
    "valid_loss": {
        "balanced_accuracy": 0.5994494878067297,
        "accuracy": 0.6794212218649518,
        "log_loss": 0.920987539545181
    }
}