{
    "balanced_accuracy": 0.8198360655737704,
    "accuracy": 0.8198198198198198,
    "log_loss": 0.3747736686576814,
    "roc_auc": 0.8198360655737704,
    "f1": 0.803921568627451,
    "precision": 0.7884615384615384,
    "recall": 0.82,
    "inference_time": 0.004073381423950195,
    "training_time": 0,
    "dataset": "australian",
    "model": "mlp/simple",
    "fold": "F0",
    "architecture_name": "A1",
    "fs_method": "random_4",
    "fs_percent": 0.8,
    "fs_n_features": 11
}