{
    "balanced_accuracy": 0.15422371767126486,
    "accuracy": 0.47378640776699027
}