{
    "valid_loss": {
        "balanced_accuracy": 0.7922602089268755,
        "accuracy": 0.7945492662473794,
        "log_loss": 0.42281361264294076,
        "roc_auc": 0.7922602089268757,
        "f1": 0.8191881918819188,
        "precision": 0.7424749163879598,
        "recall": 0.9135802469135802
    }
}