{
    "valid_loss": {
        "balanced_accuracy": 0.7932107744107744,
        "accuracy": 0.8568138195777352,
        "log_loss": 0.30189847569013134,
        "roc_auc": 0.7932107744107745,
        "f1": 0.9067111296373489,
        "precision": 0.8981007431874484,
        "recall": 0.9154882154882155
    }
}