{
    "balanced_accuracy": 0.7800985280151946,
    "accuracy": 0.7773522975929978
}