{
    "balanced_accuracy": 0.7896486229819564,
    "accuracy": 0.7924528301886793,
    "log_loss": 0.4192805241439819,
    "roc_auc": 0.7896486229819563,
    "f1": 0.8216216216216217,
    "precision": 0.7307692307692307,
    "recall": 0.9382716049382716,
    "training_time": 0.06489253044128418,
    "inference_time": 0.0008456707000732422
}