{
    "balanced_accuracy": 0.803656220322887,
    "accuracy": 0.8050314465408805,
    "log_loss": 0.4115691691032077,
    "roc_auc": 0.8036562203228871,
    "f1": 0.8208092485549133,
    "precision": 0.7717391304347826,
    "recall": 0.8765432098765432,
    "training_time": 0.09537529945373535,
    "inference_time": 0.0010039806365966797,
    "dataset": "jasmine",
    "model": "xgboost",
    "fold": "F4",
    "architecture_name": "A1",
    "fs_method": "random_3",
    "fs_percent": 0.5,
    "fs_n_features": 72
}