{
    "valid_loss": {
        "balanced_accuracy": 0.9397992754346884,
        "accuracy": 0.9570184983677911,
        "log_loss": 0.11316136428239525,
        "roc_auc": 0.9397992754346884,
        "f1": 0.9701774254435636,
        "precision": 0.9603886397608371,
        "recall": 0.9801678108314263
    }
}