{
    "balanced_accuracy": 0.5872874991465828,
    "accuracy": 0.7619047619047619
}