{
    "balanced_accuracy": 0.41802330978086255,
    "accuracy": 0.47577639751552797
}