{
    "valid_loss": {
        "balanced_accuracy": 0.6188765737996005,
        "accuracy": 0.6909967845659164,
        "log_loss": 0.885874680189747
    }
}