{
    "balanced_accuracy": 0.8659167431894705,
    "accuracy": 0.873046875,
    "log_loss": 0.34529052984202596,
    "roc_auc": 0.8659167431894705,
    "f1": 0.8456057007125891,
    "precision": 0.994413407821229,
    "recall": 0.7355371900826446,
    "inference_time": 0.057520389556884766,
    "training_time": 94.40539535638449
}