{
    "balanced_accuracy": 0.750531914893617,
    "accuracy": 0.7910447761194029
}