{
    "balanced_accuracy": 0.6287878787878788,
    "accuracy": 0.6052631578947368
}