{
    "balanced_accuracy": 0.9274099883855982,
    "accuracy": 0.9241379310344827
}