{
    "valid_loss": {
        "balanced_accuracy": 0.7803447811447812,
        "accuracy": 0.8403071017274473,
        "log_loss": 0.3329160161483137,
        "roc_auc": 0.7803447811447812,
        "f1": 0.8950201884253028,
        "precision": 0.8944182918628111,
        "recall": 0.8956228956228957
    }
}