{
    "balanced_accuracy": 0.6629307460689193,
    "accuracy": 0.6818181818181818,
    "log_loss": 0.5755389808991981,
    "roc_auc": 0.6629307460689194,
    "f1": 0.5783132530120482,
    "precision": 0.7058823529411765,
    "recall": 0.4897959183673469,
    "inference_time": 0.003180265426635742,
    "training_time": 0,
    "dataset": "australian",
    "model": "mlp/simple_nd_nnw",
    "fold": "F2",
    "architecture_name": "A1",
    "fs_method": "f_classif",
    "fs_percent": 0.7,
    "fs_n_features": 9
}