{
    "balanced_accuracy": 0.694954128440367,
    "accuracy": 0.8057553956834532
}