{
    "balanced_accuracy": 0.9230558728345708,
    "accuracy": 0.9231707317073171,
    "log_loss": 0.21902505952947235,
    "roc_auc": 0.9230558728345708,
    "f1": 0.9252669039145908,
    "precision": 0.9048723897911833,
    "recall": 0.9466019417475728,
    "inference_time": 0.018874168395996094,
    "training_time": 0,
    "dataset": "sylvine",
    "model": "mlp/simple_nd_nnw",
    "fold": "F1",
    "architecture_name": "A1",
    "fs_method": "linear_model",
    "fs_percent": 0.9,
    "fs_n_features": 18
}