{
    "valid_loss": {
        "balanced_accuracy": 0.3351701737330574,
        "accuracy": 0.6191523239062855,
        "log_loss": 1.1027395803279798
    }
}