{
    "balanced_accuracy": 0.7649535163046528,
    "accuracy": 0.8329920655234195,
    "log_loss": 0.3548261629255017,
    "roc_auc": 0.7649535163046528,
    "f1": 0.8907492674759313,
    "precision": 0.8857808857808858,
    "recall": 0.8957736992759724,
    "inference_time": 0.5126440525054932,
    "training_time": 250.26539334006935,
    "dataset": "adult",
    "model": "transformer/cls",
    "fold": "F4",
    "architecture_name": "A0",
    "fs_method": "decision_tree",
    "fs_percent": 0.8,
    "fs_n_features": 11
}