{
    "balanced_accuracy": 0.5155144926059071,
    "accuracy": 0.6038589086523968
}