{
    "balanced_accuracy": 0.9594746222471936,
    "accuracy": 0.967068040040621,
    "log_loss": 0.08951017442453735,
    "roc_auc": 0.9594746222471935,
    "f1": 0.9770961557864999,
    "precision": 0.9773920064594267,
    "recall": 0.9768004841638087,
    "training_time": 0.39407873153686523,
    "inference_time": 0.0038361549377441406,
    "dataset": "nomao",
    "model": "xgboost",
    "architecture_name": "A1",
    "fs_method": "random_1",
    "fs_percent": 0.7,
    "fs_n_features": 82
}