{
    "valid_loss": {
        "balanced_accuracy": 0.588615131816667,
        "accuracy": 0.6738128416764927,
        "log_loss": 0.9506450597137215
    }
}