{
    "balanced_accuracy": 0.7956483670431661,
    "accuracy": 0.797071129707113,
    "log_loss": 0.42694474686485057,
    "roc_auc": 0.7956483670431661,
    "f1": 0.8152380952380952,
    "precision": 0.7588652482269503,
    "recall": 0.8806584362139918,
    "inference_time": 0.012761354446411133,
    "training_time": 0,
    "dataset": "jasmine",
    "model": "mlp/simple",
    "fold": "F0",
    "architecture_name": "A0",
    "fs_method": "decision_tree",
    "fs_percent": 0.8,
    "fs_n_features": 115
}