{
    "balanced_accuracy": 0.777015724322516,
    "accuracy": 0.7727272727272727,
    "log_loss": 0.41246928314014114,
    "roc_auc": 0.7770157243225159,
    "f1": 0.7619047619047619,
    "precision": 0.7142857142857143,
    "recall": 0.8163265306122449,
    "inference_time": 0.003186464309692383,
    "training_time": 0,
    "dataset": "australian",
    "model": "mlp/simple_nd_nnw",
    "fold": "F3",
    "architecture_name": "A1",
    "fs_method": "random_3",
    "fs_percent": 0.9,
    "fs_n_features": 12
}