{
    "valid_loss": {
        "balanced_accuracy": 0.7934280294101139,
        "accuracy": 0.8576913232659329,
        "log_loss": 0.30933133903306165,
        "roc_auc": 0.7934280294101139,
        "f1": 0.9073642119293569,
        "precision": 0.8979389942291839,
        "recall": 0.9169893921535612
    }
}