{
    "valid_loss": {
        "balanced_accuracy": 0.540217006752624,
        "accuracy": 0.7768889562876748,
        "log_loss": 0.6783997893620611
    }
}