{
    "balanced_accuracy": 0.7648781259892371,
    "accuracy": 0.7672955974842768,
    "log_loss": 0.48720785034554914,
    "roc_auc": 0.7648781259892371,
    "f1": 0.7963302752293578,
    "precision": 0.7185430463576159,
    "recall": 0.8930041152263375,
    "inference_time": 0.01156759262084961,
    "training_time": 0,
    "dataset": "jasmine",
    "model": "mlp/simple_nd_nnw",
    "fold": "F3",
    "architecture_name": "A1",
    "fs_method": "linear_model",
    "fs_percent": 0.8,
    "fs_n_features": 115
}