{
    "balanced_accuracy": 0.6227858293075684,
    "accuracy": 0.6422764227642277
}