{
    "balanced_accuracy": 0.576412316751518,
    "accuracy": 0.4173027989821883
}