{
    "balanced_accuracy": 0.8733233301285791,
    "accuracy": 0.9077062556663644,
    "log_loss": 0.2728146965546158,
    "roc_auc": 0.873323330128579,
    "f1": 0.9364782228878074,
    "precision": 0.9196078431372549,
    "recall": 0.9539791507754894,
    "inference_time": 0.6322755813598633,
    "training_time": 479.9199761089525,
    "dataset": "nomao",
    "model": "transformer/cls",
    "fold": "F0",
    "architecture_name": "A28",
    "fs_method": "f_classif",
    "fs_percent": 0.7,
    "fs_n_features": 82
}