{
    "balanced_accuracy": 0.7968502690724912,
    "accuracy": 0.7987421383647799,
    "log_loss": 0.4397544441895228,
    "roc_auc": 0.7968502690724912,
    "f1": 0.8195488721804511,
    "precision": 0.754325259515571,
    "recall": 0.897119341563786,
    "training_time": 0.08632063865661621,
    "inference_time": 0.0008330345153808594,
    "dataset": "jasmine",
    "model": "xgboost",
    "fold": "F3",
    "architecture_name": "A1",
    "fs_method": "random_5",
    "fs_percent": 0.8,
    "fs_n_features": 115
}