{
    "balanced_accuracy": 0.3959043690621086,
    "accuracy": 0.6119174942704354
}