{
    "valid_loss": {
        "balanced_accuracy": 0.780893887859909,
        "accuracy": 0.8550038392628615,
        "log_loss": 0.32326288321455565,
        "roc_auc": 0.7808938878599091,
        "f1": 0.9063713742665895,
        "precision": 0.8899707887049659,
        "recall": 0.9233877757198181
    }
}