{
    "balanced_accuracy": 0.7686767964545742,
    "accuracy": 0.7693920335429769,
    "log_loss": 0.46202295379180375,
    "roc_auc": 0.7686767964545742,
    "f1": 0.7808764940239044,
    "precision": 0.7567567567567568,
    "recall": 0.8065843621399177,
    "inference_time": 0.011775970458984375,
    "training_time": 0,
    "dataset": "jasmine",
    "model": "mlp/simple_nnw",
    "fold": "F2",
    "architecture_name": "A1",
    "fs_method": "random_5",
    "fs_percent": 0.9,
    "fs_n_features": 129
}