{
    "valid_loss": {
        "balanced_accuracy": 0.5579779324753489,
        "accuracy": 0.7803010198278804,
        "log_loss": 0.6876458787774482
    }
}