{
    "balanced_accuracy": 0.9006383150385904,
    "accuracy": 0.9245693563009972,
    "log_loss": 0.2021085589452872,
    "roc_auc": 0.9006383150385904,
    "f1": 0.9476202467892219,
    "precision": 0.9386380643552008,
    "recall": 0.9567759979659293,
    "training_time": 134.5973184108734,
    "inference_time": 0.1371464729309082,
    "dataset": "nomao",
    "model": "mlp/full",
    "fold": "F1",
    "architecture_name": "A1",
    "fs_method": "f_classif",
    "fs_percent": 0.4,
    "fs_n_features": 47
}