{
    "valid_loss": {
        "balanced_accuracy": 0.5506293668673844,
        "accuracy": 0.7762529380544393,
        "log_loss": 0.6753006685476992
    }
}