{
    "balanced_accuracy": 0.7620215488215488,
    "accuracy": 0.8499040307101727,
    "log_loss": 0.3281304421417059,
    "roc_auc": 0.7620215488215487,
    "f1": 0.9041118286601815,
    "precision": 0.8787541713014461,
    "recall": 0.930976430976431,
    "inference_time": 0.18668699264526367,
    "training_time": 0,
    "dataset": "adult",
    "model": "mlp/simple_nd_nn",
    "fold": "F0",
    "architecture_name": "A1",
    "fs_method": "f_classif",
    "fs_percent": 0.8,
    "fs_n_features": 11
}