{
    "balanced_accuracy": 0.6553945249597424,
    "accuracy": 0.6585365853658537
}