{
    "balanced_accuracy": 0.181922661818824,
    "accuracy": 0.4766176751288414
}