{
    "balanced_accuracy": 0.9400818579859128,
    "accuracy": 0.9402439024390243,
    "log_loss": 0.17881287166219742,
    "roc_auc": 0.9400818579859127,
    "f1": 0.9424206815511164,
    "precision": 0.9134396355353075,
    "recall": 0.9733009708737864,
    "training_time": 0.12199711799621582,
    "inference_time": 0.0010030269622802734,
    "dataset": "sylvine",
    "model": "xgboost",
    "fold": "F1",
    "architecture_name": "A1",
    "fs_method": "linear_model",
    "fs_percent": 0.6,
    "fs_n_features": 12
}