{
    "balanced_accuracy": 0.742723318835731,
    "accuracy": 0.7636363636363637,
    "log_loss": 0.4636889214265616,
    "roc_auc": 0.7427233188357311,
    "f1": 0.675,
    "precision": 0.8709677419354839,
    "recall": 0.5510204081632653,
    "inference_time": 0.004236936569213867,
    "training_time": 0,
    "dataset": "australian",
    "model": "mlp/simple_nd",
    "fold": "F2",
    "architecture_name": "A0",
    "fs_method": "random_1",
    "fs_percent": 0.5,
    "fs_n_features": 7
}