{
    "balanced_accuracy": 0.9474466971254522,
    "accuracy": 0.947560975609756,
    "log_loss": 0.15110060432504302,
    "roc_auc": 0.9474466971254523,
    "f1": 0.9489916963226572,
    "precision": 0.9280742459396751,
    "recall": 0.970873786407767,
    "inference_time": 0.10509443283081055,
    "training_time": 51.5655393600464
}