{
    "valid_loss": {
        "balanced_accuracy": 0.6178152371447402,
        "accuracy": 0.692390139335477,
        "log_loss": 0.8721582430939723
    }
}