{
    "balanced_accuracy": 0.678960951181296,
    "accuracy": 0.6868884540117417,
    "log_loss": 2.287608108701123,
    "roc_auc": 0.6789609511812958,
    "f1": 0.6153846153846154,
    "precision": 0.735632183908046,
    "recall": 0.5289256198347108,
    "inference_time": 0.011168956756591797,
    "training_time": 0,
    "dataset": "kr-vs-kp",
    "model": "mlp/simple_nd",
    "fold": "F2",
    "architecture_name": "A0",
    "fs_method": "random_2",
    "fs_percent": 0.5,
    "fs_n_features": 18
}