{
    "balanced_accuracy": 0.9153056908013267,
    "accuracy": 0.9236627379873074,
    "log_loss": 0.21775608525598042,
    "roc_auc": 0.9153056908013267,
    "f1": 0.9458520900321543,
    "precision": 0.9570536179073399,
    "recall": 0.9349097381133994,
    "inference_time": 0.1627817153930664,
    "training_time": 0,
    "dataset": "nomao",
    "model": "mlp/simple_nd",
    "fold": "F0",
    "architecture_name": "A1",
    "fs_method": "random_4",
    "fs_percent": 0.6,
    "fs_n_features": 70
}