{
    "balanced_accuracy": 0.9267574465047383,
    "accuracy": 0.926829268292683,
    "log_loss": 0.18786975805625925,
    "roc_auc": 0.9267574465047382,
    "f1": 0.9290780141843972,
    "precision": 0.903448275862069,
    "recall": 0.9562043795620438,
    "training_time": 0.08430743217468262,
    "inference_time": 0.0008368492126464844
}