{
    "balanced_accuracy": 0.511250587567676,
    "accuracy": 0.6126017485679831
}