{
    "balanced_accuracy": 0.5361698077289168,
    "accuracy": 0.5341463414634147,
    "log_loss": 0.9457621525408288,
    "roc_auc": 0.5361698077289168,
    "f1": 0.2074688796680498,
    "precision": 0.7142857142857143,
    "recall": 0.12135922330097088,
    "inference_time": 0.018912553787231445,
    "training_time": 0,
    "dataset": "sylvine",
    "model": "mlp/simple",
    "fold": "F0",
    "architecture_name": "A0",
    "fs_method": "random_5",
    "fs_percent": 0.4,
    "fs_n_features": 8
}