{
    "balanced_accuracy": 0.32944729472859957,
    "accuracy": 0.4647573315040302
}