{
    "balanced_accuracy": 0.6918481600327713,
    "accuracy": 0.8195488721804511
}