{
    "balanced_accuracy": 0.47390486130651305,
    "accuracy": 0.6381679389312978
}