{
    "balanced_accuracy": 0.5653546801392777,
    "accuracy": 0.7869674185463659
}