{
    "balanced_accuracy": 0.41717215562075066,
    "accuracy": 0.4956521739130435
}