{
    "valid_loss": {
        "balanced_accuracy": 0.33519602925991526,
        "accuracy": 0.6198202979868825,
        "log_loss": 1.1049307613980406
    }
}