{
    "balanced_accuracy": 0.8389687609006842,
    "accuracy": 0.8868335146898803,
    "log_loss": 0.32799473984133687,
    "roc_auc": 0.8389687609006843,
    "f1": 0.923019985196151,
    "precision": 0.8964773544212796,
    "recall": 0.9511823035850496,
    "inference_time": 0.5740330219268799,
    "training_time": 394.1068742458637,
    "dataset": "nomao",
    "model": "transformer/cls",
    "fold": "F2",
    "architecture_name": "A28",
    "fs_method": "f_classif",
    "fs_percent": 0.6,
    "fs_n_features": 70
}