{
    "balanced_accuracy": 0.6984433959080079,
    "accuracy": 0.743427017225748,
    "log_loss": 0.6990825824793462,
    "roc_auc": 0.6984433959080079,
    "f1": 0.8171598397725804,
    "precision": 0.8307934839726747,
    "recall": 0.8039664378337147,
    "inference_time": 0.10365843772888184,
    "training_time": 0,
    "dataset": "nomao",
    "model": "mlp/simple_nd_nnw",
    "fold": "F0",
    "architecture_name": "A0",
    "fs_method": "f_classif",
    "fs_percent": 0.4,
    "fs_n_features": 47
}