{
    "balanced_accuracy": 0.3313410647643622,
    "accuracy": 0.5534351145038168
}