{
    "balanced_accuracy": 0.68569114965526,
    "accuracy": 0.4617067833698031
}