{
    "valid_loss": {
        "balanced_accuracy": 0.5785175775150837,
        "accuracy": 0.6539822060242255,
        "log_loss": 0.9898952557134162
    }
}