{
    "balanced_accuracy": 0.7623589801444044,
    "accuracy": 0.7621440536013401,
    "log_loss": 0.5486317949828308,
    "roc_auc": 0.7623589801444043,
    "f1": 0.7491166077738516,
    "precision": 0.7335640138408305,
    "recall": 0.7653429602888087,
    "inference_time": 0.04788017272949219,
    "training_time": 0,
    "dataset": "jasmine",
    "model": "transformer/cls",
    "architecture_name": "A24",
    "fs_method": "decision_tree",
    "fs_percent": 0.4,
    "fs_n_features": 57
}