{
    "valid_loss": {
        "balanced_accuracy": 0.9981481481481482,
        "accuracy": 0.998046875,
        "log_loss": 0.004868386925205191,
        "roc_auc": 0.9981481481481482,
        "f1": 0.9979381443298969,
        "precision": 0.9958847736625515,
        "recall": 1.0
    }
}