{
    "balanced_accuracy": 0.6875791245791245,
    "accuracy": 0.8149712092130518,
    "log_loss": 0.37258585329844623,
    "roc_auc": 0.6875791245791245,
    "f1": 0.8845416799744491,
    "precision": 0.8412818955042527,
    "recall": 0.9324915824915825,
    "inference_time": 0.19860029220581055,
    "training_time": 0,
    "dataset": "adult",
    "model": "mlp/simple_nd",
    "fold": "F1",
    "architecture_name": "A0",
    "fs_method": "random_3",
    "fs_percent": 0.7,
    "fs_n_features": 9
}