{
    "valid_loss": {
        "balanced_accuracy": 0.5654809936196302,
        "accuracy": 0.7818933161466429,
        "log_loss": 0.6818580147693649
    }
}