{
    "valid_loss": {
        "balanced_accuracy": 0.8370107696348832,
        "accuracy": 0.8389121338912134,
        "log_loss": 0.3696868396052795,
        "roc_auc": 0.8370107696348831,
        "f1": 0.8571428571428571,
        "precision": 0.7804054054054054,
        "recall": 0.9506172839506173
    }
}