{
    "valid_loss": {
        "balanced_accuracy": 0.7916127946127947,
        "accuracy": 0.8510556621880998,
        "log_loss": 0.3209526524895599,
        "roc_auc": 0.7916127946127947,
        "f1": 0.9023981217507966,
        "precision": 0.8989308386234547,
        "recall": 0.9058922558922559
    }
}