{
    "balanced_accuracy": 0.7029215773665207,
    "accuracy": 0.7785853209130924,
    "log_loss": 0.481564087131426,
    "roc_auc": 0.7029215773665207,
    "f1": 0.8537426465616337,
    "precision": 0.8610201854882706,
    "recall": 0.8465870993697198,
    "inference_time": 0.19829535484313965,
    "training_time": 0,
    "dataset": "adult",
    "model": "mlp/simple_nd",
    "architecture_name": "A0",
    "fs_method": "random_1",
    "fs_percent": 0.6,
    "fs_n_features": 8
}