{
    "balanced_accuracy": 0.5924824452229938,
    "accuracy": 0.8032350532350533
}