{
    "valid_loss": {
        "balanced_accuracy": 0.7671976202503228,
        "accuracy": 0.8402866649603277,
        "log_loss": 0.34562529494871597,
        "roc_auc": 0.7671976202503227,
        "f1": 0.8962593516209476,
        "precision": 0.8850763421441471,
        "recall": 0.9077285738339788
    }
}