{
    "balanced_accuracy": 0.7348801346801347,
    "accuracy": 0.8308381317978247,
    "log_loss": 0.3665540871886517,
    "roc_auc": 0.7348801346801346,
    "f1": 0.8920287487749101,
    "precision": 0.8662753807106599,
    "recall": 0.9193602693602694,
    "training_time": 0.2073838710784912,
    "inference_time": 0.003900766372680664,
    "dataset": "adult",
    "model": "xgboost",
    "fold": "F2",
    "architecture_name": "A1",
    "fs_method": "random_4",
    "fs_percent": 0.7,
    "fs_n_features": 9
}