{
    "balanced_accuracy": 0.3682352941176471,
    "accuracy": 0.7777777777777778
}