{
    "balanced_accuracy": 0.9412835522558538,
    "accuracy": 0.9414634146341463,
    "log_loss": 0.1616713719529916,
    "roc_auc": 0.9412835522558539,
    "f1": 0.9437939110070258,
    "precision": 0.9117647058823529,
    "recall": 0.9781553398058253,
    "inference_time": 0.05910754203796387,
    "training_time": 70.61231259738699
}