{
    "valid_loss": {
        "balanced_accuracy": 0.6116606625984613,
        "accuracy": 0.6836012861736335,
        "log_loss": 0.8993166983180748
    }
}