{
    "valid_loss": {
        "balanced_accuracy": 0.8056562472638122,
        "accuracy": 0.8075313807531381,
        "log_loss": 0.41242309294809987,
        "roc_auc": 0.8056562472638122,
        "f1": 0.828996282527881,
        "precision": 0.7559322033898305,
        "recall": 0.9176954732510288
    }
}