{
    "balanced_accuracy": 0.7978790756568535,
    "accuracy": 0.80083857442348,
    "log_loss": 0.4386373558678509,
    "roc_auc": 0.7978790756568535,
    "f1": 0.8300536672629696,
    "precision": 0.7341772151898734,
    "recall": 0.9547325102880658,
    "inference_time": 0.09669137001037598,
    "training_time": 42.643307295712546,
    "dataset": "jasmine",
    "model": "transformer/cls",
    "fold": "F2",
    "architecture_name": "A21",
    "fs_method": "none",
    "fs_percent": 1.0,
    "fs_n_features": 144
}