{
    "balanced_accuracy": 0.7784511784511785,
    "accuracy": 0.78125,
    "log_loss": 1.9428944844858598,
    "roc_auc": 0.7784511784511785,
    "f1": 0.7586206896551724,
    "precision": 0.7927927927927928,
    "recall": 0.7272727272727273,
    "inference_time": 0.011454582214355469,
    "training_time": 0,
    "dataset": "kr-vs-kp",
    "model": "mlp/simple_nd",
    "fold": "F0",
    "architecture_name": "A0",
    "fs_method": "random_4",
    "fs_percent": 0.6,
    "fs_n_features": 21
}