{
    "balanced_accuracy": 0.8971551958299622,
    "accuracy": 0.8975335509611897,
    "log_loss": 0.2666811481147947,
    "roc_auc": 0.8971551958299621,
    "f1": 0.925940490234631,
    "precision": 0.9556277056277056,
    "recall": 0.8980422069666921,
    "inference_time": 0.12774133682250977,
    "training_time": 0,
    "dataset": "nomao",
    "model": "mlp/simple_nnw",
    "fold": "F3",
    "architecture_name": "A1",
    "fs_method": "f_classif",
    "fs_percent": 0.7,
    "fs_n_features": 82
}