{
    "balanced_accuracy": 0.8498360655737704,
    "accuracy": 0.8468468468468469,
    "log_loss": 0.3503028605697288,
    "roc_auc": 0.8498360655737704,
    "f1": 0.8380952380952381,
    "precision": 0.8,
    "recall": 0.88,
    "inference_time": 0.003258228302001953,
    "training_time": 0,
    "dataset": "australian",
    "model": "mlp/simple_nd",
    "fold": "F0",
    "architecture_name": "A0",
    "fs_method": "decision_tree",
    "fs_percent": 0.9,
    "fs_n_features": 12
}