{
    "valid_loss": {
        "balanced_accuracy": 0.618231187055794,
        "accuracy": 0.6903536977491962,
        "log_loss": 0.8978581607317799
    }
}