{
    "balanced_accuracy": 0.7602880658436214,
    "accuracy": 0.7631027253668763,
    "log_loss": 0.4747055358559796,
    "roc_auc": 0.7602880658436215,
    "f1": 0.7963963963963964,
    "precision": 0.7083333333333334,
    "recall": 0.9094650205761317,
    "inference_time": 0.012625932693481445,
    "training_time": 0,
    "dataset": "jasmine",
    "model": "mlp/simple",
    "fold": "F4",
    "architecture_name": "A0",
    "fs_method": "random_5",
    "fs_percent": 0.4,
    "fs_n_features": 57
}