{
    "balanced_accuracy": 0.7815764482431149,
    "accuracy": 0.7840670859538784,
    "log_loss": 0.43692571123550966,
    "roc_auc": 0.781576448243115,
    "f1": 0.8117001828153565,
    "precision": 0.7302631578947368,
    "recall": 0.9135802469135802,
    "inference_time": 0.011240243911743164,
    "training_time": 0,
    "dataset": "jasmine",
    "model": "mlp/simple_nd",
    "fold": "F2",
    "architecture_name": "A0",
    "fs_method": "random_4",
    "fs_percent": 0.8,
    "fs_n_features": 115
}