{
    "valid_loss": {
        "balanced_accuracy": 0.33232008357503917,
        "accuracy": 0.6170293426340132,
        "log_loss": 1.1000131549454186
    }
}