{
    "valid_loss": {
        "balanced_accuracy": 0.7850585628363407,
        "accuracy": 0.7861635220125787,
        "log_loss": 0.45520452637318737,
        "roc_auc": 0.7850585628363407,
        "f1": 0.80078125,
        "precision": 0.7620817843866171,
        "recall": 0.8436213991769548
    }
}