{
    "balanced_accuracy": 0.5362211436812421,
    "accuracy": 0.6288801234779626
}