{
    "balanced_accuracy": 0.6677542087542088,
    "accuracy": 0.8236724248240563,
    "log_loss": 0.36677912695278925,
    "roc_auc": 0.6677542087542088,
    "f1": 0.8929459291485394,
    "precision": 0.8290536641661858,
    "recall": 0.9675084175084175,
    "inference_time": 0.14591145515441895,
    "training_time": 0,
    "dataset": "adult",
    "model": "mlp/simple_nnw",
    "fold": "F2",
    "architecture_name": "A0",
    "fs_method": "linear_model",
    "fs_percent": 0.8,
    "fs_n_features": 11
}