{
    "balanced_accuracy": 0.9596183133447553,
    "accuracy": 0.9597560975609756,
    "log_loss": 0.12682809728014982,
    "roc_auc": 0.9596183133447554,
    "f1": 0.961038961038961,
    "precision": 0.9356321839080459,
    "recall": 0.9878640776699029,
    "training_time": 21.879510402679443,
    "inference_time": 0.02456068992614746,
    "dataset": "sylvine",
    "model": "mlp/full",
    "fold": "F1",
    "architecture_name": "A1",
    "fs_method": "decision_tree",
    "fs_percent": 0.4,
    "fs_n_features": 8
}