{
    "balanced_accuracy": 0.5467039781814255,
    "accuracy": 0.8193473193473193
}