{
    "balanced_accuracy": 0.9175763411349973,
    "accuracy": 0.9242067089755213,
    "log_loss": 0.21398640464256127,
    "roc_auc": 0.9175763411349973,
    "f1": 0.9461201340551688,
    "precision": 0.9594771241830066,
    "recall": 0.9331299262649377,
    "inference_time": 0.11534309387207031,
    "training_time": 0,
    "dataset": "nomao",
    "model": "mlp/simple",
    "fold": "F0",
    "architecture_name": "A0",
    "fs_method": "decision_tree",
    "fs_percent": 0.7,
    "fs_n_features": 82
}