{
    "balanced_accuracy": 0.9423536439665472,
    "accuracy": 0.9640287769784173
}