{
    "valid_loss": {
        "balanced_accuracy": 0.5313796943542641,
        "accuracy": 0.7687466828417621,
        "log_loss": 0.6922768527226786
    }
}