{
  "aggregator__cell": "LSTM",
  "aggregator__dropout": 0.40992415511925323,
  "aggregator__hidden_size": 64,
  "aggregator__num_layers": 1,
  "dropout": 0.007218948020443469,
  "embedding_size": 64,
  "n_head": 16,
  "n_hid": 256,
  "n_layers": 3,
  "optimizer__lr": 0.011581557300337443
}