{
    "balanced_accuracy": 0.7544437129690587,
    "accuracy": 0.7567567567567568,
    "log_loss": 0.5410362363832051,
    "roc_auc": 0.7544437129690585,
    "f1": 0.7272727272727273,
    "precision": 0.72,
    "recall": 0.7346938775510204,
    "inference_time": 0.0029783248901367188,
    "training_time": 0,
    "dataset": "australian",
    "model": "mlp/simple",
    "fold": "F1",
    "architecture_name": "A0",
    "fs_method": "f_classif",
    "fs_percent": 0.4,
    "fs_n_features": 5
}