{
    "balanced_accuracy": 0.8732017397122783,
    "accuracy": 0.8727272727272727,
    "log_loss": 0.3342030637890124,
    "roc_auc": 0.8732017397122782,
    "f1": 0.86,
    "precision": 0.8431372549019608,
    "recall": 0.8775510204081632,
    "inference_time": 0.0026242733001708984,
    "training_time": 0,
    "dataset": "australian",
    "model": "mlp/simple_nd_nn",
    "fold": "F2",
    "architecture_name": "A0",
    "fs_method": "random_1",
    "fs_percent": 0.5,
    "fs_n_features": 7
}