{
    "valid_loss": {
        "balanced_accuracy": 0.5370731041641734,
        "accuracy": 0.7760548963111802,
        "log_loss": 0.6789899232158169
    }
}