{
    "valid_loss": {
        "balanced_accuracy": 0.7903892255892255,
        "accuracy": 0.8566858605246321,
        "log_loss": 0.30501717888556223,
        "roc_auc": 0.7903892255892256,
        "f1": 0.9068529607451763,
        "precision": 0.8961209730440499,
        "recall": 0.9178451178451178
    }
}