{
    "balanced_accuracy": 0.7996420581655481,
    "accuracy": 0.7993311036789298
}