{
    "balanced_accuracy": 0.9638544962978894,
    "accuracy": 0.9628180039138943,
    "log_loss": 0.14840758891739736,
    "roc_auc": 0.9638544962978894,
    "f1": 0.9616161616161616,
    "precision": 0.9407114624505929,
    "recall": 0.9834710743801653,
    "inference_time": 0.012221813201904297,
    "training_time": 0,
    "dataset": "kr-vs-kp",
    "model": "mlp/simple_nnw",
    "fold": "F4",
    "architecture_name": "A1",
    "fs_method": "decision_tree",
    "fs_percent": 0.4,
    "fs_n_features": 14
}