{
    "balanced_accuracy": 0.5910353922590934,
    "accuracy": 0.6829516539440204
}