{
    "balanced_accuracy": 0.7509200401472064,
    "accuracy": 0.7727272727272727,
    "log_loss": 0.5317026758604922,
    "roc_auc": 0.7509200401472064,
    "f1": 0.6835443037974683,
    "precision": 0.9,
    "recall": 0.5510204081632653,
    "training_time": 3.0935492515563965,
    "inference_time": 0.003943920135498047,
    "dataset": "australian",
    "model": "mlp/full",
    "fold": "F2",
    "architecture_name": "A1",
    "fs_method": "f_classif",
    "fs_percent": 0.6,
    "fs_n_features": 8
}