{
    "valid_loss": {
        "balanced_accuracy": 0.5233587411126912,
        "accuracy": 0.768253847903556,
        "log_loss": 0.6903690451490537
    }
}