{
    "balanced_accuracy": 0.9462546283018649,
    "accuracy": 0.9575625680087051,
    "log_loss": 0.11062847994196912,
    "roc_auc": 0.9462546283018649,
    "f1": 0.9703196347031964,
    "precision": 0.9678643724696356,
    "recall": 0.9727873855544252,
    "training_time": 1.382537603378296,
    "inference_time": 0.009712457656860352,
    "dataset": "nomao",
    "model": "xgboost",
    "fold": "F4",
    "architecture_name": "A3",
    "fs_method": "random_5",
    "fs_percent": 0.5,
    "fs_n_features": 59
}