{
    "balanced_accuracy": 0.964143835163502,
    "accuracy": 0.9850154252974879
}