{
    "valid_loss": {
        "balanced_accuracy": 0.5739380206211719,
        "accuracy": 0.6569131832797428,
        "log_loss": 1.0039438602217947
    }
}