{
    "balanced_accuracy": 0.7585589225589225,
    "accuracy": 0.8382597568777991,
    "log_loss": 0.3379427721163519,
    "roc_auc": 0.7585589225589225,
    "f1": 0.8955026455026455,
    "precision": 0.8797920727745289,
    "recall": 0.9117845117845118,
    "inference_time": 0.14763450622558594,
    "training_time": 0,
    "dataset": "adult",
    "model": "mlp/simple_nd_nnw",
    "fold": "F2",
    "architecture_name": "A0",
    "fs_method": "random_2",
    "fs_percent": 0.7,
    "fs_n_features": 9
}