{
    "balanced_accuracy": 0.3026086956521739,
    "accuracy": 0.7666666666666667
}