{
    "balanced_accuracy": 0.7488129154795822,
    "accuracy": 0.7526205450733753,
    "log_loss": 0.48007934448636735,
    "roc_auc": 0.7488129154795822,
    "f1": 0.7965517241379311,
    "precision": 0.685459940652819,
    "recall": 0.9506172839506173,
    "inference_time": 0.051073312759399414,
    "training_time": 27.91110861301422,
    "dataset": "jasmine",
    "model": "transformer/cls",
    "fold": "F2",
    "architecture_name": "A24",
    "fs_method": "decision_tree",
    "fs_percent": 0.5,
    "fs_n_features": 72
}