{
    "valid_loss": {
        "balanced_accuracy": 0.7899252525252525,
        "accuracy": 0.8584772872680743,
        "log_loss": 0.30283360816835353,
        "roc_auc": 0.7899252525252526,
        "f1": 0.9082614465826144,
        "precision": 0.895192936559843,
        "recall": 0.9217171717171717
    }
}