{
    "balanced_accuracy": 0.7129902980589513,
    "accuracy": 0.6404526987811956
}