{
    "balanced_accuracy": 0.7769914417379855,
    "accuracy": 0.7747747747747747,
    "log_loss": 0.47742869015763645,
    "roc_auc": 0.7769914417379855,
    "f1": 0.7572815533980582,
    "precision": 0.7222222222222222,
    "recall": 0.7959183673469388,
    "training_time": 0.0325772762298584,
    "inference_time": 0.0005784034729003906,
    "dataset": "australian",
    "model": "xgboost",
    "fold": "F1",
    "architecture_name": "A1",
    "fs_method": "random_2",
    "fs_percent": 0.4,
    "fs_n_features": 5
}