{
    "balanced_accuracy": 0.6550559284116331,
    "accuracy": 0.6555183946488294
}