{
    "balanced_accuracy": 0.41555977229601515,
    "accuracy": 0.4177215189873418
}