{
    "balanced_accuracy": 0.8125541125541125,
    "accuracy": 0.8973305954825462
}