{
    "balanced_accuracy": 0.920728261322197,
    "accuracy": 0.9207317073170732,
    "log_loss": 0.19422907328843053,
    "roc_auc": 0.9207282613221971,
    "f1": 0.9210206561360875,
    "precision": 0.9199029126213593,
    "recall": 0.9221411192214112,
    "inference_time": 0.09876775741577148,
    "training_time": 48.70678048663669,
    "dataset": "sylvine",
    "model": "transformer/cls",
    "fold": "F2",
    "architecture_name": "A26",
    "fs_method": "random_5",
    "fs_percent": 0.9,
    "fs_n_features": 18
}