{
  "dropout": 0.13349334802365992,
  "embedding_size": 1024,
  "n_head": 16,
  "n_hid": 512,
  "n_layers": 2,
  "numerical_passthrough": false,
  "optimizer__lr": 0.0027522304466716823
}