{
    "balanced_accuracy": 0.69667083203214,
    "accuracy": 0.8339645818405159,
    "log_loss": 0.3481500197902169,
    "roc_auc": 0.69667083203214,
    "f1": 0.8979874213836478,
    "precision": 0.8455525287220182,
    "recall": 0.9573555048947298,
    "inference_time": 0.18305468559265137,
    "training_time": 0,
    "dataset": "adult",
    "model": "mlp/simple_nnw",
    "architecture_name": "A0",
    "fs_method": "random_4",
    "fs_percent": 0.9,
    "fs_n_features": 12
}