{
    "balanced_accuracy": 0.6016712671764937,
    "accuracy": 0.9714693295292439
}