{
    "balanced_accuracy": 0.7452516619183285,
    "accuracy": 0.7484276729559748,
    "log_loss": 0.4834697417463968,
    "roc_auc": 0.7452516619183286,
    "f1": 0.7872340425531915,
    "precision": 0.6915887850467289,
    "recall": 0.9135802469135802,
    "inference_time": 0.011171579360961914,
    "training_time": 0,
    "dataset": "jasmine",
    "model": "mlp/simple_nd",
    "fold": "F3",
    "architecture_name": "A0",
    "fs_method": "random_2",
    "fs_percent": 0.7,
    "fs_n_features": 100
}