{
    "valid_loss": {
        "balanced_accuracy": 0.5523725878395578,
        "accuracy": 0.6425125951334548,
        "log_loss": 1.007680128507655
    }
}