{
    "balanced_accuracy": 0.5289104891196676,
    "accuracy": 0.5677018633540373
}