{
    "balanced_accuracy": 0.9647277379985729,
    "accuracy": 0.9726151614073268,
    "log_loss": 0.07657904254234324,
    "roc_auc": 0.964727737998573,
    "f1": 0.9808497146480659,
    "precision": 0.9784919028340081,
    "recall": 0.9832189168573608,
    "training_time": 1.2258336544036865,
    "inference_time": 0.008612871170043945,
    "dataset": "nomao",
    "model": "xgboost",
    "fold": "F3",
    "architecture_name": "A1",
    "fs_method": "decision_tree",
    "fs_percent": 0.9,
    "fs_n_features": 106
}