{
    "balanced_accuracy": 0.9442028985507246,
    "accuracy": 0.9666666666666667
}