{
  "dropout": 0.1370698521409598,
  "embedding_size": 512,
  "n_head": 8,
  "n_hid": 1024,
  "n_layers": 3,
  "numerical_passthrough": false,
  "optimizer__lr": 0.0018707273866995805
}