{
    "balanced_accuracy": 0.7938008930916732,
    "accuracy": 0.7949790794979079,
    "log_loss": 0.43580048452673426,
    "roc_auc": 0.7938008930916731,
    "f1": 0.8108108108108109,
    "precision": 0.7636363636363637,
    "recall": 0.8641975308641975,
    "inference_time": 0.012049436569213867,
    "training_time": 0,
    "dataset": "jasmine",
    "model": "mlp/simple_nnw",
    "fold": "F1",
    "architecture_name": "A1",
    "fs_method": "random_5",
    "fs_percent": 0.9,
    "fs_n_features": 129
}