{
    "balanced_accuracy": 0.7803030303030303,
    "accuracy": 0.796875
}