{
    "balanced_accuracy": 0.9448190824631155,
    "accuracy": 0.9590208522212149,
    "log_loss": 0.11111213033495256,
    "roc_auc": 0.9448190824631155,
    "f1": 0.9714646464646465,
    "precision": 0.9648858791070981,
    "recall": 0.9781337401474701,
    "training_time": 0.761030912399292,
    "inference_time": 0.007244586944580078,
    "dataset": "nomao",
    "model": "xgboost",
    "fold": "F1",
    "architecture_name": "A2",
    "fs_method": "random_4",
    "fs_percent": 0.4,
    "fs_n_features": 47
}