{
    "balanced_accuracy": 0.58994708994709,
    "accuracy": 0.5902777777777778
}