{
    "valid_loss": {
        "balanced_accuracy": 0.7993433149461517,
        "accuracy": 0.801255230125523,
        "log_loss": 0.4347167306425362,
        "roc_auc": 0.7993433149461517,
        "f1": 0.8237476808905381,
        "precision": 0.75,
        "recall": 0.9135802469135802
    }
}