{
    "balanced_accuracy": 0.9060252433057763,
    "accuracy": 0.9104261106074343,
    "log_loss": 0.26839658450342263,
    "roc_auc": 0.9060252433057763,
    "f1": 0.9358608153726304,
    "precision": 0.9562218094985407,
    "recall": 0.9163488431222985,
    "inference_time": 0.11855292320251465,
    "training_time": 0,
    "dataset": "nomao",
    "model": "mlp/simple",
    "fold": "F0",
    "architecture_name": "A0",
    "fs_method": "linear_model",
    "fs_percent": 0.5,
    "fs_n_features": 59
}