{
    "balanced_accuracy": 0.8079625292740047,
    "accuracy": 0.8181818181818182,
    "log_loss": 0.42286038601922615,
    "roc_auc": 0.8079625292740048,
    "f1": 0.7777777777777778,
    "precision": 0.8536585365853658,
    "recall": 0.7142857142857143,
    "training_time": 0.02758193016052246,
    "inference_time": 0.0005331039428710938,
    "dataset": "australian",
    "model": "xgboost",
    "fold": "F4",
    "architecture_name": "A1",
    "fs_method": "random_1",
    "fs_percent": 0.8,
    "fs_n_features": 11
}