{
    "balanced_accuracy": 0.6529393033850978,
    "accuracy": 0.5427263479145473
}