{
    "valid_loss": {
        "balanced_accuracy": 0.766065210509655,
        "accuracy": 0.7693920335429769,
        "log_loss": 0.4615667840784012,
        "roc_auc": 0.7660652105096549,
        "f1": 0.8063380281690141,
        "precision": 0.7046153846153846,
        "recall": 0.9423868312757202
    }
}