{
    "balanced_accuracy": 0.33151627116844506,
    "accuracy": 0.5789473684210527
}