{
    "balanced_accuracy": 0.5072368421052631,
    "accuracy": 0.7037037037037037
}