{
    "valid_loss": {
        "balanced_accuracy": 0.8002364932367962,
        "accuracy": 0.8550038392628615,
        "log_loss": 0.3126240874402567,
        "roc_auc": 0.8002364932367964,
        "f1": 0.9047018252165867,
        "precision": 0.9038655462184874,
        "recall": 0.9055396531402593
    }
}