{
    "valid_loss": {
        "balanced_accuracy": 0.5482674027617941,
        "accuracy": 0.7825839714913944,
        "log_loss": 0.6594966994524444
    }
}