{
    "balanced_accuracy": 0.5302631578947368,
    "accuracy": 0.6444444444444445
}