{
    "valid_loss": {
        "balanced_accuracy": 0.9339543413760862,
        "accuracy": 0.9542981501632208,
        "log_loss": 0.11650362757092309,
        "roc_auc": 0.9339543413760862,
        "f1": 0.9683893627696939,
        "precision": 0.9554455445544554,
        "recall": 0.9816887080366226
    }
}