{
    "balanced_accuracy": 0.5036917230982522,
    "accuracy": 0.7192982456140351
}