{
    "valid_loss": {
        "balanced_accuracy": 0.5538654652901016,
        "accuracy": 0.7784054289722107,
        "log_loss": 0.6834357805675666
    }
}