{
    "balanced_accuracy": 0.6797010101010101,
    "accuracy": 0.8221369161868202,
    "log_loss": 0.362387874027726,
    "roc_auc": 0.6797010101010101,
    "f1": 0.890706085862557,
    "precision": 0.8356447329595751,
    "recall": 0.9535353535353536,
    "inference_time": 0.1849524974822998,
    "training_time": 0,
    "dataset": "adult",
    "model": "mlp/simple_nd",
    "fold": "F2",
    "architecture_name": "A0",
    "fs_method": "random_5",
    "fs_percent": 0.6,
    "fs_n_features": 8
}