{
    "valid_loss": {
        "balanced_accuracy": 0.7851621709603187,
        "accuracy": 0.8503967238290249,
        "log_loss": 0.31915291499779674,
        "roc_auc": 0.7851621709603188,
        "f1": 0.9024614100959533,
        "precision": 0.8944756864042342,
        "recall": 0.9105910085873042
    }
}