{
    "balanced_accuracy": 0.7607313131313131,
    "accuracy": 0.8468330134357006,
    "log_loss": 0.3270818710140222,
    "roc_auc": 0.760731313131313,
    "f1": 0.9018932874354562,
    "precision": 0.8787733588883565,
    "recall": 0.9262626262626262,
    "training_time": 0.439288854598999,
    "inference_time": 0.006879329681396484,
    "dataset": "adult",
    "model": "xgboost",
    "fold": "F1",
    "architecture_name": "A3",
    "fs_method": "f_classif",
    "fs_percent": 0.7,
    "fs_n_features": 9
}