{
    "balanced_accuracy": 0.9500061445820148,
    "accuracy": 0.9510763209393346,
    "log_loss": 0.2739955435778349,
    "roc_auc": 0.9500061445820147,
    "f1": 0.9473684210526315,
    "precision": 0.9656652360515021,
    "recall": 0.9297520661157025,
    "inference_time": 0.05914163589477539,
    "training_time": 44.06292521953585
}