{
    "valid_loss": {
        "balanced_accuracy": 0.3328377001203584,
        "accuracy": 0.6183562059291834,
        "log_loss": 1.1066609154219067
    }
}