{
    "balanced_accuracy": 0.5145417306707629,
    "accuracy": 0.9104046242774566
}