{
    "balanced_accuracy": 0.9340388699516357,
    "accuracy": 0.9341463414634147,
    "log_loss": 0.17076473728517697,
    "roc_auc": 0.9340388699516355,
    "f1": 0.9370629370629371,
    "precision": 0.8993288590604027,
    "recall": 0.9781021897810219,
    "training_time": 0.20964264869689941,
    "inference_time": 0.0014019012451171875,
    "dataset": "sylvine",
    "model": "xgboost",
    "fold": "F2",
    "architecture_name": "A1",
    "fs_method": "none",
    "fs_percent": 1.0,
    "fs_n_features": 20
}