{
    "balanced_accuracy": 0.6221271834141415,
    "accuracy": 0.7104325699745547
}