{
    "valid_loss": {
        "balanced_accuracy": 0.32928277336673123,
        "accuracy": 0.6161194935173251,
        "log_loss": 1.1044727781623707
    }
}