{
    "valid_loss": {
        "balanced_accuracy": 0.9921502964760822,
        "accuracy": 0.9921722113502935,
        "log_loss": 0.013267631408754949,
        "roc_auc": 0.9921502964760822,
        "f1": 0.9917355371900827,
        "precision": 0.9917355371900827,
        "recall": 0.9917355371900827
    }
}