{
    "balanced_accuracy": 0.9958677685950413,
    "accuracy": 0.99609375,
    "log_loss": 0.017595675676825698,
    "roc_auc": 0.9958677685950413,
    "f1": 0.995850622406639,
    "precision": 1.0,
    "recall": 0.9917355371900827,
    "training_time": 0.10543584823608398,
    "inference_time": 0.0014047622680664062
}