{
    "valid_loss": {
        "balanced_accuracy": 0.9402167770183046,
        "accuracy": 0.9402439024390243,
        "log_loss": 0.18496251497207597,
        "roc_auc": 0.9402167770183048,
        "f1": 0.941034897713598,
        "precision": 0.930952380952381,
        "recall": 0.9513381995133819
    }
}