{
    "balanced_accuracy": 0.7250299548373222,
    "accuracy": 0.7318982387475538,
    "log_loss": 1.4008559170126014,
    "roc_auc": 0.7250299548373221,
    "f1": 0.6776470588235294,
    "precision": 0.7868852459016393,
    "recall": 0.5950413223140496,
    "inference_time": 0.009895563125610352,
    "training_time": 0,
    "dataset": "kr-vs-kp",
    "model": "mlp/simple_nd_nnw",
    "fold": "F4",
    "architecture_name": "A0",
    "fs_method": "random_3",
    "fs_percent": 0.6,
    "fs_n_features": 21
}