{
    "balanced_accuracy": 0.913483575248281,
    "accuracy": 0.9486652977412731
}