{
    "balanced_accuracy": 0.8507862161257946,
    "accuracy": 0.8545454545454545,
    "log_loss": 0.37126600135854254,
    "roc_auc": 0.8507862161257946,
    "f1": 0.8333333333333334,
    "precision": 0.851063829787234,
    "recall": 0.8163265306122449,
    "training_time": 0.021164894104003906,
    "inference_time": 0.0005373954772949219,
    "dataset": "australian",
    "model": "xgboost",
    "fold": "F4",
    "architecture_name": "A0",
    "fs_method": "random_3",
    "fs_percent": 0.6,
    "fs_n_features": 8
}