{
    "balanced_accuracy": 0.6166666666666667,
    "accuracy": 0.631578947368421
}