{
    "balanced_accuracy": 0.9836784540231651,
    "accuracy": 0.9843444227005871,
    "log_loss": 0.07546212433018624,
    "roc_auc": 0.983678454023165,
    "f1": 0.9832635983263598,
    "precision": 0.9957627118644068,
    "recall": 0.9710743801652892,
    "inference_time": 0.05490589141845703,
    "training_time": 44.06292521953585,
    "dataset": "kr-vs-kp",
    "model": "transformer/cls",
    "fold": "F1",
    "architecture_name": "A30",
    "fs_method": "linear_model",
    "fs_percent": 0.7,
    "fs_n_features": 25
}