{
    "balanced_accuracy": 0.8931435567799204,
    "accuracy": 0.89453125,
    "log_loss": 0.21087223619771386,
    "roc_auc": 0.8931435567799204,
    "f1": 0.8860759493670886,
    "precision": 0.9051724137931034,
    "recall": 0.8677685950413223,
    "training_time": 0.07626724243164062,
    "inference_time": 0.0009069442749023438,
    "dataset": "kr-vs-kp",
    "model": "xgboost",
    "fold": "F0",
    "architecture_name": "A3",
    "fs_method": "random_4",
    "fs_percent": 0.9,
    "fs_n_features": 32
}