{
    "balanced_accuracy": 0.7186453387214458,
    "accuracy": 0.8372152546711031,
    "log_loss": 0.3562389718522673,
    "roc_auc": 0.7186453387214458,
    "f1": 0.8983700862895494,
    "precision": 0.8547970199178957,
    "recall": 0.9466240107762249,
    "training_time": 0.19369912147521973,
    "inference_time": 0.003661632537841797,
    "dataset": "adult",
    "model": "xgboost",
    "fold": "F3",
    "architecture_name": "A0",
    "fs_method": "f_classif",
    "fs_percent": 0.4,
    "fs_n_features": 5
}