{
    "balanced_accuracy": 0.6964219746964131,
    "accuracy": 0.47702407002188185
}