{
    "balanced_accuracy": 0.8491494873090104,
    "accuracy": 0.8703300689154878,
    "log_loss": 0.38462630784754104,
    "roc_auc": 0.8491494873090104,
    "f1": 0.9081567116249197,
    "precision": 0.917705088265836,
    "recall": 0.8988049834731757,
    "inference_time": 0.10234642028808594,
    "training_time": 0,
    "dataset": "nomao",
    "model": "mlp/simple_nd_nnw",
    "fold": "F3",
    "architecture_name": "A0",
    "fs_method": "linear_model",
    "fs_percent": 0.4,
    "fs_n_features": 47
}