{
    "valid_loss": {
        "balanced_accuracy": 0.5892176099374746,
        "accuracy": 0.6733118971061093,
        "log_loss": 0.9396366892894543
    }
}