{
    "balanced_accuracy": 0.523784544183751,
    "accuracy": 0.1712253829321663
}