{
    "balanced_accuracy": 0.9488956587966488,
    "accuracy": 0.9482926829268292,
    "log_loss": 0.1883881185725564,
    "roc_auc": 0.9488956587966488,
    "f1": 0.949667616334283,
    "precision": 0.9124087591240876,
    "recall": 0.9900990099009901
}