{
    "balanced_accuracy": 0.9479400288795354,
    "accuracy": 0.949119373776908,
    "log_loss": 0.15809694521598758,
    "roc_auc": 0.9479400288795355,
    "f1": 0.9451476793248945,
    "precision": 0.9655172413793104,
    "recall": 0.9256198347107438,
    "inference_time": 0.009873390197753906,
    "training_time": 0,
    "dataset": "kr-vs-kp",
    "model": "mlp/simple_nd_nnw",
    "fold": "F4",
    "architecture_name": "A0",
    "fs_method": "f_classif",
    "fs_percent": 0.5,
    "fs_n_features": 18
}