{
    "balanced_accuracy": 0.8040889589352946,
    "accuracy": 0.805439330543933,
    "log_loss": 0.3907155942412198,
    "roc_auc": 0.8040889589352946,
    "f1": 0.8221797323135756,
    "precision": 0.7678571428571429,
    "recall": 0.8847736625514403,
    "inference_time": 0.5154299736022949,
    "training_time": 72.14371197873892
}