{
    "balanced_accuracy": 0.7349140259302913,
    "accuracy": 0.8367033529562324,
    "log_loss": 0.36353956360629636,
    "roc_auc": 0.7349140259302913,
    "f1": 0.8965125709651257,
    "precision": 0.8648098889062744,
    "recall": 0.9306280518605826,
    "training_time": 0.24210286140441895,
    "inference_time": 0.007685422897338867,
    "dataset": "adult",
    "model": "xgboost",
    "fold": "F4",
    "architecture_name": "A2",
    "fs_method": "f_classif",
    "fs_percent": 0.4,
    "fs_n_features": 5
}