{
    "valid_loss": {
        "balanced_accuracy": 0.7871953149730928,
        "accuracy": 0.790356394129979,
        "log_loss": 0.4323898026334113,
        "roc_auc": 0.7871953149730927,
        "f1": 0.8226950354609929,
        "precision": 0.7227414330218068,
        "recall": 0.9547325102880658
    }
}