{
    "balanced_accuracy": 0.9631401882866284,
    "accuracy": 0.970620239390642,
    "log_loss": 0.07735056221768374,
    "roc_auc": 0.9631401882866283,
    "f1": 0.9794311833417979,
    "precision": 0.9781891960436216,
    "recall": 0.9806763285024155,
    "training_time": 1.2040140628814697,
    "inference_time": 0.007451295852661133,
    "dataset": "nomao",
    "model": "xgboost",
    "fold": "F3",
    "architecture_name": "A1",
    "fs_method": "random_2",
    "fs_percent": 0.9,
    "fs_n_features": 106
}