{
    "balanced_accuracy": 0.9022008789111482,
    "accuracy": 0.9143997098295249,
    "log_loss": 0.2014819950144716,
    "roc_auc": 0.9022008789111482,
    "f1": 0.9394250513347022,
    "precision": 0.9481865284974094,
    "recall": 0.930824008138352,
    "inference_time": 0.1380140781402588,
    "training_time": 0,
    "dataset": "nomao",
    "model": "mlp/simple_nd_nn",
    "fold": "F4",
    "architecture_name": "A1",
    "fs_method": "decision_tree",
    "fs_percent": 0.7,
    "fs_n_features": 82
}