{
    "valid_loss": {
        "balanced_accuracy": 0.9401712556285524,
        "accuracy": 0.955930359085963,
        "log_loss": 0.1179636749665269,
        "roc_auc": 0.9401712556285524,
        "f1": 0.9693530079455165,
        "precision": 0.9617117117117117,
        "recall": 0.977116704805492
    }
}