{
    "balanced_accuracy": 0.9217296407614141,
    "accuracy": 0.9218559218559218,
    "log_loss": 0.206789131541566,
    "roc_auc": 0.9217296407614141,
    "f1": 0.9247058823529412,
    "precision": 0.8952164009111617,
    "recall": 0.9562043795620438,
    "inference_time": 0.020444154739379883,
    "training_time": 0,
    "dataset": "sylvine",
    "model": "mlp/simple",
    "fold": "F4",
    "architecture_name": "A0",
    "fs_method": "random_3",
    "fs_percent": 0.8,
    "fs_n_features": 16
}