{
    "balanced_accuracy": 0.6465487813204069,
    "accuracy": 0.8145363408521303
}