{
    "balanced_accuracy": 0.814026792750197,
    "accuracy": 0.8158995815899581,
    "log_loss": 0.4171826899067901,
    "roc_auc": 0.8140267927501971,
    "f1": 0.8364312267657993,
    "precision": 0.7627118644067796,
    "recall": 0.9259259259259259,
    "training_time": 0.13099288940429688,
    "inference_time": 0.0009813308715820312,
    "dataset": "jasmine",
    "model": "xgboost",
    "fold": "F1",
    "architecture_name": "A2",
    "fs_method": "random_3",
    "fs_percent": 0.9,
    "fs_n_features": 129
}