{
    "valid_loss": {
        "balanced_accuracy": 0.8157341738902022,
        "accuracy": 0.8179916317991632,
        "log_loss": 0.39769953077888676,
        "roc_auc": 0.8157341738902022,
        "f1": 0.8415300546448088,
        "precision": 0.7549019607843137,
        "recall": 0.9506172839506173
    }
}