{
    "balanced_accuracy": 0.965543103144656,
    "accuracy": 0.9718897352194414,
    "log_loss": 0.07937429319037935,
    "roc_auc": 0.9655431031446561,
    "f1": 0.9802974450235159,
    "precision": 0.9801728520589731,
    "recall": 0.9804220696669209,
    "training_time": 0.8071529865264893,
    "inference_time": 0.00844430923461914,
    "dataset": "nomao",
    "model": "xgboost",
    "fold": "F3",
    "architecture_name": "A1",
    "fs_method": "random_3",
    "fs_percent": 0.5,
    "fs_n_features": 59
}