{
    "balanced_accuracy": 0.7736536117191446,
    "accuracy": 0.8439979523931406,
    "log_loss": 0.3480483230932095,
    "roc_auc": 0.7736536117191447,
    "f1": 0.8985434873075322,
    "precision": 0.8884134298880842,
    "recall": 0.9089072234382892,
    "inference_time": 0.19074010848999023,
    "training_time": 0,
    "dataset": "adult",
    "model": "mlp/simple_nd",
    "fold": "F3",
    "architecture_name": "A0",
    "fs_method": "random_2",
    "fs_percent": 0.5,
    "fs_n_features": 7
}