{
    "valid_loss": {
        "balanced_accuracy": 0.3373258779537461,
        "accuracy": 0.6190241498275012,
        "log_loss": 1.1055578690113077
    }
}