{
    "balanced_accuracy": 0.6257470729437123,
    "accuracy": 0.6983723296032553
}