{
    "balanced_accuracy": 0.4390466834645264,
    "accuracy": 0.5403726708074534
}