{
    "valid_loss": {
        "balanced_accuracy": 0.9281263952493777,
        "accuracy": 0.9486854034451496,
        "log_loss": 0.12867986761074107,
        "roc_auc": 0.9281263952493777,
        "f1": 0.9644606304156725,
        "precision": 0.9528535980148883,
        "recall": 0.9763539282990084
    }
}