{
    "valid_loss": {
        "balanced_accuracy": 0.9472497347650952,
        "accuracy": 0.9590134203844759,
        "log_loss": 0.1097042849573454,
        "roc_auc": 0.9472497347650952,
        "f1": 0.9713706612617178,
        "precision": 0.9679373895480939,
        "recall": 0.9748283752860412
    }
}