{
    "valid_loss": {
        "balanced_accuracy": 0.7813390313390314,
        "accuracy": 0.7840670859538784,
        "log_loss": 0.4585697307416754,
        "roc_auc": 0.7813390313390314,
        "f1": 0.8137432188065099,
        "precision": 0.7258064516129032,
        "recall": 0.9259259259259259
    }
}