{
    "balanced_accuracy": 0.6750076522803796,
    "accuracy": 0.681640625,
    "log_loss": 0.5691074820868844,
    "roc_auc": 0.6750076522803796,
    "f1": 0.6218097447795824,
    "precision": 0.708994708994709,
    "recall": 0.5537190082644629,
    "training_time": 0.045108795166015625,
    "inference_time": 0.0006759166717529297,
    "dataset": "kr-vs-kp",
    "model": "xgboost",
    "fold": "F0",
    "architecture_name": "A1",
    "fs_method": "random_2",
    "fs_percent": 0.6,
    "fs_n_features": 21
}