{
    "balanced_accuracy": 0.8387096774193548,
    "accuracy": 0.855072463768116
}