{
    "balanced_accuracy": 0.6754066790144244,
    "accuracy": 0.8022779626311748,
    "log_loss": 0.4107740310508177,
    "roc_auc": 0.6754066790144244,
    "f1": 0.8760529482551144,
    "precision": 0.8366533864541833,
    "recall": 0.9193466913621822,
    "training_time": 0.16903948783874512,
    "inference_time": 0.003381967544555664,
    "dataset": "adult",
    "model": "xgboost",
    "fold": "F4",
    "architecture_name": "A1",
    "fs_method": "random_1",
    "fs_percent": 0.4,
    "fs_n_features": 5
}