{
    "valid_loss": {
        "balanced_accuracy": 0.5369157802635754,
        "accuracy": 0.7718466846115934,
        "log_loss": 0.6902252401811427
    }
}