{
    "valid_loss": {
        "balanced_accuracy": 0.5618564182040289,
        "accuracy": 0.7864806460173636,
        "log_loss": 0.665385097211301
    }
}