{
    "balanced_accuracy": 0.5162593956080125,
    "accuracy": 0.5942116370214049
}