{
    "valid_loss": {
        "balanced_accuracy": 0.560706194759027,
        "accuracy": 0.6589496248660236,
        "log_loss": 0.9825890424405141
    }
}