{
    "balanced_accuracy": 0.9845079725951642,
    "accuracy": 0.9843444227005871,
    "log_loss": 0.04505770746202738,
    "roc_auc": 0.9845079725951642,
    "f1": 0.9835390946502057,
    "precision": 0.9795081967213115,
    "recall": 0.987603305785124,
    "training_time": 0.07104325294494629,
    "inference_time": 0.0011029243469238281,
    "dataset": "kr-vs-kp",
    "model": "xgboost",
    "fold": "F4",
    "architecture_name": "A3",
    "fs_method": "linear_model",
    "fs_percent": 0.5,
    "fs_n_features": 18
}