{
    "balanced_accuracy": 0.580649009782868,
    "accuracy": 0.6683937823834197
}