{
    "balanced_accuracy": 0.758709945005991,
    "accuracy": 0.7632093933463796,
    "log_loss": 1.49789355032467,
    "roc_auc": 0.7587099450059909,
    "f1": 0.7293064876957495,
    "precision": 0.7951219512195122,
    "recall": 0.6735537190082644,
    "inference_time": 0.012394905090332031,
    "training_time": 0,
    "dataset": "kr-vs-kp",
    "model": "mlp/simple_nd_nn",
    "fold": "F3",
    "architecture_name": "A1",
    "fs_method": "random_1",
    "fs_percent": 0.4,
    "fs_n_features": 14
}