{
    "balanced_accuracy": 0.6735710437710438,
    "accuracy": 0.8108765195137556,
    "log_loss": 0.39824508518772084,
    "roc_auc": 0.6735710437710437,
    "f1": 0.8828471781864299,
    "precision": 0.8341821449970042,
    "recall": 0.9375420875420876,
    "training_time": 0.15612030029296875,
    "inference_time": 0.003428220748901367,
    "dataset": "adult",
    "model": "xgboost",
    "fold": "F0",
    "architecture_name": "A1",
    "fs_method": "decision_tree",
    "fs_percent": 0.4,
    "fs_n_features": 5
}