{
    "balanced_accuracy": 0.8263157894736842,
    "accuracy": 0.837037037037037
}