{
    "valid_loss": {
        "balanced_accuracy": 0.946880890591024,
        "accuracy": 0.960645629307218,
        "log_loss": 0.09598255046893563,
        "roc_auc": 0.946880890591024,
        "f1": 0.9725975501957318,
        "precision": 0.9661314601103863,
        "recall": 0.9791507754894483
    }
}