{
    "balanced_accuracy": 0.8079449961802903,
    "accuracy": 0.9014373716632443
}