{
    "balanced_accuracy": 0.6454128440366973,
    "accuracy": 0.841726618705036
}