{
    "balanced_accuracy": 0.6612639730639731,
    "accuracy": 0.800767754318618,
    "log_loss": 0.41991802313180515,
    "roc_auc": 0.6612639730639731,
    "f1": 0.8764187633939201,
    "precision": 0.8291034689893377,
    "recall": 0.9294612794612794,
    "training_time": 0.15169525146484375,
    "inference_time": 0.0030059814453125,
    "dataset": "adult",
    "model": "xgboost",
    "fold": "F2",
    "architecture_name": "A1",
    "fs_method": "random_1",
    "fs_percent": 0.4,
    "fs_n_features": 5
}