{
    "balanced_accuracy": 0.9243909183077821,
    "accuracy": 0.9256360078277887,
    "log_loss": 0.20658453799561743,
    "roc_auc": 0.9243909183077822,
    "f1": 0.919831223628692,
    "precision": 0.9396551724137931,
    "recall": 0.9008264462809917,
    "inference_time": 0.013077974319458008,
    "training_time": 0,
    "dataset": "kr-vs-kp",
    "model": "mlp/simple_nd_nn",
    "fold": "F2",
    "architecture_name": "A1",
    "fs_method": "random_1",
    "fs_percent": 0.6,
    "fs_n_features": 21
}