{
    "valid_loss": {
        "balanced_accuracy": 0.7757688050738059,
        "accuracy": 0.8619145124136166,
        "log_loss": 0.3032424202387491,
        "roc_auc": 0.775768805073806,
        "f1": 0.9119973900986869,
        "precision": 0.8843720341664031,
        "recall": 0.9414042768142785
    }
}