{
    "balanced_accuracy": 0.8445968551354968,
    "accuracy": 0.8454545454545455,
    "log_loss": 0.34973806258408635,
    "roc_auc": 0.8445968551354969,
    "f1": 0.8282828282828283,
    "precision": 0.82,
    "recall": 0.8367346938775511,
    "inference_time": 0.00267791748046875,
    "training_time": 0,
    "dataset": "australian",
    "model": "mlp/simple_nnw",
    "fold": "F2",
    "architecture_name": "A0",
    "fs_method": "random_2",
    "fs_percent": 0.6,
    "fs_n_features": 8
}