{
    "balanced_accuracy": 0.8785385121790652,
    "accuracy": 0.8738738738738738,
    "log_loss": 0.29145670513657984,
    "roc_auc": 0.8785385121790651,
    "f1": 0.8653846153846154,
    "precision": 0.8181818181818182,
    "recall": 0.9183673469387755,
    "inference_time": 0.0032455921173095703,
    "training_time": 0,
    "dataset": "australian",
    "model": "mlp/simple_nd_nnw",
    "fold": "F1",
    "architecture_name": "A1",
    "fs_method": "linear_model",
    "fs_percent": 0.7,
    "fs_n_features": 9
}