{
    "balanced_accuracy": 0.7562920805971824,
    "accuracy": 0.8361914512413616,
    "log_loss": 0.3467210605973707,
    "roc_auc": 0.7562920805971824,
    "f1": 0.8941098610191925,
    "precision": 0.8788420881444138,
    "recall": 0.9099174945276982,
    "inference_time": 0.5302493572235107,
    "training_time": 250.26539334006935
}