{
    "balanced_accuracy": 0.9579466982777461,
    "accuracy": 0.9664490388103011,
    "log_loss": 0.0909123457035508,
    "roc_auc": 0.9579466982777461,
    "f1": 0.9765139012314333,
    "precision": 0.9751521298174443,
    "recall": 0.9778794813119756,
    "training_time": 1.309518575668335,
    "inference_time": 0.0079498291015625,
    "dataset": "nomao",
    "model": "xgboost",
    "fold": "F2",
    "architecture_name": "A3",
    "fs_method": "f_classif",
    "fs_percent": 0.7,
    "fs_n_features": 82
}