{
    "balanced_accuracy": 0.4041237575605062,
    "accuracy": 0.5018633540372671
}