{
    "balanced_accuracy": 0.36210084033613443,
    "accuracy": 0.7555555555555555
}