{
    "balanced_accuracy": 0.8138173302107727,
    "accuracy": 0.8188405797101449,
    "log_loss": 1.1182153715927294,
    "roc_auc": 0.8138173302107728,
    "f1": 0.7899159663865546,
    "precision": 0.8103448275862069,
    "recall": 0.7704918032786885,
    "inference_time": 0.0042645931243896484,
    "training_time": 0,
    "dataset": "australian",
    "model": "mlp/simple",
    "architecture_name": "A1",
    "fs_method": "linear_model",
    "fs_percent": 0.7,
    "fs_n_features": 9
}