{
    "balanced_accuracy": 0.9234042553191489,
    "accuracy": 0.9328358208955224
}