{
    "balanced_accuracy": 0.7349081364829396,
    "accuracy": 0.7564766839378239
}