{
    "balanced_accuracy": 0.9236100533130236,
    "accuracy": 0.9229268292682927,
    "log_loss": 0.22003376123533447,
    "roc_auc": 0.9236100533130236,
    "f1": 0.9254013220018886,
    "precision": 0.8844765342960289,
    "recall": 0.9702970297029703,
    "inference_time": 0.02423238754272461,
    "training_time": 0,
    "dataset": "sylvine",
    "model": "mlp/simple_nd_nnw",
    "architecture_name": "A1",
    "fs_method": "f_classif",
    "fs_percent": 0.4,
    "fs_n_features": 8
}