{
    "balanced_accuracy": 0.7927350427350427,
    "accuracy": 0.7945492662473794,
    "log_loss": 0.44084651232308525,
    "roc_auc": 0.7927350427350426,
    "f1": 0.8150943396226416,
    "precision": 0.7526132404181185,
    "recall": 0.8888888888888888,
    "training_time": 0.06706476211547852,
    "inference_time": 0.0010809898376464844
}