{
    "balanced_accuracy": 0.5805369127516778,
    "accuracy": 0.5805369127516778
}