{
    "balanced_accuracy": 0.7529051987767584,
    "accuracy": 0.8776978417266187
}