{
    "valid_loss": {
        "balanced_accuracy": 0.33303270260196327,
        "accuracy": 0.6178254606111153,
        "log_loss": 1.097751619028618
    }
}