{
    "balanced_accuracy": 0.7618708452041785,
    "accuracy": 0.7651991614255765,
    "log_loss": 0.4637497179381377,
    "roc_auc": 0.7618708452041785,
    "f1": 0.8028169014084507,
    "precision": 0.7015384615384616,
    "recall": 0.9382716049382716,
    "inference_time": 0.08145785331726074,
    "training_time": 36.10277438163757,
    "dataset": "jasmine",
    "model": "transformer/cls",
    "fold": "F3",
    "architecture_name": "A12",
    "fs_method": "none",
    "fs_percent": 1.0,
    "fs_n_features": 144
}