{
    "valid_loss": {
        "balanced_accuracy": 0.8648377383740381,
        "accuracy": 0.8545454545454545,
        "log_loss": 0.31853115881356137,
        "roc_auc": 0.8648377383740381,
        "f1": 0.8545454545454545,
        "precision": 0.7704918032786885,
        "recall": 0.9591836734693877
    }
}