{
    "valid_loss": {
        "balanced_accuracy": 0.752929292929293,
        "accuracy": 0.8394113883557262,
        "log_loss": 0.3415947008520703,
        "roc_auc": 0.752929292929293,
        "f1": 0.8969199178644763,
        "precision": 0.8757016840417001,
        "recall": 0.9191919191919192
    }
}