{
    "balanced_accuracy": 0.9547227005747518,
    "accuracy": 0.9620964816829888,
    "log_loss": 0.09665373058710885,
    "roc_auc": 0.9547227005747518,
    "f1": 0.9733859671463135,
    "precision": 0.9747513389441469,
    "recall": 0.9720244150559512,
    "training_time": 0.6653695106506348,
    "inference_time": 0.007522106170654297
}