{
    "balanced_accuracy": 0.9545361561371184,
    "accuracy": 0.9653608995284729,
    "log_loss": 0.09612121283664239,
    "roc_auc": 0.9545361561371184,
    "f1": 0.9758197240156982,
    "precision": 0.9717599596570852,
    "recall": 0.9799135519959319,
    "inference_time": 0.6489818096160889,
    "training_time": 543.9340077506172
}