{
    "valid_loss": {
        "balanced_accuracy": 0.9368665025395346,
        "accuracy": 0.9563009972801451,
        "log_loss": 0.11625923805788192,
        "roc_auc": 0.9368665025395346,
        "f1": 0.9697578115196386,
        "precision": 0.9573835480673935,
        "recall": 0.9824561403508771
    }
}