{
  "dropout": 0.35125675318855853,
  "embedding_size": 256,
  "n_head": 8,
  "n_hid": 256,
  "n_layers": 3,
  "numerical_passthrough": false,
  "optimizer__lr": 0.0004537945183516309
}