{
    "balanced_accuracy": 0.9628932047075891,
    "accuracy": 0.9691693870148712,
    "log_loss": 0.08499155079074663,
    "roc_auc": 0.9628932047075891,
    "f1": 0.9783659964367524,
    "precision": 0.9791136016301579,
    "recall": 0.9776195320447609,
    "training_time": 0.9480276107788086,
    "inference_time": 0.009342670440673828,
    "dataset": "nomao",
    "model": "xgboost",
    "fold": "F4",
    "architecture_name": "A2",
    "fs_method": "random_4",
    "fs_percent": 0.5,
    "fs_n_features": 59
}