{
    "balanced_accuracy": 0.11224653010303927,
    "accuracy": 0.3674818241903503
}