{
    "balanced_accuracy": 0.8116393442622951,
    "accuracy": 0.8108108108108109,
    "log_loss": 0.4055210002464926,
    "roc_auc": 0.8116393442622951,
    "f1": 0.7961165048543689,
    "precision": 0.7735849056603774,
    "recall": 0.82,
    "training_time": 0.021874427795410156,
    "inference_time": 0.000576019287109375,
    "dataset": "australian",
    "model": "xgboost",
    "fold": "F0",
    "architecture_name": "A0",
    "fs_method": "decision_tree",
    "fs_percent": 0.7,
    "fs_n_features": 9
}