{
    "balanced_accuracy": 0.6862417508417509,
    "accuracy": 0.8243122200895714,
    "log_loss": 0.3516291074015327,
    "roc_auc": 0.6862417508417509,
    "f1": 0.8917107027368089,
    "precision": 0.8388484938418163,
    "recall": 0.9516835016835017,
    "inference_time": 0.14927411079406738,
    "training_time": 0,
    "dataset": "adult",
    "model": "mlp/simple_nnw",
    "fold": "F2",
    "architecture_name": "A0",
    "fs_method": "random_3",
    "fs_percent": 0.9,
    "fs_n_features": 12
}