{
    "balanced_accuracy": 0.810051659224236,
    "accuracy": 0.8117154811715481,
    "log_loss": 0.3917215964049279,
    "roc_auc": 0.810051659224236,
    "f1": 0.8308270676691729,
    "precision": 0.7647058823529411,
    "recall": 0.9094650205761317,
    "training_time": 0.06428718566894531,
    "inference_time": 0.0007319450378417969,
    "dataset": "jasmine",
    "model": "xgboost",
    "fold": "F1",
    "architecture_name": "A0",
    "fs_method": "random_5",
    "fs_percent": 0.8,
    "fs_n_features": 115
}