{
    "balanced_accuracy": 0.5836219565962867,
    "accuracy": 0.7268565615462869
}