{
    "balanced_accuracy": 0.8179432116439991,
    "accuracy": 0.8082901554404145
}