{
    "balanced_accuracy": 0.5648497899314152,
    "accuracy": 0.712468193384224
}