{
    "valid_loss": {
        "balanced_accuracy": 0.9426558159180007,
        "accuracy": 0.9426829268292682,
        "log_loss": 0.1744909656292203,
        "roc_auc": 0.9426558159180006,
        "f1": 0.9434416365824309,
        "precision": 0.9333333333333333,
        "recall": 0.9537712895377128
    }
}