{
    "balanced_accuracy": 0.9183922701158254,
    "accuracy": 0.9217221135029354,
    "log_loss": 0.14968184311831687,
    "roc_auc": 0.9183922701158254,
    "f1": 0.9118942731277533,
    "precision": 0.9764150943396226,
    "recall": 0.8553719008264463,
    "inference_time": 0.009998798370361328,
    "training_time": 0,
    "dataset": "kr-vs-kp",
    "model": "mlp/simple_nd_nnw",
    "fold": "F3",
    "architecture_name": "A0",
    "fs_method": "decision_tree",
    "fs_percent": 0.6,
    "fs_n_features": 21
}