{
    "valid_loss": {
        "balanced_accuracy": 0.7804915824915825,
        "accuracy": 0.8591170825335892,
        "log_loss": 0.3020256220985226,
        "roc_auc": 0.7804915824915825,
        "f1": 0.9095242008381954,
        "precision": 0.8884251083641034,
        "recall": 0.9316498316498316
    }
}