{
    "valid_loss": {
        "balanced_accuracy": 0.7621874010762899,
        "accuracy": 0.7651991614255765,
        "log_loss": 0.4677360742310995,
        "roc_auc": 0.76218740107629,
        "f1": 0.8,
        "precision": 0.7066246056782335,
        "recall": 0.9218106995884774
    }
}