{
    "balanced_accuracy": 0.5110481065987361,
    "accuracy": 0.6983723296032553
}