{
    "balanced_accuracy": 0.4013458621974574,
    "accuracy": 0.6215538847117794
}