{
    "balanced_accuracy": 0.5080246913580246,
    "accuracy": 0.12800875273522977
}