{
    "balanced_accuracy": 0.7107912624963717,
    "accuracy": 0.8119673617407072,
    "log_loss": 0.4755912001617219,
    "roc_auc": 0.7107912624963717,
    "f1": 0.8779281930547381,
    "precision": 0.817404647084612,
    "recall": 0.9481311975591151,
    "inference_time": 0.13288044929504395,
    "training_time": 0,
    "dataset": "nomao",
    "model": "mlp/simple_nd_nn",
    "fold": "F0",
    "architecture_name": "A1",
    "fs_method": "random_2",
    "fs_percent": 0.5,
    "fs_n_features": 59
}