{
    "valid_loss": {
        "balanced_accuracy": 0.7874127946127947,
        "accuracy": 0.8577095329494562,
        "log_loss": 0.30479191501688224,
        "roc_auc": 0.7874127946127947,
        "f1": 0.9078860172299537,
        "precision": 0.8936725375081539,
        "recall": 0.9225589225589226
    }
}