{
    "balanced_accuracy": 0.5884512581031676,
    "accuracy": 0.6046966731898239,
    "log_loss": 1.362867817517511,
    "roc_auc": 0.5884512581031675,
    "f1": 0.40236686390532544,
    "precision": 0.7083333333333334,
    "recall": 0.2809917355371901,
    "inference_time": 0.01232457160949707,
    "training_time": 0,
    "dataset": "kr-vs-kp",
    "model": "mlp/simple_nd_nn",
    "fold": "F3",
    "architecture_name": "A1",
    "fs_method": "random_3",
    "fs_percent": 0.5,
    "fs_n_features": 18
}