{
    "valid_loss": {
        "balanced_accuracy": 0.9981412639405205,
        "accuracy": 0.9980430528375733,
        "log_loss": 0.003702331462104771,
        "roc_auc": 0.9981412639405204,
        "f1": 0.9979381443298969,
        "precision": 0.9958847736625515,
        "recall": 1.0
    }
}