{
    "balanced_accuracy": 0.4756410256410256,
    "accuracy": 0.5072463768115942
}