{
    "balanced_accuracy": 0.5756029684601113,
    "accuracy": 0.8899082568807339
}