{
    "valid_loss": {
        "balanced_accuracy": 0.5563199738269494,
        "accuracy": 0.6522671240218673,
        "log_loss": 1.004042269479165
    }
}