{
    "valid_loss": {
        "balanced_accuracy": 0.7936055713833492,
        "accuracy": 0.7966457023060797,
        "log_loss": 0.4167905229279936,
        "roc_auc": 0.7936055713833492,
        "f1": 0.8270944741532977,
        "precision": 0.7295597484276729,
        "recall": 0.9547325102880658
    }
}