{
    "balanced_accuracy": 0.6956375838926174,
    "accuracy": 0.6956521739130435
}