{
    "valid_loss": {
        "balanced_accuracy": 0.5221083267222473,
        "accuracy": 0.7704526499355524,
        "log_loss": 0.6726654393335355
    }
}