{
    "balanced_accuracy": 0.7915479582146249,
    "accuracy": 0.7945492662473794,
    "log_loss": 0.431135051546249,
    "roc_auc": 0.791547958214625,
    "f1": 0.825,
    "precision": 0.7287066246056783,
    "recall": 0.9506172839506173,
    "inference_time": 0.12436079978942871,
    "training_time": 48.38714625285222,
    "dataset": "jasmine",
    "model": "transformer/cls",
    "fold": "F2",
    "architecture_name": "A22",
    "fs_method": "none",
    "fs_percent": 1.0,
    "fs_n_features": 144
}