{
    "balanced_accuracy": 0.51712506486767,
    "accuracy": 0.6148148148148148
}