{
    "balanced_accuracy": 0.6518574395240501,
    "accuracy": 0.7842334271819811,
    "log_loss": 0.46676665057679173,
    "roc_auc": 0.6518574395240501,
    "f1": 0.8646000642467073,
    "precision": 0.8265008444649163,
    "recall": 0.9063815457147668,
    "inference_time": 0.19220471382141113,
    "training_time": 0,
    "dataset": "adult",
    "model": "mlp/simple_nd",
    "fold": "F3",
    "architecture_name": "A0",
    "fs_method": "random_3",
    "fs_percent": 0.4,
    "fs_n_features": 5
}