{
    "balanced_accuracy": 0.7155212141694062,
    "accuracy": 0.7240704500978473,
    "log_loss": 1.9351566922720498,
    "roc_auc": 0.7155212141694061,
    "f1": 0.6552567237163814,
    "precision": 0.8023952095808383,
    "recall": 0.5537190082644629,
    "inference_time": 0.009809732437133789,
    "training_time": 0,
    "dataset": "kr-vs-kp",
    "model": "mlp/simple_nd_nnw",
    "fold": "F3",
    "architecture_name": "A0",
    "fs_method": "random_5",
    "fs_percent": 0.4,
    "fs_n_features": 14
}