{
    "balanced_accuracy": 0.5005383580080753,
    "accuracy": 0.24017199017199017
}