{
    "balanced_accuracy": 0.7033011272141707,
    "accuracy": 0.7235772357723578
}