{
    "valid_loss": {
        "balanced_accuracy": 0.8273531214429559,
        "accuracy": 0.8284518828451883,
        "log_loss": 0.39437516744826984,
        "roc_auc": 0.827353121442956,
        "f1": 0.8410852713178295,
        "precision": 0.7948717948717948,
        "recall": 0.8930041152263375
    }
}