{
    "balanced_accuracy": 0.5744807159109329,
    "accuracy": 0.6809160305343511
}