{
    "balanced_accuracy": 0.8538512179065174,
    "accuracy": 0.8558558558558559,
    "log_loss": 0.28740762713862106,
    "roc_auc": 0.8538512179065174,
    "f1": 0.8367346938775511,
    "precision": 0.8367346938775511,
    "recall": 0.8367346938775511,
    "inference_time": 0.002718687057495117,
    "training_time": 0,
    "dataset": "australian",
    "model": "mlp/simple_nd_nn",
    "fold": "F1",
    "architecture_name": "A0",
    "fs_method": "random_1",
    "fs_percent": 0.9,
    "fs_n_features": 12
}