{
    "balanced_accuracy": 0.539515497247453,
    "accuracy": 0.622851974675912
}