{
    "balanced_accuracy": 0.7618706752565021,
    "accuracy": 0.7823834196891192
}