{
    "valid_loss": {
        "balanced_accuracy": 0.7700659932659932,
        "accuracy": 0.8479846449136277,
        "log_loss": 0.32542791397808973,
        "roc_auc": 0.7700659932659932,
        "f1": 0.9019478375701552,
        "precision": 0.8847150259067358,
        "recall": 0.9198653198653198
    }
}