{
    "balanced_accuracy": 0.7415321304210194,
    "accuracy": 0.7421383647798742,
    "log_loss": 0.5484261875928181,
    "roc_auc": 0.7415321304210193,
    "f1": 0.7535070140280561,
    "precision": 0.734375,
    "recall": 0.7736625514403292,
    "inference_time": 0.011594533920288086,
    "training_time": 0,
    "dataset": "jasmine",
    "model": "mlp/simple_nd_nnw",
    "fold": "F3",
    "architecture_name": "A1",
    "fs_method": "random_3",
    "fs_percent": 0.6,
    "fs_n_features": 86
}