{
    "balanced_accuracy": 0.7884644766997708,
    "accuracy": 0.8706365503080082
}