{
    "balanced_accuracy": 0.942000520096821,
    "accuracy": 0.9561117156329344,
    "log_loss": 0.1257323773775671,
    "roc_auc": 0.9420005200968211,
    "f1": 0.9694135490394338,
    "precision": 0.9638100025131943,
    "recall": 0.9750826341215357,
    "inference_time": 0.6600916385650635,
    "training_time": 394.1068742458637,
    "dataset": "nomao",
    "model": "transformer/cls",
    "fold": "F2",
    "architecture_name": "A28",
    "fs_method": "random_5",
    "fs_percent": 0.7,
    "fs_n_features": 82
}