{
    "balanced_accuracy": 0.9958677685950413,
    "accuracy": 0.99609375,
    "log_loss": 0.008367022893524152,
    "roc_auc": 0.9958677685950413,
    "f1": 0.995850622406639,
    "precision": 1.0,
    "recall": 0.9917355371900827,
    "inference_time": 0.011964797973632812,
    "training_time": 0,
    "dataset": "kr-vs-kp",
    "model": "mlp/simple",
    "fold": "F0",
    "architecture_name": "A0",
    "fs_method": "decision_tree",
    "fs_percent": 0.9,
    "fs_n_features": 32
}