{
    "balanced_accuracy": 0.658203125,
    "accuracy": 0.658203125
}