{
    "balanced_accuracy": 0.7932890155112378,
    "accuracy": 0.7945492662473794,
    "log_loss": 0.44447980327442893,
    "roc_auc": 0.7932890155112376,
    "f1": 0.810077519379845,
    "precision": 0.7655677655677655,
    "recall": 0.8600823045267489,
    "inference_time": 0.011547088623046875,
    "training_time": 0,
    "dataset": "jasmine",
    "model": "mlp/simple_nnw",
    "fold": "F2",
    "architecture_name": "A1",
    "fs_method": "decision_tree",
    "fs_percent": 0.9,
    "fs_n_features": 129
}