{
    "valid_loss": {
        "balanced_accuracy": 0.7921365886512881,
        "accuracy": 0.8579472741233684,
        "log_loss": 0.30623254752229095,
        "roc_auc": 0.7921365886512881,
        "f1": 0.907669272999501,
        "precision": 0.8969258589511754,
        "recall": 0.9186731773025761
    }
}