{
    "valid_loss": {
        "balanced_accuracy": 0.5301137724261059,
        "accuracy": 0.768102206384108,
        "log_loss": 0.6859143466235696
    }
}