{
    "balanced_accuracy": 0.593421052631579,
    "accuracy": 0.6518518518518519
}