{
    "balanced_accuracy": 0.7339577650037841,
    "accuracy": 0.8432797625140751,
    "log_loss": 0.3365555069465301,
    "roc_auc": 0.7339577650037841,
    "f1": 0.9016888203942721,
    "precision": 0.8650813208477083,
    "recall": 0.9415314469625855,
    "inference_time": 0.22528290748596191,
    "training_time": 0,
    "dataset": "adult",
    "model": "mlp/simple_nd_nn",
    "architecture_name": "A1",
    "fs_method": "f_classif",
    "fs_percent": 0.8,
    "fs_n_features": 11
}