{
  "dropout": 0.32179972803894463,
  "embedding_size": 128,
  "n_head": 1,
  "n_hid": 128,
  "n_layers": 1,
  "numerical_passthrough": false,
  "optimizer__lr": 0.006706823505702727
}