{
    "balanced_accuracy": 0.6560032566284679,
    "accuracy": 0.6712328767123288,
    "log_loss": 1.3239298751197635,
    "roc_auc": 0.6560032566284679,
    "f1": 0.5144508670520231,
    "precision": 0.8557692307692307,
    "recall": 0.3677685950413223,
    "inference_time": 0.012454748153686523,
    "training_time": 0,
    "dataset": "kr-vs-kp",
    "model": "mlp/simple_nd_nn",
    "fold": "F1",
    "architecture_name": "A1",
    "fs_method": "random_5",
    "fs_percent": 0.9,
    "fs_n_features": 32
}