{
    "valid_loss": {
        "balanced_accuracy": 0.33664091648010286,
        "accuracy": 0.6190241498275012,
        "log_loss": 1.1018831544277163
    }
}