{
    "valid_loss": {
        "balanced_accuracy": 0.33501081342843914,
        "accuracy": 0.6209341117597998,
        "log_loss": 1.1076262906945131
    }
}