{
    "balanced_accuracy": 0.9170879120879121,
    "accuracy": 0.9172714078374455
}