{
    "balanced_accuracy": 0.49605263157894736,
    "accuracy": 0.6370370370370371
}