{
    "balanced_accuracy": 0.6002048131080389,
    "accuracy": 0.9075144508670521
}