{
    "balanced_accuracy": 0.6394546449416343,
    "accuracy": 0.6393762183235867
}