{
    "valid_loss": {
        "balanced_accuracy": 0.9401691860153838,
        "accuracy": 0.9402439024390243,
        "log_loss": 0.17884088450928168,
        "roc_auc": 0.9401691860153838,
        "f1": 0.9421487603305785,
        "precision": 0.9151376146788991,
        "recall": 0.9708029197080292
    }
}