{
    "balanced_accuracy": 0.7112298195631529,
    "accuracy": 0.5475929978118161
}