{
    "balanced_accuracy": 0.7793576446972231,
    "accuracy": 0.7909090909090909,
    "log_loss": 0.36765478104918575,
    "roc_auc": 0.7793576446972232,
    "f1": 0.7415730337078652,
    "precision": 0.825,
    "recall": 0.673469387755102,
    "training_time": 0.03403306007385254,
    "inference_time": 0.0005521774291992188,
    "dataset": "australian",
    "model": "xgboost",
    "fold": "F2",
    "architecture_name": "A3",
    "fs_method": "decision_tree",
    "fs_percent": 0.6,
    "fs_n_features": 8
}