{
  "dropout": 0.09737004683638345,
  "embedding_size": 32,
  "n_head": 16,
  "n_hid": 1024,
  "n_layers": 2,
  "numerical_passthrough": true,
  "optimizer__lr": 0.0006978162728944505
}