{
    "balanced_accuracy": 0.9562044916894528,
    "accuracy": 0.9569471624266145,
    "log_loss": 0.112981126220223,
    "roc_auc": 0.9562044916894529,
    "f1": 0.9539748953974896,
    "precision": 0.9661016949152542,
    "recall": 0.9421487603305785,
    "inference_time": 0.012261629104614258,
    "training_time": 0,
    "dataset": "kr-vs-kp",
    "model": "mlp/simple_nnw",
    "fold": "F4",
    "architecture_name": "A1",
    "fs_method": "f_classif",
    "fs_percent": 0.9,
    "fs_n_features": 32
}