{
    "balanced_accuracy": 0.6721616214155468,
    "accuracy": 0.8916849015317286
}