{
    "valid_loss": {
        "balanced_accuracy": 0.7888329966329966,
        "accuracy": 0.8518234165067179,
        "log_loss": 0.3249628650645511,
        "roc_auc": 0.7888329966329966,
        "f1": 0.9032419786096256,
        "precision": 0.8966489714664897,
        "recall": 0.9099326599326599
    }
}