{
    "balanced_accuracy": 0.8092495062541145,
    "accuracy": 0.8108108108108109,
    "log_loss": 0.44809964454409246,
    "roc_auc": 0.8092495062541145,
    "f1": 0.7878787878787878,
    "precision": 0.78,
    "recall": 0.7959183673469388,
    "training_time": 0.03802847862243652,
    "inference_time": 0.0007107257843017578,
    "dataset": "australian",
    "model": "xgboost",
    "fold": "F1",
    "architecture_name": "A0",
    "fs_method": "f_classif",
    "fs_percent": 0.7,
    "fs_n_features": 9
}