{
    "balanced_accuracy": 0.6110739377718301,
    "accuracy": 0.5909090909090909,
    "log_loss": 0.6324673226185655,
    "roc_auc": 0.6110739377718301,
    "f1": 0.6341463414634146,
    "precision": 0.527027027027027,
    "recall": 0.7959183673469388,
    "inference_time": 0.0031921863555908203,
    "training_time": 0,
    "dataset": "australian",
    "model": "mlp/simple_nd_nnw",
    "fold": "F4",
    "architecture_name": "A1",
    "fs_method": "random_2",
    "fs_percent": 0.4,
    "fs_n_features": 5
}