{
    "valid_loss": {
        "balanced_accuracy": 0.940175134890749,
        "accuracy": 0.9402439024390243,
        "log_loss": 0.16118593111366322,
        "roc_auc": 0.940175134890749,
        "f1": 0.9420118343195266,
        "precision": 0.9170506912442397,
        "recall": 0.9683698296836983
    }
}