{
    "balanced_accuracy": 0.7572807850585628,
    "accuracy": 0.7589098532494759,
    "log_loss": 0.45305982691876656,
    "roc_auc": 0.7572807850585629,
    "f1": 0.780952380952381,
    "precision": 0.7269503546099291,
    "recall": 0.8436213991769548,
    "inference_time": 0.01060628890991211,
    "training_time": 0,
    "dataset": "jasmine",
    "model": "mlp/simple_nd_nn",
    "fold": "F2",
    "architecture_name": "A0",
    "fs_method": "random_2",
    "fs_percent": 0.9,
    "fs_n_features": 129
}