{
    "balanced_accuracy": 0.402765210345978,
    "accuracy": 0.5775401069518716
}