{
    "balanced_accuracy": 0.7799141931529638,
    "accuracy": 0.7824267782426778,
    "log_loss": 0.4623784936035775,
    "roc_auc": 0.7799141931529638,
    "f1": 0.8129496402877698,
    "precision": 0.7220447284345048,
    "recall": 0.9300411522633745,
    "inference_time": 0.01079869270324707,
    "training_time": 0,
    "dataset": "jasmine",
    "model": "mlp/simple_nd_nn",
    "fold": "F1",
    "architecture_name": "A0",
    "fs_method": "random_2",
    "fs_percent": 0.7,
    "fs_n_features": 100
}