{
    "balanced_accuracy": 0.7399474747474748,
    "accuracy": 0.8316058861164427,
    "log_loss": 0.35475122358357125,
    "roc_auc": 0.7399474747474748,
    "f1": 0.8921311475409837,
    "precision": 0.8693290734824282,
    "recall": 0.9161616161616162,
    "training_time": 114.77931523323059,
    "inference_time": 0.2177596092224121,
    "dataset": "adult",
    "model": "mlp/full",
    "fold": "F2",
    "architecture_name": "A1",
    "fs_method": "decision_tree",
    "fs_percent": 0.6,
    "fs_n_features": 8
}