{
    "balanced_accuracy": 0.6058883768561187,
    "accuracy": 0.9046242774566474
}