{
    "balanced_accuracy": 0.4051380117716869,
    "accuracy": 0.5475904647573315
}