{
    "balanced_accuracy": 0.16343309601232564,
    "accuracy": 0.4354341119435875
}