{
    "valid_loss": {
        "balanced_accuracy": 0.5743107407317833,
        "accuracy": 0.6617363344051447,
        "log_loss": 0.9935986479774273
    }
}