{
    "balanced_accuracy": 0.7021574383832867,
    "accuracy": 0.8245614035087719
}