{
    "balanced_accuracy": 0.7496983164983165,
    "accuracy": 0.8450415866922585,
    "log_loss": 0.3306079443456872,
    "roc_auc": 0.7496983164983165,
    "f1": 0.9015046766978446,
    "precision": 0.8720692368214005,
    "recall": 0.932996632996633,
    "inference_time": 0.14671874046325684,
    "training_time": 0,
    "dataset": "adult",
    "model": "mlp/simple_nd_nnw",
    "fold": "F2",
    "architecture_name": "A0",
    "fs_method": "f_classif",
    "fs_percent": 0.9,
    "fs_n_features": 12
}