{
    "balanced_accuracy": 0.8201739712278353,
    "accuracy": 0.8272727272727273,
    "log_loss": 0.3676995363356209,
    "roc_auc": 0.8201739712278354,
    "f1": 0.7956989247311828,
    "precision": 0.8409090909090909,
    "recall": 0.7551020408163265,
    "training_time": 0.024739980697631836,
    "inference_time": 0.0005350112915039062,
    "dataset": "australian",
    "model": "xgboost",
    "fold": "F4",
    "architecture_name": "A0",
    "fs_method": "random_5",
    "fs_percent": 0.8,
    "fs_n_features": 11
}