{
    "valid_loss": {
        "balanced_accuracy": 0.9296625557738132,
        "accuracy": 0.9524932003626473,
        "log_loss": 0.11982814863709376,
        "roc_auc": 0.9296625557738132,
        "f1": 0.9672336168084043,
        "precision": 0.9517597834112724,
        "recall": 0.9832189168573608
    }
}