{
    "balanced_accuracy": 0.9075703237830371,
    "accuracy": 0.9252946509519492,
    "log_loss": 0.18593334164409514,
    "roc_auc": 0.9075703237830371,
    "f1": 0.9477024625539477,
    "precision": 0.9462610899873257,
    "recall": 0.9491482329010933,
    "inference_time": 0.12792396545410156,
    "training_time": 0,
    "dataset": "nomao",
    "model": "mlp/simple_nd_nn",
    "fold": "F0",
    "architecture_name": "A1",
    "fs_method": "decision_tree",
    "fs_percent": 0.9,
    "fs_n_features": 106
}