{
    "balanced_accuracy": 0.6497256024815079,
    "accuracy": 0.7305699481865285
}