{
    "balanced_accuracy": 0.7984330484330484,
    "accuracy": 0.80083857442348,
    "log_loss": 0.4411461559055525,
    "roc_auc": 0.7984330484330485,
    "f1": 0.8256880733944955,
    "precision": 0.7450331125827815,
    "recall": 0.9259259259259259,
    "training_time": 0.05997776985168457,
    "inference_time": 0.0008132457733154297
}