{
    "balanced_accuracy": 0.5487455197132616,
    "accuracy": 0.8005780346820809
}