{
    "balanced_accuracy": 0.4585739627698747,
    "accuracy": 0.5896894784443775
}