{
    "balanced_accuracy": 0.7651875399898973,
    "accuracy": 0.8519324289736371,
    "log_loss": 0.3250168628984014,
    "roc_auc": 0.7651875399898973,
    "f1": 0.9053733540525067,
    "precision": 0.8802480916030534,
    "recall": 0.9319750799797946,
    "training_time": 0.22537016868591309,
    "inference_time": 0.0035560131072998047,
    "dataset": "adult",
    "model": "xgboost",
    "fold": "F4",
    "architecture_name": "A0",
    "fs_method": "random_1",
    "fs_percent": 0.6,
    "fs_n_features": 8
}