{
    "balanced_accuracy": 0.45294117647058824,
    "accuracy": 0.32222222222222224
}