{
    "balanced_accuracy": 0.930371388289044,
    "accuracy": 0.9304878048780488,
    "log_loss": 0.17612483025386388,
    "roc_auc": 0.9303713882890439,
    "f1": 0.9337979094076655,
    "precision": 0.8933333333333333,
    "recall": 0.9781021897810219,
    "training_time": 0.25670480728149414,
    "inference_time": 0.001201629638671875
}