{
    "balanced_accuracy": 0.826797385620915,
    "accuracy": 0.834375
}