{
    "balanced_accuracy": 0.9624105195244094,
    "accuracy": 0.9608610567514677,
    "log_loss": 0.24284162292043807,
    "roc_auc": 0.9624105195244093,
    "f1": 0.96,
    "precision": 0.9302325581395349,
    "recall": 0.9917355371900827,
    "inference_time": 0.012437105178833008,
    "training_time": 0,
    "dataset": "kr-vs-kp",
    "model": "mlp/simple",
    "fold": "F3",
    "architecture_name": "A0",
    "fs_method": "f_classif",
    "fs_percent": 0.5,
    "fs_n_features": 18
}