{
    "balanced_accuracy": 0.13262307281594643,
    "accuracy": 0.32718670386995025
}