{
    "balanced_accuracy": 0.8375726966636058,
    "accuracy": 0.841796875,
    "log_loss": 0.27427750831182185,
    "roc_auc": 0.8375726966636058,
    "f1": 0.8195991091314031,
    "precision": 0.8888888888888888,
    "recall": 0.7603305785123967,
    "training_time": 0.06376433372497559,
    "inference_time": 0.0008642673492431641,
    "dataset": "kr-vs-kp",
    "model": "xgboost",
    "fold": "F0",
    "architecture_name": "A0",
    "fs_method": "random_4",
    "fs_percent": 0.6,
    "fs_n_features": 21
}