{
    "balanced_accuracy": 0.87128182637933,
    "accuracy": 0.892999637286906,
    "log_loss": 0.2481788270249962,
    "roc_auc": 0.8712818263793299,
    "f1": 0.9247832738398776,
    "precision": 0.9273843006903605,
    "recall": 0.9221967963386728,
    "inference_time": 0.1339249610900879,
    "training_time": 0,
    "dataset": "nomao",
    "model": "mlp/simple_nd_nn",
    "fold": "F2",
    "architecture_name": "A1",
    "fs_method": "random_2",
    "fs_percent": 0.5,
    "fs_n_features": 59
}