{
    "balanced_accuracy": 0.9637789713951573,
    "accuracy": 0.9720710917664128,
    "log_loss": 0.08081585987610497,
    "roc_auc": 0.9637789713951573,
    "f1": 0.9804766734279919,
    "precision": 0.9777496839443742,
    "recall": 0.9832189168573608,
    "training_time": 1.4504663944244385,
    "inference_time": 0.008277177810668945,
    "dataset": "nomao",
    "model": "xgboost",
    "fold": "F3",
    "architecture_name": "A3",
    "fs_method": "random_2",
    "fs_percent": 0.7,
    "fs_n_features": 82
}