{
    "balanced_accuracy": 0.7884538720538721,
    "accuracy": 0.8520793346129238,
    "log_loss": 0.31798141392602314,
    "roc_auc": 0.7884538720538721,
    "f1": 0.9034736138944556,
    "precision": 0.8962889330682571,
    "recall": 0.9107744107744108,
    "training_time": 122.1017701625824,
    "inference_time": 0.20099449157714844,
    "dataset": "adult",
    "model": "mlp/full",
    "fold": "F0",
    "architecture_name": "A1",
    "fs_method": "f_classif",
    "fs_percent": 0.9,
    "fs_n_features": 12
}