{
    "balanced_accuracy": 0.5353298836656355,
    "accuracy": 0.3597964376590331
}