{
    "balanced_accuracy": 0.5488051008154812,
    "accuracy": 0.7706797706797707
}