{
    "balanced_accuracy": 0.9944237918215613,
    "accuracy": 0.9941291585127201,
    "log_loss": 0.022741578938024507,
    "roc_auc": 0.9944237918215613,
    "f1": 0.9938398357289527,
    "precision": 0.9877551020408163,
    "recall": 1.0,
    "training_time": 0.07828640937805176,
    "inference_time": 0.0011780261993408203,
    "dataset": "kr-vs-kp",
    "model": "xgboost",
    "fold": "F3",
    "architecture_name": "A3",
    "fs_method": "decision_tree",
    "fs_percent": 0.7,
    "fs_n_features": 25
}