{
    "balanced_accuracy": 0.8488866679754192,
    "accuracy": 0.848780487804878,
    "log_loss": 0.33546058933218276,
    "roc_auc": 0.8488866679754192,
    "f1": 0.8422391857506362,
    "precision": 0.8826666666666667,
    "recall": 0.805352798053528,
    "inference_time": 0.10419368743896484,
    "training_time": 48.70678048663669,
    "dataset": "sylvine",
    "model": "transformer/cls",
    "fold": "F2",
    "architecture_name": "A26",
    "fs_method": "random_3",
    "fs_percent": 0.4,
    "fs_n_features": 8
}