{
    "balanced_accuracy": 0.566554229372081,
    "accuracy": 0.674074074074074
}