{
    "balanced_accuracy": 0.09090909090909091,
    "accuracy": 0.3314783450278248
}