{
    "balanced_accuracy": 0.680354267310789,
    "accuracy": 0.6910569105691057
}