{
    "balanced_accuracy": 0.7373293275512752,
    "accuracy": 0.8255666364460562,
    "log_loss": 0.5296038593410691,
    "roc_auc": 0.7373293275512753,
    "f1": 0.8853396901072705,
    "precision": 0.833295938972403,
    "recall": 0.9443173150266971,
    "inference_time": 0.10431122779846191,
    "training_time": 0,
    "dataset": "nomao",
    "model": "mlp/simple_nd_nnw",
    "fold": "F1",
    "architecture_name": "A0",
    "fs_method": "random_3",
    "fs_percent": 0.6,
    "fs_n_features": 70
}