{
    "valid_loss": {
        "balanced_accuracy": 0.7881446458278609,
        "accuracy": 0.7907949790794979,
        "log_loss": 0.42420598240594837,
        "roc_auc": 0.7881446458278609,
        "f1": 0.8214285714285714,
        "precision": 0.7255520504731862,
        "recall": 0.9465020576131687
    }
}