{
    "balanced_accuracy": 0.9902915604166027,
    "accuracy": 0.9902152641878669,
    "log_loss": 0.025239383572772403,
    "roc_auc": 0.9902915604166027,
    "f1": 0.9896907216494846,
    "precision": 0.9876543209876543,
    "recall": 0.9917355371900827,
    "inference_time": 0.011362552642822266,
    "training_time": 0,
    "dataset": "kr-vs-kp",
    "model": "mlp/simple",
    "fold": "F2",
    "architecture_name": "A0",
    "fs_method": "linear_model",
    "fs_percent": 0.9,
    "fs_n_features": 32
}