{
    "balanced_accuracy": 0.6282894736842105,
    "accuracy": 0.7111111111111111
}