{
    "balanced_accuracy": 0.8940686286571418,
    "accuracy": 0.9198404062386653,
    "log_loss": 0.2034667365532376,
    "roc_auc": 0.8940686286571419,
    "f1": 0.9444025157232704,
    "precision": 0.9345282549166044,
    "recall": 0.9544876684464785,
    "inference_time": 0.12289285659790039,
    "training_time": 0,
    "dataset": "nomao",
    "model": "mlp/simple_nnw",
    "fold": "F2",
    "architecture_name": "A1",
    "fs_method": "random_5",
    "fs_percent": 0.7,
    "fs_n_features": 82
}