{
    "balanced_accuracy": 0.9690016103059582,
    "accuracy": 0.967479674796748
}