{
    "balanced_accuracy": 0.76497156239545,
    "accuracy": 0.7727272727272727,
    "log_loss": 0.4839882368080495,
    "roc_auc": 0.7649715623954499,
    "f1": 0.7311827956989247,
    "precision": 0.7727272727272727,
    "recall": 0.6938775510204082,
    "training_time": 0.02444744110107422,
    "inference_time": 0.00048279762268066406,
    "dataset": "australian",
    "model": "xgboost",
    "fold": "F4",
    "architecture_name": "A3",
    "fs_method": "decision_tree",
    "fs_percent": 0.7,
    "fs_n_features": 9
}