{
    "balanced_accuracy": 0.9756213708562476,
    "accuracy": 0.9765166340508806,
    "log_loss": 0.1617856462109515,
    "roc_auc": 0.9756213708562474,
    "f1": 0.9747899159663865,
    "precision": 0.9914529914529915,
    "recall": 0.9586776859504132,
    "inference_time": 0.06169891357421875,
    "training_time": 93.5032592941733,
    "dataset": "kr-vs-kp",
    "model": "transformer/cls",
    "fold": "F2",
    "architecture_name": "A30",
    "fs_method": "linear_model",
    "fs_percent": 0.6,
    "fs_n_features": 21
}