{
    "valid_loss": {
        "balanced_accuracy": 0.789806900918012,
        "accuracy": 0.7924528301886793,
        "log_loss": 0.4423568503016733,
        "roc_auc": 0.789806900918012,
        "f1": 0.8203266787658802,
        "precision": 0.7337662337662337,
        "recall": 0.9300411522633745
    }
}