{
    "balanced_accuracy": 0.7666177797833935,
    "accuracy": 0.7604690117252931,
    "log_loss": 0.8402103843526043,
    "roc_auc": 0.7666177797833935,
    "f1": 0.767479674796748,
    "precision": 0.6982248520710059,
    "recall": 0.851985559566787,
    "inference_time": 0.01244044303894043,
    "training_time": 0,
    "dataset": "jasmine",
    "model": "mlp/simple",
    "architecture_name": "A0",
    "fs_method": "decision_tree",
    "fs_percent": 0.5,
    "fs_n_features": 72
}