{
    "balanced_accuracy": 0.9449600228440891,
    "accuracy": 0.9451219512195121,
    "log_loss": 0.15727486166630908,
    "roc_auc": 0.9449600228440891,
    "f1": 0.9471210340775558,
    "precision": 0.9179954441913439,
    "recall": 0.9781553398058253,
    "inference_time": 0.11814498901367188,
    "training_time": 62.57865013182163,
    "dataset": "sylvine",
    "model": "transformer/cls",
    "fold": "F1",
    "architecture_name": "A15",
    "fs_method": "none",
    "fs_percent": 1.0,
    "fs_n_features": 20
}