{
    "balanced_accuracy": 0.8075737676210489,
    "accuracy": 0.8096234309623431,
    "log_loss": 0.40492760611905604,
    "roc_auc": 0.8075737676210489,
    "f1": 0.8324125230202578,
    "precision": 0.7533333333333333,
    "recall": 0.9300411522633745,
    "inference_time": 0.07859396934509277,
    "training_time": 72.14371197873892,
    "dataset": "jasmine",
    "model": "transformer/cls",
    "fold": "F0",
    "architecture_name": "A18",
    "fs_method": "linear_model",
    "fs_percent": 0.6,
    "fs_n_features": 86
}