{
    "balanced_accuracy": 0.7715311444126396,
    "accuracy": 0.856027642692603,
    "log_loss": 0.31566880209201464,
    "roc_auc": 0.7715311444126396,
    "f1": 0.9079302725263934,
    "precision": 0.8832802547770701,
    "recall": 0.9339956221586125,
    "inference_time": 0.18200016021728516,
    "training_time": 0,
    "dataset": "adult",
    "model": "mlp/simple",
    "fold": "F4",
    "architecture_name": "A0",
    "fs_method": "f_classif",
    "fs_percent": 0.8,
    "fs_n_features": 11
}