{
    "valid_loss": {
        "balanced_accuracy": 0.7883595959595959,
        "accuracy": 0.8422264875239923,
        "log_loss": 0.335722487350496,
        "roc_auc": 0.7883595959595959,
        "f1": 0.8957646462084707,
        "precision": 0.8996434029546613,
        "recall": 0.8919191919191919
    }
}