{
    "balanced_accuracy": 0.6517857142857143,
    "accuracy": 0.6666666666666666
}