{
    "balanced_accuracy": 0.9830639958216842,
    "accuracy": 0.9823874755381604,
    "log_loss": 0.055801913649122646,
    "roc_auc": 0.9830639958216844,
    "f1": 0.9816700610997964,
    "precision": 0.9678714859437751,
    "recall": 0.9958677685950413,
    "training_time": 12.632832527160645,
    "inference_time": 0.010464906692504883,
    "dataset": "kr-vs-kp",
    "model": "mlp/full",
    "fold": "F2",
    "architecture_name": "A0",
    "fs_method": "linear_model",
    "fs_percent": 0.5,
    "fs_n_features": 18
}