{
    "balanced_accuracy": 0.780615379888783,
    "accuracy": 0.7827788649706457,
    "log_loss": 0.4448527495971022,
    "roc_auc": 0.7806153798887829,
    "f1": 0.7633262260127932,
    "precision": 0.788546255506608,
    "recall": 0.7396694214876033,
    "training_time": 0.1305534839630127,
    "inference_time": 0.0016851425170898438,
    "dataset": "kr-vs-kp",
    "model": "xgboost",
    "fold": "F2",
    "architecture_name": "A2",
    "fs_method": "random_4",
    "fs_percent": 0.5,
    "fs_n_features": 18
}