{
    "balanced_accuracy": 0.9824418568926849,
    "accuracy": 0.9823874755381604,
    "log_loss": 0.04479774539112892,
    "roc_auc": 0.9824418568926849,
    "f1": 0.9814432989690721,
    "precision": 0.9794238683127572,
    "recall": 0.9834710743801653,
    "training_time": 0.08270883560180664,
    "inference_time": 0.001016378402709961,
    "dataset": "kr-vs-kp",
    "model": "xgboost",
    "fold": "F1",
    "architecture_name": "A2",
    "fs_method": "linear_model",
    "fs_percent": 0.6,
    "fs_n_features": 21
}