{
    "balanced_accuracy": 0.5758168688806049,
    "accuracy": 0.658124811576726
}