{
    "balanced_accuracy": 0.8050369848538218,
    "accuracy": 0.809375
}