{
    "balanced_accuracy": 0.588842090234152,
    "accuracy": 0.5890243902439024,
    "log_loss": 0.6606669977861986,
    "roc_auc": 0.588842090234152,
    "f1": 0.6049237983587339,
    "precision": 0.5850340136054422,
    "recall": 0.6262135922330098,
    "training_time": 0.1701507568359375,
    "inference_time": 0.0007765293121337891,
    "dataset": "sylvine",
    "model": "xgboost",
    "fold": "F1",
    "architecture_name": "A3",
    "fs_method": "random_5",
    "fs_percent": 0.4,
    "fs_n_features": 8
}