{
    "balanced_accuracy": 0.7451996841155235,
    "accuracy": 0.7403685092127303,
    "log_loss": 0.5643995290641546,
    "roc_auc": 0.7451996841155234,
    "f1": 0.743801652892562,
    "precision": 0.6859756097560976,
    "recall": 0.8122743682310469,
    "inference_time": 0.012090444564819336,
    "training_time": 0,
    "dataset": "jasmine",
    "model": "mlp/simple_nd_nn",
    "architecture_name": "A0",
    "fs_method": "random_1",
    "fs_percent": 0.8,
    "fs_n_features": 115
}