{
    "balanced_accuracy": 0.929178638778339,
    "accuracy": 0.9292682926829269,
    "log_loss": 0.1862558457333245,
    "roc_auc": 0.929178638778339,
    "f1": 0.931924882629108,
    "precision": 0.9002267573696145,
    "recall": 0.9659367396593674,
    "training_time": 0.06865143775939941,
    "inference_time": 0.0008177757263183594,
    "dataset": "sylvine",
    "model": "xgboost",
    "fold": "F3",
    "architecture_name": "A0",
    "fs_method": "linear_model",
    "fs_percent": 0.6,
    "fs_n_features": 12
}