{
    "balanced_accuracy": 0.6953830712612914,
    "accuracy": 0.7,
    "log_loss": 0.5730102283085043,
    "roc_auc": 0.6953830712612913,
    "f1": 0.6597938144329897,
    "precision": 0.6666666666666666,
    "recall": 0.6530612244897959,
    "inference_time": 0.0032460689544677734,
    "training_time": 0,
    "dataset": "australian",
    "model": "mlp/simple_nd_nnw",
    "fold": "F4",
    "architecture_name": "A1",
    "fs_method": "linear_model",
    "fs_percent": 0.6,
    "fs_n_features": 8
}