{
    "balanced_accuracy": 0.49834437086092714,
    "accuracy": 0.7543859649122807
}