{
    "balanced_accuracy": 0.5518042937389978,
    "accuracy": 0.7244062244062244
}