{
    "balanced_accuracy": 0.7826361126975061,
    "accuracy": 0.7829268292682927,
    "log_loss": 0.4533848839821136,
    "roc_auc": 0.7826361126975062,
    "f1": 0.7958715596330275,
    "precision": 0.7543478260869565,
    "recall": 0.8422330097087378,
    "training_time": 0.11237072944641113,
    "inference_time": 0.0010805130004882812,
    "dataset": "sylvine",
    "model": "xgboost",
    "fold": "F1",
    "architecture_name": "A0",
    "fs_method": "random_1",
    "fs_percent": 0.7,
    "fs_n_features": 14
}