{
    "balanced_accuracy": 0.9617806998678915,
    "accuracy": 0.9628180039138943,
    "log_loss": 0.09060686655508501,
    "roc_auc": 0.9617806998678915,
    "f1": 0.96,
    "precision": 0.9785407725321889,
    "recall": 0.9421487603305785,
    "training_time": 0.07131099700927734,
    "inference_time": 0.00086212158203125,
    "dataset": "kr-vs-kp",
    "model": "xgboost",
    "fold": "F1",
    "architecture_name": "A2",
    "fs_method": "random_4",
    "fs_percent": 0.9,
    "fs_n_features": 32
}