{
    "balanced_accuracy": 0.6170122916315879,
    "accuracy": 0.8089326849244945,
    "log_loss": 0.39562773035394133,
    "roc_auc": 0.6170122916315879,
    "f1": 0.8869367663763725,
    "precision": 0.805945499587118,
    "recall": 0.9860245832631757,
    "inference_time": 0.1696619987487793,
    "training_time": 0,
    "dataset": "adult",
    "model": "mlp/simple_nd",
    "fold": "F3",
    "architecture_name": "A0",
    "fs_method": "f_classif",
    "fs_percent": 0.5,
    "fs_n_features": 7
}