{
    "balanced_accuracy": 0.6527266644362664,
    "accuracy": 0.6727272727272727,
    "log_loss": 0.5841351654902317,
    "roc_auc": 0.6527266644362664,
    "f1": 0.5609756097560976,
    "precision": 0.696969696969697,
    "recall": 0.46938775510204084,
    "inference_time": 0.00315093994140625,
    "training_time": 0,
    "dataset": "australian",
    "model": "mlp/simple_nd",
    "fold": "F4",
    "architecture_name": "A0",
    "fs_method": "random_1",
    "fs_percent": 0.9,
    "fs_n_features": 12
}