{
    "balanced_accuracy": 0.818288950107132,
    "accuracy": 0.814453125,
    "log_loss": 0.41911190488044847,
    "roc_auc": 0.818288950107132,
    "f1": 0.819047619047619,
    "precision": 0.7597173144876325,
    "recall": 0.8884297520661157,
    "inference_time": 0.009893178939819336,
    "training_time": 0,
    "dataset": "kr-vs-kp",
    "model": "mlp/simple_nd_nnw",
    "fold": "F0",
    "architecture_name": "A0",
    "fs_method": "random_3",
    "fs_percent": 0.8,
    "fs_n_features": 28
}