{
    "balanced_accuracy": 0.35900649881948643,
    "accuracy": 0.5893129770992367
}