{
    "valid_loss": {
        "balanced_accuracy": 0.3317843394493354,
        "accuracy": 0.6173326256729093,
        "log_loss": 1.109814886088585
    }
}