{
    "balanced_accuracy": 0.5257623727554236,
    "accuracy": 0.6374045801526718
}