{
    "balanced_accuracy": 0.7473156764495348,
    "accuracy": 0.7823834196891192
}