{
    "balanced_accuracy": 0.7744018005212034,
    "accuracy": 0.7875647668393783
}