{
    "balanced_accuracy": 0.9704599219638084,
    "accuracy": 0.9706457925636007,
    "log_loss": 0.0748823326699495,
    "roc_auc": 0.9704599219638085,
    "f1": 0.968944099378882,
    "precision": 0.970954356846473,
    "recall": 0.9669421487603306,
    "training_time": 0.06894922256469727,
    "inference_time": 0.0009157657623291016,
    "dataset": "kr-vs-kp",
    "model": "xgboost",
    "fold": "F2",
    "architecture_name": "A3",
    "fs_method": "f_classif",
    "fs_percent": 0.5,
    "fs_n_features": 18
}