{
  "dropout": 0.012900428175878486,
  "embedding_size": 32,
  "n_head": 4,
  "n_hid": 1024,
  "n_layers": 2,
  "numerical_passthrough": false,
  "optimizer__lr": 0.07079061736208656
}