{
    "balanced_accuracy": 0.7973849245102992,
    "accuracy": 0.8637061684156642,
    "log_loss": 0.29091703108835193,
    "roc_auc": 0.7973849245102991,
    "f1": 0.9116255912372417,
    "precision": 0.8987238219895288,
    "recall": 0.9249031823539317,
    "inference_time": 0.5515263080596924,
    "training_time": 197.59201630679044,
    "dataset": "adult",
    "model": "transformer/cls",
    "fold": "F4",
    "architecture_name": "A28",
    "fs_method": "none",
    "fs_percent": 1.0,
    "fs_n_features": 14
}