{
    "valid_loss": {
        "balanced_accuracy": 0.3354022242023924,
        "accuracy": 0.6170906471547182,
        "log_loss": 1.106177349426029
    }
}