{
    "balanced_accuracy": 0.7095959595959597,
    "accuracy": 0.8157894736842105
}