{
    "balanced_accuracy": 0.9281629533779998,
    "accuracy": 0.9506710192237939,
    "log_loss": 0.12647357480118485,
    "roc_auc": 0.9281629533779999,
    "f1": 0.9659489233850777,
    "precision": 0.9514180024660912,
    "recall": 0.9809305873379099,
    "inference_time": 0.12006330490112305,
    "training_time": 0,
    "dataset": "nomao",
    "model": "mlp/simple",
    "fold": "F3",
    "architecture_name": "A0",
    "fs_method": "linear_model",
    "fs_percent": 0.9,
    "fs_n_features": 106
}