{
    "valid_loss": {
        "balanced_accuracy": 0.8286402241484985,
        "accuracy": 0.8305439330543933,
        "log_loss": 0.38834649089900863,
        "roc_auc": 0.8286402241484984,
        "f1": 0.849721706864564,
        "precision": 0.7736486486486487,
        "recall": 0.9423868312757202
    }
}