{
    "balanced_accuracy": 0.8204097714736013,
    "accuracy": 0.8221757322175732,
    "log_loss": 0.3996649500225731,
    "roc_auc": 0.8204097714736013,
    "f1": 0.8411214953271028,
    "precision": 0.7705479452054794,
    "recall": 0.9259259259259259,
    "training_time": 0.06271719932556152,
    "inference_time": 0.0007493495941162109,
    "dataset": "jasmine",
    "model": "xgboost",
    "fold": "F0",
    "architecture_name": "A1",
    "fs_method": "random_4",
    "fs_percent": 0.4,
    "fs_n_features": 57
}