{
    "valid_loss": {
        "balanced_accuracy": 0.9107965766951942,
        "accuracy": 0.9099099099099099,
        "log_loss": 0.290563658955327,
        "roc_auc": 0.9107965766951941,
        "f1": 0.9,
        "precision": 0.8823529411764706,
        "recall": 0.9183673469387755
    }
}