{
    "balanced_accuracy": 0.8096313807897733,
    "accuracy": 0.8117154811715481,
    "log_loss": 0.3926897060637592,
    "roc_auc": 0.8096313807897733,
    "f1": 0.8345588235294118,
    "precision": 0.7541528239202658,
    "recall": 0.934156378600823,
    "training_time": 0.06210064888000488,
    "inference_time": 0.0007002353668212891,
    "dataset": "jasmine",
    "model": "xgboost",
    "fold": "F0",
    "architecture_name": "A0",
    "fs_method": "random_3",
    "fs_percent": 0.7,
    "fs_n_features": 100
}