{
    "balanced_accuracy": 0.8332470627301227,
    "accuracy": 0.834375,
    "log_loss": 2.002094296488182,
    "roc_auc": 0.8332470627301228,
    "f1": 0.8100358422939068,
    "precision": 0.9377593360995851,
    "recall": 0.7129337539432177,
    "inference_time": 0.014038324356079102,
    "training_time": 0,
    "dataset": "kr-vs-kp",
    "model": "mlp/simple_nd",
    "architecture_name": "A0",
    "fs_method": "random_5",
    "fs_percent": 0.6,
    "fs_n_features": 21
}