{
    "balanced_accuracy": 0.9339187131163145,
    "accuracy": 0.9341463414634147,
    "log_loss": 0.17211642387493517,
    "roc_auc": 0.9339187131163145,
    "f1": 0.9373549883990719,
    "precision": 0.8977777777777778,
    "recall": 0.9805825242718447,
    "inference_time": 0.07350730895996094,
    "training_time": 34.230231285095215
}