{
    "balanced_accuracy": 0.7687669978110794,
    "accuracy": 0.851548502687484,
    "log_loss": 0.3197728511743987,
    "roc_auc": 0.7687669978110792,
    "f1": 0.9047775406337218,
    "precision": 0.8827486785199423,
    "recall": 0.9279339956221586,
    "inference_time": 0.14763855934143066,
    "training_time": 0,
    "dataset": "adult",
    "model": "mlp/simple_nnw",
    "fold": "F4",
    "architecture_name": "A0",
    "fs_method": "random_3",
    "fs_percent": 0.9,
    "fs_n_features": 12
}