{
    "balanced_accuracy": 0.29479134377048793,
    "accuracy": 0.42857142857142855
}