{
    "balanced_accuracy": 0.612079510703364,
    "accuracy": 0.8273381294964028
}