{
    "balanced_accuracy": 0.7062960992310714,
    "accuracy": 0.8245456872280522,
    "log_loss": 0.3937941917848948,
    "roc_auc": 0.7062960992310714,
    "f1": 0.8899767273894551,
    "precision": 0.850199325360319,
    "recall": 0.9336588651288096,
    "inference_time": 0.5057995319366455,
    "training_time": 250.26539334006935
}