{
    "balanced_accuracy": 0.6975577116092339,
    "accuracy": 0.7090909090909091,
    "log_loss": 0.552615886975661,
    "roc_auc": 0.6975577116092339,
    "f1": 0.6444444444444445,
    "precision": 0.7073170731707317,
    "recall": 0.5918367346938775,
    "inference_time": 0.004692554473876953,
    "training_time": 0,
    "dataset": "australian",
    "model": "mlp/simple",
    "fold": "F4",
    "architecture_name": "A1",
    "fs_method": "linear_model",
    "fs_percent": 0.6,
    "fs_n_features": 8
}