{
    "balanced_accuracy": 0.9954128440366973,
    "accuracy": 0.9928057553956835
}