{
    "balanced_accuracy": 0.7813446483695348,
    "accuracy": 0.8484770923982595,
    "log_loss": 0.33564412487993167,
    "roc_auc": 0.7813446483695348,
    "f1": 0.9013168861476912,
    "precision": 0.892391483743192,
    "recall": 0.9104226300724028,
    "inference_time": 0.9306142330169678,
    "training_time": 332.10831046104425,
    "dataset": "adult",
    "model": "transformer/cls",
    "fold": "F3",
    "architecture_name": "A22",
    "fs_method": "f_classif",
    "fs_percent": 0.7,
    "fs_n_features": 9
}