{
    "balanced_accuracy": 0.75076015041814,
    "accuracy": 0.8422062963910929,
    "log_loss": 0.352698350819973,
    "roc_auc": 0.7507601504181399,
    "f1": 0.8992564752022224,
    "precision": 0.8734920634920635,
    "recall": 0.9265869675029467,
    "inference_time": 0.16933369636535645,
    "training_time": 0,
    "dataset": "adult",
    "model": "mlp/simple",
    "fold": "F3",
    "architecture_name": "A0",
    "fs_method": "random_1",
    "fs_percent": 0.7,
    "fs_n_features": 9
}