{
    "valid_loss": {
        "balanced_accuracy": 0.3314017786286544,
        "accuracy": 0.6166881492152552,
        "log_loss": 1.1068578077658449
    }
}