{
    "valid_loss": {
        "balanced_accuracy": 0.7882686868686869,
        "accuracy": 0.8587332053742802,
        "log_loss": 0.30291940002503953,
        "roc_auc": 0.7882686868686869,
        "f1": 0.9085941381023348,
        "precision": 0.8939393939393939,
        "recall": 0.9237373737373737
    }
}