{
    "balanced_accuracy": 0.4009377026838763,
    "accuracy": 0.5740458015267176
}