{
  "dropout": 0.2911973556185041,
  "embedding_size": 1024,
  "n_head": 4,
  "n_hid": 64,
  "n_layers": 2,
  "numerical_passthrough": false,
  "optimizer__lr": 0.0009054588397220583
}