{
    "balanced_accuracy": 0.96219936132971,
    "accuracy": 0.9689880304678999,
    "log_loss": 0.0822478460529015,
    "roc_auc": 0.96219936132971,
    "f1": 0.9782525753529188,
    "precision": 0.9783770033070466,
    "recall": 0.9781281790437436,
    "training_time": 0.7538721561431885,
    "inference_time": 0.007605552673339844
}