{
    "balanced_accuracy": 0.8298360655737704,
    "accuracy": 0.8288288288288288,
    "log_loss": 0.3519659372724661,
    "roc_auc": 0.8298360655737704,
    "f1": 0.8155339805825242,
    "precision": 0.7924528301886793,
    "recall": 0.84,
    "inference_time": 0.003032207489013672,
    "training_time": 0,
    "dataset": "australian",
    "model": "mlp/simple_nd",
    "fold": "F0",
    "architecture_name": "A0",
    "fs_method": "random_1",
    "fs_percent": 0.9,
    "fs_n_features": 12
}