{
    "balanced_accuracy": 0.5459579772079772,
    "accuracy": 0.2286652078774617
}