{
  "dropout": 0.49214663832191213,
  "embedding_size": 512,
  "n_head": 32,
  "n_hid": 32,
  "n_layers": 2,
  "optimizer__lr": 0.010610280041612505
}