{
    "balanced_accuracy": 0.9594659792511282,
    "accuracy": 0.9675371780921291,
    "log_loss": 0.08465572994779616,
    "roc_auc": 0.9594659792511282,
    "f1": 0.9772698412698413,
    "precision": 0.976154236428209,
    "recall": 0.9783879989829647,
    "training_time": 0.9842371940612793,
    "inference_time": 0.008614063262939453,
    "dataset": "nomao",
    "model": "xgboost",
    "fold": "F2",
    "architecture_name": "A1",
    "fs_method": "linear_model",
    "fs_percent": 0.6,
    "fs_n_features": 70
}