{
    "balanced_accuracy": 0.7192989898989899,
    "accuracy": 0.8287907869481765,
    "log_loss": 0.36518301043339263,
    "roc_auc": 0.7192989898989899,
    "f1": 0.8919573643410853,
    "precision": 0.8570763500931099,
    "recall": 0.9297979797979798,
    "inference_time": 0.18422651290893555,
    "training_time": 0,
    "dataset": "adult",
    "model": "mlp/simple_nd_nn",
    "fold": "F1",
    "architecture_name": "A1",
    "fs_method": "decision_tree",
    "fs_percent": 0.6,
    "fs_n_features": 8
}