{
    "balanced_accuracy": 0.7833727344365642,
    "accuracy": 0.7845188284518828,
    "log_loss": 0.42869668292155705,
    "roc_auc": 0.7833727344365642,
    "f1": 0.8007736943907157,
    "precision": 0.7554744525547445,
    "recall": 0.8518518518518519,
    "training_time": 0.09423661231994629,
    "inference_time": 0.0008304119110107422,
    "dataset": "jasmine",
    "model": "xgboost",
    "fold": "F1",
    "architecture_name": "A3",
    "fs_method": "random_3",
    "fs_percent": 0.6,
    "fs_n_features": 86
}