{
    "balanced_accuracy": 0.8418264600297698,
    "accuracy": 0.8430962343096234,
    "log_loss": 0.38689839868757625,
    "roc_auc": 0.8418264600297697,
    "f1": 0.8560460652591171,
    "precision": 0.802158273381295,
    "recall": 0.9176954732510288,
    "training_time": 0.12051177024841309,
    "inference_time": 0.0009059906005859375,
    "dataset": "jasmine",
    "model": "xgboost",
    "fold": "F0",
    "architecture_name": "A3",
    "fs_method": "linear_model",
    "fs_percent": 0.9,
    "fs_n_features": 129
}