{
    "balanced_accuracy": 0.9139089870525514,
    "accuracy": 0.9131707317073171,
    "log_loss": 0.3832733275813683,
    "roc_auc": 0.9139089870525514,
    "f1": 0.916274694261524,
    "precision": 0.8727598566308243,
    "recall": 0.9643564356435643,
    "inference_time": 0.13024401664733887,
    "training_time": 0,
    "dataset": "sylvine",
    "model": "transformer/cls",
    "architecture_name": "A26",
    "fs_method": "random_1",
    "fs_percent": 0.5,
    "fs_n_features": 10
}