{
    "balanced_accuracy": 0.9663276905588498,
    "accuracy": 0.9667318982387475,
    "log_loss": 0.0773996249088852,
    "roc_auc": 0.9663276905588497,
    "f1": 0.9646569646569647,
    "precision": 0.9707112970711297,
    "recall": 0.9586776859504132,
    "training_time": 0.07189774513244629,
    "inference_time": 0.0009653568267822266,
    "dataset": "kr-vs-kp",
    "model": "xgboost",
    "fold": "F2",
    "architecture_name": "A3",
    "fs_method": "f_classif",
    "fs_percent": 0.4,
    "fs_n_features": 14
}