{
    "balanced_accuracy": 0.835225075699439,
    "accuracy": 0.8353658536585366,
    "log_loss": 0.3570683531934258,
    "roc_auc": 0.835225075699439,
    "f1": 0.8446490218642118,
    "precision": 0.8013100436681223,
    "recall": 0.8929440389294404,
    "training_time": 0.23476696014404297,
    "inference_time": 0.0017917156219482422,
    "dataset": "sylvine",
    "model": "xgboost",
    "fold": "F3",
    "architecture_name": "A1",
    "fs_method": "random_3",
    "fs_percent": 0.7,
    "fs_n_features": 14
}