{
    "balanced_accuracy": 0.9412238325281803,
    "accuracy": 0.943089430894309
}