{
    "valid_loss": {
        "balanced_accuracy": 0.7887872053872054,
        "accuracy": 0.8609085092770313,
        "log_loss": 0.30087026216108553,
        "roc_auc": 0.7887872053872055,
        "f1": 0.9102023957042544,
        "precision": 0.8935928629359287,
        "recall": 0.9274410774410774
    }
}