{
    "balanced_accuracy": 0.9351770753998476,
    "accuracy": 0.9346341463414635,
    "log_loss": 0.3586346766427463,
    "roc_auc": 0.9351770753998476,
    "f1": 0.9361296472831268,
    "precision": 0.9025735294117647,
    "recall": 0.9722772277227723,
    "inference_time": 0.02788686752319336,
    "training_time": 0,
    "dataset": "sylvine",
    "model": "mlp/simple",
    "architecture_name": "A0",
    "fs_method": "random_1",
    "fs_percent": 0.8,
    "fs_n_features": 16
}