{
    "valid_loss": {
        "balanced_accuracy": 0.557693063094436,
        "accuracy": 0.7812191978163621,
        "log_loss": 0.6833325984997836
    }
}