{
    "balanced_accuracy": 0.6738248189930964,
    "accuracy": 0.7846173534681341,
    "log_loss": 0.520430618231796,
    "roc_auc": 0.6738248189930964,
    "f1": 0.8622411393959237,
    "precision": 0.8389614526919401,
    "recall": 0.886849637986193,
    "inference_time": 0.5006027221679688,
    "training_time": 250.26539334006935
}