{
    "valid_loss": {
        "balanced_accuracy": 0.7770320480440029,
        "accuracy": 0.862170463271052,
        "log_loss": 0.3001228968060523,
        "roc_auc": 0.7770320480440028,
        "f1": 0.91208880907681,
        "precision": 0.8851394169835235,
        "recall": 0.9407307627546725
    }
}