{
    "valid_loss": {
        "balanced_accuracy": 0.33193619133911584,
        "accuracy": 0.6167115289835842,
        "log_loss": 1.1080656815886643
    }
}