{
    "balanced_accuracy": 0.9646840148698885,
    "accuracy": 0.9628180039138943,
    "log_loss": 0.09916594417039505,
    "roc_auc": 0.9646840148698885,
    "f1": 0.9622266401590457,
    "precision": 0.9272030651340997,
    "recall": 1.0,
    "training_time": 0.08190226554870605,
    "inference_time": 0.0010933876037597656
}