{
    "balanced_accuracy": 0.7976205646292867,
    "accuracy": 0.8759918095725621,
    "log_loss": 0.2786550739129385,
    "roc_auc": 0.7976205646292867,
    "f1": 0.9207880323714542,
    "precision": 0.8948204639339054,
    "recall": 0.94830779592524,
    "training_time": 0.25506162643432617,
    "inference_time": 0.003865480422973633,
    "dataset": "adult",
    "model": "xgboost",
    "fold": "F3",
    "architecture_name": "A0",
    "fs_method": "random_2",
    "fs_percent": 0.9,
    "fs_n_features": 12
}