{
    "valid_loss": {
        "balanced_accuracy": 0.7788909090909091,
        "accuracy": 0.8600127959053103,
        "log_loss": 0.30278318590845466,
        "roc_auc": 0.7788909090909091,
        "f1": 0.910327868852459,
        "precision": 0.8870607028753994,
        "recall": 0.9348484848484848
    }
}