{
    "balanced_accuracy": 0.5217641552916753,
    "accuracy": 0.5751552795031056
}