{
    "valid_loss": {
        "balanced_accuracy": 0.9419163208778648,
        "accuracy": 0.9581142339075249,
        "log_loss": 0.11139785749674955,
        "roc_auc": 0.9419163208778648,
        "f1": 0.9709031364151657,
        "precision": 0.9620569146280579,
        "recall": 0.9799135519959319
    }
}