{
    "valid_loss": {
        "balanced_accuracy": 0.803598634095088,
        "accuracy": 0.805439330543933,
        "log_loss": 0.40199326501865534,
        "roc_auc": 0.803598634095088,
        "f1": 0.8268156424581006,
        "precision": 0.7551020408163265,
        "recall": 0.9135802469135802
    }
}