{
    "valid_loss": {
        "balanced_accuracy": 0.5471796637322887,
        "accuracy": 0.7780347259079536,
        "log_loss": 0.6565895861389369
    }
}