{
    "valid_loss": {
        "balanced_accuracy": 0.7654606060606061,
        "accuracy": 0.8504158669225848,
        "log_loss": 0.31996202826036746,
        "roc_auc": 0.7654606060606061,
        "f1": 0.9042038842907482,
        "precision": 0.8808877534727766,
        "recall": 0.9287878787878788
    }
}