{
    "valid_loss": {
        "balanced_accuracy": 0.8227475702653007,
        "accuracy": 0.8242677824267782,
        "log_loss": 0.4115345338577383,
        "roc_auc": 0.8227475702653007,
        "f1": 0.8409090909090909,
        "precision": 0.7789473684210526,
        "recall": 0.9135802469135802
    }
}