{
    "balanced_accuracy": 0.6129621964679912,
    "accuracy": 0.7738693467336684
}