{
  "dropout": 0.3773331465241914,
  "embedding_size": 32,
  "n_head": 16,
  "n_hid": 1024,
  "n_layers": 4,
  "numerical_passthrough": false,
  "optimizer__lr": 0.08840110612433248
}