{
    "balanced_accuracy": 0.7856916745805635,
    "accuracy": 0.7882599580712788,
    "log_loss": 0.45166703033269673,
    "roc_auc": 0.7856916745805635,
    "f1": 0.8160291438979964,
    "precision": 0.7320261437908496,
    "recall": 0.9218106995884774,
    "training_time": 5.100312232971191,
    "inference_time": 0.010179996490478516,
    "dataset": "jasmine",
    "model": "mlp/full",
    "fold": "F3",
    "architecture_name": "A0",
    "fs_method": "decision_tree",
    "fs_percent": 0.4,
    "fs_n_features": 57
}