{
    "balanced_accuracy": 0.42980080476692367,
    "accuracy": 0.5192546583850932
}