{
    "balanced_accuracy": 0.52710027100271,
    "accuracy": 0.5379310344827586
}