{
  "dropout": 0.1822523134328721,
  "embedding_size": 512,
  "n_head": 1,
  "n_hid": 64,
  "n_layers": 3,
  "numerical_passthrough": false,
  "optimizer__lr": 0.0025603810722341935
}