{
    "valid_loss": {
        "balanced_accuracy": 0.7944491582491583,
        "accuracy": 0.8492642354446577,
        "log_loss": 0.32195943619268735,
        "roc_auc": 0.7944491582491583,
        "f1": 0.9007414897202561,
        "precision": 0.9016531713900134,
        "recall": 0.8998316498316499
    }
}