{
    "balanced_accuracy": 0.8164346379476404,
    "accuracy": 0.8179916317991632,
    "log_loss": 0.4023614514089713,
    "roc_auc": 0.8164346379476403,
    "f1": 0.8355387523629489,
    "precision": 0.7727272727272727,
    "recall": 0.9094650205761317,
    "training_time": 5.864718914031982,
    "inference_time": 0.010249853134155273,
    "dataset": "jasmine",
    "model": "mlp/full",
    "fold": "F0",
    "architecture_name": "A0",
    "fs_method": "linear_model",
    "fs_percent": 0.6,
    "fs_n_features": 86
}