{
    "balanced_accuracy": 0.6732846628679963,
    "accuracy": 0.8851203501094091
}