{
    "balanced_accuracy": 0.04710144927536232,
    "accuracy": 0.14606741573033707
}