{
    "balanced_accuracy": 0.84375,
    "accuracy": 0.7619047619047619
}