{
    "balanced_accuracy": 0.6768317163307139,
    "accuracy": 0.7514052583862194,
    "log_loss": 0.7297984525744684,
    "roc_auc": 0.6768317163307139,
    "f1": 0.8301325734109776,
    "precision": 0.8095698405026583,
    "recall": 0.851767098906687,
    "inference_time": 0.13090872764587402,
    "training_time": 0,
    "dataset": "nomao",
    "model": "mlp/simple_nd_nn",
    "fold": "F1",
    "architecture_name": "A1",
    "fs_method": "f_classif",
    "fs_percent": 0.5,
    "fs_n_features": 59
}