{
    "valid_loss": {
        "balanced_accuracy": 0.7900794612794613,
        "accuracy": 0.8589891234804863,
        "log_loss": 0.30293176590229576,
        "roc_auc": 0.7900794612794613,
        "f1": 0.908638700049743,
        "precision": 0.8951323097027115,
        "recall": 0.9225589225589226
    }
}