{
    "balanced_accuracy": 0.7361050505050506,
    "accuracy": 0.8218809980806142,
    "log_loss": 0.3782739691739067,
    "roc_auc": 0.7361050505050504,
    "f1": 0.8849206349206349,
    "precision": 0.8693957115009746,
    "recall": 0.901010101010101,
    "inference_time": 0.1474931240081787,
    "training_time": 0,
    "dataset": "adult",
    "model": "mlp/simple_nnw",
    "fold": "F1",
    "architecture_name": "A0",
    "fs_method": "random_2",
    "fs_percent": 0.6,
    "fs_n_features": 8
}