{
    "balanced_accuracy": 0.7724842117079194,
    "accuracy": 0.8619145124136166,
    "log_loss": 0.3049403810942941,
    "roc_auc": 0.7724842117079194,
    "f1": 0.9122550215499715,
    "precision": 0.882195659012268,
    "recall": 0.9444350900825055,
    "inference_time": 0.5181722640991211,
    "training_time": 250.26539334006935
}