{
    "balanced_accuracy": 0.3474239656203365,
    "accuracy": 0.4906832298136646
}