{
    "valid_loss": {
        "balanced_accuracy": 0.5459819731061917,
        "accuracy": 0.7772006975509894,
        "log_loss": 0.6706213004689657
    }
}