{
    "balanced_accuracy": 0.8379532260174613,
    "accuracy": 0.872348141432457,
    "log_loss": 0.3213589378239532,
    "roc_auc": 0.8379532260174614,
    "f1": 0.9112232030264817,
    "precision": 0.9039279459594696,
    "recall": 0.9186371726417493,
    "inference_time": 0.12699675559997559,
    "training_time": 0,
    "dataset": "nomao",
    "model": "mlp/simple_nnw",
    "fold": "F1",
    "architecture_name": "A1",
    "fs_method": "linear_model",
    "fs_percent": 0.7,
    "fs_n_features": 82
}