{
    "balanced_accuracy": 0.6521739130434783,
    "accuracy": 0.651685393258427
}