{
    "balanced_accuracy": 0.7792022792022792,
    "accuracy": 0.7819706498951782,
    "log_loss": 0.4415485059867062,
    "roc_auc": 0.7792022792022792,
    "f1": 0.8122743682310469,
    "precision": 0.7234726688102894,
    "recall": 0.9259259259259259,
    "inference_time": 0.012666463851928711,
    "training_time": 0,
    "dataset": "jasmine",
    "model": "mlp/simple",
    "fold": "F2",
    "architecture_name": "A0",
    "fs_method": "decision_tree",
    "fs_percent": 0.7,
    "fs_n_features": 100
}