{
    "balanced_accuracy": 0.5417082146248813,
    "accuracy": 0.87472647702407
}