{
    "balanced_accuracy": 0.5392938976864124,
    "accuracy": 0.591304347826087
}