{
    "balanced_accuracy": 0.9461432506887053,
    "accuracy": 0.947265625,
    "log_loss": 0.13504164748931724,
    "roc_auc": 0.9461432506887052,
    "f1": 0.9431578947368421,
    "precision": 0.9613733905579399,
    "recall": 0.9256198347107438,
    "inference_time": 0.012337923049926758,
    "training_time": 0,
    "dataset": "kr-vs-kp",
    "model": "mlp/simple_nd_nn",
    "fold": "F0",
    "architecture_name": "A1",
    "fs_method": "f_classif",
    "fs_percent": 0.4,
    "fs_n_features": 14
}