{
    "balanced_accuracy": 0.7811807534029755,
    "accuracy": 0.7840670859538784,
    "log_loss": 0.4575087590234445,
    "roc_auc": 0.7811807534029755,
    "f1": 0.8150807899461401,
    "precision": 0.7229299363057324,
    "recall": 0.934156378600823,
    "inference_time": 0.011627912521362305,
    "training_time": 0,
    "dataset": "jasmine",
    "model": "mlp/simple_nnw",
    "fold": "F2",
    "architecture_name": "A1",
    "fs_method": "linear_model",
    "fs_percent": 0.9,
    "fs_n_features": 129
}