{
    "balanced_accuracy": 0.880678077682686,
    "accuracy": 0.8738738738738738,
    "log_loss": 0.33528061095076345,
    "roc_auc": 0.880678077682686,
    "f1": 0.8679245283018868,
    "precision": 0.8070175438596491,
    "recall": 0.9387755102040817,
    "inference_time": 0.0032176971435546875,
    "training_time": 0,
    "dataset": "australian",
    "model": "mlp/simple_nd_nnw",
    "fold": "F1",
    "architecture_name": "A1",
    "fs_method": "decision_tree",
    "fs_percent": 0.8,
    "fs_n_features": 11
}