{
    "valid_loss": {
        "balanced_accuracy": 0.5203869029615313,
        "accuracy": 0.7638183334597013,
        "log_loss": 0.7065456333846001
    }
}