{
    "balanced_accuracy": 0.9119356193415438,
    "accuracy": 0.9125,
    "log_loss": 0.22071598527489558,
    "roc_auc": 0.9119356193415438,
    "f1": 0.9060402684563759,
    "precision": 0.967741935483871,
    "recall": 0.8517350157728707,
    "inference_time": 0.012859821319580078,
    "training_time": 0,
    "dataset": "kr-vs-kp",
    "model": "mlp/simple_nd_nnw",
    "architecture_name": "A0",
    "fs_method": "f_classif",
    "fs_percent": 0.6,
    "fs_n_features": 21
}