{
    "balanced_accuracy": 0.9413619355260888,
    "accuracy": 0.9414634146341463,
    "log_loss": 0.1664995211723834,
    "roc_auc": 0.9413619355260889,
    "f1": 0.9439252336448598,
    "precision": 0.9078651685393259,
    "recall": 0.9829683698296837,
    "inference_time": 0.06135439872741699,
    "training_time": 51.11413545468274,
    "dataset": "sylvine",
    "model": "transformer/cls",
    "fold": "F2",
    "architecture_name": "A4",
    "fs_method": "none",
    "fs_percent": 1.0,
    "fs_n_features": 20
}