{
    "valid_loss": {
        "balanced_accuracy": 0.5563388459429651,
        "accuracy": 0.7757136899571596,
        "log_loss": 0.712133846856669
    }
}