{
    "balanced_accuracy": 0.515645129555238,
    "accuracy": 0.6252786829017322
}