{
    "valid_loss": {
        "balanced_accuracy": 0.6197671723875025,
        "accuracy": 0.6909967845659164,
        "log_loss": 0.8981116176673678
    }
}