{
    "valid_loss": {
        "balanced_accuracy": 0.8445968551354968,
        "accuracy": 0.8454545454545455,
        "log_loss": 0.43035798588920743,
        "roc_auc": 0.8445968551354969,
        "f1": 0.8282828282828283,
        "precision": 0.82,
        "recall": 0.8367346938775511
    }
}