{
    "balanced_accuracy": 0.8313282549689169,
    "accuracy": 0.8326359832635983,
    "log_loss": 0.37898772913977996,
    "roc_auc": 0.8313282549689169,
    "f1": 0.8467432950191571,
    "precision": 0.7921146953405018,
    "recall": 0.9094650205761317,
    "training_time": 0.12674570083618164,
    "inference_time": 0.0009913444519042969,
    "dataset": "jasmine",
    "model": "xgboost",
    "fold": "F0",
    "architecture_name": "A2",
    "fs_method": "random_2",
    "fs_percent": 0.9,
    "fs_n_features": 129
}