{
    "valid_loss": {
        "balanced_accuracy": 0.937275503198499,
        "accuracy": 0.9566557852738484,
        "log_loss": 0.1122201381273772,
        "roc_auc": 0.937275503198499,
        "f1": 0.9700087840381478,
        "precision": 0.957631318136769,
        "recall": 0.9827103991863717
    }
}