{
    "balanced_accuracy": 0.6946896559465678,
    "accuracy": 0.8166112106475557,
    "log_loss": 0.39244852401502206,
    "roc_auc": 0.6946896559465678,
    "f1": 0.8850749859651936,
    "precision": 0.8450229709035222,
    "recall": 0.9291126452264691,
    "training_time": 0.20025968551635742,
    "inference_time": 0.005908012390136719,
    "dataset": "adult",
    "model": "xgboost",
    "fold": "F4",
    "architecture_name": "A2",
    "fs_method": "decision_tree",
    "fs_percent": 0.4,
    "fs_n_features": 5
}