{
    "balanced_accuracy": 0.9747995330117669,
    "accuracy": 0.974559686888454,
    "log_loss": 0.047698232591025805,
    "roc_auc": 0.9747995330117669,
    "f1": 0.973305954825462,
    "precision": 0.9673469387755103,
    "recall": 0.9793388429752066,
    "training_time": 0.08807158470153809,
    "inference_time": 0.0012125968933105469,
    "dataset": "kr-vs-kp",
    "model": "xgboost",
    "fold": "F3",
    "architecture_name": "A1",
    "fs_method": "random_1",
    "fs_percent": 0.8,
    "fs_n_features": 28
}