{
    "balanced_accuracy": 0.38165403195837977,
    "accuracy": 0.606516290726817
}