{
    "balanced_accuracy": 0.9849709213345577,
    "accuracy": 0.984375,
    "log_loss": 0.05126848548485516,
    "roc_auc": 0.9849709213345578,
    "f1": 0.9836734693877551,
    "precision": 0.9717741935483871,
    "recall": 0.9958677685950413,
    "training_time": 0.0674891471862793,
    "inference_time": 0.0008513927459716797,
    "dataset": "kr-vs-kp",
    "model": "xgboost",
    "fold": "F0",
    "architecture_name": "A0",
    "fs_method": "linear_model",
    "fs_percent": 0.5,
    "fs_n_features": 18
}