{
    "balanced_accuracy": 0.5396825396825397,
    "accuracy": 0.16184971098265896
}