{
    "balanced_accuracy": 0.6465515194681861,
    "accuracy": 0.8971553610503282
}