{
    "balanced_accuracy": 0.8717948717948718,
    "accuracy": 0.855072463768116
}