{
    "balanced_accuracy": 0.933942509042452,
    "accuracy": 0.9341463414634147,
    "log_loss": 0.17297378230315438,
    "roc_auc": 0.9339425090424519,
    "f1": 0.9370629370629371,
    "precision": 0.9013452914798207,
    "recall": 0.9757281553398058,
    "training_time": 10.19277811050415,
    "inference_time": 0.018778562545776367,
    "dataset": "sylvine",
    "model": "mlp/full",
    "fold": "F1",
    "architecture_name": "A0",
    "fs_method": "f_classif",
    "fs_percent": 0.8,
    "fs_n_features": 16
}