{
    "balanced_accuracy": 0.7677271288382399,
    "accuracy": 0.7693920335429769,
    "log_loss": 0.4611050686045027,
    "roc_auc": 0.76772712883824,
    "f1": 0.7908745247148289,
    "precision": 0.734982332155477,
    "recall": 0.8559670781893004,
    "inference_time": 0.009914636611938477,
    "training_time": 0,
    "dataset": "jasmine",
    "model": "mlp/simple_nd_nn",
    "fold": "F2",
    "architecture_name": "A0",
    "fs_method": "random_2",
    "fs_percent": 0.7,
    "fs_n_features": 100
}