{
    "valid_loss": {
        "balanced_accuracy": 0.776893887859909,
        "accuracy": 0.8530842078320963,
        "log_loss": 0.32043373108599404,
        "roc_auc": 0.7768938878599091,
        "f1": 0.9052492571805877,
        "precision": 0.8878096163186012,
        "recall": 0.9233877757198181
    }
}