{
    "balanced_accuracy": 0.8887425938117183,
    "accuracy": 0.8828828828828829,
    "log_loss": 0.3008133371617554,
    "roc_auc": 0.8887425938117184,
    "f1": 0.8761904761904762,
    "precision": 0.8214285714285714,
    "recall": 0.9387755102040817,
    "inference_time": 0.002679586410522461,
    "training_time": 0,
    "dataset": "australian",
    "model": "mlp/simple_nnw",
    "fold": "F1",
    "architecture_name": "A0",
    "fs_method": "decision_tree",
    "fs_percent": 0.9,
    "fs_n_features": 12
}