{
    "valid_loss": {
        "balanced_accuracy": 0.7331818181818182,
        "accuracy": 0.965034965034965,
        "log_loss": 0.07514190306503792
    }
}