{
    "balanced_accuracy": 0.7330255892255892,
    "accuracy": 0.8346769033909149,
    "log_loss": 0.3599269315220023,
    "roc_auc": 0.7330255892255892,
    "f1": 0.8951468917383542,
    "precision": 0.8641491695393294,
    "recall": 0.9284511784511784,
    "inference_time": 0.1738283634185791,
    "training_time": 0,
    "dataset": "adult",
    "model": "mlp/simple",
    "fold": "F2",
    "architecture_name": "A0",
    "fs_method": "random_3",
    "fs_percent": 0.6,
    "fs_n_features": 8
}