{
    "valid_loss": {
        "balanced_accuracy": 0.756882617724645,
        "accuracy": 0.8320962375223957,
        "log_loss": 0.352005969010803,
        "roc_auc": 0.756882617724645,
        "f1": 0.8908485856905158,
        "precision": 0.8804472948528203,
        "recall": 0.9014985687826234
    }
}