{
    "valid_loss": {
        "balanced_accuracy": 0.5926418612394765,
        "accuracy": 0.664844587352626,
        "log_loss": 0.9561682882832108
    }
}