{
    "valid_loss": {
        "balanced_accuracy": 0.7843838383838384,
        "accuracy": 0.8497760716570697,
        "log_loss": 0.31848524041106124,
        "roc_auc": 0.7843838383838385,
        "f1": 0.9020523944602036,
        "precision": 0.8941448891829309,
        "recall": 0.9101010101010101
    }
}