{
    "balanced_accuracy": 0.8163645915418964,
    "accuracy": 0.8179916317991632,
    "log_loss": 0.40614919908923314,
    "roc_auc": 0.8163645915418966,
    "f1": 0.8361581920903954,
    "precision": 0.7708333333333334,
    "recall": 0.9135802469135802,
    "training_time": 0.07772159576416016,
    "inference_time": 0.0008068084716796875,
    "dataset": "jasmine",
    "model": "xgboost",
    "fold": "F1",
    "architecture_name": "A1",
    "fs_method": "decision_tree",
    "fs_percent": 0.5,
    "fs_n_features": 72
}