{
  "dropout": 0.2930536620888825,
  "embedding_size": 512,
  "n_head": 16,
  "n_hid": 128,
  "n_layers": 4,
  "numerical_passthrough": false,
  "optimizer__lr": 0.015364174327186819
}