{
    "balanced_accuracy": 0.43705882352941183,
    "accuracy": 0.7777777777777778
}