{
    "balanced_accuracy": 0.992357676119082,
    "accuracy": 0.9921722113502935,
    "log_loss": 0.030710520825838025,
    "roc_auc": 0.9923576761190821,
    "f1": 0.9917695473251029,
    "precision": 0.9877049180327869,
    "recall": 0.9958677685950413,
    "training_time": 0.09189987182617188,
    "inference_time": 0.00125885009765625
}