{
  "dropout": 0.3127145289450774,
  "embedding_size": 32,
  "n_head": 16,
  "n_hid": 1024,
  "n_layers": 3,
  "numerical_passthrough": false,
  "optimizer__lr": 0.006591764614458339
}