{
    "balanced_accuracy": 0.7923645632916956,
    "accuracy": 0.790625,
    "log_loss": 0.7378440968861589,
    "roc_auc": 0.7923645632916956,
    "f1": 0.8222811671087533,
    "precision": 0.7093821510297483,
    "recall": 0.9779179810725552,
    "inference_time": 0.015342473983764648,
    "training_time": 0,
    "dataset": "kr-vs-kp",
    "model": "mlp/simple_nnw",
    "architecture_name": "A1",
    "fs_method": "random_2",
    "fs_percent": 0.7,
    "fs_n_features": 25
}