{
    "balanced_accuracy": 0.7435897435897436,
    "accuracy": 0.7463312368972747,
    "log_loss": 0.5282602666206577,
    "roc_auc": 0.7435897435897436,
    "f1": 0.7811934900542495,
    "precision": 0.6967741935483871,
    "recall": 0.8888888888888888,
    "inference_time": 0.011670589447021484,
    "training_time": 0,
    "dataset": "jasmine",
    "model": "mlp/simple_nnw",
    "fold": "F3",
    "architecture_name": "A1",
    "fs_method": "random_2",
    "fs_percent": 0.6,
    "fs_n_features": 86
}