{
    "valid_loss": {
        "balanced_accuracy": 0.9351917951646678,
        "accuracy": 0.9353658536585366,
        "log_loss": 0.1930147224868824,
        "roc_auc": 0.9351917951646679,
        "f1": 0.9378663540445487,
        "precision": 0.9070294784580499,
        "recall": 0.970873786407767
    }
}