{
    "valid_loss": {
        "balanced_accuracy": 0.3428604653379496,
        "accuracy": 0.6190620616446146,
        "log_loss": 1.102550973823801
    }
}