{
    "balanced_accuracy": 0.8974354398301001,
    "accuracy": 0.8975609756097561,
    "log_loss": 0.2523089661622172,
    "roc_auc": 0.8974354398301001,
    "f1": 0.9027777777777778,
    "precision": 0.8609271523178808,
    "recall": 0.948905109489051,
    "inference_time": 0.018943071365356445,
    "training_time": 0,
    "dataset": "sylvine",
    "model": "mlp/simple_nd_nnw",
    "fold": "F2",
    "architecture_name": "A1",
    "fs_method": "f_classif",
    "fs_percent": 0.4,
    "fs_n_features": 8
}