{
    "balanced_accuracy": 0.6143317230273753,
    "accuracy": 0.6260162601626016
}