{
    "balanced_accuracy": 0.9434809703307393,
    "accuracy": 0.9434697855750487
}