{
    "balanced_accuracy": 0.7625082290980909,
    "accuracy": 0.7657657657657657,
    "log_loss": 0.5336191199862541,
    "roc_auc": 0.7625082290980908,
    "f1": 0.7346938775510204,
    "precision": 0.7346938775510204,
    "recall": 0.7346938775510204,
    "inference_time": 0.004453182220458984,
    "training_time": 0,
    "dataset": "australian",
    "model": "mlp/simple",
    "fold": "F1",
    "architecture_name": "A1",
    "fs_method": "f_classif",
    "fs_percent": 0.5,
    "fs_n_features": 7
}