{
    "balanced_accuracy": 0.6163137713475351,
    "accuracy": 0.6750075369309617
}