{
    "balanced_accuracy": 0.5249102335277518,
    "accuracy": 0.6633587786259542
}