{
  "dropout": 0.28139451077630057,
  "embedding_size": 512,
  "n_head": 16,
  "n_hid": 512,
  "n_layers": 2,
  "numerical_passthrough": true,
  "optimizer__lr": 0.019168321168367527
}