{
    "valid_loss": {
        "balanced_accuracy": 0.9493489381678215,
        "accuracy": 0.96227783822996,
        "log_loss": 0.09724567379353809,
        "roc_auc": 0.9493489381678214,
        "f1": 0.973717462724286,
        "precision": 0.9678472745541321,
        "recall": 0.9796592931604373
    }
}