{
    "balanced_accuracy": 0.9696380841193277,
    "accuracy": 0.9686888454011742,
    "log_loss": 0.06464149501078989,
    "roc_auc": 0.9696380841193277,
    "f1": 0.9676113360323887,
    "precision": 0.9484126984126984,
    "recall": 0.987603305785124,
    "training_time": 6.726297378540039,
    "inference_time": 0.011272430419921875,
    "dataset": "kr-vs-kp",
    "model": "mlp/full",
    "fold": "F3",
    "architecture_name": "A0",
    "fs_method": "f_classif",
    "fs_percent": 0.5,
    "fs_n_features": 18
}