{
    "balanced_accuracy": 0.6468085106382979,
    "accuracy": 0.746268656716418
}