{
    "balanced_accuracy": 0.7472472924187725,
    "accuracy": 0.7420435510887772,
    "log_loss": 0.8638262337034295,
    "roc_auc": 0.7472472924187726,
    "f1": 0.7467105263157895,
    "precision": 0.6858006042296072,
    "recall": 0.8194945848375451,
    "training_time": 6.970846652984619,
    "inference_time": 0.01239466667175293,
    "dataset": "jasmine",
    "model": "mlp/full",
    "architecture_name": "A0",
    "fs_method": "f_classif",
    "fs_percent": 0.7,
    "fs_n_features": 100
}