{
    "balanced_accuracy": 0.9499550859909934,
    "accuracy": 0.95,
    "log_loss": 0.16062255804991668,
    "roc_auc": 0.9499550859909934,
    "f1": 0.951015531660693,
    "precision": 0.9342723004694836,
    "recall": 0.9683698296836983,
    "inference_time": 0.09780502319335938,
    "training_time": 48.34494694796474,
    "dataset": "sylvine",
    "model": "transformer/cls",
    "fold": "F3",
    "architecture_name": "A26",
    "fs_method": "random_3",
    "fs_percent": 0.6,
    "fs_n_features": 12
}