{
    "valid_loss": {
        "balanced_accuracy": 0.7907111111111111,
        "accuracy": 0.8591170825335892,
        "log_loss": 0.3032817792524622,
        "roc_auc": 0.7907111111111111,
        "f1": 0.9086837521771585,
        "precision": 0.8955370279548799,
        "recall": 0.9222222222222223
    }
}