{
    "balanced_accuracy": 0.4100491790588142,
    "accuracy": 0.5449065702230259
}