{
    "balanced_accuracy": 0.7628575378659868,
    "accuracy": 0.7632093933463796,
    "log_loss": 1.2978027525511557,
    "roc_auc": 0.7628575378659866,
    "f1": 0.7515400410677618,
    "precision": 0.746938775510204,
    "recall": 0.756198347107438,
    "inference_time": 0.012552499771118164,
    "training_time": 0,
    "dataset": "kr-vs-kp",
    "model": "mlp/simple_nnw",
    "fold": "F1",
    "architecture_name": "A1",
    "fs_method": "random_3",
    "fs_percent": 0.7,
    "fs_n_features": 25
}