{
    "balanced_accuracy": 0.7855470056875209,
    "accuracy": 0.8,
    "log_loss": 0.4950366723348334,
    "roc_auc": 0.7855470056875209,
    "f1": 0.7441860465116279,
    "precision": 0.8648648648648649,
    "recall": 0.6530612244897959,
    "inference_time": 0.0188906192779541,
    "training_time": 6.814909049442834,
    "dataset": "australian",
    "model": "transformer/cls",
    "fold": "F3",
    "architecture_name": "A19",
    "fs_method": "f_classif",
    "fs_percent": 0.5,
    "fs_n_features": 7
}