{
    "balanced_accuracy": 0.717479674796748,
    "accuracy": 0.7241379310344828
}