{
    "balanced_accuracy": 0.5756843800322061,
    "accuracy": 0.6097560975609756
}