{
    "valid_loss": {
        "balanced_accuracy": 0.7666666666666667,
        "accuracy": 0.9861111111111112,
        "log_loss": 0.04760899604956058
    }
}