{
    "valid_loss": {
        "balanced_accuracy": 0.9426031572454285,
        "accuracy": 0.957207615593835,
        "log_loss": 0.11911851471922563,
        "roc_auc": 0.9426031572454286,
        "f1": 0.9702020202020202,
        "precision": 0.963631803360923,
        "recall": 0.9768624459699975
    }
}