{
    "balanced_accuracy": 0.5946268860517512,
    "accuracy": 0.7994987468671679
}