{
    "balanced_accuracy": 0.513410033732215,
    "accuracy": 0.6280226376264791
}