{
    "balanced_accuracy": 0.8065217391304348,
    "accuracy": 0.8202247191011236
}