{
  "dropout": 0.31441457545553686,
  "embedding_size": 32,
  "n_head": 1,
  "n_hid": 512,
  "n_layers": 3,
  "numerical_passthrough": false,
  "optimizer__lr": 0.0005759336318179741
}