{
    "balanced_accuracy": 0.5937132069989387,
    "accuracy": 0.6877862595419847
}