{
    "balanced_accuracy": 0.9415278453307393,
    "accuracy": 0.9415204678362573
}