{
    "balanced_accuracy": 0.9313023610053313,
    "accuracy": 0.9307317073170732,
    "log_loss": 0.19871451562081796,
    "roc_auc": 0.9313023610053313,
    "f1": 0.9324452901998097,
    "precision": 0.8974358974358975,
    "recall": 0.9702970297029703,
    "training_time": 0.08133602142333984,
    "inference_time": 0.0010557174682617188,
    "dataset": "sylvine",
    "model": "xgboost",
    "architecture_name": "A3",
    "fs_method": "random_2",
    "fs_percent": 0.4,
    "fs_n_features": 8
}