{
    "balanced_accuracy": 0.9381137041462125,
    "accuracy": 0.954842219804135,
    "log_loss": 0.11479299412871942,
    "roc_auc": 0.9381137041462125,
    "f1": 0.9686200378071833,
    "precision": 0.9600299775168624,
    "recall": 0.9773652085452695,
    "inference_time": 0.6383426189422607,
    "training_time": 494.8993110864059
}