{
    "balanced_accuracy": 0.8021084175084175,
    "accuracy": 0.8278950735764555,
    "log_loss": 0.3523531022885274,
    "roc_auc": 0.8021084175084175,
    "f1": 0.8826659687690831,
    "precision": 0.9159876878508058,
    "recall": 0.8516835016835017,
    "inference_time": 0.48854899406433105,
    "training_time": 243.1162618001302,
    "dataset": "adult",
    "model": "transformer/cls",
    "fold": "F0",
    "architecture_name": "A0",
    "fs_method": "f_classif",
    "fs_percent": 0.7,
    "fs_n_features": 9
}