{
    "valid_loss": {
        "balanced_accuracy": 0.8082041852727433,
        "accuracy": 0.8096234309623431,
        "log_loss": 0.4157173488525813,
        "roc_auc": 0.8082041852727432,
        "f1": 0.8266666666666667,
        "precision": 0.7695035460992907,
        "recall": 0.8930041152263375
    }
}