{
    "balanced_accuracy": 0.7286413200875568,
    "accuracy": 0.8296647043767597,
    "log_loss": 0.37406493177473654,
    "roc_auc": 0.7286413200875568,
    "f1": 0.8917269991051818,
    "precision": 0.8626062322946175,
    "recall": 0.9228826401751137,
    "inference_time": 0.1956772804260254,
    "training_time": 0,
    "dataset": "adult",
    "model": "mlp/simple_nd_nn",
    "fold": "F3",
    "architecture_name": "A1",
    "fs_method": "random_4",
    "fs_percent": 0.5,
    "fs_n_features": 7
}