{
    "valid_loss": {
        "balanced_accuracy": 0.7702626262626262,
        "accuracy": 0.8477287268074216,
        "log_loss": 0.3210933591567635,
        "roc_auc": 0.7702626262626262,
        "f1": 0.9017341040462428,
        "precision": 0.8849270664505673,
        "recall": 0.9191919191919192
    }
}