{
    "balanced_accuracy": 0.9279091682879377,
    "accuracy": 0.9278752436647173
}