{
    "balanced_accuracy": 0.4529308134577826,
    "accuracy": 0.6404580152671756
}