{
    "balanced_accuracy": 0.9254830573005901,
    "accuracy": 0.925609756097561,
    "log_loss": 0.21439080609141015,
    "roc_auc": 0.9254830573005902,
    "f1": 0.927810650887574,
    "precision": 0.9053117782909931,
    "recall": 0.9514563106796117,
    "inference_time": 0.01589369773864746,
    "training_time": 0,
    "dataset": "sylvine",
    "model": "mlp/simple_nd_nn",
    "fold": "F1",
    "architecture_name": "A0",
    "fs_method": "random_2",
    "fs_percent": 0.6,
    "fs_n_features": 12
}