{
    "valid_loss": {
        "balanced_accuracy": 0.945119894861318,
        "accuracy": 0.9613710554951034,
        "log_loss": 0.10275907995328015,
        "roc_auc": 0.945119894861318,
        "f1": 0.9731974329935825,
        "precision": 0.9633781763826607,
        "recall": 0.9832189168573608
    }
}