{
    "balanced_accuracy": 0.854566683964712,
    "accuracy": 0.8740740740740741
}