{
    "balanced_accuracy": 0.5326825127334465,
    "accuracy": 0.5507246376811594
}