{
    "valid_loss": {
        "balanced_accuracy": 0.9342250714640905,
        "accuracy": 0.9568449682683591,
        "log_loss": 0.11806120854064218,
        "roc_auc": 0.9342250714640905,
        "f1": 0.9702648675662169,
        "precision": 0.9538197003193318,
        "recall": 0.9872870582252733
    }
}