{
    "balanced_accuracy": 0.9441150635390771,
    "accuracy": 0.9577439245556765,
    "log_loss": 0.11034343921996884,
    "roc_auc": 0.9441150635390769,
    "f1": 0.970539891263118,
    "precision": 0.9650490319336184,
    "recall": 0.9760935910478128,
    "inference_time": 0.12369775772094727,
    "training_time": 0,
    "dataset": "nomao",
    "model": "mlp/simple",
    "fold": "F4",
    "architecture_name": "A0",
    "fs_method": "random_4",
    "fs_percent": 0.9,
    "fs_n_features": 106
}