{
    "balanced_accuracy": 0.9553036432301737,
    "accuracy": 0.9637352674524026,
    "log_loss": 0.09663732675231371,
    "roc_auc": 0.9553036432301738,
    "f1": 0.974587039390089,
    "precision": 0.9740919481838963,
    "recall": 0.9750826341215357,
    "training_time": 0.3366243839263916,
    "inference_time": 0.003484964370727539,
    "dataset": "nomao",
    "model": "xgboost",
    "fold": "F0",
    "architecture_name": "A0",
    "fs_method": "random_1",
    "fs_percent": 0.4,
    "fs_n_features": 47
}