{
    "balanced_accuracy": 0.776725142984433,
    "accuracy": 0.8601994560290118,
    "log_loss": 0.4381806572108729,
    "roc_auc": 0.7767251429844331,
    "f1": 0.908443177769861,
    "precision": 0.8522727272727273,
    "recall": 0.9725400457665904,
    "inference_time": 0.4311788082122803,
    "training_time": 446.46861603043305,
    "dataset": "nomao",
    "model": "transformer/cls",
    "fold": "F1",
    "architecture_name": "A28",
    "fs_method": "random_1",
    "fs_percent": 0.4,
    "fs_n_features": 47
}