{
    "balanced_accuracy": 0.5569259962049335,
    "accuracy": 0.4050632911392405
}