{
    "balanced_accuracy": 0.7574147387326711,
    "accuracy": 0.8373432300998208,
    "log_loss": 0.3553550149266386,
    "roc_auc": 0.7574147387326711,
    "f1": 0.8948978748036054,
    "precision": 0.8792655183620409,
    "recall": 0.9110961441320088,
    "inference_time": 0.548102617263794,
    "training_time": 240.44788837432856
}