{
    "balanced_accuracy": 0.5774749694749695,
    "accuracy": 0.7462311557788944
}