{
    "balanced_accuracy": 0.7619315485210754,
    "accuracy": 0.8497568466854364,
    "log_loss": 0.33272323623287225,
    "roc_auc": 0.7619315485210754,
    "f1": 0.9040065412919052,
    "precision": 0.8787156254967414,
    "recall": 0.9307964303754841,
    "inference_time": 0.16657066345214844,
    "training_time": 0,
    "dataset": "adult",
    "model": "mlp/simple_nd",
    "fold": "F3",
    "architecture_name": "A0",
    "fs_method": "random_2",
    "fs_percent": 0.8,
    "fs_n_features": 11
}