{
    "balanced_accuracy": 0.6591498881431768,
    "accuracy": 0.6588628762541806
}