{
    "balanced_accuracy": 0.7581148341471629,
    "accuracy": 0.8445098541080113,
    "log_loss": 0.3471803588096878,
    "roc_auc": 0.7581148341471629,
    "f1": 0.9003526613630771,
    "precision": 0.8776782858970259,
    "recall": 0.9242296682943256,
    "inference_time": 0.14644551277160645,
    "training_time": 0,
    "dataset": "adult",
    "model": "mlp/simple_nnw",
    "fold": "F3",
    "architecture_name": "A0",
    "fs_method": "random_5",
    "fs_percent": 0.9,
    "fs_n_features": 12
}