{
    "balanced_accuracy": 0.739016393442623,
    "accuracy": 0.7567567567567568,
    "log_loss": 0.5913637991066182,
    "roc_auc": 0.739016393442623,
    "f1": 0.6746987951807228,
    "precision": 0.8484848484848485,
    "recall": 0.56,
    "inference_time": 0.0026404857635498047,
    "training_time": 0,
    "dataset": "australian",
    "model": "mlp/simple_nnw",
    "fold": "F0",
    "architecture_name": "A0",
    "fs_method": "decision_tree",
    "fs_percent": 0.4,
    "fs_n_features": 5
}