{
    "balanced_accuracy": 0.9409403041746213,
    "accuracy": 0.9581066376496191,
    "log_loss": 0.11692075677605618,
    "roc_auc": 0.9409403041746213,
    "f1": 0.9709397408479054,
    "precision": 0.960906374501992,
    "recall": 0.9811848461734045,
    "training_time": 113.38497591018677,
    "inference_time": 0.10918068885803223,
    "dataset": "nomao",
    "model": "mlp/full",
    "fold": "F2",
    "architecture_name": "A0",
    "fs_method": "decision_tree",
    "fs_percent": 0.8,
    "fs_n_features": 94
}