{
    "balanced_accuracy": 0.7263298762127801,
    "accuracy": 0.7454545454545455,
    "log_loss": 0.4661778144418286,
    "roc_auc": 0.7263298762127802,
    "f1": 0.6585365853658537,
    "precision": 0.8181818181818182,
    "recall": 0.5510204081632653,
    "training_time": 0.034345388412475586,
    "inference_time": 0.000579833984375,
    "dataset": "australian",
    "model": "xgboost",
    "fold": "F2",
    "architecture_name": "A0",
    "fs_method": "random_5",
    "fs_percent": 0.9,
    "fs_n_features": 12
}