{
    "balanced_accuracy": 0.8070336391437309,
    "accuracy": 0.8489208633093526
}