{
    "balanced_accuracy": 0.40949203900940684,
    "accuracy": 0.5954198473282443
}