{
    "valid_loss": {
        "balanced_accuracy": 0.32699345353573095,
        "accuracy": 0.6151338236409128,
        "log_loss": 1.1189665031968223
    }
}