{
    "valid_loss": {
        "balanced_accuracy": 0.3333578127999847,
        "accuracy": 0.6174463568124953,
        "log_loss": 1.102170425030824
    }
}