{
    "balanced_accuracy": 0.7283372365339578,
    "accuracy": 0.7454545454545455,
    "log_loss": 0.5329389262918177,
    "roc_auc": 0.7283372365339579,
    "f1": 0.6666666666666666,
    "precision": 0.8,
    "recall": 0.5714285714285714,
    "inference_time": 0.002969503402709961,
    "training_time": 0,
    "dataset": "australian",
    "model": "mlp/simple_nd",
    "fold": "F2",
    "architecture_name": "A0",
    "fs_method": "random_4",
    "fs_percent": 0.4,
    "fs_n_features": 5
}