{
    "balanced_accuracy": 0.8128360318289349,
    "accuracy": 0.8160469667318982,
    "log_loss": 0.35344685599136605,
    "roc_auc": 0.8128360318289349,
    "f1": 0.7947598253275109,
    "precision": 0.8425925925925926,
    "recall": 0.7520661157024794,
    "training_time": 0.04626822471618652,
    "inference_time": 0.0006911754608154297,
    "dataset": "kr-vs-kp",
    "model": "xgboost",
    "fold": "F3",
    "architecture_name": "A0",
    "fs_method": "random_1",
    "fs_percent": 0.5,
    "fs_n_features": 18
}