{
    "valid_loss": {
        "balanced_accuracy": 0.5844932788366959,
        "accuracy": 0.6704180064308681,
        "log_loss": 0.9688627199668857
    }
}