{
    "balanced_accuracy": 0.7555957867017775,
    "accuracy": 0.7747747747747747,
    "log_loss": 0.4720613562860402,
    "roc_auc": 0.7555957867017775,
    "f1": 0.6987951807228916,
    "precision": 0.8529411764705882,
    "recall": 0.5918367346938775,
    "inference_time": 0.00312042236328125,
    "training_time": 0,
    "dataset": "australian",
    "model": "mlp/simple_nd",
    "fold": "F1",
    "architecture_name": "A0",
    "fs_method": "random_1",
    "fs_percent": 0.6,
    "fs_n_features": 8
}