{
  "dropout": 0.3847572053029205,
  "embedding_size": 256,
  "n_head": 1,
  "n_hid": 128,
  "n_layers": 2,
  "numerical_passthrough": false,
  "optimizer__lr": 0.005744429900329855
}