{
    "balanced_accuracy": 0.9783096254877262,
    "accuracy": 0.9784735812133072,
    "log_loss": 0.04622852252491164,
    "roc_auc": 0.9783096254877262,
    "f1": 0.9772256728778468,
    "precision": 0.979253112033195,
    "recall": 0.9752066115702479,
    "training_time": 19.368390321731567,
    "inference_time": 0.02518153190612793,
    "dataset": "kr-vs-kp",
    "model": "mlp/full",
    "fold": "F3",
    "architecture_name": "A1",
    "fs_method": "f_classif",
    "fs_percent": 0.9,
    "fs_n_features": 32
}