{
    "valid_loss": {
        "balanced_accuracy": 0.9327747339365493,
        "accuracy": 0.9329268292682927,
        "log_loss": 0.1861989249709087,
        "roc_auc": 0.9327747339365493,
        "f1": 0.9369988545246277,
        "precision": 0.8852813852813853,
        "recall": 0.9951338199513382
    }
}