{
    "valid_loss": {
        "balanced_accuracy": 0.9402983850462997,
        "accuracy": 0.9561117156329344,
        "log_loss": 0.11014446010075604,
        "roc_auc": 0.9402983850462997,
        "f1": 0.969482976040353,
        "precision": 0.9617212909682261,
        "recall": 0.9773709636409865
    }
}