{
    "balanced_accuracy": 0.6589026674052976,
    "accuracy": 0.7379134860050891
}