{
    "balanced_accuracy": 0.6293656565656566,
    "accuracy": 0.8116442738323736,
    "log_loss": 0.38090601103931143,
    "roc_auc": 0.6293656565656566,
    "f1": 0.8877364246491763,
    "precision": 0.8114891243725599,
    "recall": 0.9797979797979798,
    "inference_time": 0.19399189949035645,
    "training_time": 0,
    "dataset": "adult",
    "model": "mlp/simple_nd_nn",
    "fold": "F1",
    "architecture_name": "A1",
    "fs_method": "random_3",
    "fs_percent": 0.7,
    "fs_n_features": 9
}