{
    "balanced_accuracy": 0.8283706925393108,
    "accuracy": 0.8363636363636363,
    "log_loss": 0.43866635796921183,
    "roc_auc": 0.8283706925393108,
    "f1": 0.8043478260869565,
    "precision": 0.8604651162790697,
    "recall": 0.7551020408163265,
    "inference_time": 0.004114627838134766,
    "training_time": 0,
    "dataset": "australian",
    "model": "mlp/simple",
    "fold": "F3",
    "architecture_name": "A1",
    "fs_method": "random_1",
    "fs_percent": 0.4,
    "fs_n_features": 5
}