{
    "valid_loss": {
        "balanced_accuracy": 0.7673016835016835,
        "accuracy": 0.8451695457453615,
        "log_loss": 0.3298311452527457,
        "roc_auc": 0.7673016835016835,
        "f1": 0.9000330469266358,
        "precision": 0.8836794289422453,
        "recall": 0.917003367003367
    }
}