{
    "balanced_accuracy": 0.4697219308897728,
    "accuracy": 0.5871006630500302
}