{
    "balanced_accuracy": 0.6353989813242784,
    "accuracy": 0.6376811594202898
}