{
    "balanced_accuracy": 0.7299917048142801,
    "accuracy": 0.735812133072407,
    "log_loss": 1.5347262550684297,
    "roc_auc": 0.72999170481428,
    "f1": 0.6896551724137931,
    "precision": 0.7772020725388601,
    "recall": 0.6198347107438017,
    "inference_time": 0.01236104965209961,
    "training_time": 0,
    "dataset": "kr-vs-kp",
    "model": "mlp/simple_nd_nn",
    "fold": "F1",
    "architecture_name": "A1",
    "fs_method": "random_3",
    "fs_percent": 0.7,
    "fs_n_features": 25
}