{
    "balanced_accuracy": 0.8629976580796253,
    "accuracy": 0.8636363636363636,
    "log_loss": 0.3038762263996246,
    "roc_auc": 0.8629976580796253,
    "f1": 0.8484848484848485,
    "precision": 0.84,
    "recall": 0.8571428571428571,
    "inference_time": 0.01855945587158203,
    "training_time": 8.269290566444397,
    "dataset": "australian",
    "model": "transformer/cls",
    "fold": "F2",
    "architecture_name": "A19",
    "fs_method": "decision_tree",
    "fs_percent": 0.6,
    "fs_n_features": 8
}