{
    "balanced_accuracy": 0.7952159389167264,
    "accuracy": 0.7927461139896373
}