{
    "balanced_accuracy": 0.9789317644167256,
    "accuracy": 0.9784735812133072,
    "log_loss": 0.09268280705148861,
    "roc_auc": 0.9789317644167255,
    "f1": 0.9775051124744376,
    "precision": 0.9676113360323887,
    "recall": 0.987603305785124,
    "inference_time": 0.012137413024902344,
    "training_time": 0,
    "dataset": "kr-vs-kp",
    "model": "mlp/simple_nd",
    "fold": "F4",
    "architecture_name": "A0",
    "fs_method": "decision_tree",
    "fs_percent": 0.5,
    "fs_n_features": 18
}