{
    "balanced_accuracy": 0.5030175205372912,
    "accuracy": 0.5801242236024845
}