{
    "balanced_accuracy": 0.6889602693602694,
    "accuracy": 0.8015355086372361,
    "log_loss": 0.4396140519953608,
    "roc_auc": 0.6889602693602693,
    "f1": 0.8739741610465589,
    "precision": 0.8446678184388252,
    "recall": 0.9053872053872054,
    "inference_time": 0.1464228630065918,
    "training_time": 0,
    "dataset": "adult",
    "model": "mlp/simple_nd_nnw",
    "fold": "F0",
    "architecture_name": "A0",
    "fs_method": "random_5",
    "fs_percent": 0.5,
    "fs_n_features": 7
}