{
    "balanced_accuracy": 0.7427849927849928,
    "accuracy": 0.7760416666666666
}