{
    "balanced_accuracy": 0.8250153226512564,
    "accuracy": 0.8263598326359832,
    "log_loss": 0.3914427612200423,
    "roc_auc": 0.8250153226512564,
    "f1": 0.8413001912045889,
    "precision": 0.7857142857142857,
    "recall": 0.9053497942386831,
    "training_time": 0.1325218677520752,
    "inference_time": 0.0009214878082275391,
    "dataset": "jasmine",
    "model": "xgboost",
    "fold": "F0",
    "architecture_name": "A3",
    "fs_method": "random_3",
    "fs_percent": 0.9,
    "fs_n_features": 129
}