{
    "balanced_accuracy": 0.7206470750551877,
    "accuracy": 0.8618090452261307
}