{
    "valid_loss": {
        "balanced_accuracy": 0.9486367539716617,
        "accuracy": 0.9487179487179487,
        "log_loss": 0.16866299660426823,
        "roc_auc": 0.9486367539716617,
        "f1": 0.95,
        "precision": 0.9300699300699301,
        "recall": 0.9708029197080292
    }
}