{
    "balanced_accuracy": 0.8068217790440013,
    "accuracy": 0.8092243186582809,
    "log_loss": 0.4256503113308341,
    "roc_auc": 0.8068217790440013,
    "f1": 0.8330275229357799,
    "precision": 0.7516556291390728,
    "recall": 0.934156378600823,
    "training_time": 0.11507630348205566,
    "inference_time": 0.0009775161743164062,
    "dataset": "jasmine",
    "model": "xgboost",
    "fold": "F2",
    "architecture_name": "A3",
    "fs_method": "random_3",
    "fs_percent": 0.7,
    "fs_n_features": 100
}