{
    "balanced_accuracy": 0.4061340446992621,
    "accuracy": 0.656641604010025
}