{
    "balanced_accuracy": 0.9430709473371824,
    "accuracy": 0.9570578848106776,
    "log_loss": 0.125043683151524,
    "roc_auc": 0.9430709473371824,
    "f1": 0.9702870909455933,
    "precision": 0.9656343656343657,
    "recall": 0.9749848698809764,
    "inference_time": 0.13524746894836426,
    "training_time": 0,
    "dataset": "nomao",
    "model": "mlp/simple",
    "architecture_name": "A0",
    "fs_method": "f_classif",
    "fs_percent": 0.9,
    "fs_n_features": 106
}