{
    "balanced_accuracy": 0.8206899570965764,
    "accuracy": 0.8221757322175732,
    "log_loss": 0.412730394643768,
    "roc_auc": 0.8206899570965764,
    "f1": 0.8387096774193549,
    "precision": 0.778169014084507,
    "recall": 0.9094650205761317,
    "training_time": 0.12905073165893555,
    "inference_time": 0.0009584426879882812,
    "dataset": "jasmine",
    "model": "xgboost",
    "fold": "F1",
    "architecture_name": "A2",
    "fs_method": "random_1",
    "fs_percent": 0.9,
    "fs_n_features": 129
}