{
    "balanced_accuracy": 0.3848382638123306,
    "accuracy": 0.582442748091603
}