{
    "valid_loss": {
        "balanced_accuracy": 0.943963186022422,
        "accuracy": 0.9575625680087051,
        "log_loss": 0.11554907695051787,
        "roc_auc": 0.9439631860224221,
        "f1": 0.9704171934260429,
        "precision": 0.9650490319336184,
        "recall": 0.9758454106280193
    }
}