{
    "balanced_accuracy": 0.7620580344614694,
    "accuracy": 0.849116969541848,
    "log_loss": 0.3214630460720777,
    "roc_auc": 0.7620580344614695,
    "f1": 0.9035109256076602,
    "precision": 0.8789808917197452,
    "recall": 0.9294494022562722,
    "training_time": 0.2575693130493164,
    "inference_time": 0.004930257797241211,
    "dataset": "adult",
    "model": "xgboost",
    "fold": "F4",
    "architecture_name": "A1",
    "fs_method": "decision_tree",
    "fs_percent": 0.8,
    "fs_n_features": 11
}