{
    "balanced_accuracy": 0.9157955865272939,
    "accuracy": 0.9172413793103448
}