{
    "balanced_accuracy": 0.41519902226412525,
    "accuracy": 0.533498759305211
}