{
    "valid_loss": {
        "balanced_accuracy": 0.7875,
        "accuracy": 0.986013986013986,
        "log_loss": 0.04814352619718259
    }
}