{
    "balanced_accuracy": 0.8470491803278688,
    "accuracy": 0.8378378378378378,
    "log_loss": 0.39145600992825835,
    "roc_auc": 0.8470491803278688,
    "f1": 0.8392857142857143,
    "precision": 0.7580645161290323,
    "recall": 0.94,
    "inference_time": 0.0027353763580322266,
    "training_time": 0,
    "dataset": "australian",
    "model": "mlp/simple_nd_nn",
    "fold": "F0",
    "architecture_name": "A0",
    "fs_method": "decision_tree",
    "fs_percent": 0.7,
    "fs_n_features": 9
}