{
    "balanced_accuracy": 0.9620642922654655,
    "accuracy": 0.9698948132027566,
    "log_loss": 0.08634811554091257,
    "roc_auc": 0.9620642922654656,
    "f1": 0.9789286620969789,
    "precision": 0.9774397972116603,
    "recall": 0.9804220696669209,
    "training_time": 1.3246543407440186,
    "inference_time": 0.008336305618286133,
    "dataset": "nomao",
    "model": "xgboost",
    "fold": "F3",
    "architecture_name": "A3",
    "fs_method": "random_3",
    "fs_percent": 0.7,
    "fs_n_features": 82
}