{
    "balanced_accuracy": 0.522683826039462,
    "accuracy": 0.7117794486215538
}