{
    "balanced_accuracy": 0.9482008635251781,
    "accuracy": 0.9825952853051333
}