{
    "balanced_accuracy": 0.7234781144781144,
    "accuracy": 0.8390275111964172,
    "log_loss": 0.3745168049323514,
    "roc_auc": 0.7234781144781145,
    "f1": 0.8992955491514569,
    "precision": 0.8572954822954822,
    "recall": 0.9456228956228956,
    "inference_time": 0.8434970378875732,
    "training_time": 250.5688133239746,
    "dataset": "adult",
    "model": "transformer/cls",
    "fold": "F1",
    "architecture_name": "A22",
    "fs_method": "random_1",
    "fs_percent": 0.5,
    "fs_n_features": 7
}