{
    "balanced_accuracy": 0.3758520510189449,
    "accuracy": 0.5249528382781684
}