{
    "balanced_accuracy": 0.5856253243383498,
    "accuracy": 0.6814814814814815
}