{
    "balanced_accuracy": 0.9944237918215613,
    "accuracy": 0.9941291585127201,
    "log_loss": 0.008551888862438196,
    "roc_auc": 0.9944237918215613,
    "f1": 0.9938398357289527,
    "precision": 0.9877551020408163,
    "recall": 1.0,
    "inference_time": 0.03614497184753418,
    "training_time": 36.24745536432033
}