{
    "balanced_accuracy": 0.7778569167458056,
    "accuracy": 0.779874213836478,
    "log_loss": 0.42681237731165145,
    "roc_auc": 0.7778569167458057,
    "f1": 0.8037383177570093,
    "precision": 0.7363013698630136,
    "recall": 0.8847736625514403,
    "inference_time": 0.013556480407714844,
    "training_time": 0,
    "dataset": "jasmine",
    "model": "mlp/simple",
    "fold": "F4",
    "architecture_name": "A1",
    "fs_method": "f_classif",
    "fs_percent": 0.9,
    "fs_n_features": 129
}