{
    "balanced_accuracy": 0.5146031173083634,
    "accuracy": 0.2726714431934493
}