{
    "balanced_accuracy": 0.7801519468186136,
    "accuracy": 0.7819706498951782,
    "log_loss": 0.4660331932616378,
    "roc_auc": 0.7801519468186136,
    "f1": 0.8037735849056604,
    "precision": 0.7421602787456446,
    "recall": 0.8765432098765432,
    "training_time": 0.047937870025634766,
    "inference_time": 0.0009756088256835938
}