{
    "balanced_accuracy": 0.6809830589358148,
    "accuracy": 0.7046632124352331
}