{
    "valid_loss": {
        "balanced_accuracy": 0.7952457912457913,
        "accuracy": 0.8579654510556622,
        "log_loss": 0.3023142561293924,
        "roc_auc": 0.7952457912457913,
        "f1": 0.9074228523769808,
        "precision": 0.8991735537190083,
        "recall": 0.9158249158249159
    }
}