{
    "balanced_accuracy": 0.9896694214876033,
    "accuracy": 0.9902152641878669,
    "log_loss": 0.02643894595392886,
    "roc_auc": 0.9896694214876033,
    "f1": 0.9895615866388309,
    "precision": 1.0,
    "recall": 0.9793388429752066,
    "inference_time": 0.056234121322631836,
    "training_time": 72.49953841005714,
    "dataset": "kr-vs-kp",
    "model": "transformer/cls",
    "fold": "F2",
    "architecture_name": "A2",
    "fs_method": "linear_model",
    "fs_percent": 0.9,
    "fs_n_features": 32
}