{
    "balanced_accuracy": 0.7772699413361353,
    "accuracy": 0.7782426778242678,
    "log_loss": 0.47160314581701374,
    "roc_auc": 0.7772699413361351,
    "f1": 0.79296875,
    "precision": 0.7546468401486989,
    "recall": 0.8353909465020576,
    "inference_time": 0.011577129364013672,
    "training_time": 0,
    "dataset": "jasmine",
    "model": "mlp/simple_nnw",
    "fold": "F1",
    "architecture_name": "A1",
    "fs_method": "decision_tree",
    "fs_percent": 0.7,
    "fs_n_features": 100
}