{
    "balanced_accuracy": 0.5219735430668652,
    "accuracy": 0.5990352728369008
}