{
    "balanced_accuracy": 0.8305938169574534,
    "accuracy": 0.833984375,
    "log_loss": 0.27644029125159586,
    "roc_auc": 0.8305938169574534,
    "f1": 0.8140043763676149,
    "precision": 0.8651162790697674,
    "recall": 0.768595041322314,
    "training_time": 0.09102177619934082,
    "inference_time": 0.0011472702026367188,
    "dataset": "kr-vs-kp",
    "model": "xgboost",
    "fold": "F0",
    "architecture_name": "A3",
    "fs_method": "random_4",
    "fs_percent": 0.6,
    "fs_n_features": 21
}