{
    "valid_loss": {
        "balanced_accuracy": 0.9468777545712312,
        "accuracy": 0.960101559666304,
        "log_loss": 0.09938791968549883,
        "roc_auc": 0.9468777545712314,
        "f1": 0.9721941354903944,
        "precision": 0.966574516210103,
        "recall": 0.9778794813119756
    }
}