{
  "dropout": 0.4884658707040808,
  "embedding_size": 256,
  "n_head": 1,
  "n_hid": 64,
  "n_layers": 2,
  "numerical_passthrough": true,
  "optimizer__lr": 0.011543474080495086
}