{
    "balanced_accuracy": 0.5311170212765958,
    "accuracy": 0.6343283582089553
}