{
    "balanced_accuracy": 0.7942289562289562,
    "accuracy": 0.873064619321817,
    "log_loss": 0.27410356977087214,
    "roc_auc": 0.7942289562289564,
    "f1": 0.9188747137716716,
    "precision": 0.8934478371501272,
    "recall": 0.9457912457912457,
    "training_time": 0.24478578567504883,
    "inference_time": 0.003891468048095703,
    "dataset": "adult",
    "model": "xgboost",
    "fold": "F1",
    "architecture_name": "A0",
    "fs_method": "random_3",
    "fs_percent": 0.9,
    "fs_n_features": 12
}