{
    "balanced_accuracy": 0.5479940480571853,
    "accuracy": 0.6141439205955335
}