{
    "balanced_accuracy": 0.9108465608465608,
    "accuracy": 0.9112903225806451
}