{
    "balanced_accuracy": 0.7757993035770814,
    "accuracy": 0.7777777777777778,
    "log_loss": 0.46267620166215395,
    "roc_auc": 0.7757993035770814,
    "f1": 0.8014981273408239,
    "precision": 0.7353951890034365,
    "recall": 0.8806584362139918,
    "inference_time": 0.012331008911132812,
    "training_time": 0,
    "dataset": "jasmine",
    "model": "mlp/simple_nnw",
    "fold": "F2",
    "architecture_name": "A1",
    "fs_method": "linear_model",
    "fs_percent": 0.8,
    "fs_n_features": 115
}