{
    "balanced_accuracy": 0.3753280496455941,
    "accuracy": 0.5923664122137404
}