{
    "valid_loss": {
        "balanced_accuracy": 0.8213833491611269,
        "accuracy": 0.8238993710691824,
        "log_loss": 0.40764681520466856,
        "roc_auc": 0.821383349161127,
        "f1": 0.8467153284671532,
        "precision": 0.760655737704918,
        "recall": 0.9547325102880658
    }
}