{
    "balanced_accuracy": 0.6855704697986578,
    "accuracy": 0.68561872909699
}