{
    "balanced_accuracy": 0.3768725648525452,
    "accuracy": 0.4798071127185051
}