{
    "balanced_accuracy": 0.8421334557698195,
    "accuracy": 0.845703125,
    "log_loss": 0.2720541764582637,
    "roc_auc": 0.8421334557698195,
    "f1": 0.8263736263736263,
    "precision": 0.8826291079812206,
    "recall": 0.7768595041322314,
    "training_time": 0.08459806442260742,
    "inference_time": 0.0010349750518798828,
    "dataset": "kr-vs-kp",
    "model": "xgboost",
    "fold": "F0",
    "architecture_name": "A3",
    "fs_method": "random_3",
    "fs_percent": 0.5,
    "fs_n_features": 18
}