{
    "valid_loss": {
        "balanced_accuracy": 0.9288485899885022,
        "accuracy": 0.9532184950135992,
        "log_loss": 0.12022552539391203,
        "roc_auc": 0.9288485899885021,
        "f1": 0.9678063389069129,
        "precision": 0.9502572898799314,
        "recall": 0.9860157640478007
    }
}