{
    "balanced_accuracy": 0.7515278872252867,
    "accuracy": 0.7531380753138075,
    "log_loss": 0.5332533232969764,
    "roc_auc": 0.7515278872252867,
    "f1": 0.7773584905660378,
    "precision": 0.7177700348432056,
    "recall": 0.8477366255144033,
    "inference_time": 0.011657476425170898,
    "training_time": 0,
    "dataset": "jasmine",
    "model": "mlp/simple_nnw",
    "fold": "F1",
    "architecture_name": "A1",
    "fs_method": "random_2",
    "fs_percent": 0.5,
    "fs_n_features": 72
}