{
    "valid_loss": {
        "balanced_accuracy": 0.792022792022792,
        "accuracy": 0.7945492662473794,
        "log_loss": 0.46258568872859046,
        "roc_auc": 0.792022792022792,
        "f1": 0.8211678832116789,
        "precision": 0.7377049180327869,
        "recall": 0.9259259259259259
    }
}