{
    "balanced_accuracy": 0.9216699450135114,
    "accuracy": 0.9397896264055132,
    "log_loss": 0.15875624088159887,
    "roc_auc": 0.9216699450135114,
    "f1": 0.9580596260737746,
    "precision": 0.9520461963344213,
    "recall": 0.9641495041952708,
    "inference_time": 0.13237261772155762,
    "training_time": 0,
    "dataset": "nomao",
    "model": "mlp/simple_nnw",
    "fold": "F2",
    "architecture_name": "A1",
    "fs_method": "random_3",
    "fs_percent": 0.8,
    "fs_n_features": 94
}