{
    "balanced_accuracy": 0.875209100033456,
    "accuracy": 0.8727272727272727,
    "log_loss": 0.3781466523391063,
    "roc_auc": 0.8752091000334561,
    "f1": 0.8627450980392157,
    "precision": 0.8301886792452831,
    "recall": 0.8979591836734694,
    "inference_time": 0.003246307373046875,
    "training_time": 0,
    "dataset": "australian",
    "model": "mlp/simple_nd_nnw",
    "fold": "F4",
    "architecture_name": "A1",
    "fs_method": "random_4",
    "fs_percent": 0.7,
    "fs_n_features": 9
}