{
    "balanced_accuracy": 0.7132427232418477,
    "accuracy": 0.8309444586639365,
    "log_loss": 0.36904457372107125,
    "roc_auc": 0.7132427232418477,
    "f1": 0.8941591218652352,
    "precision": 0.8529501681442984,
    "recall": 0.939552113150362,
    "training_time": 0.22998332977294922,
    "inference_time": 0.0038330554962158203,
    "dataset": "adult",
    "model": "xgboost",
    "fold": "F3",
    "architecture_name": "A0",
    "fs_method": "random_2",
    "fs_percent": 0.5,
    "fs_n_features": 7
}