{
    "balanced_accuracy": 0.7757551102879272,
    "accuracy": 0.8605067826977221,
    "log_loss": 0.30253147432348176,
    "roc_auc": 0.7757551102879272,
    "f1": 0.9109477124183006,
    "precision": 0.8847801936200603,
    "recall": 0.9387102205758545,
    "inference_time": 0.8615977764129639,
    "training_time": 314.54153537750244,
    "dataset": "adult",
    "model": "transformer/cls",
    "fold": "F3",
    "architecture_name": "A18",
    "fs_method": "none",
    "fs_percent": 1.0,
    "fs_n_features": 14
}