{
    "valid_loss": {
        "balanced_accuracy": 0.9438545143040709,
        "accuracy": 0.9439024390243902,
        "log_loss": 0.19518520158997438,
        "roc_auc": 0.943854514304071,
        "f1": 0.9451073985680191,
        "precision": 0.927400468384075,
        "recall": 0.9635036496350365
    }
}