{
    "valid_loss": {
        "balanced_accuracy": 0.7779649831649832,
        "accuracy": 0.8586052463211772,
        "log_loss": 0.3053285876761306,
        "roc_auc": 0.7779649831649832,
        "f1": 0.9093444909344491,
        "precision": 0.8868618979036645,
        "recall": 0.932996632996633
    }
}