{
    "balanced_accuracy": 0.7632162076606521,
    "accuracy": 0.7672955974842768,
    "log_loss": 0.4644297859478952,
    "roc_auc": 0.7632162076606522,
    "f1": 0.8109028960817717,
    "precision": 0.6918604651162791,
    "recall": 0.9794238683127572,
    "training_time": 8.285408735275269,
    "inference_time": 0.013369560241699219,
    "dataset": "jasmine",
    "model": "mlp/full",
    "fold": "F2",
    "architecture_name": "A1",
    "fs_method": "f_classif",
    "fs_percent": 0.4,
    "fs_n_features": 57
}