{
    "valid_loss": {
        "balanced_accuracy": 0.33423477628100073,
        "accuracy": 0.6210099325195239,
        "log_loss": 1.1002664138327842
    }
}