{
    "balanced_accuracy": 0.775957581513137,
    "accuracy": 0.779874213836478,
    "log_loss": 0.4590899640038179,
    "roc_auc": 0.7759575815131371,
    "f1": 0.8198970840480274,
    "precision": 0.7029411764705882,
    "recall": 0.9835390946502057,
    "inference_time": 0.013419389724731445,
    "training_time": 0,
    "dataset": "jasmine",
    "model": "mlp/simple",
    "fold": "F3",
    "architecture_name": "A1",
    "fs_method": "none",
    "fs_percent": 1.0,
    "fs_n_features": 144
}