{
    "valid_loss": {
        "balanced_accuracy": 0.3374825027452059,
        "accuracy": 0.6201994161580164,
        "log_loss": 1.103674930464065
    }
}