{
    "balanced_accuracy": 0.5482897252193019,
    "accuracy": 0.625866747060597
}