{
    "balanced_accuracy": 0.4559037080668286,
    "accuracy": 0.5488245931283906
}