{
    "valid_loss": {
        "balanced_accuracy": 0.7926101041940286,
        "accuracy": 0.7949790794979079,
        "log_loss": 0.420665710888371,
        "roc_auc": 0.7926101041940284,
        "f1": 0.822463768115942,
        "precision": 0.7346278317152104,
        "recall": 0.934156378600823
    }
}