{
    "balanced_accuracy": 0.924126950050093,
    "accuracy": 0.9242979242979243,
    "log_loss": 0.19317015476666913,
    "roc_auc": 0.924126950050093,
    "f1": 0.9279069767441861,
    "precision": 0.888641425389755,
    "recall": 0.9708029197080292,
    "training_time": 11.849493026733398,
    "inference_time": 0.030216455459594727,
    "dataset": "sylvine",
    "model": "mlp/full",
    "fold": "F4",
    "architecture_name": "A1",
    "fs_method": "f_classif",
    "fs_percent": 0.8,
    "fs_n_features": 16
}