{
    "balanced_accuracy": 0.941089108910891,
    "accuracy": 0.9404878048780487,
    "log_loss": 0.17121616286270105,
    "roc_auc": 0.9410891089108911,
    "f1": 0.9420702754036088,
    "precision": 0.9051094890510949,
    "recall": 0.9821782178217822,
    "training_time": 0.11408448219299316,
    "inference_time": 0.0011515617370605469,
    "dataset": "sylvine",
    "model": "xgboost",
    "architecture_name": "A3",
    "fs_method": "random_2",
    "fs_percent": 0.8,
    "fs_n_features": 16
}