{
    "balanced_accuracy": 0.3466373626373626,
    "accuracy": 0.5628140703517588
}