{
    "balanced_accuracy": 0.9751442997919739,
    "accuracy": 0.975,
    "log_loss": 0.07758719195668574,
    "roc_auc": 0.9751442997919739,
    "f1": 0.9751552795031055,
    "precision": 0.9602446483180428,
    "recall": 0.9905362776025236,
    "inference_time": 0.015125274658203125,
    "training_time": 0,
    "dataset": "kr-vs-kp",
    "model": "mlp/simple_nnw",
    "architecture_name": "A1",
    "fs_method": "linear_model",
    "fs_percent": 0.7,
    "fs_n_features": 25
}