{
    "balanced_accuracy": 0.7228700336700337,
    "accuracy": 0.8153550863723609,
    "log_loss": 0.413310498392621,
    "roc_auc": 0.7228700336700336,
    "f1": 0.8811661039281891,
    "precision": 0.8624858939222957,
    "recall": 0.9006734006734006,
    "inference_time": 0.9010970592498779,
    "training_time": 269.1218492984772,
    "dataset": "adult",
    "model": "transformer/cls",
    "fold": "F0",
    "architecture_name": "A22",
    "fs_method": "f_classif",
    "fs_percent": 0.4,
    "fs_n_features": 5
}