{
    "valid_loss": {
        "balanced_accuracy": 0.7499605545265757,
        "accuracy": 0.8401586895316099,
        "log_loss": 0.3469931696737842,
        "roc_auc": 0.7499605545265757,
        "f1": 0.8977654088565115,
        "precision": 0.8735266008282893,
        "recall": 0.9233877757198181
    }
}