{
    "balanced_accuracy": 0.5713859020310633,
    "accuracy": 0.7985611510791367
}