{
    "balanced_accuracy": 0.8023899968344412,
    "accuracy": 0.8050314465408805,
    "log_loss": 0.41535695192081845,
    "roc_auc": 0.8023899968344412,
    "f1": 0.8312159709618875,
    "precision": 0.7435064935064936,
    "recall": 0.9423868312757202,
    "training_time": 0.08381772041320801,
    "inference_time": 0.0009744167327880859
}