{
    "balanced_accuracy": 0.6498677313476706,
    "accuracy": 0.7273652085452695
}