{
    "valid_loss": {
        "balanced_accuracy": 0.7423602693602693,
        "accuracy": 0.835828534868842,
        "log_loss": 0.3515642006253032,
        "roc_auc": 0.7423602693602693,
        "f1": 0.8951540410231266,
        "precision": 0.8697792599650628,
        "recall": 0.922053872053872
    }
}