{
    "balanced_accuracy": 0.8242448121880745,
    "accuracy": 0.8263598326359832,
    "log_loss": 0.39758537823230317,
    "roc_auc": 0.8242448121880747,
    "f1": 0.8477064220183487,
    "precision": 0.7649006622516556,
    "recall": 0.9506172839506173,
    "training_time": 0.06768250465393066,
    "inference_time": 0.0007848739624023438,
    "dataset": "jasmine",
    "model": "xgboost",
    "fold": "F1",
    "architecture_name": "A0",
    "fs_method": "random_2",
    "fs_percent": 0.8,
    "fs_n_features": 115
}