{
    "balanced_accuracy": 0.9245430312261995,
    "accuracy": 0.9239024390243903,
    "log_loss": 0.21739938914769677,
    "roc_auc": 0.9245430312261995,
    "f1": 0.9261363636363636,
    "precision": 0.8874773139745916,
    "recall": 0.9683168316831683,
    "inference_time": 0.02599191665649414,
    "training_time": 0,
    "dataset": "sylvine",
    "model": "mlp/simple_nd_nnw",
    "architecture_name": "A1",
    "fs_method": "linear_model",
    "fs_percent": 0.4,
    "fs_n_features": 8
}