{
    "balanced_accuracy": 0.9903122130394858,
    "accuracy": 0.990234375,
    "log_loss": 0.04053223589427077,
    "roc_auc": 0.9903122130394859,
    "f1": 0.9896907216494846,
    "precision": 0.9876543209876543,
    "recall": 0.9917355371900827,
    "inference_time": 0.01285243034362793,
    "training_time": 0,
    "dataset": "kr-vs-kp",
    "model": "mlp/simple_nd",
    "fold": "F0",
    "architecture_name": "A0",
    "fs_method": "decision_tree",
    "fs_percent": 0.7,
    "fs_n_features": 25
}