{
    "valid_loss": {
        "balanced_accuracy": 0.9534789644012944,
        "accuracy": 0.9536585365853658,
        "log_loss": 0.16419038985191708,
        "roc_auc": 0.9534789644012944,
        "f1": 0.955503512880562,
        "precision": 0.9230769230769231,
        "recall": 0.9902912621359223
    }
}