{
    "valid_loss": {
        "balanced_accuracy": 0.5853991525810002,
        "accuracy": 0.6483009968914138,
        "log_loss": 1.0108012530613062
    }
}