{
    "valid_loss": {
        "balanced_accuracy": 0.32995860022019324,
        "accuracy": 0.6154750170596709,
        "log_loss": 1.1165571324270491
    }
}