{
  "dropout": 0.2244858157813448,
  "embedding_size": 1024,
  "n_head": 2,
  "n_hid": 64,
  "n_layers": 3,
  "numerical_passthrough": true,
  "optimizer__lr": 0.0010443544111267105
}