{
    "balanced_accuracy": 0.544551266349875,
    "accuracy": 0.6459816887080366
}