{
    "balanced_accuracy": 0.674496412803532,
    "accuracy": 0.8241206030150754
}