{
    "balanced_accuracy": 0.8999518141095426,
    "accuracy": 0.9,
    "log_loss": 0.3833867655745765,
    "roc_auc": 0.8999518141095426,
    "f1": 0.9021479713603818,
    "precision": 0.8852459016393442,
    "recall": 0.9197080291970803,
    "inference_time": 0.09920644760131836,
    "training_time": 48.34494694796474,
    "dataset": "sylvine",
    "model": "transformer/cls",
    "fold": "F3",
    "architecture_name": "A26",
    "fs_method": "random_2",
    "fs_percent": 0.5,
    "fs_n_features": 10
}