{
    "balanced_accuracy": 0.9265538739767751,
    "accuracy": 0.926829268292683,
    "log_loss": 0.17194926389807108,
    "roc_auc": 0.9265538739767751,
    "f1": 0.9310344827586207,
    "precision": 0.8842794759825328,
    "recall": 0.9830097087378641,
    "training_time": 14.898503065109253,
    "inference_time": 0.023512840270996094,
    "dataset": "sylvine",
    "model": "mlp/full",
    "fold": "F1",
    "architecture_name": "A1",
    "fs_method": "decision_tree",
    "fs_percent": 0.7,
    "fs_n_features": 14
}