{
    "valid_loss": {
        "balanced_accuracy": 0.6108326786694952,
        "accuracy": 0.6780278670953912,
        "log_loss": 0.9070072590273313
    }
}