{
    "balanced_accuracy": 0.8582073664040877,
    "accuracy": 0.855072463768116,
    "log_loss": 0.37531116541467496,
    "roc_auc": 0.8582073664040878,
    "f1": 0.84375,
    "precision": 0.8059701492537313,
    "recall": 0.8852459016393442,
    "inference_time": 0.003925800323486328,
    "training_time": 0,
    "dataset": "australian",
    "model": "mlp/simple_nnw",
    "architecture_name": "A0",
    "fs_method": "decision_tree",
    "fs_percent": 0.8,
    "fs_n_features": 11
}