{
    "balanced_accuracy": 0.9169536999030333,
    "accuracy": 0.9170731707317074,
    "log_loss": 0.19547217250175422,
    "roc_auc": 0.9169536999030332,
    "f1": 0.9211136890951276,
    "precision": 0.8802660753880266,
    "recall": 0.9659367396593674,
    "training_time": 0.05267906188964844,
    "inference_time": 0.0006945133209228516,
    "dataset": "sylvine",
    "model": "xgboost",
    "fold": "F2",
    "architecture_name": "A0",
    "fs_method": "linear_model",
    "fs_percent": 0.4,
    "fs_n_features": 8
}