{
    "valid_loss": {
        "balanced_accuracy": 0.8161592505854801,
        "accuracy": 0.8272727272727273,
        "log_loss": 0.4080850403650488,
        "roc_auc": 0.8161592505854802,
        "f1": 0.7865168539325843,
        "precision": 0.875,
        "recall": 0.7142857142857143
    }
}