{
    "balanced_accuracy": 0.9566980057419427,
    "accuracy": 0.9669229653271435,
    "log_loss": 0.09636654859424233,
    "roc_auc": 0.9566980057419426,
    "f1": 0.9770716009654062,
    "precision": 0.9741327451373571,
    "recall": 0.980028242888844,
    "training_time": 0.5014431476593018,
    "inference_time": 0.004410743713378906,
    "dataset": "nomao",
    "model": "xgboost",
    "architecture_name": "A3",
    "fs_method": "random_1",
    "fs_percent": 0.4,
    "fs_n_features": 47
}