{
    "valid_loss": {
        "balanced_accuracy": 0.6211262569568451,
        "accuracy": 0.6884244372990354,
        "log_loss": 0.8966634498940844
    }
}