{
    "balanced_accuracy": 0.7368855218855219,
    "accuracy": 0.835828534868842,
    "log_loss": 0.33945556184566633,
    "roc_auc": 0.7368855218855218,
    "f1": 0.8956656094982516,
    "precision": 0.866289130092811,
    "recall": 0.9271043771043771,
    "inference_time": 0.14838671684265137,
    "training_time": 0,
    "dataset": "adult",
    "model": "mlp/simple_nd_nnw",
    "fold": "F2",
    "architecture_name": "A0",
    "fs_method": "random_4",
    "fs_percent": 0.9,
    "fs_n_features": 12
}