{
    "balanced_accuracy": 0.8844634628044766,
    "accuracy": 0.8828828828828829,
    "log_loss": 0.3256411091528298,
    "roc_auc": 0.8844634628044766,
    "f1": 0.8712871287128713,
    "precision": 0.8461538461538461,
    "recall": 0.8979591836734694,
    "training_time": 2.3525662422180176,
    "inference_time": 0.003939390182495117,
    "dataset": "australian",
    "model": "mlp/full",
    "fold": "F1",
    "architecture_name": "A1",
    "fs_method": "linear_model",
    "fs_percent": 0.8,
    "fs_n_features": 11
}