{
    "valid_loss": {
        "balanced_accuracy": 0.9376431229426077,
        "accuracy": 0.9377289377289377,
        "log_loss": 0.16811763734149984,
        "roc_auc": 0.9376431229426077,
        "f1": 0.93935790725327,
        "precision": 0.9186046511627907,
        "recall": 0.9610705596107056
    }
}