{
    "balanced_accuracy": 0.7750079138968028,
    "accuracy": 0.7777777777777778,
    "log_loss": 0.5026425532914167,
    "roc_auc": 0.7750079138968028,
    "f1": 0.8086642599277978,
    "precision": 0.7202572347266881,
    "recall": 0.9218106995884774,
    "inference_time": 0.010604143142700195,
    "training_time": 0,
    "dataset": "jasmine",
    "model": "mlp/simple_nd_nn",
    "fold": "F4",
    "architecture_name": "A0",
    "fs_method": "random_2",
    "fs_percent": 0.5,
    "fs_n_features": 72
}