{
    "balanced_accuracy": 0.803948866123807,
    "accuracy": 0.805439330543933,
    "log_loss": 0.4044904199609617,
    "roc_auc": 0.803948866123807,
    "f1": 0.8235294117647058,
    "precision": 0.7640845070422535,
    "recall": 0.8930041152263375,
    "training_time": 0.08634138107299805,
    "inference_time": 0.0008442401885986328,
    "dataset": "jasmine",
    "model": "xgboost",
    "fold": "F0",
    "architecture_name": "A1",
    "fs_method": "random_1",
    "fs_percent": 0.7,
    "fs_n_features": 100
}