{
    "balanced_accuracy": 0.5492219850626289,
    "accuracy": 0.7686796315250768
}