{
  "dropout": 0.4162544953133631,
  "embedding_size": 512,
  "n_head": 16,
  "n_hid": 1024,
  "n_layers": 2,
  "numerical_passthrough": true,
  "optimizer__lr": 0.06393057108046135
}