{
    "balanced_accuracy": 0.7292447437840265,
    "accuracy": 0.8303045815203481,
    "log_loss": 0.37936665862614616,
    "roc_auc": 0.7292447437840265,
    "f1": 0.8921600520494469,
    "precision": 0.8628283781658015,
    "recall": 0.9235561542347196,
    "training_time": 158.8195481300354,
    "inference_time": 0.2214357852935791,
    "dataset": "adult",
    "model": "mlp/full",
    "fold": "F3",
    "architecture_name": "A1",
    "fs_method": "f_classif",
    "fs_percent": 0.4,
    "fs_n_features": 5
}