{
    "valid_loss": {
        "balanced_accuracy": 0.9391512962218294,
        "accuracy": 0.9590208522212149,
        "log_loss": 0.1255638459216351,
        "roc_auc": 0.9391512962218294,
        "f1": 0.9716791979949875,
        "precision": 0.9579935754880158,
        "recall": 0.9857615052123061
    }
}