{
    "valid_loss": {
        "balanced_accuracy": 0.5143553711516688,
        "accuracy": 0.7572219273637122,
        "log_loss": 0.7105975353051152
    }
}