{
    "balanced_accuracy": 0.4691470364205753,
    "accuracy": 0.6766917293233082
}