{
    "balanced_accuracy": 0.6434579204482653,
    "accuracy": 0.899890590809628
}