{
    "valid_loss": {
        "balanced_accuracy": 0.3405836699606715,
        "accuracy": 0.6214505061227584,
        "log_loss": 1.1016971917528489
    }
}