{
    "valid_loss": {
        "balanced_accuracy": 0.7720515911769659,
        "accuracy": 0.851548502687484,
        "log_loss": 0.3246057736859066,
        "roc_auc": 0.7720515911769659,
        "f1": 0.9044953070969867,
        "precision": 0.8849685838569357,
        "recall": 0.9249031823539317
    }
}