{
    "balanced_accuracy": 0.8329530201342282,
    "accuracy": 0.8327759197324415
}