{
    "balanced_accuracy": 0.6320999045855082,
    "accuracy": 0.8166112106475557,
    "log_loss": 0.36446007428267574,
    "roc_auc": 0.6320999045855082,
    "f1": 0.8910680349676929,
    "precision": 0.8122228381374723,
    "recall": 0.9868664758376832,
    "inference_time": 0.17597222328186035,
    "training_time": 0,
    "dataset": "adult",
    "model": "mlp/simple_nd",
    "fold": "F3",
    "architecture_name": "A0",
    "fs_method": "f_classif",
    "fs_percent": 0.7,
    "fs_n_features": 9
}