{
    "balanced_accuracy": 0.6805407707047051,
    "accuracy": 0.6739130434782609,
    "log_loss": 1.9360205665592205,
    "roc_auc": 0.6805407707047051,
    "f1": 0.6666666666666666,
    "precision": 0.6081081081081081,
    "recall": 0.7377049180327869,
    "inference_time": 0.005252361297607422,
    "training_time": 0,
    "dataset": "australian",
    "model": "mlp/simple",
    "architecture_name": "A1",
    "fs_method": "random_5",
    "fs_percent": 0.5,
    "fs_n_features": 7
}