{
    "balanced_accuracy": 0.853097721950181,
    "accuracy": 0.855072463768116,
    "log_loss": 0.353729650020016,
    "roc_auc": 0.853097721950181,
    "f1": 0.8360655737704918,
    "precision": 0.8360655737704918,
    "recall": 0.8360655737704918,
    "inference_time": 0.0032126903533935547,
    "training_time": 0,
    "dataset": "australian",
    "model": "mlp/simple_nnw",
    "architecture_name": "A0",
    "fs_method": "random_1",
    "fs_percent": 0.8,
    "fs_n_features": 11
}