{
    "valid_loss": {
        "balanced_accuracy": 0.7844632996632996,
        "accuracy": 0.8615483045425464,
        "log_loss": 0.30227008352827384,
        "roc_auc": 0.7844632996632996,
        "f1": 0.9110343693471469,
        "precision": 0.8903889424622308,
        "recall": 0.9326599326599326
    }
}