{
    "balanced_accuracy": 0.8691870190699231,
    "accuracy": 0.8727272727272727,
    "log_loss": 0.32625622391783204,
    "roc_auc": 0.8691870190699231,
    "f1": 0.8541666666666666,
    "precision": 0.8723404255319149,
    "recall": 0.8367346938775511,
    "inference_time": 0.017597436904907227,
    "training_time": 5.414254188537598,
    "dataset": "australian",
    "model": "transformer/cls",
    "fold": "F2",
    "architecture_name": "A15",
    "fs_method": "none",
    "fs_percent": 1.0,
    "fs_n_features": 14
}