{
  "dropout": 0.20246364505468886,
  "embedding_size": 128,
  "n_head": 1,
  "n_hid": 128,
  "n_layers": 2,
  "numerical_passthrough": false,
  "optimizer__lr": 0.0004596805972109577
}