{
    "valid_loss": {
        "balanced_accuracy": 0.9351921425504508,
        "accuracy": 0.9352869352869353,
        "log_loss": 0.15979603306181156,
        "roc_auc": 0.9351921425504509,
        "f1": 0.9371293001186239,
        "precision": 0.9143518518518519,
        "recall": 0.9610705596107056
    }
}