{
    "balanced_accuracy": 0.5615975422427035,
    "accuracy": 0.8901734104046243
}