{
    "balanced_accuracy": 0.873056615503103,
    "accuracy": 0.8957388939256573,
    "log_loss": 0.35513695403431755,
    "roc_auc": 0.8730566155031031,
    "f1": 0.9268540898104567,
    "precision": 0.9274439918533605,
    "recall": 0.9262649377065854,
    "inference_time": 0.59783935546875,
    "training_time": 446.46861603043305,
    "dataset": "nomao",
    "model": "transformer/cls",
    "fold": "F1",
    "architecture_name": "A28",
    "fs_method": "random_3",
    "fs_percent": 0.6,
    "fs_n_features": 70
}