{
    "balanced_accuracy": 0.7295030072807851,
    "accuracy": 0.7295597484276729,
    "log_loss": 0.4896147196674993,
    "roc_auc": 0.7295030072807851,
    "f1": 0.734020618556701,
    "precision": 0.7355371900826446,
    "recall": 0.7325102880658436,
    "inference_time": 0.011613845825195312,
    "training_time": 0,
    "dataset": "jasmine",
    "model": "mlp/simple_nnw",
    "fold": "F4",
    "architecture_name": "A1",
    "fs_method": "random_5",
    "fs_percent": 0.5,
    "fs_n_features": 72
}