{
    "balanced_accuracy": 0.6183609366076528,
    "accuracy": 0.6182926829268293,
    "log_loss": 0.6502527647808972,
    "roc_auc": 0.6183609366076528,
    "f1": 0.6140567200986436,
    "precision": 0.6240601503759399,
    "recall": 0.6043689320388349,
    "training_time": 0.06670618057250977,
    "inference_time": 0.0007829666137695312,
    "dataset": "sylvine",
    "model": "xgboost",
    "fold": "F0",
    "architecture_name": "A0",
    "fs_method": "random_2",
    "fs_percent": 0.5,
    "fs_n_features": 10
}