{
    "valid_loss": {
        "balanced_accuracy": 0.6027194893140045,
        "accuracy": 0.6739549839228296,
        "log_loss": 0.932525819902541
    }
}