{
    "balanced_accuracy": 0.9315603978817804,
    "accuracy": 0.9316239316239316,
    "log_loss": 0.17215559082069254,
    "roc_auc": 0.9315603978817804,
    "f1": 0.9330143540669856,
    "precision": 0.9176470588235294,
    "recall": 0.948905109489051,
    "training_time": 0.10857915878295898,
    "inference_time": 0.0009565353393554688,
    "dataset": "sylvine",
    "model": "xgboost",
    "fold": "F4",
    "architecture_name": "A1",
    "fs_method": "linear_model",
    "fs_percent": 0.7,
    "fs_n_features": 14
}