{
    "balanced_accuracy": 0.622657450076805,
    "accuracy": 0.4320809248554913
}