{
    "valid_loss": {
        "balanced_accuracy": 0.9453090209780426,
        "accuracy": 0.9613710554951034,
        "log_loss": 0.10675724101326722,
        "roc_auc": 0.9453090209780426,
        "f1": 0.9731906859660163,
        "precision": 0.9636091724825523,
        "recall": 0.9829646580218663
    }
}