{
    "balanced_accuracy": 0.950232572052467,
    "accuracy": 0.9624591947769314,
    "log_loss": 0.09961720226568066,
    "roc_auc": 0.9502325720524671,
    "f1": 0.9738206652333375,
    "precision": 0.968797181680926,
    "recall": 0.9788965166539537,
    "inference_time": 0.9323673248291016,
    "training_time": 394.1068742458637
}