{
    "balanced_accuracy": 0.5891818181818181,
    "accuracy": 0.7957773512476007,
    "log_loss": 0.46172510945254275,
    "roc_auc": 0.5891818181818181,
    "f1": 0.8801261829652997,
    "precision": 0.7945484133441822,
    "recall": 0.9863636363636363,
    "inference_time": 0.1875138282775879,
    "training_time": 0,
    "dataset": "adult",
    "model": "mlp/simple_nd_nn",
    "fold": "F2",
    "architecture_name": "A1",
    "fs_method": "linear_model",
    "fs_percent": 0.4,
    "fs_n_features": 5
}