{
    "balanced_accuracy": 0.5602066038014067,
    "accuracy": 0.3321048321048321
}