{
    "balanced_accuracy": 0.3849195780501537,
    "accuracy": 0.6236641221374046
}