{
    "balanced_accuracy": 0.7968423733129615,
    "accuracy": 0.8952772073921971
}