{
    "balanced_accuracy": 0.5184618195119952,
    "accuracy": 0.7017543859649122
}