{
    "balanced_accuracy": 0.36143170356213833,
    "accuracy": 0.6215538847117794
}