{
    "valid_loss": {
        "balanced_accuracy": 0.543149728508997,
        "accuracy": 0.6528403001071811,
        "log_loss": 1.0069442833448412
    }
}