{
    "balanced_accuracy": 0.9532465953307393,
    "accuracy": 0.9532163742690059
}