{
    "balanced_accuracy": 0.5531767337807606,
    "accuracy": 0.5518394648829431
}