{
    "balanced_accuracy": 0.3195180798984445,
    "accuracy": 0.5251908396946565
}