{
    "valid_loss": {
        "balanced_accuracy": 0.8069009180120291,
        "accuracy": 0.8092243186582809,
        "log_loss": 0.3961681207242349,
        "roc_auc": 0.8069009180120291,
        "f1": 0.8324125230202578,
        "precision": 0.7533333333333333,
        "recall": 0.9300411522633745
    }
}