{
    "balanced_accuracy": 0.8618620924227114,
    "accuracy": 0.8435867672663958
}