{
    "balanced_accuracy": 0.7983539094650205,
    "accuracy": 0.80083857442348,
    "log_loss": 0.4443729873295953,
    "roc_auc": 0.7983539094650206,
    "f1": 0.8263254113345521,
    "precision": 0.743421052631579,
    "recall": 0.9300411522633745,
    "inference_time": 0.08725953102111816,
    "training_time": 45.23636100973401,
    "dataset": "jasmine",
    "model": "transformer/cls",
    "fold": "F3",
    "architecture_name": "A17",
    "fs_method": "none",
    "fs_percent": 1.0,
    "fs_n_features": 144
}