{
    "balanced_accuracy": 0.9536391792489354,
    "accuracy": 0.9517241379310345
}