{
    "valid_loss": {
        "balanced_accuracy": 0.9277079610659327,
        "accuracy": 0.9521305530371713,
        "log_loss": 0.12582208436375666,
        "roc_auc": 0.9277079610659327,
        "f1": 0.9670494258612082,
        "precision": 0.9497425839666584,
        "recall": 0.9849987287058225
    }
}