{
    "balanced_accuracy": 0.8199588477366255,
    "accuracy": 0.8218029350104822,
    "log_loss": 0.39453123162896964,
    "roc_auc": 0.8199588477366255,
    "f1": 0.839924670433145,
    "precision": 0.7743055555555556,
    "recall": 0.9176954732510288,
    "inference_time": 0.1435399055480957,
    "training_time": 71.46690988540652
}