{
    "valid_loss": {
        "balanced_accuracy": 0.5730914443797369,
        "accuracy": 0.667309753483387,
        "log_loss": 0.9560774092634808
    }
}