{
    "valid_loss": {
        "balanced_accuracy": 0.7586006734006734,
        "accuracy": 0.8391554702495202,
        "log_loss": 0.35536127305990506,
        "roc_auc": 0.7586006734006734,
        "f1": 0.896192914361219,
        "precision": 0.8795590857513373,
        "recall": 0.9134680134680134
    }
}