{
    "balanced_accuracy": 0.5149847094801223,
    "accuracy": 0.7697841726618705
}