{
    "valid_loss": {
        "balanced_accuracy": 0.522046264708741,
        "accuracy": 0.7657896732125256,
        "log_loss": 0.6890072878081213
    }
}