{
    "valid_loss": {
        "balanced_accuracy": 0.3361472833272938,
        "accuracy": 0.6171430737735992,
        "log_loss": 1.1037699884018866
    }
}