{
    "balanced_accuracy": 0.7774875420875421,
    "accuracy": 0.8243122200895714,
    "log_loss": 0.3570344552781715,
    "roc_auc": 0.7774875420875422,
    "f1": 0.8824385649456289,
    "precision": 0.897891618748911,
    "recall": 0.8675084175084176,
    "inference_time": 0.1704857349395752,
    "training_time": 0,
    "dataset": "adult",
    "model": "mlp/simple",
    "fold": "F1",
    "architecture_name": "A0",
    "fs_method": "decision_tree",
    "fs_percent": 0.9,
    "fs_n_features": 12
}