{
    "balanced_accuracy": 0.9636487059576173,
    "accuracy": 0.9713456655785274,
    "log_loss": 0.08087366637908593,
    "roc_auc": 0.9636487059576173,
    "f1": 0.9799492385786802,
    "precision": 0.9782112997213073,
    "recall": 0.9816933638443935,
    "training_time": 1.5946378707885742,
    "inference_time": 0.006991147994995117,
    "dataset": "nomao",
    "model": "xgboost",
    "fold": "F3",
    "architecture_name": "A3",
    "fs_method": "decision_tree",
    "fs_percent": 0.9,
    "fs_n_features": 106
}