{
    "balanced_accuracy": 0.8198360655737704,
    "accuracy": 0.8198198198198198,
    "log_loss": 0.3503219496212908,
    "roc_auc": 0.8198360655737704,
    "f1": 0.803921568627451,
    "precision": 0.7884615384615384,
    "recall": 0.82,
    "training_time": 1.581040382385254,
    "inference_time": 0.0032341480255126953,
    "dataset": "australian",
    "model": "mlp/full_nd",
    "fold": "F0",
    "architecture_name": "A0",
    "fs_method": "none",
    "fs_percent": 1.0,
    "fs_n_features": 14
}