{
    "balanced_accuracy": 0.9041017731832603,
    "accuracy": 0.9116494994922385,
    "log_loss": 0.3268096037915976,
    "roc_auc": 0.9041017731832603,
    "f1": 0.9374935851380478,
    "precision": 0.9542415378186377,
    "recall": 0.9213233810772645,
    "inference_time": 0.16750240325927734,
    "training_time": 0,
    "dataset": "nomao",
    "model": "mlp/simple_nnw",
    "architecture_name": "A1",
    "fs_method": "random_4",
    "fs_percent": 0.6,
    "fs_n_features": 70
}