{
    "balanced_accuracy": 0.5482734763647837,
    "accuracy": 0.710373594486761,
    "log_loss": 0.8618776254020467,
    "roc_auc": 0.5482734763647837,
    "f1": 0.8205416338914485,
    "precision": 0.7351993556182038,
    "recall": 0.9282990083905416,
    "inference_time": 0.14123082160949707,
    "training_time": 0,
    "dataset": "nomao",
    "model": "mlp/simple_nd_nn",
    "fold": "F3",
    "architecture_name": "A1",
    "fs_method": "random_3",
    "fs_percent": 0.6,
    "fs_n_features": 70
}