{
    "balanced_accuracy": 0.729412562745896,
    "accuracy": 0.7296511627906976
}