{
    "balanced_accuracy": 0.9493783438715953,
    "accuracy": 0.949317738791423
}