{
    "balanced_accuracy": 0.9919429168330824,
    "accuracy": 0.9921722113502935,
    "log_loss": 0.030770176285823708,
    "roc_auc": 0.9919429168330824,
    "f1": 0.991701244813278,
    "precision": 0.9958333333333333,
    "recall": 0.987603305785124,
    "training_time": 0.08886480331420898,
    "inference_time": 0.0012340545654296875,
    "dataset": "kr-vs-kp",
    "model": "xgboost",
    "fold": "F2",
    "architecture_name": "A1",
    "fs_method": "random_5",
    "fs_percent": 0.9,
    "fs_n_features": 32
}