{
    "balanced_accuracy": 0.8880384016606123,
    "accuracy": 0.9111111111111111
}