{
    "valid_loss": {
        "balanced_accuracy": 0.7995409939854384,
        "accuracy": 0.80083857442348,
        "log_loss": 0.4106453868774411,
        "roc_auc": 0.7995409939854385,
        "f1": 0.816247582205029,
        "precision": 0.7700729927007299,
        "recall": 0.8683127572016461
    }
}