{
    "balanced_accuracy": 0.9168634607127522,
    "accuracy": 0.9169719169719169,
    "log_loss": 0.23751316202188186,
    "roc_auc": 0.916863460712752,
    "f1": 0.9196217494089834,
    "precision": 0.8942528735632184,
    "recall": 0.9464720194647201,
    "inference_time": 0.01696181297302246,
    "training_time": 0,
    "dataset": "sylvine",
    "model": "mlp/simple_nd_nn",
    "fold": "F4",
    "architecture_name": "A0",
    "fs_method": "linear_model",
    "fs_percent": 0.6,
    "fs_n_features": 12
}