{
    "balanced_accuracy": 0.7811016144349477,
    "accuracy": 0.7840670859538784,
    "log_loss": 0.4414003303121024,
    "roc_auc": 0.7811016144349477,
    "f1": 0.815742397137746,
    "precision": 0.7215189873417721,
    "recall": 0.9382716049382716,
    "training_time": 8.202185153961182,
    "inference_time": 0.02433037757873535,
    "dataset": "jasmine",
    "model": "mlp/full",
    "fold": "F4",
    "architecture_name": "A1",
    "fs_method": "decision_tree",
    "fs_percent": 0.4,
    "fs_n_features": 57
}