{
    "valid_loss": {
        "balanced_accuracy": 0.5781397100357748,
        "accuracy": 0.69375,
        "log_loss": 0.5342526089330836,
        "roc_auc": 0.5781397100357748,
        "f1": 0.36363636363636365,
        "precision": 0.4666666666666667,
        "recall": 0.2978723404255319
    }
}