{
    "balanced_accuracy": 0.8667144363009485,
    "accuracy": 0.9090381546496445,
    "log_loss": 0.6297238242179266,
    "roc_auc": 0.8667144363009485,
    "f1": 0.9383904883560971,
    "precision": 0.9147509578544061,
    "recall": 0.9632842445027234,
    "inference_time": 0.16291522979736328,
    "training_time": 0,
    "dataset": "nomao",
    "model": "mlp/simple_nd_nn",
    "architecture_name": "A1",
    "fs_method": "random_2",
    "fs_percent": 0.5,
    "fs_n_features": 59
}