{
    "balanced_accuracy": 0.5845744680851064,
    "accuracy": 0.6791044776119403
}