{
    "valid_loss": {
        "balanced_accuracy": 0.9354399666906452,
        "accuracy": 0.955386289445049,
        "log_loss": 0.11875190542980248,
        "roc_auc": 0.9354399666906452,
        "f1": 0.9691419969894631,
        "precision": 0.9564248576380292,
        "recall": 0.9822018815153827
    }
}