{
    "balanced_accuracy": 0.801050696086157,
    "accuracy": 0.803347280334728,
    "log_loss": 0.4071171915729774,
    "roc_auc": 0.8010506960861571,
    "f1": 0.8290909090909091,
    "precision": 0.742671009771987,
    "recall": 0.9382716049382716,
    "inference_time": 0.011883735656738281,
    "training_time": 0,
    "dataset": "jasmine",
    "model": "mlp/simple_nd",
    "fold": "F0",
    "architecture_name": "A0",
    "fs_method": "linear_model",
    "fs_percent": 0.9,
    "fs_n_features": 129
}