{
    "balanced_accuracy": 0.6373977367363934,
    "accuracy": 0.5289928789420142
}