{
    "valid_loss": {
        "balanced_accuracy": 0.7955049066160178,
        "accuracy": 0.7987421383647799,
        "log_loss": 0.4231321865510317,
        "roc_auc": 0.7955049066160178,
        "f1": 0.8303886925795053,
        "precision": 0.7275541795665634,
        "recall": 0.9670781893004116
    }
}