{
    "balanced_accuracy": 0.7903744107744108,
    "accuracy": 0.8586052463211772,
    "log_loss": 0.3013558464840085,
    "roc_auc": 0.7903744107744107,
    "f1": 0.9083215796897038,
    "precision": 0.8954686733191559,
    "recall": 0.9215488215488216,
    "inference_time": 0.5301342010498047,
    "training_time": 208.4785497188568
}