{
    "balanced_accuracy": 0.6180150754058121,
    "accuracy": 0.7876740376740377
}