{
    "balanced_accuracy": 0.6846218086375566,
    "accuracy": 0.7046632124352331
}