{
    "balanced_accuracy": 0.9440151771175767,
    "accuracy": 0.9452054794520548,
    "log_loss": 0.1309163411473273,
    "roc_auc": 0.9440151771175767,
    "f1": 0.9409282700421941,
    "precision": 0.9612068965517241,
    "recall": 0.9214876033057852,
    "inference_time": 0.013049602508544922,
    "training_time": 0,
    "dataset": "kr-vs-kp",
    "model": "mlp/simple_nd_nn",
    "fold": "F2",
    "architecture_name": "A1",
    "fs_method": "decision_tree",
    "fs_percent": 0.6,
    "fs_n_features": 21
}