{
    "balanced_accuracy": 0.942934758145104,
    "accuracy": 0.960101559666304,
    "log_loss": 0.10414317516472522,
    "roc_auc": 0.9429347581451039,
    "f1": 0.9723340040241448,
    "precision": 0.9616915422885572,
    "recall": 0.9832146490335707,
    "inference_time": 1.676259994506836,
    "training_time": 885.9673463229474,
    "dataset": "nomao",
    "model": "transformer/cls",
    "fold": "F4",
    "architecture_name": "A27",
    "fs_method": "none",
    "fs_percent": 1.0,
    "fs_n_features": 118
}