{
    "valid_loss": {
        "balanced_accuracy": 0.580926386780944,
        "accuracy": 0.6721329046087888,
        "log_loss": 0.9495101228429571
    }
}