{
    "balanced_accuracy": 0.8986400870915354,
    "accuracy": 0.8987804878048781,
    "log_loss": 0.23392775241980543,
    "roc_auc": 0.8986400870915354,
    "f1": 0.904487917146145,
    "precision": 0.8580786026200873,
    "recall": 0.9562043795620438,
    "training_time": 0.06246352195739746,
    "inference_time": 0.00086212158203125,
    "dataset": "sylvine",
    "model": "xgboost",
    "fold": "F2",
    "architecture_name": "A0",
    "fs_method": "random_3",
    "fs_percent": 0.4,
    "fs_n_features": 8
}