{
    "valid_loss": {
        "balanced_accuracy": 0.33566143898982675,
        "accuracy": 0.6199105315035257,
        "log_loss": 1.0997153765330416
    }
}