{
    "balanced_accuracy": 0.6148745519713261,
    "accuracy": 0.8945086705202312
}