{
    "balanced_accuracy": 0.5181154973974988,
    "accuracy": 0.6917293233082706
}