{
    "balanced_accuracy": 0.7808969696969696,
    "accuracy": 0.8633397312859885,
    "log_loss": 0.292502594367967,
    "roc_auc": 0.7808969696969699,
    "f1": 0.9126594700686947,
    "precision": 0.8874045801526718,
    "recall": 0.9393939393939394,
    "training_time": 0.27056336402893066,
    "inference_time": 0.005429983139038086,
    "dataset": "adult",
    "model": "xgboost",
    "fold": "F1",
    "architecture_name": "A1",
    "fs_method": "random_1",
    "fs_percent": 0.7,
    "fs_n_features": 9
}