{
    "valid_loss": {
        "balanced_accuracy": 0.8068874445754055,
        "accuracy": 0.8651138981315587,
        "log_loss": 0.2952223646007414,
        "roc_auc": 0.8068874445754056,
        "f1": 0.9119318181818182,
        "precision": 0.9051252280643556,
        "recall": 0.9188415558174777
    }
}