{
    "balanced_accuracy": 0.48046875,
    "accuracy": 0.48046875
}