{
    "balanced_accuracy": 0.34173172265780516,
    "accuracy": 0.5358778625954198
}