{
    "balanced_accuracy": 0.5717741438956907,
    "accuracy": 0.646372834848225
}