{
    "balanced_accuracy": 0.7568059512503957,
    "accuracy": 0.7610062893081762,
    "log_loss": 0.49179671517279616,
    "roc_auc": 0.7568059512503956,
    "f1": 0.8067796610169492,
    "precision": 0.6858789625360231,
    "recall": 0.9794238683127572,
    "inference_time": 0.011269807815551758,
    "training_time": 0,
    "dataset": "jasmine",
    "model": "mlp/simple_nd",
    "fold": "F3",
    "architecture_name": "A0",
    "fs_method": "random_2",
    "fs_percent": 0.9,
    "fs_n_features": 129
}