{
    "balanced_accuracy": 0.7738638828085537,
    "accuracy": 0.8451497312515996,
    "log_loss": 0.33962549150920285,
    "roc_auc": 0.7738638828085538,
    "f1": 0.8994181213632585,
    "precision": 0.8881956985716631,
    "recall": 0.9109277656171073,
    "inference_time": 0.1799938678741455,
    "training_time": 0,
    "dataset": "adult",
    "model": "mlp/simple_nd",
    "fold": "F4",
    "architecture_name": "A0",
    "fs_method": "random_5",
    "fs_percent": 0.8,
    "fs_n_features": 11
}