{
    "balanced_accuracy": 0.40185395763656634,
    "accuracy": 0.6040100250626567
}