{
    "balanced_accuracy": 0.9579498342975388,
    "accuracy": 0.9669931084512151,
    "log_loss": 0.08739260882083086,
    "roc_auc": 0.9579498342975389,
    "f1": 0.9769152714358194,
    "precision": 0.9746899519109087,
    "recall": 0.9791507754894483,
    "training_time": 1.4850597381591797,
    "inference_time": 0.007875204086303711,
    "dataset": "nomao",
    "model": "xgboost",
    "fold": "F2",
    "architecture_name": "A2",
    "fs_method": "random_5",
    "fs_percent": 0.9,
    "fs_n_features": 106
}