{
    "balanced_accuracy": 0.8353559249132079,
    "accuracy": 0.837573385518591,
    "log_loss": 0.306277263204592,
    "roc_auc": 0.8353559249132078,
    "f1": 0.8222698072805139,
    "precision": 0.8533333333333334,
    "recall": 0.7933884297520661,
    "training_time": 0.05904555320739746,
    "inference_time": 0.0007474422454833984,
    "dataset": "kr-vs-kp",
    "model": "xgboost",
    "fold": "F1",
    "architecture_name": "A2",
    "fs_method": "random_2",
    "fs_percent": 0.8,
    "fs_n_features": 28
}