{
    "valid_loss": {
        "balanced_accuracy": 0.5722910317235446,
        "accuracy": 0.7820449634150964,
        "log_loss": 0.6765630128312755
    }
}