{
    "valid_loss": {
        "balanced_accuracy": 0.7790440012662234,
        "accuracy": 0.7819706498951782,
        "log_loss": 0.4687076547640367,
        "roc_auc": 0.7790440012662234,
        "f1": 0.8136200716845878,
        "precision": 0.7206349206349206,
        "recall": 0.934156378600823
    }
}