{
    "valid_loss": {
        "balanced_accuracy": 0.8028648306426085,
        "accuracy": 0.8050314465408805,
        "log_loss": 0.420564966605714,
        "roc_auc": 0.8028648306426085,
        "f1": 0.8274582560296846,
        "precision": 0.7533783783783784,
        "recall": 0.9176954732510288
    }
}