{
    "valid_loss": {
        "balanced_accuracy": 0.7843097643097643,
        "accuracy": 0.8593730006397953,
        "log_loss": 0.30113760045257393,
        "roc_auc": 0.7843097643097643,
        "f1": 0.9094056549336411,
        "precision": 0.8909707640122759,
        "recall": 0.9286195286195286
    }
}