{
    "balanced_accuracy": 0.3241218484462661,
    "accuracy": 0.4392523364485981
}