{
    "balanced_accuracy": 0.7447326599326599,
    "accuracy": 0.835828534868842,
    "log_loss": 0.3494873809803047,
    "roc_auc": 0.7447326599326599,
    "f1": 0.8949308000982721,
    "precision": 0.8713123903683623,
    "recall": 0.9198653198653198,
    "training_time": 0.36454105377197266,
    "inference_time": 0.005694389343261719,
    "dataset": "adult",
    "model": "xgboost",
    "fold": "F0",
    "architecture_name": "A2",
    "fs_method": "decision_tree",
    "fs_percent": 0.9,
    "fs_n_features": 12
}