{
    "balanced_accuracy": 0.7620414541548175,
    "accuracy": 0.8101541251133273,
    "log_loss": 0.6986964084591746,
    "roc_auc": 0.7620414541548177,
    "f1": 0.8679530836171018,
    "precision": 0.8611111111111112,
    "recall": 0.8749046529366895,
    "inference_time": 0.4023144245147705,
    "training_time": 479.9199761089525,
    "dataset": "nomao",
    "model": "transformer/cls",
    "fold": "F0",
    "architecture_name": "A28",
    "fs_method": "f_classif",
    "fs_percent": 0.4,
    "fs_n_features": 47
}