{
    "valid_loss": {
        "balanced_accuracy": 0.9314677327241576,
        "accuracy": 0.9317073170731708,
        "log_loss": 0.18470706967360154,
        "roc_auc": 0.9314677327241576,
        "f1": 0.9351851851851852,
        "precision": 0.8938053097345132,
        "recall": 0.9805825242718447
    }
}