{
    "valid_loss": {
        "balanced_accuracy": 0.5835865880613906,
        "accuracy": 0.6653804930332261,
        "log_loss": 0.9653859016428822
    }
}