{
    "valid_loss": {
        "balanced_accuracy": 0.9338029643588939,
        "accuracy": 0.9557490025389916,
        "log_loss": 0.11281060178656532,
        "roc_auc": 0.9338029643588939,
        "f1": 0.9694771078308732,
        "precision": 0.9541984732824428,
        "recall": 0.9852529875413171
    }
}