{
    "balanced_accuracy": 0.940175134890749,
    "accuracy": 0.9402439024390243,
    "log_loss": 0.14766555065215595,
    "roc_auc": 0.940175134890749,
    "f1": 0.9420118343195266,
    "precision": 0.9170506912442397,
    "recall": 0.9683698296836983,
    "training_time": 0.1754763126373291,
    "inference_time": 0.0011372566223144531,
    "dataset": "sylvine",
    "model": "xgboost",
    "fold": "F3",
    "architecture_name": "A1",
    "fs_method": "random_3",
    "fs_percent": 0.9,
    "fs_n_features": 18
}