{
    "balanced_accuracy": 0.9979338842975207,
    "accuracy": 0.9980430528375733,
    "log_loss": 0.004353806733480735,
    "roc_auc": 0.9979338842975207,
    "f1": 0.9979296066252588,
    "precision": 1.0,
    "recall": 0.9958677685950413,
    "inference_time": 0.06725001335144043,
    "training_time": 89.34719884073412,
    "dataset": "kr-vs-kp",
    "model": "transformer/cls",
    "fold": "F1",
    "architecture_name": "A7",
    "fs_method": "none",
    "fs_percent": 1.0,
    "fs_n_features": 36
}