{
    "balanced_accuracy": 0.7831238929112645,
    "accuracy": 0.862554389557205,
    "log_loss": 0.3020696348599687,
    "roc_auc": 0.7831238929112647,
    "f1": 0.9118949958982773,
    "precision": 0.8891377379619261,
    "recall": 0.935847785822529,
    "inference_time": 0.9842884540557861,
    "training_time": 343.2292900085449
}