{
    "balanced_accuracy": 0.6818432671081678,
    "accuracy": 0.8190954773869347
}