{
    "valid_loss": {
        "balanced_accuracy": 0.7848612794612795,
        "accuracy": 0.8493921944977607,
        "log_loss": 0.3214205973349596,
        "roc_auc": 0.7848612794612795,
        "f1": 0.9017118997912318,
        "precision": 0.8946147473073737,
        "recall": 0.9089225589225589
    }
}