{
    "balanced_accuracy": 0.5223601908919953,
    "accuracy": 0.6557251908396946
}