{
    "balanced_accuracy": 0.9828566161786845,
    "accuracy": 0.9823874755381604,
    "log_loss": 0.05148428199145292,
    "roc_auc": 0.9828566161786845,
    "f1": 0.9815950920245399,
    "precision": 0.97165991902834,
    "recall": 0.9917355371900827,
    "training_time": 0.06343817710876465,
    "inference_time": 0.0008411407470703125,
    "dataset": "kr-vs-kp",
    "model": "xgboost",
    "fold": "F1",
    "architecture_name": "A0",
    "fs_method": "linear_model",
    "fs_percent": 0.5,
    "fs_n_features": 18
}