{
    "balanced_accuracy": 0.8771584177052169,
    "accuracy": 0.9042367962855484
}