{
    "balanced_accuracy": 0.5852304083885209,
    "accuracy": 0.7964824120603015
}