{
    "balanced_accuracy": 0.8597590073968027,
    "accuracy": 0.8393782383419689
}