{
    "balanced_accuracy": 0.9448844150905673,
    "accuracy": 0.9593834995466909,
    "log_loss": 0.109069486506509,
    "roc_auc": 0.9448844150905672,
    "f1": 0.9717314487632509,
    "precision": 0.96467050864445,
    "recall": 0.9788965166539537,
    "inference_time": 0.5720880031585693,
    "training_time": 737.4589874479504,
    "dataset": "nomao",
    "model": "transformer/cls",
    "fold": "F1",
    "architecture_name": "A5",
    "fs_method": "none",
    "fs_percent": 1.0,
    "fs_n_features": 118
}