{
    "balanced_accuracy": 0.9484274705389857,
    "accuracy": 0.96227783822996,
    "log_loss": 0.09177112889870112,
    "roc_auc": 0.9484274705389857,
    "f1": 0.973744004039384,
    "precision": 0.9666666666666667,
    "recall": 0.9809257375381485,
    "inference_time": 0.9324827194213867,
    "training_time": 419.3402897242842
}