{
    "balanced_accuracy": 0.7348052158502378,
    "accuracy": 0.7979688066739209,
    "log_loss": 0.4983367425517563,
    "roc_auc": 0.734805215850238,
    "f1": 0.8617522958550509,
    "precision": 0.8414929714008725,
    "recall": 0.8830111902339777,
    "inference_time": 0.12540411949157715,
    "training_time": 0,
    "dataset": "nomao",
    "model": "mlp/simple_nnw",
    "fold": "F4",
    "architecture_name": "A1",
    "fs_method": "random_4",
    "fs_percent": 0.4,
    "fs_n_features": 47
}