{
    "balanced_accuracy": 0.9290897678428671,
    "accuracy": 0.9474066013783098,
    "log_loss": 0.13621935966047463,
    "roc_auc": 0.929089767842867,
    "f1": 0.9634576612903226,
    "precision": 0.9550337247064702,
    "recall": 0.9720315280956013,
    "inference_time": 0.14416885375976562,
    "training_time": 0,
    "dataset": "nomao",
    "model": "mlp/simple_nd_nn",
    "fold": "F3",
    "architecture_name": "A1",
    "fs_method": "none",
    "fs_percent": 1.0,
    "fs_n_features": 118
}