{
    "valid_loss": {
        "balanced_accuracy": 0.9285219268512438,
        "accuracy": 0.9514052583862194,
        "log_loss": 0.12489479809617471,
        "roc_auc": 0.9285219268512438,
        "f1": 0.9664748561421066,
        "precision": 0.9512435360748585,
        "recall": 0.9822018815153827
    }
}