{
    "balanced_accuracy": 0.5886473429951691,
    "accuracy": 0.8777777777777778
}