{
    "balanced_accuracy": 0.6718085106382978,
    "accuracy": 0.7611940298507462
}