{
    "balanced_accuracy": 0.969430704476328,
    "accuracy": 0.9686888454011742,
    "log_loss": 0.111072046003121,
    "roc_auc": 0.9694307044763281,
    "f1": 0.967479674796748,
    "precision": 0.952,
    "recall": 0.9834710743801653,
    "inference_time": 0.01218414306640625,
    "training_time": 0,
    "dataset": "kr-vs-kp",
    "model": "mlp/simple_nnw",
    "fold": "F3",
    "architecture_name": "A1",
    "fs_method": "random_1",
    "fs_percent": 0.9,
    "fs_n_features": 32
}