{
    "valid_loss": {
        "balanced_accuracy": 0.5186191204245159,
        "accuracy": 0.7688983243612101,
        "log_loss": 0.6826755526260927
    }
}