{
    "balanced_accuracy": 0.5912302183308077,
    "accuracy": 0.7949833631942667,
    "log_loss": 0.47589068657949696,
    "roc_auc": 0.5912302183308077,
    "f1": 0.8793492995933122,
    "precision": 0.7954762229186537,
    "recall": 0.9829937699949487,
    "inference_time": 0.18345952033996582,
    "training_time": 0,
    "dataset": "adult",
    "model": "mlp/simple_nd",
    "fold": "F3",
    "architecture_name": "A0",
    "fs_method": "linear_model",
    "fs_percent": 0.4,
    "fs_n_features": 5
}