{
    "balanced_accuracy": 0.4892124236875489,
    "accuracy": 0.5639751552795031
}