{
    "valid_loss": {
        "balanced_accuracy": 0.7760781144781145,
        "accuracy": 0.8382597568777991,
        "log_loss": 0.3474390024599462,
        "roc_auc": 0.7760781144781146,
        "f1": 0.8938172043010753,
        "precision": 0.892018779342723,
        "recall": 0.8956228956228957
    }
}