{
    "balanced_accuracy": 0.9389923442696777,
    "accuracy": 0.9539437896645512,
    "log_loss": 0.12131229076343836,
    "roc_auc": 0.9389923442696777,
    "f1": 0.9679130874178878,
    "precision": 0.9618378106954557,
    "recall": 0.9740655987795576,
    "inference_time": 0.6683235168457031,
    "training_time": 438.9888441379252
}