{
    "valid_loss": {
        "balanced_accuracy": 0.5845675833567805,
        "accuracy": 0.6532318576481938,
        "log_loss": 0.9873030454794937
    }
}